datetime,open,high,low,close,volume
2026-03-08T22:00:00,0.58925,0.58925,0.5883,0.5883,14
2026-03-08T22:01:00,0.5882,0.5883,0.5882,0.5883,2
2026-03-08T22:02:00,0.5883,0.5883,0.5883,0.5883,1
2026-03-08T22:03:00,0.5883,0.5883,0.5883,0.5883,8
2026-03-08T22:04:00,0.5883,0.5883,0.5883,0.5883,10
2026-03-08T22:05:00,0.5877,0.5877,0.5877,0.5877,7
2026-03-08T22:06:00,0.5876,0.5876,0.5876,0.5876,1
2026-03-08T22:11:00,0.58755,0.58795,0.58755,0.58795,8
2026-03-08T22:14:00,0.5878,0.5878,0.5878,0.5878,1
2026-03-08T22:15:00,0.58765,0.5877,0.5874,0.5877,27
2026-03-08T22:16:00,0.58775,0.5878,0.58775,0.5878,7
2026-03-08T22:19:00,0.5878,0.5878,0.58765,0.58765,5
2026-03-08T22:20:00,0.5877,0.58785,0.5877,0.58785,14
2026-03-08T22:21:00,0.58795,0.5881,0.58795,0.5881,5
2026-03-08T22:22:00,0.58835,0.58845,0.5883,0.58845,10
2026-03-08T22:23:00,0.5885,0.5886,0.5884,0.5884,13
2026-03-08T22:24:00,0.58835,0.5884,0.58815,0.58815,12
2026-03-08T22:25:00,0.5881,0.5881,0.5881,0.5881,1
2026-03-08T22:26:00,0.5881,0.5881,0.588,0.58805,13
2026-03-08T22:27:00,0.5881,0.5881,0.5881,0.5881,1
2026-03-08T22:28:00,0.58805,0.5881,0.58805,0.5881,2
2026-03-08T22:29:00,0.5881,0.58815,0.5881,0.58815,3
2026-03-08T22:30:00,0.5882,0.5883,0.5882,0.58825,17
2026-03-08T22:31:00,0.5883,0.5884,0.5883,0.5884,3
2026-03-08T22:32:00,0.58835,0.5884,0.58835,0.5884,5
2026-03-08T22:33:00,0.58845,0.58845,0.58845,0.58845,2
2026-03-08T22:34:00,0.5882,0.5882,0.58795,0.588,7
2026-03-08T22:35:00,0.58795,0.58815,0.58795,0.5881,13
2026-03-08T22:36:00,0.58805,0.58815,0.58805,0.58805,23
2026-03-08T22:37:00,0.5881,0.5881,0.588,0.58805,15
2026-03-08T22:38:00,0.58805,0.58815,0.58805,0.58805,8
2026-03-08T22:39:00,0.5881,0.5882,0.5881,0.5882,10
2026-03-08T22:40:00,0.5882,0.5882,0.5881,0.58815,16
2026-03-08T22:41:00,0.58815,0.58815,0.58805,0.5881,10
2026-03-08T22:42:00,0.58805,0.58805,0.5877,0.5877,29
2026-03-08T22:43:00,0.58775,0.58775,0.5876,0.5876,5
2026-03-08T22:44:00,0.58765,0.5877,0.5876,0.5877,7
2026-03-08T22:45:00,0.5877,0.58785,0.58765,0.58785,8
2026-03-08T22:46:00,0.588,0.58815,0.588,0.58815,3
2026-03-08T22:47:00,0.5881,0.5881,0.58805,0.58805,5
2026-03-08T22:48:00,0.588,0.5881,0.588,0.588,6
2026-03-08T22:49:00,0.5881,0.58815,0.5881,0.5881,3
2026-03-08T22:50:00,0.58805,0.5881,0.588,0.588,11
2026-03-08T22:51:00,0.58795,0.58795,0.5877,0.5877,9
2026-03-08T22:52:00,0.5877,0.58775,0.5877,0.58775,2
2026-03-08T22:53:00,0.5878,0.5878,0.5875,0.58755,11
2026-03-08T22:54:00,0.58745,0.5875,0.5874,0.58745,19
2026-03-08T22:55:00,0.58765,0.58775,0.58765,0.58775,3
2026-03-08T22:56:00,0.58785,0.58785,0.58785,0.58785,3
2026-03-08T22:57:00,0.5879,0.58795,0.58785,0.58785,9
2026-03-08T22:58:00,0.5877,0.58785,0.5877,0.58785,4
2026-03-08T22:59:00,0.5878,0.5878,0.58775,0.58775,3
2026-03-08T23:00:00,0.58775,0.588,0.58775,0.588,10
2026-03-08T23:01:00,0.58805,0.58805,0.58785,0.58785,7
2026-03-08T23:03:00,0.5877,0.5877,0.5877,0.5877,2
2026-03-08T23:04:00,0.58765,0.58765,0.58765,0.58765,1
2026-03-08T23:05:00,0.58765,0.5879,0.58765,0.5879,11
2026-03-08T23:06:00,0.5877,0.5877,0.5877,0.5877,1
2026-03-08T23:07:00,0.58775,0.58775,0.5876,0.5876,2
2026-03-08T23:08:00,0.58765,0.5877,0.58765,0.5877,5
2026-03-08T23:09:00,0.5877,0.5877,0.5876,0.5876,2
2026-03-08T23:10:00,0.5876,0.5876,0.58745,0.58745,3
2026-03-08T23:11:00,0.58745,0.58745,0.58745,0.58745,1
2026-03-08T23:12:00,0.5874,0.5874,0.5874,0.5874,1
2026-03-08T23:14:00,0.58735,0.58735,0.58735,0.58735,1
2026-03-08T23:16:00,0.58765,0.5877,0.5876,0.5877,6
2026-03-08T23:17:00,0.58775,0.58775,0.58775,0.58775,1
2026-03-08T23:18:00,0.5877,0.5877,0.5877,0.5877,1
2026-03-08T23:19:00,0.58785,0.58785,0.5878,0.5878,2
2026-03-08T23:20:00,0.5877,0.5877,0.5875,0.5875,7
2026-03-08T23:21:00,0.58755,0.58765,0.58755,0.58765,6
2026-03-08T23:23:00,0.5876,0.5876,0.58755,0.58755,2
2026-03-08T23:24:00,0.5877,0.58775,0.5877,0.58775,4
2026-03-08T23:26:00,0.5877,0.58775,0.5877,0.5877,4
2026-03-08T23:27:00,0.58775,0.58775,0.58775,0.58775,3
2026-03-08T23:28:00,0.5876,0.5876,0.5875,0.5875,3
2026-03-08T23:29:00,0.5875,0.58755,0.5875,0.58755,4
2026-03-08T23:32:00,0.58755,0.58755,0.58755,0.58755,1
2026-03-08T23:33:00,0.58755,0.58755,0.58755,0.58755,1
2026-03-08T23:34:00,0.5875,0.5875,0.5875,0.5875,1
2026-03-08T23:35:00,0.58755,0.58755,0.58755,0.58755,1
2026-03-08T23:37:00,0.5875,0.5875,0.5875,0.5875,1
2026-03-08T23:39:00,0.58735,0.58735,0.58725,0.58725,3
2026-03-08T23:40:00,0.58715,0.5872,0.58715,0.5872,2
2026-03-08T23:41:00,0.58725,0.58725,0.58725,0.58725,1
2026-03-08T23:42:00,0.58735,0.58735,0.58725,0.58725,24
2026-03-08T23:43:00,0.5873,0.58735,0.5873,0.58735,4
2026-03-08T23:44:00,0.5874,0.5874,0.5874,0.5874,1
2026-03-08T23:45:00,0.58735,0.58735,0.58735,0.58735,1
2026-03-08T23:46:00,0.5872,0.5872,0.5872,0.5872,2
2026-03-08T23:47:00,0.58715,0.58715,0.5871,0.5871,2
2026-03-08T23:48:00,0.5871,0.5871,0.5871,0.5871,1
2026-03-08T23:50:00,0.58725,0.58725,0.5872,0.58725,13
2026-03-08T23:51:00,0.58715,0.58715,0.5871,0.5871,15
2026-03-08T23:52:00,0.58705,0.58715,0.58705,0.58715,2
2026-03-08T23:53:00,0.5871,0.5871,0.587,0.58705,5
2026-03-08T23:54:00,0.5871,0.5871,0.58705,0.58705,33
2026-03-08T23:55:00,0.587,0.5872,0.587,0.58715,40
2026-03-08T23:56:00,0.58715,0.58715,0.58715,0.58715,3
2026-03-08T23:57:00,0.58715,0.58715,0.5869,0.5869,8
2026-03-08T23:58:00,0.58715,0.58715,0.5871,0.5871,5
2026-03-08T23:59:00,0.5871,0.5872,0.5871,0.5872,3
2026-03-09T00:00:00,0.58715,0.58715,0.58705,0.58715,9
2026-03-09T00:01:00,0.5871,0.5873,0.5871,0.5873,31
2026-03-09T00:02:00,0.58725,0.5873,0.5872,0.5873,15
2026-03-09T00:03:00,0.5872,0.5873,0.5872,0.5873,2
2026-03-09T00:04:00,0.58725,0.58725,0.58725,0.58725,1
2026-03-09T00:05:00,0.58725,0.58725,0.58725,0.58725,3
2026-03-09T00:06:00,0.58735,0.5874,0.5873,0.5873,6
2026-03-09T00:07:00,0.5872,0.5872,0.58715,0.58715,2
2026-03-09T00:08:00,0.58725,0.58745,0.58725,0.58745,4
2026-03-09T00:09:00,0.5873,0.5874,0.5873,0.5874,3
2026-03-09T00:10:00,0.58745,0.58775,0.58745,0.58775,8
2026-03-09T00:11:00,0.58775,0.58775,0.5877,0.5877,3
2026-03-09T00:13:00,0.5874,0.58745,0.5874,0.58745,17
2026-03-09T00:14:00,0.5874,0.5874,0.5873,0.5873,5
2026-03-09T00:15:00,0.58745,0.58745,0.5872,0.5873,7
2026-03-09T00:16:00,0.5872,0.58735,0.5872,0.58735,7
2026-03-09T00:17:00,0.58725,0.58725,0.58725,0.58725,1
2026-03-09T00:18:00,0.5874,0.5874,0.5874,0.5874,1
2026-03-09T00:19:00,0.5874,0.5874,0.5874,0.5874,2
2026-03-09T00:20:00,0.5872,0.5873,0.5872,0.5873,7
2026-03-09T00:21:00,0.58735,0.58745,0.58725,0.58725,3
2026-03-09T00:23:00,0.58725,0.5874,0.5872,0.5874,5
2026-03-09T00:24:00,0.58735,0.58735,0.5872,0.5872,6
2026-03-09T00:25:00,0.5871,0.5871,0.5871,0.5871,1
2026-03-09T00:26:00,0.58715,0.58735,0.58715,0.58735,8
2026-03-09T00:27:00,0.58725,0.5873,0.58725,0.5873,2
2026-03-09T00:28:00,0.5873,0.58735,0.5873,0.58735,2
2026-03-09T00:29:00,0.5874,0.58755,0.5874,0.58755,3
2026-03-09T00:30:00,0.58765,0.58765,0.58755,0.58765,6
2026-03-09T00:32:00,0.5877,0.58775,0.5877,0.58775,3
2026-03-09T00:33:00,0.58785,0.58795,0.58785,0.58795,7
2026-03-09T00:34:00,0.588,0.5881,0.588,0.5881,2
2026-03-09T00:35:00,0.5882,0.5883,0.5882,0.58825,3
2026-03-09T00:36:00,0.5883,0.5883,0.5883,0.5883,2
2026-03-09T00:37:00,0.58825,0.5883,0.58815,0.58815,9
2026-03-09T00:38:00,0.5882,0.5882,0.58815,0.58815,14
2026-03-09T00:39:00,0.58815,0.58815,0.5881,0.5881,5
2026-03-09T00:40:00,0.588,0.588,0.58775,0.5878,6
2026-03-09T00:41:00,0.5879,0.5879,0.5879,0.5879,5
2026-03-09T00:42:00,0.58795,0.58795,0.58785,0.58785,4
2026-03-09T00:43:00,0.58775,0.58775,0.58775,0.58775,3
2026-03-09T00:44:00,0.58775,0.58775,0.58775,0.58775,1
2026-03-09T00:45:00,0.5876,0.5876,0.5876,0.5876,1
2026-03-09T00:46:00,0.5876,0.5876,0.58735,0.58735,13
2026-03-09T00:47:00,0.5874,0.5875,0.5874,0.5874,5
2026-03-09T00:48:00,0.5874,0.5874,0.5874,0.5874,1
2026-03-09T00:49:00,0.58755,0.58755,0.58755,0.58755,1
2026-03-09T00:50:00,0.5875,0.58755,0.5875,0.5875,4
2026-03-09T00:51:00,0.58755,0.58755,0.58755,0.58755,1
2026-03-09T00:52:00,0.5875,0.5875,0.58745,0.58745,3
2026-03-09T00:53:00,0.5874,0.5874,0.58735,0.58735,12
2026-03-09T00:54:00,0.5874,0.5874,0.58725,0.5873,5
2026-03-09T00:55:00,0.5873,0.58735,0.5873,0.58735,2
2026-03-09T00:56:00,0.58725,0.58725,0.58725,0.58725,1
2026-03-09T00:57:00,0.5872,0.5873,0.5872,0.5873,3
2026-03-09T00:58:00,0.5874,0.58755,0.58735,0.58755,4
2026-03-09T01:00:00,0.58765,0.58785,0.58765,0.58775,20
2026-03-09T01:01:00,0.58755,0.5879,0.5875,0.5879,11
2026-03-09T01:02:00,0.58795,0.58795,0.5879,0.5879,6
2026-03-09T01:03:00,0.5879,0.5879,0.58735,0.58735,29
2026-03-09T01:04:00,0.5874,0.5875,0.5873,0.5873,14
2026-03-09T01:05:00,0.5873,0.58765,0.5872,0.58765,16
2026-03-09T01:06:00,0.58765,0.58765,0.58755,0.58765,4
2026-03-09T01:07:00,0.58765,0.5877,0.58765,0.5877,7
2026-03-09T01:08:00,0.58775,0.5879,0.58775,0.5879,3
2026-03-09T01:09:00,0.588,0.588,0.58785,0.58785,6
2026-03-09T01:10:00,0.58775,0.58775,0.5877,0.5877,5
2026-03-09T01:11:00,0.5877,0.58775,0.5877,0.5877,6
2026-03-09T01:12:00,0.5876,0.5876,0.5876,0.5876,2
2026-03-09T01:13:00,0.58745,0.58755,0.58735,0.58745,53
2026-03-09T01:14:00,0.5875,0.5878,0.5875,0.5878,15
2026-03-09T01:15:00,0.58765,0.58765,0.58755,0.5876,22
2026-03-09T01:16:00,0.58745,0.5875,0.58745,0.58745,6
2026-03-09T01:17:00,0.5874,0.58745,0.5874,0.58745,7
2026-03-09T01:18:00,0.58745,0.58745,0.5873,0.5873,2
2026-03-09T01:19:00,0.5873,0.58735,0.5873,0.58735,2
2026-03-09T01:20:00,0.58735,0.58735,0.5871,0.58715,8
2026-03-09T01:21:00,0.58705,0.58725,0.58705,0.58725,8
2026-03-09T01:22:00,0.5874,0.58745,0.58725,0.58745,25
2026-03-09T01:23:00,0.5875,0.5877,0.5875,0.58755,16
2026-03-09T01:24:00,0.58755,0.5878,0.58755,0.5878,10
2026-03-09T01:25:00,0.5879,0.588,0.5879,0.588,5
2026-03-09T01:26:00,0.58775,0.58775,0.5876,0.58775,15
2026-03-09T01:27:00,0.58775,0.5878,0.58775,0.5878,3
2026-03-09T01:29:00,0.58775,0.58775,0.58765,0.58765,5
2026-03-09T01:30:00,0.58775,0.58775,0.58765,0.5877,17
2026-03-09T01:31:00,0.5878,0.5878,0.5877,0.5877,4
2026-03-09T01:32:00,0.5877,0.58805,0.5877,0.58805,10
2026-03-09T01:33:00,0.58825,0.58825,0.58825,0.58825,1
2026-03-09T01:34:00,0.58825,0.58835,0.58825,0.58835,6
2026-03-09T01:35:00,0.5883,0.5884,0.5883,0.5884,15
2026-03-09T01:36:00,0.58845,0.5885,0.58835,0.58835,7
2026-03-09T01:37:00,0.58845,0.5885,0.58835,0.5884,12
2026-03-09T01:38:00,0.58835,0.5884,0.58835,0.5884,2
2026-03-09T01:39:00,0.58825,0.58835,0.5882,0.5882,12
2026-03-09T01:40:00,0.58815,0.58835,0.58815,0.58835,5
2026-03-09T01:41:00,0.5882,0.58825,0.5882,0.58825,9
2026-03-09T01:42:00,0.58835,0.5885,0.5883,0.5885,19
2026-03-09T01:43:00,0.58845,0.5885,0.58845,0.5885,9
2026-03-09T01:44:00,0.5885,0.5885,0.58835,0.58835,4
2026-03-09T01:45:00,0.5884,0.5884,0.5884,0.5884,6
2026-03-09T01:46:00,0.5885,0.5885,0.58845,0.58845,2
2026-03-09T01:47:00,0.5883,0.5883,0.58825,0.58825,4
2026-03-09T01:48:00,0.5882,0.58825,0.58815,0.58825,10
2026-03-09T01:49:00,0.5883,0.58835,0.5883,0.58835,7
2026-03-09T01:50:00,0.58825,0.5883,0.5881,0.5881,5
2026-03-09T01:51:00,0.58805,0.58815,0.58805,0.58805,4
2026-03-09T01:52:00,0.58805,0.58805,0.58795,0.58795,4
2026-03-09T01:53:00,0.58805,0.58805,0.58775,0.588,30
2026-03-09T01:54:00,0.588,0.58805,0.588,0.588,5
2026-03-09T01:55:00,0.58805,0.5881,0.58795,0.58795,4
2026-03-09T01:56:00,0.588,0.588,0.588,0.588,3
2026-03-09T01:57:00,0.5879,0.5879,0.5878,0.5879,12
2026-03-09T01:58:00,0.5879,0.58795,0.58785,0.58795,4
2026-03-09T01:59:00,0.58785,0.58785,0.5878,0.58785,3
2026-03-09T02:00:00,0.58785,0.58805,0.58785,0.58805,8
2026-03-09T02:01:00,0.5881,0.5882,0.5881,0.58815,5
2026-03-09T02:02:00,0.5882,0.5882,0.5882,0.5882,3
2026-03-09T02:03:00,0.588,0.58805,0.58795,0.58795,4
2026-03-09T02:04:00,0.58795,0.58795,0.58795,0.58795,2
2026-03-09T02:05:00,0.58805,0.58835,0.588,0.58835,11
2026-03-09T02:06:00,0.58845,0.5886,0.58845,0.5885,7
2026-03-09T02:07:00,0.5884,0.5885,0.5884,0.5885,9
2026-03-09T02:08:00,0.58855,0.58855,0.58855,0.58855,1
2026-03-09T02:09:00,0.5885,0.58855,0.58845,0.58855,5
2026-03-09T02:10:00,0.58865,0.58875,0.58865,0.58875,4
2026-03-09T02:11:00,0.5888,0.58905,0.5888,0.58905,6
2026-03-09T02:12:00,0.5892,0.5892,0.5892,0.5892,2
2026-03-09T02:13:00,0.589,0.589,0.5889,0.5889,3
2026-03-09T02:14:00,0.58895,0.58905,0.5889,0.58905,9
2026-03-09T02:15:00,0.589,0.589,0.5888,0.5888,7
2026-03-09T02:16:00,0.5888,0.58885,0.5888,0.58885,4
2026-03-09T02:17:00,0.5888,0.5888,0.58845,0.58845,8
2026-03-09T02:18:00,0.5884,0.58855,0.58835,0.58855,8
2026-03-09T02:19:00,0.58855,0.5886,0.5885,0.58855,10
2026-03-09T02:20:00,0.58855,0.5886,0.58855,0.5886,6
2026-03-09T02:21:00,0.58875,0.58895,0.58875,0.58895,3
2026-03-09T02:22:00,0.58885,0.58885,0.58885,0.58885,4
2026-03-09T02:23:00,0.58885,0.58905,0.5888,0.58895,8
2026-03-09T02:24:00,0.589,0.589,0.58895,0.589,4
2026-03-09T02:25:00,0.5889,0.5889,0.5889,0.5889,1
2026-03-09T02:26:00,0.58885,0.589,0.58885,0.589,5
2026-03-09T02:27:00,0.589,0.589,0.5889,0.5889,2
2026-03-09T02:28:00,0.58905,0.58905,0.58905,0.58905,2
2026-03-09T02:29:00,0.5891,0.58915,0.58905,0.58905,3
2026-03-09T02:30:00,0.58895,0.58895,0.58885,0.58885,3
2026-03-09T02:31:00,0.5889,0.5889,0.5887,0.5887,7
2026-03-09T02:32:00,0.5888,0.5888,0.58875,0.58875,2
2026-03-09T02:33:00,0.58875,0.58875,0.58875,0.58875,1
2026-03-09T02:35:00,0.5887,0.58885,0.5887,0.58885,4
2026-03-09T02:36:00,0.58905,0.58905,0.58905,0.58905,1
2026-03-09T02:37:00,0.5892,0.5892,0.5892,0.5892,1
2026-03-09T02:38:00,0.5892,0.58925,0.5892,0.58925,9
2026-03-09T02:39:00,0.5893,0.5893,0.5892,0.5892,3
2026-03-09T02:40:00,0.58935,0.5895,0.58935,0.5895,6
2026-03-09T02:41:00,0.58955,0.58955,0.58955,0.58955,1
2026-03-09T02:42:00,0.5896,0.5896,0.5895,0.58955,6
2026-03-09T02:44:00,0.5895,0.58955,0.5895,0.58955,2
2026-03-09T02:45:00,0.5895,0.5895,0.58925,0.58925,5
2026-03-09T02:46:00,0.58925,0.58925,0.58925,0.58925,1
2026-03-09T02:47:00,0.5893,0.58935,0.5892,0.5892,5
2026-03-09T02:48:00,0.5892,0.5892,0.5891,0.5891,14
2026-03-09T02:49:00,0.58935,0.58935,0.58925,0.58925,5
2026-03-09T02:50:00,0.58915,0.58915,0.58915,0.58915,2
2026-03-09T02:51:00,0.5893,0.5893,0.5893,0.5893,7
2026-03-09T02:53:00,0.5895,0.5895,0.5895,0.5895,2
2026-03-09T02:54:00,0.58955,0.5897,0.58955,0.58965,21
2026-03-09T02:55:00,0.58975,0.5898,0.58975,0.5898,3
2026-03-09T02:56:00,0.5899,0.5899,0.58985,0.58985,2
2026-03-09T02:59:00,0.5897,0.58975,0.5897,0.58975,7
2026-03-09T03:00:00,0.5899,0.58995,0.5899,0.58995,3
2026-03-09T03:01:00,0.5898,0.5899,0.5898,0.58985,3
2026-03-09T03:03:00,0.58975,0.58975,0.58975,0.58975,2
2026-03-09T03:04:00,0.58955,0.58955,0.5895,0.5895,4
2026-03-09T03:05:00,0.58955,0.5896,0.58955,0.5896,3
2026-03-09T03:06:00,0.5897,0.58975,0.5897,0.58975,3
2026-03-09T03:08:00,0.5899,0.5899,0.5899,0.5899,1
2026-03-09T03:09:00,0.5899,0.5899,0.5899,0.5899,1
2026-03-09T03:10:00,0.58965,0.58965,0.58955,0.58955,6
2026-03-09T03:11:00,0.58955,0.58955,0.58955,0.58955,2
2026-03-09T03:13:00,0.58955,0.58955,0.58955,0.58955,2
2026-03-09T03:14:00,0.5897,0.5897,0.5897,0.5897,1
2026-03-09T03:15:00,0.58965,0.5897,0.58965,0.5897,4
2026-03-09T03:16:00,0.58985,0.58985,0.58985,0.58985,2
2026-03-09T03:17:00,0.5899,0.5899,0.58985,0.58985,2
2026-03-09T03:18:00,0.5898,0.5898,0.5897,0.5897,4
2026-03-09T03:19:00,0.5897,0.58975,0.5897,0.58975,4
2026-03-09T03:20:00,0.58965,0.5897,0.58965,0.5897,2
2026-03-09T03:21:00,0.5896,0.5898,0.5896,0.5898,9
2026-03-09T03:22:00,0.58965,0.58965,0.58965,0.58965,2
2026-03-09T03:23:00,0.58955,0.58955,0.58945,0.58945,3
2026-03-09T03:26:00,0.58955,0.58955,0.58955,0.58955,3
2026-03-09T03:27:00,0.5895,0.5895,0.5895,0.5895,1
2026-03-09T03:29:00,0.58925,0.58925,0.58925,0.58925,1
2026-03-09T03:30:00,0.58925,0.58925,0.58925,0.58925,1
2026-03-09T03:31:00,0.58925,0.5894,0.58925,0.5894,2
2026-03-09T03:32:00,0.5892,0.58925,0.5892,0.58925,2
2026-03-09T03:33:00,0.58935,0.58935,0.5893,0.5893,4
2026-03-09T03:34:00,0.58935,0.58935,0.5892,0.58925,16
2026-03-09T03:35:00,0.58925,0.58935,0.5892,0.5892,5
2026-03-09T03:36:00,0.5893,0.5893,0.5893,0.5893,1
2026-03-09T03:37:00,0.5893,0.58935,0.5893,0.58935,3
2026-03-09T03:38:00,0.5893,0.5893,0.5893,0.5893,1
2026-03-09T03:39:00,0.5891,0.5891,0.589,0.589,9
2026-03-09T03:40:00,0.5889,0.5889,0.5889,0.5889,3
2026-03-09T03:41:00,0.5888,0.5888,0.5888,0.5888,1
2026-03-09T03:42:00,0.5887,0.5887,0.5887,0.5887,3
2026-03-09T03:43:00,0.5887,0.5888,0.5887,0.5888,2
2026-03-09T03:45:00,0.5888,0.5888,0.58875,0.5888,4
2026-03-09T03:48:00,0.5889,0.5889,0.5889,0.5889,1
2026-03-09T03:52:00,0.5892,0.5892,0.5892,0.5892,1
2026-03-09T03:53:00,0.5892,0.5892,0.58905,0.58905,8
2026-03-09T03:54:00,0.58895,0.58895,0.5888,0.5888,11
2026-03-09T03:55:00,0.58875,0.58875,0.58865,0.58865,5
2026-03-09T03:56:00,0.5887,0.5887,0.58865,0.5887,8
2026-03-09T03:57:00,0.58875,0.58875,0.58875,0.58875,2
2026-03-09T03:58:00,0.5888,0.5889,0.5888,0.5889,6
2026-03-09T04:01:00,0.58895,0.58895,0.58895,0.58895,1
2026-03-09T04:02:00,0.58915,0.5892,0.58915,0.5892,2
2026-03-09T04:05:00,0.5893,0.5893,0.5893,0.5893,2
2026-03-09T04:06:00,0.5894,0.58955,0.5894,0.58955,7
2026-03-09T04:07:00,0.58955,0.5896,0.58955,0.5896,2
2026-03-09T04:09:00,0.58955,0.58955,0.58955,0.58955,2
2026-03-09T04:10:00,0.58955,0.58955,0.58955,0.58955,2
2026-03-09T04:13:00,0.58925,0.58925,0.58925,0.58925,1
2026-03-09T04:16:00,0.5892,0.5892,0.5892,0.5892,1
2026-03-09T04:21:00,0.5892,0.5892,0.5891,0.5892,4
2026-03-09T04:23:00,0.5891,0.58915,0.5891,0.58915,3
2026-03-09T04:24:00,0.58905,0.58905,0.58905,0.58905,2
2026-03-09T04:25:00,0.5892,0.5892,0.5892,0.5892,1
2026-03-09T04:26:00,0.5893,0.5893,0.5893,0.5893,1
2026-03-09T04:27:00,0.5893,0.5893,0.5893,0.5893,2
2026-03-09T04:30:00,0.5891,0.58915,0.5891,0.58915,13
2026-03-09T04:31:00,0.58915,0.5893,0.58915,0.5893,4
2026-03-09T04:32:00,0.5894,0.58945,0.5894,0.58945,2
2026-03-09T04:33:00,0.58945,0.5895,0.58945,0.5895,3
2026-03-09T04:34:00,0.5896,0.5896,0.58955,0.58955,2
2026-03-09T04:38:00,0.58945,0.58945,0.58945,0.58945,3
2026-03-09T04:39:00,0.5894,0.5895,0.5894,0.5895,2
2026-03-09T04:40:00,0.58945,0.58945,0.58945,0.58945,3
2026-03-09T04:41:00,0.5894,0.5896,0.5894,0.5896,3
2026-03-09T04:42:00,0.5896,0.5896,0.5896,0.5896,1
2026-03-09T04:43:00,0.5896,0.5896,0.58955,0.58955,2
2026-03-09T04:44:00,0.5896,0.5896,0.5896,0.5896,1
2026-03-09T04:45:00,0.5896,0.5896,0.5896,0.5896,2
2026-03-09T04:46:00,0.5896,0.5896,0.58955,0.5896,8
2026-03-09T04:47:00,0.58965,0.58965,0.58965,0.58965,1
2026-03-09T04:48:00,0.5897,0.5897,0.58965,0.58965,2
2026-03-09T04:49:00,0.58955,0.58955,0.58955,0.58955,1
2026-03-09T04:51:00,0.5896,0.58965,0.5896,0.58965,2
2026-03-09T04:53:00,0.58945,0.58945,0.58945,0.58945,1
2026-03-09T04:55:00,0.5893,0.5893,0.5892,0.5892,6
2026-03-09T04:56:00,0.5893,0.5893,0.58925,0.58925,6
2026-03-09T04:57:00,0.5893,0.5893,0.58925,0.58925,8
2026-03-09T04:58:00,0.58925,0.5893,0.58915,0.58915,15
2026-03-09T04:59:00,0.58915,0.58915,0.5891,0.58915,8
2026-03-09T05:00:00,0.5891,0.5891,0.58895,0.58895,5
2026-03-09T05:01:00,0.58895,0.58895,0.58885,0.58885,2
2026-03-09T05:02:00,0.5889,0.589,0.5889,0.589,3
2026-03-09T05:03:00,0.58915,0.5893,0.58915,0.5893,4
2026-03-09T05:04:00,0.5895,0.58965,0.5895,0.58965,3
2026-03-09T05:05:00,0.58965,0.58965,0.58965,0.58965,3
2026-03-09T05:06:00,0.58985,0.5901,0.58985,0.5901,4
2026-03-09T05:07:00,0.5901,0.5902,0.59,0.59,6
2026-03-09T05:08:00,0.59025,0.5903,0.5902,0.5902,4
2026-03-09T05:09:00,0.5902,0.5902,0.59015,0.59015,3
2026-03-09T05:10:00,0.5903,0.59045,0.5903,0.59035,10
2026-03-09T05:12:00,0.5901,0.59015,0.59005,0.59005,9
2026-03-09T05:13:00,0.5902,0.5902,0.5902,0.5902,1
2026-03-09T05:14:00,0.59015,0.59015,0.59015,0.59015,1
2026-03-09T05:16:00,0.59005,0.59005,0.58995,0.58995,4
2026-03-09T05:20:00,0.58965,0.58985,0.58965,0.5898,8
2026-03-09T05:21:00,0.59,0.5909,0.59,0.5909,29
2026-03-09T05:22:00,0.5909,0.5912,0.59085,0.5911,22
2026-03-09T05:23:00,0.59115,0.5914,0.59085,0.59085,22
2026-03-09T05:24:00,0.5909,0.59105,0.5909,0.591,5
2026-03-09T05:25:00,0.59115,0.5913,0.59105,0.59105,3
2026-03-09T05:26:00,0.591,0.59115,0.591,0.59115,13
2026-03-09T05:27:00,0.5912,0.5914,0.591,0.59105,15
2026-03-09T05:28:00,0.5912,0.59135,0.5912,0.59135,3
2026-03-09T05:29:00,0.5913,0.5913,0.5913,0.5913,2
2026-03-09T05:30:00,0.59125,0.59125,0.59115,0.59115,10
2026-03-09T05:31:00,0.59135,0.5915,0.59135,0.5915,3
2026-03-09T05:32:00,0.5913,0.5913,0.59115,0.59115,6
2026-03-09T05:33:00,0.59105,0.59105,0.5908,0.5908,14
2026-03-09T05:34:00,0.5908,0.59095,0.5908,0.59095,6
2026-03-09T05:35:00,0.59085,0.59095,0.5907,0.5907,8
2026-03-09T05:36:00,0.5908,0.59085,0.5908,0.59085,2
2026-03-09T05:37:00,0.5907,0.5907,0.5906,0.5906,4
2026-03-09T05:38:00,0.5906,0.59065,0.5906,0.59065,3
2026-03-09T05:40:00,0.59055,0.59055,0.5905,0.5905,2
2026-03-09T05:42:00,0.59045,0.59085,0.59045,0.59085,6
2026-03-09T05:43:00,0.59095,0.59095,0.59095,0.59095,3
2026-03-09T05:44:00,0.5908,0.5908,0.59075,0.59075,3
2026-03-09T05:45:00,0.5907,0.59075,0.59065,0.5907,11
2026-03-09T05:46:00,0.59075,0.5908,0.5907,0.5908,4
2026-03-09T05:47:00,0.59065,0.59065,0.59065,0.59065,1
2026-03-09T05:48:00,0.59075,0.5911,0.59075,0.5911,11
2026-03-09T05:49:00,0.59115,0.5912,0.59115,0.5912,6
2026-03-09T05:50:00,0.5912,0.59125,0.5912,0.59125,3
2026-03-09T05:52:00,0.59125,0.59125,0.5911,0.5912,3
2026-03-09T05:53:00,0.5911,0.5911,0.5911,0.5911,1
2026-03-09T05:55:00,0.591,0.591,0.5908,0.5908,5
2026-03-09T05:56:00,0.59075,0.59075,0.5907,0.59075,12
2026-03-09T05:57:00,0.59095,0.59095,0.59095,0.59095,2
2026-03-09T05:58:00,0.5911,0.59115,0.5911,0.5911,7
2026-03-09T05:59:00,0.5912,0.5912,0.5912,0.5912,1
2026-03-09T06:00:00,0.5912,0.5913,0.59115,0.59115,7
2026-03-09T06:01:00,0.59115,0.59115,0.59115,0.59115,1
2026-03-09T06:03:00,0.5908,0.5908,0.5908,0.5908,2
2026-03-09T06:04:00,0.5909,0.5909,0.5909,0.5909,1
2026-03-09T06:07:00,0.5907,0.59085,0.5907,0.59085,14
2026-03-09T06:09:00,0.5909,0.59095,0.5909,0.59095,15
2026-03-09T06:10:00,0.59115,0.59125,0.59115,0.59125,7
2026-03-09T06:13:00,0.59105,0.59105,0.59105,0.59105,10
2026-03-09T06:14:00,0.5909,0.5909,0.59065,0.5907,36
2026-03-09T06:15:00,0.59075,0.59085,0.59075,0.5908,10
2026-03-09T06:16:00,0.59075,0.5909,0.59075,0.5909,5
2026-03-09T06:17:00,0.59105,0.59105,0.59105,0.59105,3
2026-03-09T06:18:00,0.591,0.591,0.5909,0.5909,5
2026-03-09T06:19:00,0.5909,0.5909,0.5908,0.5908,4
2026-03-09T06:20:00,0.59065,0.59065,0.59045,0.59045,43
2026-03-09T06:21:00,0.5905,0.5906,0.5905,0.5906,5
2026-03-09T06:22:00,0.59065,0.59065,0.59055,0.59055,4
2026-03-09T06:24:00,0.5906,0.5906,0.5905,0.5905,4
2026-03-09T06:25:00,0.59055,0.59055,0.59045,0.59045,17
2026-03-09T06:26:00,0.59055,0.5907,0.59055,0.5907,4
2026-03-09T06:27:00,0.5907,0.5907,0.5907,0.5907,3
2026-03-09T06:28:00,0.59055,0.59055,0.59055,0.59055,1
2026-03-09T06:30:00,0.5905,0.5906,0.5905,0.5906,3
2026-03-09T06:31:00,0.59075,0.59085,0.59075,0.59085,5
2026-03-09T06:32:00,0.591,0.591,0.591,0.591,2
2026-03-09T06:33:00,0.591,0.591,0.591,0.591,1
2026-03-09T06:34:00,0.59105,0.59105,0.5909,0.5909,12
2026-03-09T06:35:00,0.5908,0.5908,0.5908,0.5908,2
2026-03-09T06:36:00,0.5907,0.5908,0.5907,0.5908,2
2026-03-09T06:37:00,0.59085,0.5909,0.59085,0.59085,4
2026-03-09T06:38:00,0.5909,0.591,0.5909,0.59095,6
2026-03-09T06:39:00,0.5909,0.5909,0.5909,0.5909,1
2026-03-09T06:40:00,0.59075,0.59085,0.59075,0.5908,5
2026-03-09T06:42:00,0.5907,0.5907,0.5905,0.59055,18
2026-03-09T06:43:00,0.5906,0.59065,0.5906,0.59065,6
2026-03-09T06:44:00,0.59065,0.5907,0.59065,0.5907,10
2026-03-09T06:45:00,0.59075,0.59075,0.5906,0.5906,7
2026-03-09T06:46:00,0.5905,0.5905,0.5905,0.5905,1
2026-03-09T06:47:00,0.5905,0.5905,0.5904,0.5904,6
2026-03-09T06:48:00,0.59055,0.59055,0.59055,0.59055,2
2026-03-09T06:49:00,0.5904,0.5904,0.5903,0.5903,2
2026-03-09T06:52:00,0.5902,0.5902,0.5902,0.5902,1
2026-03-09T06:53:00,0.59,0.59015,0.59,0.59015,4
2026-03-09T06:54:00,0.5902,0.5902,0.59015,0.5902,3
2026-03-09T06:55:00,0.5903,0.5903,0.5903,0.5903,1
2026-03-09T06:56:00,0.59035,0.5904,0.59035,0.5904,6
2026-03-09T06:57:00,0.59045,0.59045,0.59045,0.59045,3
2026-03-09T06:58:00,0.59045,0.59045,0.5904,0.5904,5
2026-03-09T06:59:00,0.59035,0.59035,0.5902,0.5902,4
2026-03-09T07:00:00,0.5901,0.5904,0.5901,0.5904,39
2026-03-09T07:01:00,0.59035,0.5904,0.5903,0.5903,5
2026-03-09T07:02:00,0.59005,0.59005,0.58995,0.59,4
2026-03-09T07:03:00,0.5901,0.5902,0.5899,0.5899,23
2026-03-09T07:04:00,0.59005,0.59005,0.59005,0.59005,1
2026-03-09T07:05:00,0.58995,0.58995,0.5898,0.58985,3
2026-03-09T07:06:00,0.5903,0.5903,0.5903,0.5903,1
2026-03-09T07:07:00,0.5903,0.5904,0.59025,0.59035,42
2026-03-09T07:08:00,0.5904,0.59045,0.5904,0.59045,2
2026-03-09T07:09:00,0.59035,0.59035,0.59035,0.59035,1
2026-03-09T07:10:00,0.59045,0.59045,0.5903,0.5903,8
2026-03-09T07:11:00,0.5903,0.5903,0.5903,0.5903,1
2026-03-09T07:12:00,0.59045,0.59045,0.5904,0.5904,3
2026-03-09T07:13:00,0.59025,0.59025,0.59025,0.59025,1
2026-03-09T07:14:00,0.59025,0.59025,0.5902,0.5902,3
2026-03-09T07:16:00,0.5904,0.5904,0.5904,0.5904,1
2026-03-09T07:17:00,0.59025,0.59025,0.59015,0.59015,3
2026-03-09T07:18:00,0.59025,0.59025,0.59025,0.59025,1
2026-03-09T07:19:00,0.5902,0.5903,0.5902,0.5903,6
2026-03-09T07:20:00,0.5904,0.5904,0.5904,0.5904,1
2026-03-09T07:21:00,0.59045,0.59045,0.59045,0.59045,8
2026-03-09T07:22:00,0.59035,0.59035,0.59035,0.59035,1
2026-03-09T07:23:00,0.59035,0.59035,0.59035,0.59035,1
2026-03-09T07:24:00,0.59065,0.59065,0.59065,0.59065,5
2026-03-09T07:25:00,0.5906,0.5906,0.5906,0.5906,2
2026-03-09T07:26:00,0.5906,0.59065,0.5906,0.59065,6
2026-03-09T07:27:00,0.5907,0.5907,0.5907,0.5907,1
2026-03-09T07:28:00,0.59075,0.591,0.59075,0.591,9
2026-03-09T07:29:00,0.5909,0.5909,0.5909,0.5909,1
2026-03-09T07:30:00,0.591,0.591,0.5908,0.59085,19
2026-03-09T07:31:00,0.59085,0.59085,0.59085,0.59085,3
2026-03-09T07:32:00,0.5911,0.5911,0.591,0.59105,8
2026-03-09T07:33:00,0.5909,0.5909,0.59085,0.5909,6
2026-03-09T07:34:00,0.5909,0.5911,0.59085,0.5911,11
2026-03-09T07:35:00,0.59105,0.59105,0.591,0.591,2
2026-03-09T07:36:00,0.5911,0.5911,0.5911,0.5911,2
2026-03-09T07:37:00,0.59105,0.59105,0.591,0.59105,7
2026-03-09T07:38:00,0.59095,0.59095,0.59095,0.59095,2
2026-03-09T07:39:00,0.59095,0.59095,0.59095,0.59095,2
2026-03-09T07:40:00,0.59095,0.59095,0.5909,0.59095,7
2026-03-09T07:41:00,0.59105,0.59105,0.59105,0.59105,1
2026-03-09T07:42:00,0.5909,0.59095,0.5908,0.5908,5
2026-03-09T07:43:00,0.5908,0.5908,0.5908,0.5908,4
2026-03-09T07:46:00,0.5908,0.59085,0.5908,0.59085,3
2026-03-09T07:47:00,0.5907,0.5907,0.5906,0.59065,9
2026-03-09T07:48:00,0.59075,0.59075,0.59075,0.59075,1
2026-03-09T07:49:00,0.59065,0.5908,0.59065,0.5908,15
2026-03-09T07:50:00,0.59085,0.59085,0.59085,0.59085,1
2026-03-09T07:51:00,0.59105,0.5911,0.59095,0.59095,6
2026-03-09T07:53:00,0.5911,0.59115,0.5911,0.59115,2
2026-03-09T07:54:00,0.5912,0.5912,0.5912,0.5912,3
2026-03-09T07:55:00,0.5911,0.5912,0.5911,0.5912,6
2026-03-09T07:56:00,0.5912,0.5912,0.5912,0.5912,1
2026-03-09T07:57:00,0.59135,0.59135,0.5913,0.5913,3
2026-03-09T07:58:00,0.5913,0.5913,0.59115,0.59115,10
2026-03-09T07:59:00,0.59115,0.59115,0.59105,0.59105,17
2026-03-09T08:00:00,0.59115,0.5913,0.59115,0.59125,29
2026-03-09T08:01:00,0.59125,0.5914,0.59125,0.5914,5
2026-03-09T08:02:00,0.5914,0.5914,0.5912,0.5912,2
2026-03-09T08:03:00,0.5914,0.59145,0.5913,0.5913,10
2026-03-09T08:04:00,0.59135,0.5914,0.59105,0.59105,14
2026-03-09T08:05:00,0.59105,0.59145,0.59105,0.5914,8
2026-03-09T08:06:00,0.5913,0.59135,0.59125,0.59135,6
2026-03-09T08:07:00,0.5912,0.5913,0.5912,0.5913,4
2026-03-09T08:08:00,0.59135,0.5915,0.59135,0.5915,25
2026-03-09T08:09:00,0.5915,0.5918,0.5915,0.5918,8
2026-03-09T08:10:00,0.5915,0.5915,0.5914,0.5914,7
2026-03-09T08:11:00,0.5912,0.5912,0.5912,0.5912,1
2026-03-09T08:12:00,0.59115,0.59115,0.59115,0.59115,1
2026-03-09T08:13:00,0.5912,0.5912,0.5908,0.5908,14
2026-03-09T08:14:00,0.591,0.591,0.591,0.591,1
2026-03-09T08:15:00,0.59075,0.59075,0.59065,0.59065,10
2026-03-09T08:16:00,0.59045,0.5905,0.59045,0.5905,2
2026-03-09T08:17:00,0.5904,0.59065,0.59035,0.59065,15
2026-03-09T08:18:00,0.5908,0.5908,0.5906,0.5906,7
2026-03-09T08:19:00,0.5905,0.5905,0.59045,0.59045,3
2026-03-09T08:20:00,0.59035,0.59045,0.59035,0.59045,8
2026-03-09T08:21:00,0.59045,0.5905,0.59045,0.5905,7
2026-03-09T08:22:00,0.5906,0.5906,0.5906,0.5906,1
2026-03-09T08:23:00,0.5904,0.59045,0.59035,0.59035,8
2026-03-09T08:24:00,0.59035,0.59035,0.59035,0.59035,1
2026-03-09T08:25:00,0.59035,0.59035,0.5903,0.5903,15
2026-03-09T08:26:00,0.5904,0.5904,0.5902,0.59025,10
2026-03-09T08:27:00,0.59025,0.5903,0.59,0.59,12
2026-03-09T08:28:00,0.59,0.59005,0.58985,0.5899,6
2026-03-09T08:29:00,0.58985,0.5899,0.5897,0.5897,5
2026-03-09T08:30:00,0.5899,0.5899,0.5898,0.5898,7
2026-03-09T08:31:00,0.58995,0.58995,0.5899,0.5899,4
2026-03-09T08:32:00,0.5899,0.5901,0.58985,0.5901,5
2026-03-09T08:33:00,0.5903,0.5903,0.5903,0.5903,1
2026-03-09T08:34:00,0.59015,0.5903,0.59015,0.5903,2
2026-03-09T08:35:00,0.5903,0.5903,0.59025,0.59025,3
2026-03-09T08:36:00,0.59005,0.59005,0.59005,0.59005,3
2026-03-09T08:37:00,0.59,0.59,0.5899,0.58995,3
2026-03-09T08:38:00,0.58995,0.58995,0.58985,0.58985,8
2026-03-09T08:39:00,0.5899,0.5899,0.5898,0.5898,14
2026-03-09T08:40:00,0.58985,0.58985,0.5898,0.5898,2
2026-03-09T08:41:00,0.5898,0.5898,0.5898,0.5898,2
2026-03-09T08:42:00,0.58985,0.5899,0.58985,0.5899,4
2026-03-09T08:43:00,0.5902,0.5902,0.5902,0.5902,1
2026-03-09T08:44:00,0.5901,0.5902,0.59005,0.5902,6
2026-03-09T08:45:00,0.5902,0.5902,0.59005,0.59015,8
2026-03-09T08:46:00,0.59015,0.59015,0.5901,0.59015,5
2026-03-09T08:47:00,0.59015,0.5902,0.59005,0.5902,6
2026-03-09T08:48:00,0.5901,0.59045,0.5901,0.59045,24
2026-03-09T08:49:00,0.59055,0.59055,0.59045,0.59055,5
2026-03-09T08:50:00,0.5906,0.5906,0.5904,0.5904,2
2026-03-09T08:51:00,0.5904,0.5904,0.5904,0.5904,1
2026-03-09T08:52:00,0.5905,0.59055,0.5904,0.5904,3
2026-03-09T08:53:00,0.59035,0.59035,0.59035,0.59035,21
2026-03-09T08:54:00,0.59055,0.5907,0.5905,0.5907,4
2026-03-09T08:55:00,0.5907,0.5907,0.59055,0.5906,8
2026-03-09T08:56:00,0.5906,0.5906,0.5906,0.5906,1
2026-03-09T08:57:00,0.5907,0.5907,0.59065,0.59065,11
2026-03-09T08:58:00,0.59065,0.59065,0.5906,0.5906,2
2026-03-09T08:59:00,0.5907,0.5908,0.5907,0.5908,2
2026-03-09T09:00:00,0.5909,0.5909,0.59085,0.59085,2
2026-03-09T09:01:00,0.59085,0.59095,0.59085,0.59095,3
2026-03-09T09:02:00,0.59095,0.59095,0.5909,0.5909,3
2026-03-09T09:03:00,0.5908,0.5908,0.59065,0.59065,3
2026-03-09T09:04:00,0.5905,0.5907,0.5905,0.5907,2
2026-03-09T09:05:00,0.5907,0.5907,0.59055,0.59055,3
2026-03-09T09:07:00,0.5906,0.5907,0.5906,0.5907,8
2026-03-09T09:08:00,0.5908,0.59085,0.5908,0.59085,14
2026-03-09T09:09:00,0.5909,0.591,0.5909,0.591,3
2026-03-09T09:10:00,0.59105,0.59105,0.59105,0.59105,2
2026-03-09T09:11:00,0.5911,0.5911,0.59105,0.59105,2
2026-03-09T09:12:00,0.59115,0.5914,0.59115,0.5914,27
2026-03-09T09:14:00,0.59145,0.59145,0.59145,0.59145,1
2026-03-09T09:15:00,0.5914,0.5914,0.5913,0.5913,2
2026-03-09T09:16:00,0.5915,0.5916,0.5915,0.59155,5
2026-03-09T09:17:00,0.59165,0.5917,0.59165,0.5917,5
2026-03-09T09:18:00,0.5918,0.5918,0.5918,0.5918,1
2026-03-09T09:19:00,0.5917,0.5917,0.59165,0.59165,2
2026-03-09T09:20:00,0.59185,0.59195,0.59185,0.59185,8
2026-03-09T09:21:00,0.59185,0.5921,0.59185,0.59205,3
2026-03-09T09:22:00,0.5922,0.5922,0.5922,0.5922,2
2026-03-09T09:23:00,0.59195,0.59195,0.59195,0.59195,1
2026-03-09T09:24:00,0.59215,0.59215,0.59205,0.59205,5
2026-03-09T09:25:00,0.59205,0.59205,0.59195,0.59195,4
2026-03-09T09:27:00,0.59205,0.5921,0.59205,0.5921,6
2026-03-09T09:28:00,0.592,0.592,0.59195,0.59195,6
2026-03-09T09:29:00,0.59185,0.59205,0.59185,0.59205,14
2026-03-09T09:30:00,0.59195,0.59195,0.59175,0.59175,33
2026-03-09T09:31:00,0.5917,0.5921,0.5917,0.59205,54
2026-03-09T09:32:00,0.59215,0.5929,0.59205,0.59275,44
2026-03-09T09:33:00,0.5928,0.59325,0.5927,0.59325,14
2026-03-09T09:34:00,0.5932,0.59345,0.5932,0.59345,5
2026-03-09T09:35:00,0.5934,0.5935,0.5934,0.59345,8
2026-03-09T09:36:00,0.5935,0.5936,0.59315,0.59315,4
2026-03-09T09:37:00,0.59295,0.59295,0.5927,0.59275,49
2026-03-09T09:38:00,0.5927,0.59275,0.59255,0.59275,16
2026-03-09T09:39:00,0.59265,0.59265,0.59255,0.59265,10
2026-03-09T09:40:00,0.5925,0.5925,0.5924,0.5924,12
2026-03-09T09:41:00,0.5926,0.5926,0.5926,0.5926,1
2026-03-09T09:42:00,0.59265,0.59265,0.5926,0.5926,4
2026-03-09T09:43:00,0.5927,0.59275,0.5926,0.59275,5
2026-03-09T09:44:00,0.5927,0.59275,0.5927,0.5927,3
2026-03-09T09:45:00,0.5927,0.5929,0.5927,0.5929,4
2026-03-09T09:46:00,0.5928,0.5928,0.5925,0.59255,10
2026-03-09T09:47:00,0.5926,0.59265,0.5926,0.59265,3
2026-03-09T09:48:00,0.59265,0.59265,0.59265,0.59265,1
2026-03-09T09:50:00,0.5928,0.5928,0.5928,0.5928,2
2026-03-09T09:51:00,0.59295,0.593,0.59295,0.593,8
2026-03-09T09:52:00,0.59295,0.59295,0.59295,0.59295,1
2026-03-09T09:53:00,0.59295,0.59295,0.5929,0.5929,2
2026-03-09T09:55:00,0.59295,0.59295,0.59295,0.59295,1
2026-03-09T09:56:00,0.59285,0.59285,0.59285,0.59285,2
2026-03-09T09:57:00,0.59285,0.59305,0.59285,0.59305,21
2026-03-09T09:58:00,0.59305,0.5931,0.59305,0.5931,3
2026-03-09T09:59:00,0.59295,0.59295,0.5929,0.5929,4
2026-03-09T10:00:00,0.593,0.593,0.593,0.593,2
2026-03-09T10:01:00,0.59315,0.5933,0.59315,0.5933,3
2026-03-09T10:02:00,0.5929,0.5929,0.5929,0.5929,3
2026-03-09T10:04:00,0.59315,0.59315,0.59315,0.59315,8
2026-03-09T10:05:00,0.59315,0.59315,0.59315,0.59315,1
2026-03-09T10:06:00,0.59315,0.59315,0.59315,0.59315,1
2026-03-09T10:07:00,0.5931,0.59315,0.5931,0.59315,2
2026-03-09T10:08:00,0.59305,0.59305,0.59295,0.59295,7
2026-03-09T10:10:00,0.5929,0.5929,0.59285,0.59285,4
2026-03-09T10:11:00,0.5928,0.5928,0.5928,0.5928,1
2026-03-09T10:12:00,0.59295,0.59295,0.5929,0.5929,2
2026-03-09T10:13:00,0.59295,0.59295,0.59295,0.59295,2
2026-03-09T10:14:00,0.59285,0.59285,0.59255,0.59265,7
2026-03-09T10:15:00,0.5926,0.59265,0.5926,0.59265,3
2026-03-09T10:16:00,0.59265,0.59275,0.5926,0.59275,5
2026-03-09T10:17:00,0.5926,0.5926,0.5926,0.5926,1
2026-03-09T10:18:00,0.5926,0.59275,0.5926,0.59275,2
2026-03-09T10:21:00,0.59265,0.59265,0.5926,0.5926,2
2026-03-09T10:22:00,0.5927,0.5927,0.5926,0.5926,2
2026-03-09T10:23:00,0.5925,0.5925,0.59245,0.59245,2
2026-03-09T10:24:00,0.59225,0.59225,0.5921,0.59215,7
2026-03-09T10:25:00,0.59215,0.59245,0.59215,0.59245,6
2026-03-09T10:26:00,0.5925,0.5925,0.5924,0.5924,4
2026-03-09T10:27:00,0.5926,0.5926,0.59245,0.5925,6
2026-03-09T10:28:00,0.59265,0.59265,0.59265,0.59265,1
2026-03-09T10:29:00,0.59265,0.59265,0.59265,0.59265,1
2026-03-09T10:30:00,0.59265,0.5927,0.59265,0.59265,11
2026-03-09T10:31:00,0.59275,0.59275,0.59275,0.59275,1
2026-03-09T10:34:00,0.5927,0.5927,0.5927,0.5927,2
2026-03-09T10:36:00,0.5926,0.5926,0.5925,0.5925,4
2026-03-09T10:37:00,0.5928,0.5928,0.5928,0.5928,1
2026-03-09T10:38:00,0.5927,0.5927,0.59225,0.5924,183
2026-03-09T10:39:00,0.5924,0.59265,0.5924,0.5926,10
2026-03-09T10:40:00,0.5927,0.59285,0.5927,0.59285,11
2026-03-09T10:41:00,0.59275,0.59275,0.59275,0.59275,1
2026-03-09T10:42:00,0.59275,0.59275,0.59275,0.59275,1
2026-03-09T10:43:00,0.59275,0.59275,0.5925,0.5925,9
2026-03-09T10:44:00,0.5928,0.5928,0.5927,0.59275,4
2026-03-09T10:45:00,0.59275,0.5928,0.59275,0.5928,2
2026-03-09T10:46:00,0.5926,0.5926,0.59255,0.5926,6
2026-03-09T10:47:00,0.5924,0.5924,0.59235,0.5924,43
2026-03-09T10:48:00,0.59235,0.59245,0.5923,0.59245,21
2026-03-09T10:49:00,0.5924,0.5924,0.59235,0.59235,2
2026-03-09T10:50:00,0.5923,0.5923,0.59215,0.59215,2
2026-03-09T10:51:00,0.59215,0.59235,0.5921,0.5923,122
2026-03-09T10:52:00,0.5923,0.5924,0.59225,0.5923,9
2026-03-09T10:53:00,0.59235,0.59245,0.59235,0.59245,3
2026-03-09T10:55:00,0.5926,0.5926,0.5926,0.5926,2
2026-03-09T10:56:00,0.5927,0.5927,0.59265,0.59265,4
2026-03-09T10:57:00,0.59255,0.59255,0.59255,0.59255,2
2026-03-09T10:58:00,0.59255,0.59255,0.59255,0.59255,2
2026-03-09T10:59:00,0.5927,0.5927,0.5927,0.5927,2
2026-03-09T11:00:00,0.59275,0.5928,0.59275,0.59275,26
2026-03-09T11:01:00,0.59285,0.59285,0.59285,0.59285,6
2026-03-09T11:02:00,0.59275,0.59285,0.59275,0.59285,10
2026-03-09T11:03:00,0.5929,0.593,0.5929,0.593,13
2026-03-09T11:04:00,0.5931,0.5932,0.5931,0.5932,13
2026-03-09T11:05:00,0.5932,0.5933,0.5932,0.5933,23
2026-03-09T11:06:00,0.5932,0.59325,0.5932,0.59325,19
2026-03-09T11:07:00,0.59325,0.59325,0.59325,0.59325,7
2026-03-09T11:08:00,0.5933,0.5933,0.59325,0.59325,7
2026-03-09T11:09:00,0.5933,0.5933,0.59325,0.59325,8
2026-03-09T11:10:00,0.5932,0.59325,0.5932,0.59325,15
2026-03-09T11:11:00,0.5933,0.5934,0.5933,0.5934,21
2026-03-09T11:12:00,0.59325,0.59335,0.59325,0.59335,2
2026-03-09T11:13:00,0.59335,0.59335,0.5933,0.59335,11
2026-03-09T11:14:00,0.5933,0.59335,0.5933,0.59335,13
2026-03-09T11:15:00,0.5933,0.5933,0.59325,0.5933,15
2026-03-09T11:16:00,0.5933,0.5935,0.5933,0.5935,24
2026-03-09T11:17:00,0.5933,0.5933,0.5932,0.5932,13
2026-03-09T11:18:00,0.59315,0.59315,0.59315,0.59315,1
2026-03-09T11:19:00,0.5932,0.5932,0.5932,0.5932,1
2026-03-09T11:20:00,0.5929,0.5929,0.59275,0.59275,24
2026-03-09T11:21:00,0.5928,0.59285,0.5928,0.5928,6
2026-03-09T11:22:00,0.59295,0.593,0.59295,0.593,4
2026-03-09T11:24:00,0.5929,0.5929,0.5929,0.5929,1
2026-03-09T11:25:00,0.59285,0.593,0.59285,0.593,3
2026-03-09T11:26:00,0.5929,0.593,0.59285,0.593,4
2026-03-09T11:28:00,0.5928,0.5928,0.59275,0.59275,2
2026-03-09T11:29:00,0.5927,0.5927,0.59265,0.59265,6
2026-03-09T11:30:00,0.5926,0.5926,0.5926,0.5926,2
2026-03-09T11:31:00,0.5925,0.5925,0.5925,0.5925,2
2026-03-09T11:32:00,0.59265,0.59265,0.59265,0.59265,1
2026-03-09T11:33:00,0.59265,0.59265,0.59265,0.59265,1
2026-03-09T11:34:00,0.59285,0.593,0.59285,0.593,5
2026-03-09T11:35:00,0.5931,0.5932,0.5931,0.59315,13
2026-03-09T11:36:00,0.59315,0.59315,0.593,0.593,14
2026-03-09T11:37:00,0.59305,0.59305,0.59305,0.59305,4
2026-03-09T11:38:00,0.59305,0.59305,0.5928,0.5928,4
2026-03-09T11:39:00,0.5929,0.5929,0.5929,0.5929,1
2026-03-09T11:40:00,0.59285,0.59285,0.5928,0.5928,3
2026-03-09T11:41:00,0.59265,0.59275,0.59265,0.59275,5
2026-03-09T11:42:00,0.5928,0.5928,0.5928,0.5928,4
2026-03-09T11:43:00,0.59285,0.59285,0.59275,0.59275,4
2026-03-09T11:44:00,0.5927,0.5927,0.5927,0.5927,3
2026-03-09T11:45:00,0.5927,0.5927,0.59265,0.5927,7
2026-03-09T11:46:00,0.5928,0.59285,0.5928,0.59285,5
2026-03-09T11:47:00,0.59305,0.59305,0.59295,0.59295,2
2026-03-09T11:48:00,0.59275,0.5928,0.59275,0.5928,4
2026-03-09T11:49:00,0.59285,0.59285,0.59275,0.59275,15
2026-03-09T11:50:00,0.5926,0.59275,0.5926,0.59275,3
2026-03-09T11:51:00,0.5928,0.5929,0.5928,0.5929,2
2026-03-09T11:52:00,0.59285,0.593,0.59285,0.593,3
2026-03-09T11:53:00,0.593,0.59305,0.593,0.59305,2
2026-03-09T11:54:00,0.59315,0.59315,0.59305,0.59305,6
2026-03-09T11:55:00,0.59295,0.59295,0.59295,0.59295,2
2026-03-09T11:56:00,0.59285,0.59285,0.5927,0.5927,6
2026-03-09T11:57:00,0.59265,0.59265,0.5926,0.59265,3
2026-03-09T11:59:00,0.5926,0.59265,0.5926,0.59265,5
2026-03-09T12:00:00,0.5927,0.5927,0.5926,0.5926,7
2026-03-09T12:01:00,0.5926,0.59265,0.5925,0.59265,5
2026-03-09T12:02:00,0.593,0.593,0.59295,0.593,5
2026-03-09T12:03:00,0.59295,0.59305,0.59295,0.59295,11
2026-03-09T12:04:00,0.59285,0.5929,0.59275,0.5929,9
2026-03-09T12:05:00,0.59305,0.59305,0.59305,0.59305,1
2026-03-09T12:06:00,0.593,0.593,0.59295,0.593,11
2026-03-09T12:07:00,0.5929,0.5929,0.5928,0.5929,8
2026-03-09T12:08:00,0.5928,0.5929,0.5928,0.5929,2
2026-03-09T12:09:00,0.59285,0.59285,0.59285,0.59285,1
2026-03-09T12:10:00,0.5929,0.59295,0.59285,0.59295,4
2026-03-09T12:11:00,0.59285,0.59285,0.59275,0.59275,7
2026-03-09T12:12:00,0.59275,0.59275,0.59275,0.59275,1
2026-03-09T12:13:00,0.5928,0.5928,0.5928,0.5928,1
2026-03-09T12:14:00,0.59285,0.59295,0.59285,0.59295,4
2026-03-09T12:15:00,0.59295,0.59295,0.5929,0.5929,2
2026-03-09T12:16:00,0.59305,0.59305,0.59295,0.59295,3
2026-03-09T12:17:00,0.59295,0.59295,0.5929,0.5929,4
2026-03-09T12:18:00,0.593,0.593,0.5928,0.59285,16
2026-03-09T12:19:00,0.5927,0.59275,0.5927,0.59275,2
2026-03-09T12:20:00,0.59285,0.59305,0.5928,0.593,34
2026-03-09T12:21:00,0.59295,0.59295,0.59285,0.59285,9
2026-03-09T12:22:00,0.5929,0.5929,0.5929,0.5929,2
2026-03-09T12:23:00,0.59295,0.59295,0.59295,0.59295,1
2026-03-09T12:24:00,0.5928,0.59295,0.59275,0.59295,12
2026-03-09T12:25:00,0.5929,0.5929,0.5929,0.5929,5
2026-03-09T12:27:00,0.5929,0.5929,0.5928,0.59285,6
2026-03-09T12:28:00,0.59295,0.59295,0.59295,0.59295,1
2026-03-09T12:29:00,0.59305,0.59305,0.59305,0.59305,1
2026-03-09T12:30:00,0.593,0.5931,0.593,0.5931,5
2026-03-09T12:31:00,0.59315,0.5932,0.59315,0.5932,25
2026-03-09T12:32:00,0.59305,0.59305,0.59295,0.59295,7
2026-03-09T12:33:00,0.5929,0.5929,0.59285,0.59285,5
2026-03-09T12:34:00,0.59295,0.59295,0.59285,0.59285,7
2026-03-09T12:35:00,0.5928,0.5928,0.5928,0.5928,1
2026-03-09T12:37:00,0.59285,0.59285,0.59275,0.59275,3
2026-03-09T12:38:00,0.59275,0.59275,0.59275,0.59275,2
2026-03-09T12:39:00,0.5927,0.5927,0.5927,0.5927,1
2026-03-09T12:40:00,0.59265,0.59265,0.5925,0.5925,5
2026-03-09T12:41:00,0.5927,0.5927,0.59265,0.5927,3
2026-03-09T12:42:00,0.59255,0.59255,0.59255,0.59255,1
2026-03-09T12:43:00,0.59255,0.59255,0.59255,0.59255,1
2026-03-09T12:44:00,0.59245,0.59245,0.59245,0.59245,1
2026-03-09T12:46:00,0.59245,0.5925,0.59235,0.59245,8
2026-03-09T12:47:00,0.5924,0.5924,0.5924,0.5924,1
2026-03-09T12:48:00,0.59245,0.59245,0.59245,0.59245,1
2026-03-09T12:49:00,0.5923,0.5923,0.5923,0.5923,1
2026-03-09T12:50:00,0.5922,0.5922,0.59195,0.59195,24
2026-03-09T12:51:00,0.59185,0.59195,0.59185,0.59195,8
2026-03-09T12:52:00,0.5919,0.59195,0.5919,0.59195,3
2026-03-09T12:53:00,0.59185,0.5921,0.59185,0.592,33
2026-03-09T12:54:00,0.5919,0.5919,0.59185,0.5919,3
2026-03-09T12:55:00,0.59195,0.59195,0.5919,0.5919,3
2026-03-09T12:56:00,0.592,0.592,0.592,0.592,2
2026-03-09T12:57:00,0.59205,0.5921,0.59205,0.59205,4
2026-03-09T12:58:00,0.5919,0.5919,0.59185,0.59185,2
2026-03-09T12:59:00,0.592,0.59205,0.592,0.59205,3
2026-03-09T13:00:00,0.59215,0.5923,0.59215,0.5923,10
2026-03-09T13:01:00,0.59225,0.5923,0.5922,0.5923,4
2026-03-09T13:02:00,0.59235,0.59235,0.59235,0.59235,1
2026-03-09T13:03:00,0.5925,0.5925,0.5925,0.5925,1
2026-03-09T13:04:00,0.5925,0.5925,0.5925,0.5925,1
2026-03-09T13:05:00,0.5925,0.5925,0.5925,0.5925,1
2026-03-09T13:07:00,0.59235,0.5924,0.5923,0.5923,3
2026-03-09T13:08:00,0.59235,0.5926,0.59235,0.5926,11
2026-03-09T13:09:00,0.5927,0.5927,0.5927,0.5927,25
2026-03-09T13:10:00,0.59275,0.5932,0.59275,0.5932,9
2026-03-09T13:11:00,0.5932,0.59375,0.5932,0.59335,37
2026-03-09T13:12:00,0.5933,0.5935,0.5933,0.5935,5
2026-03-09T13:13:00,0.59355,0.59355,0.5935,0.59355,4
2026-03-09T13:14:00,0.5936,0.59385,0.5936,0.5938,26
2026-03-09T13:15:00,0.59375,0.5938,0.59375,0.5938,2
2026-03-09T13:16:00,0.59355,0.5936,0.59355,0.59355,4
2026-03-09T13:17:00,0.59355,0.59355,0.59335,0.59335,3
2026-03-09T13:18:00,0.59345,0.59345,0.59335,0.59335,5
2026-03-09T13:19:00,0.59335,0.59335,0.59335,0.59335,1
2026-03-09T13:20:00,0.59335,0.5934,0.5933,0.5933,3
2026-03-09T13:21:00,0.59345,0.5935,0.59345,0.5935,5
2026-03-09T13:22:00,0.59345,0.59345,0.5934,0.59345,4
2026-03-09T13:23:00,0.5934,0.5934,0.5934,0.5934,1
2026-03-09T13:24:00,0.59335,0.5934,0.59335,0.5934,2
2026-03-09T13:25:00,0.5935,0.59355,0.5935,0.59355,2
2026-03-09T13:26:00,0.5936,0.5936,0.5936,0.5936,3
2026-03-09T13:27:00,0.59365,0.59365,0.59355,0.59365,8
2026-03-09T13:28:00,0.5937,0.5937,0.59355,0.59355,2
2026-03-09T13:29:00,0.59375,0.59385,0.59375,0.59385,4
2026-03-09T13:30:00,0.59385,0.5941,0.59385,0.59405,17
2026-03-09T13:31:00,0.5938,0.5938,0.59375,0.59375,2
2026-03-09T13:32:00,0.5941,0.59415,0.5941,0.59415,3
2026-03-09T13:33:00,0.59395,0.59395,0.5937,0.5937,7
2026-03-09T13:34:00,0.59395,0.594,0.59395,0.594,2
2026-03-09T13:35:00,0.59405,0.59405,0.59405,0.59405,6
2026-03-09T13:36:00,0.59385,0.59405,0.59385,0.59405,2
2026-03-09T13:37:00,0.5938,0.5939,0.5938,0.5939,3
2026-03-09T13:38:00,0.59365,0.59365,0.59355,0.59365,12
2026-03-09T13:39:00,0.59375,0.59375,0.59345,0.59345,4
2026-03-09T13:40:00,0.5935,0.5935,0.5933,0.5933,14
2026-03-09T13:41:00,0.5933,0.5933,0.59315,0.5932,7
2026-03-09T13:42:00,0.5932,0.5932,0.5931,0.5931,11
2026-03-09T13:43:00,0.59315,0.5933,0.59315,0.5933,6
2026-03-09T13:44:00,0.5933,0.59335,0.5933,0.5933,3
2026-03-09T13:45:00,0.5935,0.5935,0.5931,0.59315,5
2026-03-09T13:46:00,0.5933,0.59355,0.59325,0.59335,37
2026-03-09T13:47:00,0.5933,0.59345,0.59325,0.59345,10
2026-03-09T13:48:00,0.59335,0.59345,0.59335,0.59345,3
2026-03-09T13:49:00,0.5935,0.5935,0.5931,0.5931,10
2026-03-09T13:50:00,0.59305,0.59305,0.59295,0.59295,12
2026-03-09T13:51:00,0.59285,0.59295,0.5928,0.59295,9
2026-03-09T13:52:00,0.5929,0.5932,0.5929,0.59305,61
2026-03-09T13:53:00,0.5928,0.59285,0.59265,0.59265,23
2026-03-09T13:54:00,0.5927,0.59275,0.5927,0.59275,3
2026-03-09T13:55:00,0.5928,0.5931,0.59255,0.593,31
2026-03-09T13:56:00,0.59315,0.59315,0.5928,0.593,12
2026-03-09T13:57:00,0.593,0.5933,0.593,0.5933,20
2026-03-09T13:58:00,0.59335,0.5934,0.59315,0.59315,10
2026-03-09T13:59:00,0.5932,0.5933,0.59315,0.59315,6
2026-03-09T14:00:00,0.5933,0.5933,0.59305,0.5931,8
2026-03-09T14:01:00,0.5931,0.59315,0.59305,0.59315,5
2026-03-09T14:02:00,0.59315,0.5933,0.59305,0.5932,8
2026-03-09T14:03:00,0.5932,0.59325,0.59305,0.59305,26
2026-03-09T14:04:00,0.5933,0.5934,0.5933,0.5934,4
2026-03-09T14:05:00,0.5936,0.5936,0.59275,0.59275,189
2026-03-09T14:06:00,0.5926,0.5926,0.592,0.59205,66
2026-03-09T14:07:00,0.59215,0.59235,0.5921,0.5921,9
2026-03-09T14:08:00,0.5921,0.5921,0.5918,0.59185,42
2026-03-09T14:09:00,0.59185,0.59205,0.59185,0.59195,37
2026-03-09T14:10:00,0.59205,0.59215,0.59175,0.5919,13
2026-03-09T14:11:00,0.5917,0.59175,0.5915,0.5916,11
2026-03-09T14:12:00,0.5915,0.5918,0.5915,0.59165,8
2026-03-09T14:13:00,0.59175,0.5921,0.59175,0.5921,29
2026-03-09T14:14:00,0.5922,0.59245,0.5922,0.59245,4
2026-03-09T14:15:00,0.5925,0.5927,0.59245,0.59255,32
2026-03-09T14:16:00,0.59255,0.5931,0.59255,0.59305,7
2026-03-09T14:17:00,0.59285,0.59305,0.59285,0.59305,7
2026-03-09T14:18:00,0.59305,0.59325,0.593,0.59325,6
2026-03-09T14:19:00,0.59305,0.59305,0.59305,0.59305,1
2026-03-09T14:20:00,0.59295,0.59315,0.59295,0.5931,14
2026-03-09T14:21:00,0.593,0.59315,0.5929,0.5931,8
2026-03-09T14:22:00,0.59295,0.59365,0.59295,0.59365,32
2026-03-09T14:23:00,0.59375,0.5938,0.5936,0.5936,10
2026-03-09T14:24:00,0.5936,0.5936,0.59345,0.59355,9
2026-03-09T14:25:00,0.59365,0.59375,0.59355,0.5936,9
2026-03-09T14:26:00,0.5936,0.5936,0.59335,0.59355,5
2026-03-09T14:27:00,0.5933,0.5933,0.5933,0.5933,2
2026-03-09T14:28:00,0.5933,0.5935,0.5933,0.5935,8
2026-03-09T14:29:00,0.59345,0.5935,0.59335,0.59335,3
2026-03-09T14:30:00,0.59355,0.5938,0.5935,0.59365,33
2026-03-09T14:31:00,0.5936,0.5937,0.5936,0.59365,5
2026-03-09T14:32:00,0.5936,0.5937,0.5936,0.5937,3
2026-03-09T14:33:00,0.59355,0.5936,0.59335,0.59335,7
2026-03-09T14:34:00,0.5934,0.59345,0.59335,0.5934,7
2026-03-09T14:35:00,0.5933,0.5933,0.59315,0.59315,6
2026-03-09T14:36:00,0.5933,0.59365,0.5933,0.59365,3
2026-03-09T14:37:00,0.59345,0.59345,0.59335,0.59345,5
2026-03-09T14:38:00,0.5935,0.5935,0.59345,0.59345,3
2026-03-09T14:39:00,0.59355,0.5936,0.59345,0.5936,8
2026-03-09T14:40:00,0.59345,0.59345,0.59325,0.59325,7
2026-03-09T14:41:00,0.5935,0.5935,0.5935,0.5935,1
2026-03-09T14:42:00,0.5933,0.5935,0.5932,0.5935,18
2026-03-09T14:43:00,0.5935,0.5937,0.5935,0.5936,10
2026-03-09T14:44:00,0.59355,0.5937,0.59355,0.5936,16
2026-03-09T14:45:00,0.5937,0.59385,0.5937,0.59375,14
2026-03-09T14:46:00,0.59385,0.5939,0.5937,0.5939,9
2026-03-09T14:47:00,0.59395,0.59395,0.5937,0.59385,4
2026-03-09T14:48:00,0.5937,0.5937,0.59365,0.59365,3
2026-03-09T14:49:00,0.59355,0.59355,0.5935,0.59355,6
2026-03-09T14:50:00,0.59345,0.59365,0.5934,0.59365,5
2026-03-09T14:51:00,0.5937,0.59375,0.5937,0.59375,3
2026-03-09T14:52:00,0.5936,0.59365,0.5935,0.59365,3
2026-03-09T14:53:00,0.5936,0.5936,0.5934,0.59345,12
2026-03-09T14:54:00,0.5936,0.5936,0.5935,0.59355,8
2026-03-09T14:55:00,0.5935,0.5935,0.5934,0.59345,13
2026-03-09T14:56:00,0.59345,0.59345,0.593,0.59315,87
2026-03-09T14:57:00,0.5931,0.59325,0.5931,0.5932,22
2026-03-09T14:58:00,0.5931,0.59335,0.5931,0.59335,18
2026-03-09T14:59:00,0.59315,0.5932,0.59305,0.59305,22
2026-03-09T15:00:00,0.59315,0.5933,0.59315,0.5932,11
2026-03-09T15:01:00,0.5932,0.59345,0.5931,0.59345,59
2026-03-09T15:02:00,0.59335,0.59335,0.59325,0.5933,7
2026-03-09T15:03:00,0.59305,0.59345,0.59305,0.59345,9
2026-03-09T15:04:00,0.59345,0.59345,0.59335,0.59335,10
2026-03-09T15:05:00,0.59335,0.59335,0.5932,0.5932,2
2026-03-09T15:06:00,0.59325,0.59335,0.59325,0.59325,10
2026-03-09T15:07:00,0.5932,0.5934,0.5932,0.5933,15
2026-03-09T15:08:00,0.5932,0.59325,0.5932,0.5932,19
2026-03-09T15:09:00,0.59315,0.5933,0.59315,0.5933,4
2026-03-09T15:10:00,0.5933,0.5934,0.5932,0.59335,21
2026-03-09T15:11:00,0.5934,0.5934,0.59315,0.5932,11
2026-03-09T15:12:00,0.5932,0.59335,0.5932,0.59325,9
2026-03-09T15:13:00,0.5933,0.59335,0.5933,0.59335,2
2026-03-09T15:14:00,0.59325,0.5934,0.59325,0.5934,6
2026-03-09T15:15:00,0.5935,0.5935,0.5933,0.5934,16
2026-03-09T15:16:00,0.59335,0.5934,0.59325,0.59325,24
2026-03-09T15:17:00,0.59325,0.5934,0.59325,0.59325,29
2026-03-09T15:18:00,0.5932,0.5932,0.59305,0.5931,7
2026-03-09T15:19:00,0.593,0.5932,0.59295,0.5932,18
2026-03-09T15:20:00,0.59315,0.59345,0.59315,0.5934,39
2026-03-09T15:21:00,0.59335,0.59355,0.59335,0.59355,7
2026-03-09T15:22:00,0.5938,0.5939,0.5937,0.5939,3
2026-03-09T15:23:00,0.59395,0.59395,0.59375,0.5938,5
2026-03-09T15:24:00,0.59385,0.5939,0.5938,0.5939,6
2026-03-09T15:25:00,0.59385,0.5939,0.5937,0.59385,5
2026-03-09T15:27:00,0.5939,0.5939,0.5939,0.5939,4
2026-03-09T15:28:00,0.5939,0.5939,0.59385,0.59385,4
2026-03-09T15:29:00,0.59395,0.59395,0.59395,0.59395,3
2026-03-09T15:30:00,0.59385,0.5939,0.59375,0.59375,6
2026-03-09T15:31:00,0.5939,0.59395,0.59385,0.59385,3
2026-03-09T15:32:00,0.5938,0.5938,0.5937,0.5937,3
2026-03-09T15:33:00,0.59375,0.5938,0.59375,0.5938,2
2026-03-09T15:34:00,0.5936,0.5937,0.5936,0.5937,2
2026-03-09T15:35:00,0.59365,0.5937,0.5936,0.5936,7
2026-03-09T15:36:00,0.59355,0.59355,0.59345,0.5935,9
2026-03-09T15:37:00,0.59355,0.59365,0.59355,0.59365,32
2026-03-09T15:38:00,0.59365,0.5937,0.59365,0.5937,4
2026-03-09T15:39:00,0.59365,0.59365,0.59365,0.59365,2
2026-03-09T15:40:00,0.5936,0.5936,0.5936,0.5936,1
2026-03-09T15:42:00,0.59365,0.59365,0.59365,0.59365,1
2026-03-09T15:43:00,0.5936,0.5936,0.59355,0.5936,6
2026-03-09T15:44:00,0.59365,0.59365,0.59365,0.59365,1
2026-03-09T15:45:00,0.5937,0.59385,0.5937,0.59385,6
2026-03-09T15:46:00,0.594,0.594,0.5939,0.5939,6
2026-03-09T15:47:00,0.5939,0.5939,0.5939,0.5939,3
2026-03-09T15:48:00,0.59385,0.5939,0.5938,0.5939,5
2026-03-09T15:49:00,0.5939,0.59395,0.5939,0.59395,2
2026-03-09T15:50:00,0.594,0.594,0.59395,0.594,4
2026-03-09T15:51:00,0.594,0.59425,0.594,0.59425,9
2026-03-09T15:52:00,0.59415,0.59415,0.59415,0.59415,4
2026-03-09T15:53:00,0.59405,0.59405,0.594,0.594,2
2026-03-09T15:54:00,0.5941,0.59415,0.594,0.59415,5
2026-03-09T15:55:00,0.59415,0.59415,0.5941,0.5941,3
2026-03-09T15:56:00,0.59395,0.59395,0.59395,0.59395,1
2026-03-09T15:57:00,0.59405,0.59405,0.59405,0.59405,2
2026-03-09T15:58:00,0.59395,0.59395,0.59385,0.59385,4
2026-03-09T16:00:00,0.59385,0.59385,0.59385,0.59385,1
2026-03-09T16:01:00,0.5937,0.59375,0.5937,0.59375,4
2026-03-09T16:02:00,0.594,0.59405,0.594,0.59405,2
2026-03-09T16:03:00,0.59435,0.5944,0.59435,0.59435,13
2026-03-09T16:04:00,0.59435,0.59435,0.5943,0.5943,7
2026-03-09T16:05:00,0.5943,0.5943,0.594,0.59415,50
2026-03-09T16:06:00,0.5941,0.5941,0.594,0.594,3
2026-03-09T16:07:00,0.5941,0.5943,0.5941,0.5943,5
2026-03-09T16:08:00,0.5943,0.5943,0.5943,0.5943,1
2026-03-09T16:09:00,0.59425,0.59425,0.59425,0.59425,1
2026-03-09T16:11:00,0.5941,0.5941,0.5941,0.5941,2
2026-03-09T16:12:00,0.594,0.5941,0.594,0.5941,6
2026-03-09T16:13:00,0.59425,0.59425,0.59415,0.59415,2
2026-03-09T16:15:00,0.594,0.594,0.59395,0.59395,2
2026-03-09T16:16:00,0.594,0.5941,0.59395,0.59395,9
2026-03-09T16:19:00,0.5939,0.5939,0.59385,0.59385,2
2026-03-09T16:21:00,0.5936,0.5936,0.5935,0.5935,5
2026-03-09T16:22:00,0.59355,0.59355,0.59355,0.59355,1
2026-03-09T16:23:00,0.59375,0.5939,0.59375,0.5939,4
2026-03-09T16:24:00,0.5941,0.5941,0.5941,0.5941,1
2026-03-09T16:25:00,0.5941,0.5941,0.59405,0.5941,3
2026-03-09T16:26:00,0.5943,0.59435,0.5943,0.59435,2
2026-03-09T16:28:00,0.5943,0.5944,0.5943,0.5944,2
2026-03-09T16:29:00,0.59435,0.59435,0.59425,0.59425,47
2026-03-09T16:30:00,0.5942,0.59425,0.5942,0.59425,26
2026-03-09T16:31:00,0.5942,0.5943,0.5942,0.59425,4
2026-03-09T16:32:00,0.59415,0.59415,0.594,0.59415,5
2026-03-09T16:33:00,0.59415,0.59425,0.59415,0.59425,3
2026-03-09T16:34:00,0.5943,0.59435,0.5943,0.59435,2
2026-03-09T16:35:00,0.59435,0.59455,0.59435,0.5945,55
2026-03-09T16:36:00,0.5945,0.59455,0.59445,0.5945,58
2026-03-09T16:37:00,0.5945,0.59455,0.59445,0.59455,28
2026-03-09T16:38:00,0.5944,0.59445,0.5943,0.59435,59
2026-03-09T16:39:00,0.5944,0.59445,0.5944,0.59445,35
2026-03-09T16:40:00,0.5945,0.5946,0.5945,0.5946,2
2026-03-09T16:43:00,0.59455,0.59465,0.59455,0.59465,3
2026-03-09T16:44:00,0.5947,0.59475,0.5947,0.59475,6
2026-03-09T16:45:00,0.5948,0.59485,0.5948,0.5948,17
2026-03-09T16:46:00,0.59475,0.59485,0.59475,0.59485,2
2026-03-09T16:47:00,0.5948,0.59485,0.59475,0.59485,6
2026-03-09T16:48:00,0.59485,0.5949,0.59485,0.5949,2
2026-03-09T16:49:00,0.59485,0.5949,0.5948,0.5949,6
2026-03-09T16:50:00,0.5948,0.5948,0.5948,0.5948,1
2026-03-09T16:51:00,0.59475,0.59485,0.59475,0.59485,4
2026-03-09T16:53:00,0.5948,0.5948,0.5948,0.5948,1
2026-03-09T16:54:00,0.5947,0.5947,0.59455,0.59455,53
2026-03-09T16:55:00,0.59455,0.59455,0.5945,0.5945,2
2026-03-09T16:56:00,0.59465,0.59465,0.59465,0.59465,1
2026-03-09T16:57:00,0.59455,0.59455,0.59455,0.59455,1
2026-03-09T16:59:00,0.59445,0.59445,0.59445,0.59445,1
2026-03-09T17:00:00,0.59445,0.59445,0.5944,0.5944,2
2026-03-09T17:01:00,0.59445,0.59445,0.59445,0.59445,1
2026-03-09T17:02:00,0.5941,0.5941,0.5941,0.5941,1
2026-03-09T17:03:00,0.59415,0.5942,0.59415,0.5942,5
2026-03-09T17:04:00,0.5941,0.5941,0.5941,0.5941,3
2026-03-09T17:05:00,0.5941,0.5942,0.5941,0.5942,2
2026-03-09T17:09:00,0.59385,0.59385,0.59385,0.59385,4
2026-03-09T17:10:00,0.59405,0.59405,0.59405,0.59405,2
2026-03-09T17:11:00,0.5939,0.5939,0.5939,0.5939,1
2026-03-09T17:13:00,0.5938,0.5938,0.5938,0.5938,3
2026-03-09T17:16:00,0.59375,0.59375,0.5937,0.5937,2
2026-03-09T17:17:00,0.5939,0.5939,0.5939,0.5939,3
2026-03-09T17:18:00,0.59385,0.5939,0.59385,0.5939,3
2026-03-09T17:19:00,0.59375,0.59375,0.59375,0.59375,2
2026-03-09T17:22:00,0.5936,0.5936,0.5936,0.5936,1
2026-03-09T17:23:00,0.59355,0.59355,0.59355,0.59355,1
2026-03-09T17:24:00,0.59365,0.59365,0.59365,0.59365,1
2026-03-09T17:25:00,0.5936,0.5936,0.5936,0.5936,3
2026-03-09T17:26:00,0.5936,0.5936,0.5936,0.5936,1
2026-03-09T17:27:00,0.5936,0.5936,0.5936,0.5936,3
2026-03-09T17:29:00,0.59355,0.59355,0.59355,0.59355,1
2026-03-09T17:30:00,0.59355,0.5937,0.59355,0.5937,2
2026-03-09T17:31:00,0.5937,0.5937,0.5936,0.5936,16
2026-03-09T17:32:00,0.59355,0.5936,0.5935,0.5935,22
2026-03-09T17:33:00,0.5935,0.59365,0.5935,0.5936,14
2026-03-09T17:34:00,0.5936,0.5936,0.5936,0.5936,1
2026-03-09T17:36:00,0.59365,0.59365,0.59355,0.59355,2
2026-03-09T17:37:00,0.5935,0.5935,0.5935,0.5935,1
2026-03-09T17:39:00,0.59355,0.59355,0.59355,0.59355,2
2026-03-09T17:40:00,0.5935,0.5935,0.59345,0.59345,3
2026-03-09T17:41:00,0.59345,0.59355,0.59345,0.59355,3
2026-03-09T17:42:00,0.59355,0.59355,0.59355,0.59355,1
2026-03-09T17:43:00,0.5935,0.5935,0.5934,0.5934,3
2026-03-09T17:44:00,0.5935,0.5935,0.5935,0.5935,1
2026-03-09T17:45:00,0.5935,0.5935,0.5935,0.5935,2
2026-03-09T17:46:00,0.59345,0.5935,0.59345,0.5935,2
2026-03-09T17:47:00,0.5935,0.5935,0.5935,0.5935,1
2026-03-09T17:48:00,0.59345,0.59345,0.59345,0.59345,1
2026-03-09T17:49:00,0.5936,0.5936,0.5936,0.5936,1
2026-03-09T17:50:00,0.5934,0.5934,0.5934,0.5934,2
2026-03-09T17:52:00,0.59355,0.59355,0.59355,0.59355,2
2026-03-09T17:55:00,0.5935,0.5935,0.5935,0.5935,1
2026-03-09T17:57:00,0.5935,0.5935,0.5935,0.5935,1
2026-03-09T17:58:00,0.59345,0.59345,0.59345,0.59345,1
2026-03-09T17:59:00,0.5934,0.5934,0.5934,0.5934,1
2026-03-09T18:01:00,0.5935,0.5935,0.5935,0.5935,1
2026-03-09T18:03:00,0.59355,0.59355,0.59355,0.59355,1
2026-03-09T18:05:00,0.5936,0.59375,0.5936,0.59375,4
2026-03-09T18:09:00,0.5935,0.5935,0.5933,0.59335,4
2026-03-09T18:13:00,0.5936,0.5937,0.59355,0.5937,5
2026-03-09T18:14:00,0.59365,0.59365,0.59365,0.59365,1
2026-03-09T18:15:00,0.5936,0.5936,0.59355,0.5936,4
2026-03-09T18:16:00,0.59355,0.59355,0.59355,0.59355,2
2026-03-09T18:19:00,0.5936,0.5936,0.5936,0.5936,2
2026-03-09T18:20:00,0.59355,0.5936,0.59355,0.5936,4
2026-03-09T18:21:00,0.59385,0.5939,0.5936,0.5936,13
2026-03-09T18:22:00,0.5936,0.5936,0.5936,0.5936,6
2026-03-09T18:26:00,0.5937,0.5937,0.5937,0.5937,1
2026-03-09T18:27:00,0.59365,0.59365,0.59365,0.59365,1
2026-03-09T18:30:00,0.59365,0.59365,0.59365,0.59365,1
2026-03-09T18:32:00,0.5937,0.5937,0.5937,0.5937,1
2026-03-09T18:34:00,0.59375,0.59385,0.59375,0.59385,9
2026-03-09T18:40:00,0.5935,0.5935,0.5935,0.5935,2
2026-03-09T18:47:00,0.5935,0.5935,0.5935,0.5935,1
2026-03-09T18:51:00,0.59355,0.59365,0.59355,0.59355,23
2026-03-09T18:52:00,0.5935,0.5935,0.5935,0.5935,1
2026-03-09T18:53:00,0.59355,0.59355,0.59355,0.59355,1
2026-03-09T18:54:00,0.59355,0.59355,0.59355,0.59355,1
2026-03-09T18:55:00,0.5936,0.5936,0.5935,0.5935,4
2026-03-09T18:56:00,0.59345,0.59345,0.59345,0.59345,6
2026-03-09T18:57:00,0.5934,0.5934,0.5934,0.5934,1
2026-03-09T18:58:00,0.5934,0.5934,0.5934,0.5934,3
2026-03-09T18:59:00,0.59335,0.59335,0.59335,0.59335,8
2026-03-09T19:00:00,0.5933,0.5933,0.59325,0.59325,3
2026-03-09T19:02:00,0.59335,0.5935,0.59335,0.5935,5
2026-03-09T19:04:00,0.59355,0.59355,0.59355,0.59355,2
2026-03-09T19:05:00,0.5935,0.5935,0.59345,0.59345,2
2026-03-09T19:07:00,0.59345,0.59345,0.59345,0.59345,1
2026-03-09T19:10:00,0.5937,0.5937,0.5937,0.5937,2
2026-03-09T19:12:00,0.59365,0.59365,0.59365,0.59365,1
2026-03-09T19:14:00,0.5936,0.5936,0.5936,0.5936,1
2026-03-09T19:15:00,0.59365,0.59365,0.59365,0.59365,1
2026-03-09T19:17:00,0.59375,0.5939,0.5937,0.5939,53
2026-03-09T19:18:00,0.5938,0.59385,0.5938,0.59385,6
2026-03-09T19:19:00,0.5938,0.595,0.5938,0.59495,86
2026-03-09T19:20:00,0.59485,0.59535,0.59485,0.59515,68
2026-03-09T19:21:00,0.59525,0.59545,0.5952,0.59545,48
2026-03-09T19:22:00,0.59545,0.59555,0.59495,0.5952,76
2026-03-09T19:23:00,0.5952,0.59545,0.5952,0.59545,17
2026-03-09T19:24:00,0.59535,0.59535,0.595,0.59525,41
2026-03-09T19:25:00,0.59525,0.59535,0.5951,0.59535,26
2026-03-09T19:26:00,0.5954,0.5955,0.5954,0.5955,12
2026-03-09T19:27:00,0.59545,0.59545,0.59525,0.5953,9
2026-03-09T19:28:00,0.59525,0.59555,0.59505,0.59555,75
2026-03-09T19:29:00,0.59545,0.5955,0.5953,0.5955,12
2026-03-09T19:30:00,0.59545,0.59545,0.59475,0.59475,37
2026-03-09T19:31:00,0.5948,0.59515,0.5948,0.5951,74
2026-03-09T19:32:00,0.595,0.59535,0.59495,0.59535,13
2026-03-09T19:33:00,0.5954,0.59545,0.59505,0.59525,12
2026-03-09T19:34:00,0.5952,0.5952,0.59505,0.5951,6
2026-03-09T19:35:00,0.59495,0.59495,0.5948,0.5948,2
2026-03-09T19:36:00,0.5948,0.5948,0.59475,0.59475,3
2026-03-09T19:37:00,0.595,0.59515,0.595,0.59515,2
2026-03-09T19:38:00,0.5955,0.5955,0.59535,0.59535,5
2026-03-09T19:39:00,0.5954,0.5955,0.59535,0.5955,20
2026-03-09T19:40:00,0.59545,0.59545,0.59535,0.59535,2
2026-03-09T19:41:00,0.5951,0.5952,0.59475,0.5948,26
2026-03-09T19:42:00,0.5948,0.59515,0.5948,0.59515,27
2026-03-09T19:43:00,0.59485,0.59525,0.59485,0.59525,6
2026-03-09T19:44:00,0.5951,0.5953,0.595,0.5953,7
2026-03-09T19:45:00,0.59525,0.59525,0.5951,0.59525,17
2026-03-09T19:46:00,0.595,0.5953,0.595,0.5953,10
2026-03-09T19:47:00,0.5952,0.59535,0.5952,0.59535,13
2026-03-09T19:48:00,0.5954,0.5954,0.59535,0.5954,11
2026-03-09T19:49:00,0.5951,0.59535,0.5951,0.59535,5
2026-03-09T19:50:00,0.59535,0.5954,0.59525,0.59525,12
2026-03-09T19:51:00,0.5951,0.5951,0.59495,0.595,19
2026-03-09T19:52:00,0.59515,0.5952,0.5951,0.59515,17
2026-03-09T19:53:00,0.595,0.595,0.595,0.595,3
2026-03-09T19:54:00,0.59505,0.59505,0.5948,0.5948,18
2026-03-09T19:56:00,0.5948,0.5948,0.5948,0.5948,3
2026-03-09T19:57:00,0.59485,0.59485,0.5947,0.5948,5
2026-03-09T19:58:00,0.59475,0.5948,0.59475,0.5948,10
2026-03-09T19:59:00,0.5948,0.5948,0.5947,0.59475,6
2026-03-09T20:00:00,0.59475,0.5949,0.59475,0.5949,3
2026-03-09T20:01:00,0.59465,0.5947,0.5946,0.5947,7
2026-03-09T20:02:00,0.5947,0.5947,0.5947,0.5947,4
2026-03-09T20:03:00,0.5945,0.59465,0.5945,0.59465,4
2026-03-09T20:04:00,0.59465,0.59465,0.5945,0.5945,21
2026-03-09T20:05:00,0.59445,0.5945,0.59435,0.59445,27
2026-03-09T20:06:00,0.59445,0.59445,0.59435,0.5944,5
2026-03-09T20:07:00,0.5946,0.5946,0.5946,0.5946,3
2026-03-09T20:08:00,0.5945,0.59455,0.5945,0.59455,3
2026-03-09T20:09:00,0.5945,0.59455,0.5945,0.59455,3
2026-03-09T20:10:00,0.5945,0.5945,0.5945,0.5945,1
2026-03-09T20:11:00,0.59445,0.59445,0.5944,0.5944,2
2026-03-09T20:13:00,0.59455,0.59455,0.59455,0.59455,1
2026-03-09T20:14:00,0.59465,0.59465,0.59465,0.59465,1
2026-03-09T20:16:00,0.59465,0.59465,0.59465,0.59465,1
2026-03-09T20:17:00,0.59465,0.59465,0.59465,0.59465,3
2026-03-09T20:22:00,0.5947,0.5948,0.5947,0.5948,2
2026-03-09T20:23:00,0.59485,0.5949,0.59485,0.5949,2
2026-03-09T20:25:00,0.59485,0.59485,0.59485,0.59485,2
2026-03-09T20:28:00,0.59495,0.59495,0.59495,0.59495,1
2026-03-09T20:32:00,0.5948,0.5949,0.5948,0.59485,5
2026-03-09T20:33:00,0.5949,0.5949,0.5949,0.5949,2
2026-03-09T20:34:00,0.59475,0.59475,0.59475,0.59475,4
2026-03-09T20:36:00,0.5947,0.5947,0.5947,0.5947,3
2026-03-09T20:37:00,0.59465,0.59465,0.5945,0.5945,7
2026-03-09T20:42:00,0.5949,0.595,0.5949,0.595,6
2026-03-09T20:43:00,0.5951,0.5951,0.5951,0.5951,3
2026-03-09T20:44:00,0.5953,0.5953,0.5953,0.5953,1
2026-03-09T20:46:00,0.59525,0.59525,0.59525,0.59525,2
2026-03-09T20:54:00,0.59525,0.59525,0.59525,0.59525,2
2026-03-09T20:55:00,0.59525,0.59525,0.59525,0.59525,1
2026-03-09T20:59:00,0.5959,0.5959,0.5959,0.5959,1
2026-03-09T22:00:00,0.5953,0.5953,0.5953,0.5953,6
2026-03-09T22:02:00,0.59555,0.59555,0.59555,0.59555,1
2026-03-09T22:04:00,0.5956,0.5956,0.5956,0.5956,10
2026-03-09T22:07:00,0.5956,0.5956,0.5956,0.5956,1
2026-03-09T22:08:00,0.5956,0.5956,0.5956,0.5956,6
2026-03-09T22:09:00,0.59575,0.59575,0.59575,0.59575,1
2026-03-09T22:10:00,0.59605,0.5961,0.59605,0.5961,3
2026-03-09T22:13:00,0.5958,0.5958,0.5958,0.5958,1
2026-03-09T22:14:00,0.596,0.596,0.596,0.596,1
2026-03-09T22:16:00,0.59585,0.59585,0.59585,0.59585,1
2026-03-09T22:20:00,0.59565,0.59565,0.59555,0.59555,2
2026-03-09T22:21:00,0.5955,0.5956,0.5955,0.5956,2
2026-03-09T22:23:00,0.5952,0.5953,0.5952,0.59525,4
2026-03-09T22:24:00,0.59515,0.59515,0.5951,0.5951,3
2026-03-09T22:25:00,0.59525,0.59525,0.59525,0.59525,1
2026-03-09T22:26:00,0.59525,0.59525,0.59525,0.59525,2
2026-03-09T22:27:00,0.5953,0.5953,0.5953,0.5953,2
2026-03-09T22:28:00,0.5953,0.5953,0.5953,0.5953,1
2026-03-09T22:29:00,0.5953,0.5954,0.5953,0.5954,3
2026-03-09T22:30:00,0.5953,0.5953,0.59525,0.59525,6
2026-03-09T22:31:00,0.5952,0.5952,0.5952,0.5952,1
2026-03-09T22:32:00,0.5954,0.5954,0.59535,0.59535,2
2026-03-09T22:33:00,0.5953,0.5953,0.5953,0.5953,1
2026-03-09T22:34:00,0.59525,0.59525,0.5951,0.5951,13
2026-03-09T22:35:00,0.59505,0.59505,0.59505,0.59505,1
2026-03-09T22:36:00,0.59515,0.59515,0.59515,0.59515,1
2026-03-09T22:37:00,0.5951,0.5951,0.595,0.595,2
2026-03-09T22:38:00,0.59505,0.59505,0.59505,0.59505,1
2026-03-09T22:39:00,0.59505,0.59505,0.595,0.595,2
2026-03-09T22:40:00,0.59505,0.59515,0.59505,0.59515,3
2026-03-09T22:41:00,0.59505,0.59505,0.595,0.595,2
2026-03-09T22:42:00,0.59505,0.59505,0.59505,0.59505,2
2026-03-09T22:43:00,0.59515,0.59515,0.59515,0.59515,1
2026-03-09T22:44:00,0.5951,0.59515,0.5951,0.59515,11
2026-03-09T22:45:00,0.59505,0.59505,0.59505,0.59505,1
2026-03-09T22:46:00,0.5951,0.5951,0.5951,0.5951,1
2026-03-09T22:47:00,0.5952,0.5952,0.5952,0.5952,1
2026-03-09T22:48:00,0.5952,0.5952,0.5952,0.5952,3
2026-03-09T22:49:00,0.5953,0.5953,0.5953,0.5953,1
2026-03-09T22:50:00,0.59525,0.5953,0.59525,0.5953,11
2026-03-09T22:51:00,0.5953,0.5953,0.5953,0.5953,2
2026-03-09T22:52:00,0.59535,0.59535,0.59535,0.59535,1
2026-03-09T22:53:00,0.5954,0.5954,0.5954,0.5954,1
2026-03-09T22:54:00,0.5953,0.5953,0.5953,0.5953,1
2026-03-09T22:55:00,0.5954,0.5954,0.5954,0.5954,1
2026-03-09T22:56:00,0.5954,0.5954,0.59535,0.59535,2
2026-03-09T22:57:00,0.5954,0.5954,0.5954,0.5954,1
2026-03-09T22:58:00,0.59535,0.59535,0.59535,0.59535,2
2026-03-09T22:59:00,0.59535,0.59535,0.59535,0.59535,1
2026-03-09T23:00:00,0.59535,0.59535,0.59535,0.59535,1
2026-03-09T23:01:00,0.5953,0.5953,0.5951,0.5951,3
2026-03-09T23:02:00,0.595,0.59505,0.59495,0.59505,38
2026-03-09T23:03:00,0.595,0.595,0.595,0.595,2
2026-03-09T23:04:00,0.5949,0.5949,0.5949,0.5949,1
2026-03-09T23:05:00,0.59495,0.595,0.59495,0.595,2
2026-03-09T23:06:00,0.59495,0.59495,0.59495,0.59495,1
2026-03-09T23:07:00,0.59495,0.59495,0.59495,0.59495,1
2026-03-09T23:08:00,0.5952,0.5952,0.5952,0.5952,1
2026-03-09T23:09:00,0.5951,0.5951,0.5951,0.5951,1
2026-03-09T23:10:00,0.59525,0.59525,0.59525,0.59525,1
2026-03-09T23:11:00,0.5952,0.5952,0.5952,0.5952,2
2026-03-09T23:12:00,0.5951,0.59515,0.5951,0.59515,5
2026-03-09T23:13:00,0.59515,0.59515,0.59515,0.59515,2
2026-03-09T23:14:00,0.59515,0.59515,0.59515,0.59515,1
2026-03-09T23:15:00,0.5952,0.5952,0.59515,0.59515,3
2026-03-09T23:16:00,0.5952,0.5953,0.5952,0.5953,4
2026-03-09T23:17:00,0.5953,0.5953,0.5953,0.5953,1
2026-03-09T23:18:00,0.5954,0.5954,0.59535,0.5954,6
2026-03-09T23:19:00,0.59545,0.59545,0.59545,0.59545,2
2026-03-09T23:20:00,0.5955,0.59555,0.5955,0.59555,11
2026-03-09T23:21:00,0.59555,0.59555,0.59555,0.59555,3
2026-03-09T23:22:00,0.59555,0.59565,0.59555,0.5956,7
2026-03-09T23:23:00,0.5956,0.5956,0.59555,0.59555,4
2026-03-09T23:24:00,0.59555,0.59555,0.5955,0.5955,2
2026-03-09T23:27:00,0.5953,0.5953,0.5953,0.5953,2
2026-03-09T23:28:00,0.5953,0.5953,0.5953,0.5953,1
2026-03-09T23:29:00,0.59525,0.5953,0.59525,0.5953,2
2026-03-09T23:30:00,0.59525,0.59525,0.59525,0.59525,1
2026-03-09T23:33:00,0.59515,0.5952,0.59515,0.5952,2
2026-03-09T23:34:00,0.5952,0.5952,0.5952,0.5952,1
2026-03-09T23:36:00,0.5951,0.5951,0.5951,0.5951,1
2026-03-09T23:37:00,0.5951,0.5951,0.5951,0.5951,1
2026-03-09T23:39:00,0.5951,0.5951,0.595,0.595,3
2026-03-09T23:40:00,0.59505,0.59505,0.59505,0.59505,1
2026-03-09T23:42:00,0.5949,0.5949,0.5949,0.5949,1
2026-03-09T23:44:00,0.59475,0.59475,0.59475,0.59475,2
2026-03-09T23:47:00,0.5946,0.5946,0.5946,0.5946,1
2026-03-09T23:50:00,0.59475,0.59475,0.59475,0.59475,1
2026-03-09T23:56:00,0.5947,0.5947,0.5947,0.5947,2
2026-03-09T23:57:00,0.5948,0.5948,0.5948,0.5948,1
2026-03-09T23:58:00,0.59465,0.59465,0.59465,0.59465,1
2026-03-10T00:00:00,0.5947,0.5947,0.5947,0.5947,4
2026-03-10T00:01:00,0.5947,0.5947,0.5947,0.5947,2
2026-03-10T00:02:00,0.5949,0.5949,0.5949,0.5949,1
2026-03-10T00:03:00,0.59475,0.59475,0.59475,0.59475,11
2026-03-10T00:04:00,0.5947,0.5948,0.5947,0.5948,25
2026-03-10T00:05:00,0.59475,0.59485,0.59475,0.5948,9
2026-03-10T00:07:00,0.5946,0.5947,0.59455,0.59455,6
2026-03-10T00:08:00,0.59455,0.5947,0.59455,0.5947,5
2026-03-10T00:09:00,0.59465,0.59465,0.59455,0.59455,3
2026-03-10T00:10:00,0.59455,0.5946,0.59455,0.5946,3
2026-03-10T00:11:00,0.59465,0.59465,0.5946,0.5946,7
2026-03-10T00:12:00,0.59445,0.59445,0.59445,0.59445,1
2026-03-10T00:14:00,0.5945,0.5945,0.59445,0.59445,3
2026-03-10T00:15:00,0.5946,0.5946,0.5945,0.5946,7
2026-03-10T00:17:00,0.59475,0.5948,0.59475,0.5948,8
2026-03-10T00:18:00,0.5949,0.5949,0.5949,0.5949,2
2026-03-10T00:19:00,0.59515,0.59515,0.5951,0.5951,2
2026-03-10T00:20:00,0.59535,0.59535,0.59525,0.59525,2
2026-03-10T00:21:00,0.59515,0.59525,0.59515,0.5952,5
2026-03-10T00:22:00,0.59515,0.59515,0.59515,0.59515,1
2026-03-10T00:23:00,0.59535,0.59535,0.5953,0.5953,13
2026-03-10T00:24:00,0.5952,0.59535,0.5952,0.59535,8
2026-03-10T00:25:00,0.59525,0.5953,0.5952,0.5952,5
2026-03-10T00:27:00,0.59525,0.59525,0.59525,0.59525,1
2026-03-10T00:30:00,0.59515,0.59515,0.59515,0.59515,5
2026-03-10T00:33:00,0.59495,0.595,0.59495,0.595,3
2026-03-10T00:34:00,0.59485,0.5949,0.59475,0.5949,5
2026-03-10T00:36:00,0.59515,0.5953,0.59515,0.59525,16
2026-03-10T00:37:00,0.59535,0.59535,0.59535,0.59535,1
2026-03-10T00:41:00,0.59535,0.59535,0.59535,0.59535,2
2026-03-10T00:45:00,0.59545,0.59545,0.59545,0.59545,1
2026-03-10T00:47:00,0.59535,0.59535,0.5951,0.5951,15
2026-03-10T00:48:00,0.5949,0.5949,0.5949,0.5949,1
2026-03-10T00:49:00,0.59495,0.59495,0.5949,0.5949,2
2026-03-10T00:50:00,0.595,0.595,0.595,0.595,1
2026-03-10T00:52:00,0.5949,0.5949,0.59485,0.59485,13
2026-03-10T00:53:00,0.59485,0.59485,0.59485,0.59485,1
2026-03-10T00:54:00,0.59475,0.59475,0.59475,0.59475,1
2026-03-10T00:55:00,0.59475,0.59475,0.59475,0.59475,2
2026-03-10T00:56:00,0.59475,0.59475,0.59475,0.59475,2
2026-03-10T00:58:00,0.5947,0.5949,0.59465,0.5949,6
2026-03-10T00:59:00,0.5948,0.5948,0.5947,0.5947,9
2026-03-10T01:00:00,0.5945,0.5945,0.59445,0.5945,7
2026-03-10T01:01:00,0.5946,0.5948,0.59455,0.5946,8
2026-03-10T01:02:00,0.59465,0.59465,0.59445,0.59445,4
2026-03-10T01:03:00,0.59445,0.5945,0.59445,0.5945,2
2026-03-10T01:04:00,0.59445,0.5945,0.59435,0.5944,14
2026-03-10T01:05:00,0.59445,0.5947,0.59445,0.5947,13
2026-03-10T01:06:00,0.59455,0.59465,0.59455,0.59465,8
2026-03-10T01:07:00,0.5946,0.5946,0.5946,0.5946,1
2026-03-10T01:08:00,0.5946,0.5946,0.5946,0.5946,1
2026-03-10T01:09:00,0.59455,0.59455,0.59455,0.59455,3
2026-03-10T01:10:00,0.59435,0.5944,0.59435,0.5944,10
2026-03-10T01:11:00,0.5944,0.59455,0.5944,0.59445,5
2026-03-10T01:12:00,0.5945,0.5945,0.5944,0.5944,8
2026-03-10T01:13:00,0.5945,0.5945,0.5945,0.5945,1
2026-03-10T01:14:00,0.5944,0.5944,0.5944,0.5944,6
2026-03-10T01:15:00,0.5945,0.5947,0.5945,0.5945,21
2026-03-10T01:16:00,0.59445,0.59455,0.59445,0.5945,4
2026-03-10T01:17:00,0.59455,0.59455,0.59425,0.59425,17
2026-03-10T01:18:00,0.59425,0.59425,0.59425,0.59425,2
2026-03-10T01:19:00,0.59415,0.59415,0.59415,0.59415,2
2026-03-10T01:20:00,0.59415,0.59425,0.59415,0.59425,3
2026-03-10T01:21:00,0.5943,0.5943,0.59425,0.59425,4
2026-03-10T01:22:00,0.5942,0.5942,0.5942,0.5942,1
2026-03-10T01:28:00,0.59405,0.59405,0.59405,0.59405,1
2026-03-10T01:29:00,0.59425,0.59425,0.59425,0.59425,4
2026-03-10T01:30:00,0.5941,0.5941,0.5939,0.59395,5
2026-03-10T01:31:00,0.59395,0.59395,0.59395,0.59395,1
2026-03-10T01:32:00,0.594,0.594,0.594,0.594,1
2026-03-10T01:33:00,0.59405,0.59415,0.59405,0.59415,2
2026-03-10T01:34:00,0.5942,0.5942,0.5942,0.5942,1
2026-03-10T01:35:00,0.5941,0.5941,0.5941,0.5941,1
2026-03-10T01:36:00,0.5941,0.5941,0.5941,0.5941,2
2026-03-10T01:37:00,0.5941,0.5941,0.59395,0.59395,2
2026-03-10T01:38:00,0.5939,0.5939,0.5939,0.5939,2
2026-03-10T01:39:00,0.5939,0.5939,0.5939,0.5939,1
2026-03-10T01:40:00,0.59395,0.59395,0.5939,0.5939,6
2026-03-10T01:41:00,0.5939,0.5939,0.5939,0.5939,1
2026-03-10T01:42:00,0.5939,0.5939,0.5939,0.5939,1
2026-03-10T01:43:00,0.59385,0.59385,0.59385,0.59385,2
2026-03-10T01:44:00,0.594,0.594,0.594,0.594,4
2026-03-10T01:45:00,0.594,0.594,0.594,0.594,1
2026-03-10T01:46:00,0.59405,0.59405,0.59405,0.59405,3
2026-03-10T01:47:00,0.5939,0.5939,0.59385,0.59385,4
2026-03-10T01:48:00,0.59385,0.59405,0.59385,0.59405,4
2026-03-10T01:49:00,0.594,0.59405,0.594,0.59405,8
2026-03-10T01:50:00,0.5941,0.5941,0.594,0.594,6
2026-03-10T01:51:00,0.594,0.594,0.594,0.594,2
2026-03-10T01:52:00,0.59405,0.5942,0.59405,0.5942,4
2026-03-10T01:53:00,0.5942,0.5942,0.5941,0.5941,3
2026-03-10T01:54:00,0.5941,0.5941,0.5941,0.5941,1
2026-03-10T01:55:00,0.59405,0.59415,0.59405,0.59415,2
2026-03-10T01:56:00,0.59415,0.59415,0.5941,0.5941,5
2026-03-10T01:57:00,0.5942,0.5943,0.59415,0.59425,6
2026-03-10T01:58:00,0.5943,0.5943,0.5943,0.5943,2
2026-03-10T01:59:00,0.5943,0.5943,0.5943,0.5943,1
2026-03-10T02:00:00,0.5945,0.59455,0.5945,0.59455,3
2026-03-10T02:01:00,0.59455,0.59455,0.5945,0.5945,13
2026-03-10T02:02:00,0.59435,0.59435,0.5942,0.5942,5
2026-03-10T02:03:00,0.59415,0.5942,0.5941,0.59415,7
2026-03-10T02:04:00,0.5941,0.59415,0.5941,0.5941,3
2026-03-10T02:05:00,0.59415,0.5942,0.59415,0.5942,6
2026-03-10T02:07:00,0.5944,0.5944,0.5944,0.5944,1
2026-03-10T02:08:00,0.59395,0.59395,0.59395,0.59395,1
2026-03-10T02:09:00,0.59415,0.59415,0.59415,0.59415,1
2026-03-10T02:10:00,0.5942,0.5942,0.5942,0.5942,12
2026-03-10T02:11:00,0.59415,0.5942,0.59415,0.5942,2
2026-03-10T02:12:00,0.59415,0.59415,0.59415,0.59415,1
2026-03-10T02:13:00,0.59425,0.59425,0.59425,0.59425,1
2026-03-10T02:14:00,0.59425,0.59425,0.59425,0.59425,1
2026-03-10T02:15:00,0.5942,0.5942,0.59415,0.59415,13
2026-03-10T02:16:00,0.59425,0.59425,0.5941,0.5941,9
2026-03-10T02:17:00,0.59415,0.5942,0.59415,0.5942,2
2026-03-10T02:18:00,0.59415,0.5942,0.59415,0.5942,2
2026-03-10T02:20:00,0.59425,0.59425,0.59425,0.59425,1
2026-03-10T02:23:00,0.5942,0.5942,0.5942,0.5942,2
2026-03-10T02:26:00,0.59415,0.59415,0.59415,0.59415,1
2026-03-10T02:27:00,0.5942,0.5942,0.59415,0.59415,5
2026-03-10T02:31:00,0.59415,0.59415,0.59405,0.59405,11
2026-03-10T02:32:00,0.59405,0.59405,0.5939,0.5939,2
2026-03-10T02:33:00,0.5939,0.59395,0.59385,0.59395,5
2026-03-10T02:34:00,0.59395,0.59395,0.59385,0.5939,5
2026-03-10T02:36:00,0.59385,0.59385,0.5937,0.5937,5
2026-03-10T02:37:00,0.5937,0.5937,0.5935,0.59355,17
2026-03-10T02:38:00,0.59365,0.59365,0.59365,0.59365,1
2026-03-10T02:39:00,0.5938,0.5938,0.5938,0.5938,4
2026-03-10T02:41:00,0.5938,0.5938,0.5938,0.5938,2
2026-03-10T02:44:00,0.5937,0.5937,0.5937,0.5937,2
2026-03-10T02:45:00,0.59375,0.59375,0.59375,0.59375,1
2026-03-10T02:46:00,0.59365,0.59365,0.59355,0.59355,3
2026-03-10T02:47:00,0.5935,0.59355,0.5935,0.59355,5
2026-03-10T02:48:00,0.59355,0.59355,0.5935,0.5935,3
2026-03-10T02:49:00,0.5935,0.5935,0.5935,0.5935,2
2026-03-10T02:50:00,0.59345,0.59345,0.59345,0.59345,1
2026-03-10T02:51:00,0.59335,0.59335,0.5933,0.5933,6
2026-03-10T02:52:00,0.5932,0.5932,0.59315,0.59315,2
2026-03-10T02:53:00,0.5932,0.5932,0.59315,0.59315,2
2026-03-10T02:54:00,0.59325,0.59325,0.59325,0.59325,11
2026-03-10T02:55:00,0.5932,0.5932,0.59305,0.59305,9
2026-03-10T02:56:00,0.5931,0.5931,0.59305,0.59305,2
2026-03-10T02:58:00,0.5931,0.5932,0.5931,0.5932,2
2026-03-10T03:01:00,0.5933,0.59335,0.5933,0.59335,15
2026-03-10T03:02:00,0.59345,0.5935,0.5934,0.5934,10
2026-03-10T03:03:00,0.59335,0.59335,0.5933,0.5933,12
2026-03-10T03:04:00,0.5932,0.5932,0.5932,0.5932,1
2026-03-10T03:05:00,0.59325,0.59335,0.59325,0.59335,6
2026-03-10T03:06:00,0.59315,0.59315,0.59315,0.59315,4
2026-03-10T03:07:00,0.5931,0.5931,0.59305,0.59305,2
2026-03-10T03:08:00,0.5933,0.5933,0.5933,0.5933,2
2026-03-10T03:10:00,0.5933,0.5933,0.5933,0.5933,2
2026-03-10T03:11:00,0.59335,0.59335,0.59335,0.59335,2
2026-03-10T03:12:00,0.5933,0.5933,0.59325,0.59325,2
2026-03-10T03:13:00,0.59325,0.59325,0.59325,0.59325,1
2026-03-10T03:14:00,0.5932,0.5932,0.5932,0.5932,1
2026-03-10T03:15:00,0.59315,0.5932,0.59315,0.5932,3
2026-03-10T03:16:00,0.59315,0.59315,0.59315,0.59315,1
2026-03-10T03:17:00,0.59325,0.59325,0.59325,0.59325,1
2026-03-10T03:18:00,0.5933,0.5933,0.5933,0.5933,1
2026-03-10T03:20:00,0.5933,0.5933,0.5933,0.5933,2
2026-03-10T03:22:00,0.5934,0.5934,0.59335,0.59335,2
2026-03-10T03:25:00,0.5932,0.5932,0.5932,0.5932,1
2026-03-10T03:26:00,0.59315,0.59315,0.59315,0.59315,1
2026-03-10T03:29:00,0.5931,0.5931,0.5931,0.5931,1
2026-03-10T03:30:00,0.593,0.593,0.593,0.593,1
2026-03-10T03:31:00,0.59305,0.59305,0.59305,0.59305,1
2026-03-10T03:32:00,0.59315,0.59315,0.59315,0.59315,1
2026-03-10T03:33:00,0.5931,0.5931,0.5931,0.5931,1
2026-03-10T03:35:00,0.59305,0.59305,0.59305,0.59305,2
2026-03-10T03:36:00,0.593,0.593,0.593,0.593,1
2026-03-10T03:38:00,0.593,0.59305,0.593,0.59305,10
2026-03-10T03:39:00,0.5931,0.59315,0.5931,0.59315,2
2026-03-10T03:40:00,0.59305,0.59305,0.59305,0.59305,5
2026-03-10T03:44:00,0.59305,0.59305,0.59305,0.59305,1
2026-03-10T03:45:00,0.5929,0.5929,0.5929,0.5929,1
2026-03-10T03:48:00,0.5929,0.59305,0.5929,0.59305,4
2026-03-10T03:49:00,0.5931,0.5931,0.5931,0.5931,2
2026-03-10T03:52:00,0.593,0.5932,0.593,0.5932,4
2026-03-10T03:53:00,0.59325,0.59325,0.59325,0.59325,1
2026-03-10T03:54:00,0.59325,0.59325,0.5932,0.5932,5
2026-03-10T03:57:00,0.5932,0.59325,0.5932,0.59325,3
2026-03-10T03:59:00,0.5932,0.5932,0.5932,0.5932,1
2026-03-10T04:02:00,0.5931,0.5931,0.59305,0.59305,2
2026-03-10T04:03:00,0.59305,0.59305,0.59305,0.59305,1
2026-03-10T04:06:00,0.593,0.593,0.593,0.593,1
2026-03-10T04:07:00,0.59305,0.59315,0.59305,0.59315,2
2026-03-10T04:09:00,0.593,0.593,0.593,0.593,1
2026-03-10T04:12:00,0.59305,0.59305,0.593,0.593,5
2026-03-10T04:16:00,0.5931,0.5931,0.5931,0.5931,1
2026-03-10T04:18:00,0.59295,0.59295,0.59295,0.59295,1
2026-03-10T04:20:00,0.59305,0.59305,0.59305,0.59305,1
2026-03-10T04:21:00,0.59305,0.59305,0.59305,0.59305,1
2026-03-10T04:22:00,0.59295,0.59295,0.59285,0.59295,17
2026-03-10T04:23:00,0.59295,0.59295,0.59295,0.59295,1
2026-03-10T04:24:00,0.593,0.593,0.593,0.593,2
2026-03-10T04:25:00,0.59305,0.59305,0.59305,0.59305,1
2026-03-10T04:28:00,0.593,0.593,0.593,0.593,1
2026-03-10T04:30:00,0.59305,0.59305,0.59305,0.59305,1
2026-03-10T04:31:00,0.593,0.59305,0.593,0.59305,4
2026-03-10T04:32:00,0.593,0.593,0.593,0.593,1
2026-03-10T04:33:00,0.59305,0.59305,0.59305,0.59305,1
2026-03-10T04:35:00,0.59295,0.59295,0.59295,0.59295,1
2026-03-10T04:38:00,0.59305,0.59305,0.59305,0.59305,1
2026-03-10T04:41:00,0.5931,0.5931,0.5931,0.5931,2
2026-03-10T04:43:00,0.5931,0.5931,0.5931,0.5931,1
2026-03-10T04:44:00,0.59315,0.59315,0.59315,0.59315,1
2026-03-10T04:47:00,0.5931,0.5931,0.5931,0.5931,2
2026-03-10T04:48:00,0.59315,0.5932,0.59315,0.5932,4
2026-03-10T04:49:00,0.59325,0.59325,0.59325,0.59325,1
2026-03-10T04:50:00,0.59315,0.59315,0.59315,0.59315,1
2026-03-10T04:51:00,0.5929,0.5929,0.5929,0.5929,1
2026-03-10T04:53:00,0.5929,0.59295,0.5929,0.5929,4
2026-03-10T04:54:00,0.5929,0.5929,0.5929,0.5929,1
2026-03-10T04:55:00,0.5929,0.59295,0.5929,0.59295,2
2026-03-10T04:58:00,0.59305,0.59315,0.59305,0.5931,5
2026-03-10T04:59:00,0.5932,0.5932,0.59315,0.59315,3
2026-03-10T05:00:00,0.5931,0.59315,0.5931,0.59315,2
2026-03-10T05:01:00,0.59315,0.59315,0.59315,0.59315,2
2026-03-10T05:02:00,0.59315,0.5932,0.59315,0.5932,3
2026-03-10T05:03:00,0.5932,0.5933,0.5932,0.5933,3
2026-03-10T05:04:00,0.59335,0.59335,0.59335,0.59335,2
2026-03-10T05:05:00,0.59325,0.59325,0.59325,0.59325,1
2026-03-10T05:06:00,0.59335,0.59335,0.59335,0.59335,6
2026-03-10T05:07:00,0.5932,0.5932,0.5932,0.5932,1
2026-03-10T05:08:00,0.59315,0.59315,0.59315,0.59315,2
2026-03-10T05:09:00,0.59315,0.59315,0.59315,0.59315,1
2026-03-10T05:10:00,0.5933,0.5933,0.5933,0.5933,1
2026-03-10T05:14:00,0.5932,0.5932,0.5932,0.5932,1
2026-03-10T05:15:00,0.59315,0.59325,0.59315,0.59325,3
2026-03-10T05:16:00,0.59335,0.59335,0.59335,0.59335,3
2026-03-10T05:18:00,0.5932,0.5932,0.5932,0.5932,1
2026-03-10T05:19:00,0.5934,0.59345,0.5934,0.59345,21
2026-03-10T05:20:00,0.59345,0.5935,0.59345,0.5935,2
2026-03-10T05:21:00,0.59355,0.59355,0.59355,0.59355,4
2026-03-10T05:22:00,0.59345,0.5935,0.59345,0.5935,2
2026-03-10T05:23:00,0.5935,0.5935,0.59345,0.59345,2
2026-03-10T05:25:00,0.59335,0.59335,0.59335,0.59335,2
2026-03-10T05:26:00,0.5934,0.5934,0.5933,0.5933,2
2026-03-10T05:27:00,0.59335,0.59335,0.59325,0.59325,6
2026-03-10T05:28:00,0.5933,0.5933,0.59325,0.59325,6
2026-03-10T05:29:00,0.5934,0.5934,0.5934,0.5934,2
2026-03-10T05:30:00,0.59345,0.59355,0.59345,0.59355,7
2026-03-10T05:31:00,0.59355,0.59355,0.5935,0.5935,2
2026-03-10T05:32:00,0.59335,0.59335,0.59335,0.59335,3
2026-03-10T05:33:00,0.5934,0.5934,0.5934,0.5934,1
2026-03-10T05:34:00,0.5934,0.5934,0.5934,0.5934,1
2026-03-10T05:37:00,0.59335,0.59335,0.59335,0.59335,1
2026-03-10T05:38:00,0.5934,0.5934,0.5934,0.5934,1
2026-03-10T05:39:00,0.59335,0.59335,0.5933,0.5933,6
2026-03-10T05:40:00,0.59325,0.5933,0.59325,0.5933,2
2026-03-10T05:43:00,0.5933,0.5933,0.5933,0.5933,1
2026-03-10T05:44:00,0.5932,0.5932,0.5932,0.5932,1
2026-03-10T05:46:00,0.59325,0.5933,0.59325,0.5933,2
2026-03-10T05:48:00,0.59345,0.5935,0.59345,0.5935,2
2026-03-10T05:49:00,0.59355,0.59355,0.5935,0.5935,5
2026-03-10T05:50:00,0.59355,0.59355,0.59335,0.59335,5
2026-03-10T05:51:00,0.5934,0.5935,0.59335,0.5934,12
2026-03-10T05:52:00,0.59355,0.59355,0.5935,0.5935,6
2026-03-10T05:53:00,0.59335,0.59335,0.5933,0.59335,7
2026-03-10T05:54:00,0.59325,0.5933,0.5932,0.59325,6
2026-03-10T05:55:00,0.59325,0.59325,0.59325,0.59325,2
2026-03-10T05:56:00,0.5933,0.5933,0.59325,0.59325,2
2026-03-10T05:57:00,0.59325,0.59325,0.59325,0.59325,2
2026-03-10T05:58:00,0.59335,0.59335,0.59335,0.59335,1
2026-03-10T05:59:00,0.5935,0.5936,0.5935,0.5936,3
2026-03-10T06:00:00,0.5936,0.59375,0.5936,0.59375,5
2026-03-10T06:01:00,0.59365,0.59365,0.5936,0.59365,8
2026-03-10T06:02:00,0.5937,0.59385,0.5937,0.59385,8
2026-03-10T06:03:00,0.5938,0.5938,0.5938,0.5938,2
2026-03-10T06:04:00,0.59375,0.5938,0.59375,0.5938,4
2026-03-10T06:05:00,0.59365,0.59365,0.5935,0.59355,16
2026-03-10T06:06:00,0.5936,0.59365,0.5936,0.59365,3
2026-03-10T06:07:00,0.5936,0.59365,0.5936,0.5936,33
2026-03-10T06:08:00,0.59375,0.59385,0.59375,0.59385,12
2026-03-10T06:09:00,0.59385,0.59395,0.59385,0.59395,12
2026-03-10T06:10:00,0.5939,0.5939,0.59385,0.59385,3
2026-03-10T06:11:00,0.59385,0.5939,0.59385,0.59385,5
2026-03-10T06:12:00,0.59385,0.59385,0.59385,0.59385,2
2026-03-10T06:13:00,0.5939,0.59395,0.5939,0.59395,2
2026-03-10T06:14:00,0.59395,0.594,0.59395,0.594,2
2026-03-10T06:15:00,0.59415,0.5942,0.59415,0.5942,6
2026-03-10T06:16:00,0.594,0.594,0.594,0.594,1
2026-03-10T06:17:00,0.59395,0.59395,0.5938,0.5938,7
2026-03-10T06:20:00,0.59395,0.594,0.59395,0.594,2
2026-03-10T06:22:00,0.5941,0.5942,0.5941,0.5942,9
2026-03-10T06:23:00,0.5942,0.59425,0.59415,0.5942,71
2026-03-10T06:24:00,0.59425,0.5944,0.59425,0.5944,8
2026-03-10T06:25:00,0.5944,0.59445,0.5944,0.59445,4
2026-03-10T06:26:00,0.5945,0.59455,0.5945,0.5945,8
2026-03-10T06:28:00,0.59435,0.59435,0.59435,0.59435,5
2026-03-10T06:30:00,0.5945,0.5946,0.5945,0.5946,5
2026-03-10T06:31:00,0.5946,0.5946,0.59445,0.5945,3
2026-03-10T06:32:00,0.59445,0.59445,0.5944,0.5944,3
2026-03-10T06:33:00,0.59445,0.59445,0.59445,0.59445,1
2026-03-10T06:34:00,0.59465,0.59465,0.5946,0.5946,8
2026-03-10T06:35:00,0.59465,0.5948,0.59465,0.5948,5
2026-03-10T06:36:00,0.5947,0.5947,0.5947,0.5947,1
2026-03-10T06:38:00,0.5948,0.5948,0.5948,0.5948,3
2026-03-10T06:39:00,0.5949,0.5949,0.59485,0.59485,29
2026-03-10T06:40:00,0.5948,0.5948,0.59455,0.5947,7
2026-03-10T06:41:00,0.5947,0.5947,0.5947,0.5947,4
2026-03-10T06:43:00,0.59475,0.59475,0.5947,0.5947,4
2026-03-10T06:44:00,0.59485,0.5949,0.59485,0.5949,2
2026-03-10T06:45:00,0.59485,0.59485,0.59485,0.59485,1
2026-03-10T06:46:00,0.5947,0.5947,0.59465,0.59465,6
2026-03-10T06:47:00,0.5946,0.59465,0.5946,0.5946,6
2026-03-10T06:48:00,0.59465,0.59465,0.59465,0.59465,1
2026-03-10T06:49:00,0.59455,0.5946,0.59455,0.59455,3
2026-03-10T06:51:00,0.59455,0.5946,0.59455,0.5946,2
2026-03-10T06:52:00,0.5945,0.5945,0.59445,0.59445,3
2026-03-10T06:55:00,0.5947,0.59475,0.5947,0.5947,14
2026-03-10T06:56:00,0.59465,0.5947,0.59465,0.5947,4
2026-03-10T06:57:00,0.5947,0.5947,0.5947,0.5947,1
2026-03-10T06:58:00,0.5948,0.5948,0.5948,0.5948,1
2026-03-10T06:59:00,0.5948,0.5949,0.5948,0.5949,10
2026-03-10T07:00:00,0.5948,0.5948,0.5946,0.5946,4
2026-03-10T07:01:00,0.59475,0.59485,0.59475,0.5948,22
2026-03-10T07:02:00,0.59495,0.59495,0.59495,0.59495,1
2026-03-10T07:03:00,0.5947,0.5949,0.5947,0.5949,8
2026-03-10T07:04:00,0.59495,0.5951,0.59495,0.595,4
2026-03-10T07:05:00,0.595,0.59515,0.595,0.5951,6
2026-03-10T07:08:00,0.59505,0.59515,0.59505,0.59515,51
2026-03-10T07:09:00,0.5951,0.5951,0.59505,0.5951,6
2026-03-10T07:10:00,0.59515,0.5953,0.59515,0.59525,14
2026-03-10T07:11:00,0.59505,0.5951,0.595,0.595,4
2026-03-10T07:12:00,0.5949,0.5949,0.5949,0.5949,2
2026-03-10T07:13:00,0.5949,0.59495,0.5949,0.59495,2
2026-03-10T07:15:00,0.59485,0.5949,0.59485,0.5949,4
2026-03-10T07:16:00,0.5951,0.5951,0.59505,0.59505,6
2026-03-10T07:17:00,0.5951,0.5951,0.59505,0.5951,7
2026-03-10T07:18:00,0.595,0.59505,0.59495,0.59505,7
2026-03-10T07:19:00,0.59495,0.5951,0.59495,0.5951,6
2026-03-10T07:20:00,0.59515,0.5953,0.5951,0.59525,7
2026-03-10T07:21:00,0.5954,0.5954,0.5954,0.5954,1
2026-03-10T07:23:00,0.59545,0.59545,0.59545,0.59545,1
2026-03-10T07:24:00,0.59555,0.59565,0.59555,0.59565,3
2026-03-10T07:25:00,0.5957,0.5958,0.59565,0.5958,8
2026-03-10T07:27:00,0.5959,0.5959,0.5959,0.5959,1
2026-03-10T07:28:00,0.5958,0.5959,0.5958,0.5959,3
2026-03-10T07:29:00,0.5959,0.5959,0.5959,0.5959,2
2026-03-10T07:30:00,0.5958,0.5958,0.5958,0.5958,1
2026-03-10T07:31:00,0.59595,0.596,0.59595,0.596,6
2026-03-10T07:32:00,0.596,0.596,0.5957,0.5957,5
2026-03-10T07:33:00,0.5957,0.59575,0.5956,0.5956,5
2026-03-10T07:35:00,0.59565,0.59565,0.59565,0.59565,1
2026-03-10T07:36:00,0.5956,0.5956,0.5956,0.5956,1
2026-03-10T07:37:00,0.59575,0.5959,0.59575,0.5959,4
2026-03-10T07:39:00,0.59585,0.59585,0.59585,0.59585,2
2026-03-10T07:40:00,0.5959,0.59595,0.59585,0.59595,5
2026-03-10T07:41:00,0.5958,0.5958,0.5958,0.5958,2
2026-03-10T07:42:00,0.59585,0.5959,0.59585,0.5959,6
2026-03-10T07:43:00,0.59595,0.59595,0.5959,0.59595,5
2026-03-10T07:44:00,0.59605,0.59605,0.59605,0.59605,2
2026-03-10T07:45:00,0.59625,0.59625,0.59625,0.59625,2
2026-03-10T07:46:00,0.59615,0.59625,0.59605,0.59605,6
2026-03-10T07:47:00,0.5961,0.59615,0.5961,0.59615,2
2026-03-10T07:48:00,0.5963,0.5963,0.5963,0.5963,1
2026-03-10T07:49:00,0.5963,0.5963,0.5963,0.5963,1
2026-03-10T07:50:00,0.5963,0.5963,0.59625,0.59625,4
2026-03-10T07:51:00,0.59635,0.5964,0.59635,0.5964,2
2026-03-10T07:52:00,0.5964,0.5964,0.5964,0.5964,1
2026-03-10T07:53:00,0.59635,0.59635,0.5963,0.5963,26
2026-03-10T07:54:00,0.596,0.596,0.596,0.596,1
2026-03-10T07:55:00,0.596,0.596,0.596,0.596,1
2026-03-10T07:56:00,0.59595,0.596,0.59595,0.596,3
2026-03-10T07:57:00,0.596,0.596,0.596,0.596,2
2026-03-10T07:58:00,0.5959,0.5959,0.5959,0.5959,1
2026-03-10T07:59:00,0.596,0.59605,0.596,0.596,5
2026-03-10T08:00:00,0.5959,0.5959,0.5959,0.5959,1
2026-03-10T08:01:00,0.5959,0.5959,0.5959,0.5959,2
2026-03-10T08:02:00,0.59565,0.59575,0.59565,0.59565,8
2026-03-10T08:03:00,0.5956,0.5956,0.5954,0.5955,6
2026-03-10T08:05:00,0.5953,0.5953,0.59525,0.59525,4
2026-03-10T08:06:00,0.5952,0.5952,0.595,0.595,45
2026-03-10T08:07:00,0.59505,0.59505,0.59505,0.59505,1
2026-03-10T08:08:00,0.59505,0.5951,0.59505,0.5951,13
2026-03-10T08:09:00,0.5951,0.5951,0.595,0.595,5
2026-03-10T08:10:00,0.5949,0.5949,0.5947,0.5948,14
2026-03-10T08:11:00,0.5947,0.59475,0.5946,0.5947,511
2026-03-10T08:12:00,0.5947,0.59485,0.59465,0.5948,37
2026-03-10T08:13:00,0.59475,0.5948,0.59475,0.59475,9
2026-03-10T08:14:00,0.59475,0.5949,0.59475,0.5949,9
2026-03-10T08:15:00,0.59505,0.5952,0.595,0.5952,10
2026-03-10T08:16:00,0.5952,0.59525,0.5952,0.59525,5
2026-03-10T08:17:00,0.59515,0.59515,0.595,0.59505,4
2026-03-10T08:18:00,0.59505,0.59505,0.59505,0.59505,2
2026-03-10T08:19:00,0.5951,0.59515,0.5951,0.59515,6
2026-03-10T08:20:00,0.59505,0.59535,0.59505,0.59535,9
2026-03-10T08:21:00,0.59535,0.5954,0.59515,0.59515,12
2026-03-10T08:22:00,0.59515,0.5952,0.5951,0.5952,7
2026-03-10T08:23:00,0.5952,0.59545,0.5952,0.5953,7
2026-03-10T08:24:00,0.59525,0.59525,0.59525,0.59525,2
2026-03-10T08:25:00,0.59545,0.59545,0.59535,0.59535,5
2026-03-10T08:26:00,0.59545,0.5955,0.59545,0.5955,2
2026-03-10T08:27:00,0.5956,0.5957,0.5956,0.5957,5
2026-03-10T08:28:00,0.59555,0.59555,0.5955,0.5955,4
2026-03-10T08:29:00,0.5956,0.59575,0.5956,0.59575,10
2026-03-10T08:30:00,0.59555,0.5956,0.59545,0.59545,9
2026-03-10T08:31:00,0.59555,0.59555,0.59535,0.5954,12
2026-03-10T08:32:00,0.5954,0.5954,0.59515,0.5952,13
2026-03-10T08:33:00,0.59525,0.5953,0.59525,0.59525,6
2026-03-10T08:34:00,0.5952,0.5952,0.5952,0.5952,1
2026-03-10T08:35:00,0.5953,0.5953,0.59525,0.59525,3
2026-03-10T08:36:00,0.5953,0.5953,0.5952,0.5952,5
2026-03-10T08:37:00,0.5951,0.5951,0.59505,0.59505,2
2026-03-10T08:38:00,0.59505,0.59515,0.59505,0.5951,20
2026-03-10T08:39:00,0.5951,0.59525,0.5951,0.59515,12
2026-03-10T08:40:00,0.59525,0.59525,0.59515,0.5952,7
2026-03-10T08:41:00,0.5952,0.5952,0.5951,0.5951,8
2026-03-10T08:42:00,0.59515,0.59525,0.59515,0.59525,7
2026-03-10T08:43:00,0.59535,0.5954,0.5953,0.5953,10
2026-03-10T08:44:00,0.5953,0.59535,0.5953,0.59535,9
2026-03-10T08:45:00,0.5953,0.59535,0.5953,0.5953,5
2026-03-10T08:46:00,0.5955,0.5955,0.5954,0.59545,9
2026-03-10T08:47:00,0.59545,0.59545,0.59545,0.59545,1
2026-03-10T08:48:00,0.5954,0.59545,0.5954,0.5954,5
2026-03-10T08:49:00,0.5953,0.59535,0.59525,0.5953,9
2026-03-10T08:50:00,0.5952,0.5952,0.5951,0.59515,7
2026-03-10T08:51:00,0.5949,0.59495,0.59485,0.59495,4
2026-03-10T08:52:00,0.59485,0.5949,0.5948,0.5948,7
2026-03-10T08:53:00,0.59485,0.5949,0.5948,0.5949,4
2026-03-10T08:54:00,0.59475,0.59495,0.59475,0.5949,14
2026-03-10T08:55:00,0.59495,0.59495,0.59485,0.59485,2
2026-03-10T08:56:00,0.5947,0.5947,0.5946,0.5946,15
2026-03-10T08:57:00,0.5945,0.5945,0.59445,0.59445,5
2026-03-10T08:58:00,0.59445,0.5945,0.59445,0.5945,3
2026-03-10T08:59:00,0.5944,0.5945,0.5944,0.5945,5
2026-03-10T09:00:00,0.5945,0.59455,0.59445,0.59455,6
2026-03-10T09:01:00,0.5946,0.5946,0.59455,0.59455,6
2026-03-10T09:02:00,0.5947,0.5947,0.5947,0.5947,2
2026-03-10T09:03:00,0.5948,0.5948,0.5948,0.5948,2
2026-03-10T09:04:00,0.59485,0.595,0.59485,0.595,4
2026-03-10T09:05:00,0.59505,0.59505,0.59505,0.59505,1
2026-03-10T09:06:00,0.59505,0.59505,0.59495,0.59495,3
2026-03-10T09:07:00,0.595,0.595,0.595,0.595,2
2026-03-10T09:08:00,0.59505,0.59505,0.595,0.595,8
2026-03-10T09:10:00,0.59515,0.59515,0.5951,0.59515,6
2026-03-10T09:11:00,0.595,0.5951,0.595,0.59505,4
2026-03-10T09:12:00,0.59515,0.59515,0.59515,0.59515,1
2026-03-10T09:13:00,0.59525,0.59545,0.59525,0.59545,4
2026-03-10T09:14:00,0.59545,0.59545,0.59535,0.59535,2
2026-03-10T09:15:00,0.5953,0.5953,0.59525,0.5953,4
2026-03-10T09:16:00,0.59555,0.59555,0.5954,0.59545,15
2026-03-10T09:18:00,0.5954,0.59545,0.5954,0.59545,2
2026-03-10T09:19:00,0.59555,0.59555,0.59535,0.59535,7
2026-03-10T09:20:00,0.59535,0.59535,0.59535,0.59535,3
2026-03-10T09:21:00,0.59535,0.59535,0.59535,0.59535,2
2026-03-10T09:22:00,0.5954,0.5954,0.59535,0.59535,2
2026-03-10T09:23:00,0.59535,0.59535,0.59535,0.59535,1
2026-03-10T09:24:00,0.5953,0.5953,0.59525,0.5953,9
2026-03-10T09:25:00,0.59535,0.59535,0.5953,0.5953,3
2026-03-10T09:27:00,0.59535,0.59535,0.59515,0.59515,2
2026-03-10T09:28:00,0.59535,0.59535,0.59535,0.59535,1
2026-03-10T09:29:00,0.59535,0.59535,0.5953,0.59535,4
2026-03-10T09:30:00,0.59535,0.5954,0.5953,0.5954,10
2026-03-10T09:31:00,0.5954,0.5954,0.59535,0.59535,3
2026-03-10T09:32:00,0.5954,0.5955,0.5954,0.5955,7
2026-03-10T09:33:00,0.5956,0.59565,0.5956,0.59565,10
2026-03-10T09:34:00,0.59565,0.59565,0.5956,0.5956,4
2026-03-10T09:35:00,0.5957,0.5957,0.5957,0.5957,1
2026-03-10T09:36:00,0.59575,0.59575,0.59575,0.59575,1
2026-03-10T09:37:00,0.5956,0.5957,0.59555,0.5957,4
2026-03-10T09:38:00,0.59575,0.59575,0.59575,0.59575,1
2026-03-10T09:40:00,0.5958,0.5958,0.5958,0.5958,5
2026-03-10T09:42:00,0.59595,0.596,0.5959,0.596,5
2026-03-10T09:43:00,0.596,0.5961,0.59595,0.59605,8
2026-03-10T09:44:00,0.59615,0.5962,0.59615,0.5962,15
2026-03-10T09:45:00,0.59605,0.5962,0.59605,0.59615,9
2026-03-10T09:46:00,0.5962,0.5962,0.596,0.596,10
2026-03-10T09:47:00,0.59595,0.59595,0.5959,0.5959,3
2026-03-10T09:48:00,0.59595,0.59595,0.5959,0.5959,2
2026-03-10T09:49:00,0.5958,0.5958,0.5958,0.5958,2
2026-03-10T09:51:00,0.5961,0.5961,0.5961,0.5961,1
2026-03-10T09:52:00,0.5961,0.5961,0.59605,0.5961,7
2026-03-10T09:53:00,0.5961,0.59615,0.596,0.596,16
2026-03-10T09:54:00,0.596,0.5961,0.596,0.5961,6
2026-03-10T09:56:00,0.59585,0.59585,0.5958,0.59585,6
2026-03-10T09:57:00,0.5959,0.59595,0.59585,0.59585,7
2026-03-10T09:58:00,0.5959,0.5959,0.5959,0.5959,1
2026-03-10T09:59:00,0.596,0.596,0.5959,0.5959,15
2026-03-10T10:00:00,0.59575,0.5958,0.59565,0.59565,4
2026-03-10T10:01:00,0.59555,0.59555,0.5954,0.5954,3
2026-03-10T10:03:00,0.5955,0.5955,0.59545,0.5955,4
2026-03-10T10:04:00,0.5955,0.59565,0.5955,0.59565,8
2026-03-10T10:08:00,0.59555,0.59555,0.5955,0.5955,2
2026-03-10T10:09:00,0.5955,0.5956,0.5954,0.5956,4
2026-03-10T10:11:00,0.5956,0.5957,0.5956,0.5956,6
2026-03-10T10:13:00,0.59575,0.59575,0.59555,0.59555,3
2026-03-10T10:15:00,0.5956,0.5956,0.5956,0.5956,2
2026-03-10T10:16:00,0.59575,0.59575,0.59575,0.59575,1
2026-03-10T10:18:00,0.59535,0.59535,0.5953,0.59535,8
2026-03-10T10:19:00,0.5955,0.5955,0.5955,0.5955,1
2026-03-10T10:20:00,0.5954,0.59545,0.59535,0.59545,6
2026-03-10T10:22:00,0.59555,0.5956,0.59555,0.5956,3
2026-03-10T10:24:00,0.59555,0.59555,0.59555,0.59555,1
2026-03-10T10:25:00,0.5956,0.59565,0.59555,0.59555,6
2026-03-10T10:27:00,0.5956,0.5956,0.59555,0.59555,2
2026-03-10T10:28:00,0.5955,0.5955,0.5955,0.5955,1
2026-03-10T10:29:00,0.59565,0.59565,0.5956,0.5956,2
2026-03-10T10:31:00,0.59565,0.5957,0.59555,0.59555,7
2026-03-10T10:32:00,0.5955,0.5955,0.5953,0.5953,5
2026-03-10T10:34:00,0.5953,0.5953,0.5953,0.5953,1
2026-03-10T10:35:00,0.5953,0.5953,0.5952,0.5952,4
2026-03-10T10:36:00,0.59525,0.5953,0.5951,0.59515,27
2026-03-10T10:37:00,0.59505,0.59505,0.59465,0.59465,5
2026-03-10T10:38:00,0.59485,0.5949,0.5948,0.5948,14
2026-03-10T10:39:00,0.5949,0.59515,0.59485,0.59515,32
2026-03-10T10:40:00,0.5951,0.59525,0.59505,0.5952,5
2026-03-10T10:41:00,0.5952,0.59555,0.5952,0.5955,13
2026-03-10T10:42:00,0.59535,0.5954,0.59535,0.5954,6
2026-03-10T10:43:00,0.5954,0.5954,0.5954,0.5954,1
2026-03-10T10:44:00,0.5954,0.59545,0.59535,0.59545,3
2026-03-10T10:46:00,0.5955,0.5955,0.59545,0.59545,5
2026-03-10T10:47:00,0.5954,0.5954,0.5953,0.5953,2
2026-03-10T10:48:00,0.5954,0.59555,0.59535,0.59555,5
2026-03-10T10:49:00,0.59535,0.59535,0.5953,0.59535,3
2026-03-10T10:50:00,0.5954,0.5954,0.59535,0.59535,2
2026-03-10T10:51:00,0.59535,0.59555,0.5953,0.59555,30
2026-03-10T10:52:00,0.59555,0.59555,0.59555,0.59555,2
2026-03-10T10:53:00,0.59545,0.59545,0.5954,0.5954,5
2026-03-10T10:55:00,0.59555,0.59555,0.59555,0.59555,1
2026-03-10T10:56:00,0.5955,0.59555,0.5955,0.59555,2
2026-03-10T10:59:00,0.5957,0.5958,0.5957,0.5958,11
2026-03-10T11:00:00,0.59575,0.59575,0.5957,0.5957,4
2026-03-10T11:03:00,0.5956,0.59565,0.5956,0.59565,2
2026-03-10T11:04:00,0.5957,0.59645,0.5957,0.59635,161
2026-03-10T11:05:00,0.59635,0.5966,0.59625,0.5966,44
2026-03-10T11:06:00,0.59635,0.59635,0.59625,0.59635,13
2026-03-10T11:07:00,0.5963,0.5963,0.5962,0.5962,2
2026-03-10T11:08:00,0.5961,0.59615,0.5961,0.59615,3
2026-03-10T11:09:00,0.59615,0.59615,0.5961,0.5961,3
2026-03-10T11:10:00,0.5963,0.5963,0.5963,0.5963,1
2026-03-10T11:11:00,0.5962,0.59625,0.5962,0.59625,3
2026-03-10T11:12:00,0.59625,0.5963,0.5962,0.5963,6
2026-03-10T11:13:00,0.5961,0.5961,0.596,0.596,9
2026-03-10T11:14:00,0.59605,0.59605,0.59605,0.59605,2
2026-03-10T11:15:00,0.59615,0.59615,0.59595,0.59595,4
2026-03-10T11:16:00,0.596,0.596,0.59595,0.59595,2
2026-03-10T11:17:00,0.596,0.5961,0.596,0.5961,8
2026-03-10T11:18:00,0.5961,0.59615,0.59605,0.59605,11
2026-03-10T11:19:00,0.59605,0.59605,0.59595,0.59595,4
2026-03-10T11:20:00,0.59595,0.59605,0.59595,0.59605,4
2026-03-10T11:21:00,0.596,0.596,0.596,0.596,1
2026-03-10T11:22:00,0.59585,0.5961,0.59585,0.5961,2
2026-03-10T11:23:00,0.59625,0.59625,0.5962,0.5962,2
2026-03-10T11:25:00,0.5963,0.5963,0.5963,0.5963,1
2026-03-10T11:26:00,0.5964,0.5964,0.5962,0.5962,3
2026-03-10T11:27:00,0.59605,0.59605,0.596,0.596,3
2026-03-10T11:28:00,0.59585,0.59585,0.59585,0.59585,2
2026-03-10T11:29:00,0.59585,0.596,0.59585,0.596,2
2026-03-10T11:30:00,0.5959,0.5959,0.5959,0.5959,2
2026-03-10T11:31:00,0.59585,0.59585,0.5958,0.5958,4
2026-03-10T11:32:00,0.5958,0.5958,0.5958,0.5958,1
2026-03-10T11:33:00,0.59605,0.59605,0.59605,0.59605,3
2026-03-10T11:34:00,0.596,0.596,0.596,0.596,1
2026-03-10T11:35:00,0.596,0.596,0.596,0.596,4
2026-03-10T11:36:00,0.596,0.59605,0.59595,0.59595,3
2026-03-10T11:37:00,0.59615,0.59615,0.59615,0.59615,1
2026-03-10T11:38:00,0.59615,0.59615,0.59615,0.59615,1
2026-03-10T11:39:00,0.59615,0.59615,0.59615,0.59615,2
2026-03-10T11:40:00,0.5961,0.5961,0.5961,0.5961,1
2026-03-10T11:41:00,0.596,0.596,0.596,0.596,1
2026-03-10T11:42:00,0.59605,0.59605,0.59605,0.59605,2
2026-03-10T11:43:00,0.596,0.596,0.596,0.596,1
2026-03-10T11:44:00,0.59605,0.59605,0.59605,0.59605,3
2026-03-10T11:48:00,0.59625,0.59625,0.59625,0.59625,2
2026-03-10T11:49:00,0.59625,0.59625,0.59625,0.59625,1
2026-03-10T11:50:00,0.59625,0.59625,0.59625,0.59625,1
2026-03-10T11:51:00,0.5963,0.59635,0.5963,0.59635,3
2026-03-10T11:52:00,0.5964,0.5964,0.5964,0.5964,1
2026-03-10T11:53:00,0.5965,0.5965,0.5964,0.59645,7
2026-03-10T11:54:00,0.5965,0.5965,0.5964,0.59645,4
2026-03-10T11:55:00,0.59645,0.59645,0.5963,0.5963,11
2026-03-10T11:56:00,0.59625,0.59625,0.59625,0.59625,1
2026-03-10T11:58:00,0.5962,0.59625,0.5962,0.59625,2
2026-03-10T11:59:00,0.59625,0.59625,0.59615,0.5962,3
2026-03-10T12:00:00,0.5961,0.59615,0.59605,0.59615,4
2026-03-10T12:01:00,0.59615,0.59615,0.596,0.596,6
2026-03-10T12:02:00,0.596,0.596,0.59595,0.59595,6
2026-03-10T12:03:00,0.59585,0.59595,0.59585,0.59595,6
2026-03-10T12:04:00,0.5958,0.5958,0.5957,0.5957,3
2026-03-10T12:05:00,0.5957,0.5957,0.5956,0.5957,3
2026-03-10T12:06:00,0.59555,0.59555,0.59545,0.59555,17
2026-03-10T12:07:00,0.59545,0.59545,0.5953,0.5953,6
2026-03-10T12:08:00,0.5951,0.5954,0.5951,0.5954,4
2026-03-10T12:09:00,0.59525,0.5953,0.59525,0.5953,3
2026-03-10T12:10:00,0.5952,0.5952,0.5952,0.5952,1
2026-03-10T12:11:00,0.5953,0.5955,0.59525,0.5955,16
2026-03-10T12:12:00,0.5956,0.59565,0.5956,0.5956,4
2026-03-10T12:13:00,0.59565,0.59565,0.59565,0.59565,1
2026-03-10T12:14:00,0.59555,0.59555,0.59555,0.59555,1
2026-03-10T12:15:00,0.59555,0.59555,0.5955,0.5955,2
2026-03-10T12:16:00,0.59545,0.59545,0.5953,0.5953,3
2026-03-10T12:17:00,0.59535,0.59535,0.59535,0.59535,1
2026-03-10T12:18:00,0.59535,0.59535,0.59535,0.59535,1
2026-03-10T12:20:00,0.5955,0.5955,0.59545,0.5955,6
2026-03-10T12:21:00,0.5954,0.5956,0.5954,0.5956,4
2026-03-10T12:22:00,0.5957,0.59575,0.59565,0.59575,15
2026-03-10T12:23:00,0.5959,0.5959,0.5959,0.5959,2
2026-03-10T12:24:00,0.59565,0.59565,0.59565,0.59565,3
2026-03-10T12:25:00,0.5956,0.5956,0.5956,0.5956,3
2026-03-10T12:27:00,0.59555,0.59565,0.59555,0.59565,6
2026-03-10T12:28:00,0.59565,0.59565,0.59555,0.59565,6
2026-03-10T12:29:00,0.59555,0.59555,0.59555,0.59555,1
2026-03-10T12:31:00,0.5955,0.5955,0.59545,0.59545,2
2026-03-10T12:32:00,0.59545,0.59545,0.59545,0.59545,1
2026-03-10T12:33:00,0.5957,0.59575,0.5957,0.59575,3
2026-03-10T12:34:00,0.59575,0.59575,0.59575,0.59575,1
2026-03-10T12:35:00,0.59575,0.59575,0.59575,0.59575,1
2026-03-10T12:36:00,0.5958,0.5958,0.59575,0.59575,12
2026-03-10T12:37:00,0.5958,0.5958,0.59575,0.59575,15
2026-03-10T12:38:00,0.59575,0.5958,0.59575,0.59575,5
2026-03-10T12:39:00,0.5955,0.5955,0.5955,0.5955,2
2026-03-10T12:40:00,0.59565,0.59575,0.59565,0.59575,3
2026-03-10T12:41:00,0.5958,0.5959,0.5958,0.5959,3
2026-03-10T12:42:00,0.59585,0.5959,0.59585,0.5959,2
2026-03-10T12:43:00,0.59595,0.59595,0.5958,0.5959,9
2026-03-10T12:44:00,0.5959,0.5959,0.59585,0.59585,3
2026-03-10T12:45:00,0.5962,0.5962,0.5962,0.5962,2
2026-03-10T12:46:00,0.5962,0.5962,0.59615,0.59615,2
2026-03-10T12:47:00,0.59615,0.59615,0.59615,0.59615,2
2026-03-10T12:48:00,0.59605,0.59605,0.596,0.596,2
2026-03-10T12:49:00,0.5959,0.5961,0.5959,0.5961,4
2026-03-10T12:50:00,0.5961,0.59615,0.5961,0.59615,6
2026-03-10T12:51:00,0.59595,0.596,0.5959,0.5959,6
2026-03-10T12:52:00,0.596,0.596,0.59595,0.59595,5
2026-03-10T12:53:00,0.596,0.5962,0.596,0.5962,18
2026-03-10T12:54:00,0.5962,0.5962,0.5962,0.5962,3
2026-03-10T12:55:00,0.5961,0.5961,0.5961,0.5961,1
2026-03-10T12:56:00,0.59615,0.59615,0.5961,0.5961,2
2026-03-10T12:59:00,0.59585,0.5959,0.59585,0.5959,2
2026-03-10T13:00:00,0.5959,0.59615,0.59585,0.59615,15
2026-03-10T13:01:00,0.5961,0.5961,0.5961,0.5961,1
2026-03-10T13:02:00,0.59605,0.59605,0.596,0.59605,7
2026-03-10T13:03:00,0.59605,0.59605,0.59595,0.59595,3
2026-03-10T13:05:00,0.596,0.596,0.596,0.596,1
2026-03-10T13:06:00,0.59605,0.59605,0.59605,0.59605,1
2026-03-10T13:07:00,0.59605,0.59605,0.59605,0.59605,1
2026-03-10T13:08:00,0.59615,0.5962,0.59615,0.5962,2
2026-03-10T13:10:00,0.5963,0.59635,0.5963,0.59635,6
2026-03-10T13:11:00,0.5962,0.5962,0.5962,0.5962,3
2026-03-10T13:12:00,0.59615,0.59615,0.5958,0.5958,6
2026-03-10T13:16:00,0.59595,0.596,0.59595,0.596,3
2026-03-10T13:17:00,0.59605,0.59605,0.59605,0.59605,2
2026-03-10T13:18:00,0.59605,0.59605,0.59605,0.59605,1
2026-03-10T13:21:00,0.5962,0.5963,0.5962,0.59625,5
2026-03-10T13:22:00,0.5963,0.5963,0.59625,0.59625,2
2026-03-10T13:23:00,0.59625,0.59645,0.59625,0.59645,3
2026-03-10T13:24:00,0.5965,0.5965,0.5965,0.5965,1
2026-03-10T13:25:00,0.5965,0.5965,0.5965,0.5965,1
2026-03-10T13:27:00,0.59625,0.59625,0.59625,0.59625,1
2026-03-10T13:28:00,0.5965,0.5965,0.5964,0.5964,2
2026-03-10T13:29:00,0.5964,0.5964,0.5964,0.5964,1
2026-03-10T13:30:00,0.59645,0.5966,0.59645,0.59655,6
2026-03-10T13:31:00,0.59655,0.5966,0.59655,0.5966,3
2026-03-10T13:32:00,0.5965,0.5966,0.59645,0.59645,6
2026-03-10T13:33:00,0.5964,0.5964,0.59565,0.59575,36
2026-03-10T13:34:00,0.59575,0.596,0.59575,0.59595,11
2026-03-10T13:35:00,0.59595,0.59595,0.5958,0.5958,10
2026-03-10T13:36:00,0.596,0.596,0.59585,0.59585,11
2026-03-10T13:37:00,0.5959,0.5959,0.59585,0.59585,5
2026-03-10T13:38:00,0.59595,0.59595,0.5959,0.5959,2
2026-03-10T13:39:00,0.5959,0.5961,0.5959,0.5961,6
2026-03-10T13:40:00,0.59605,0.59605,0.5959,0.5959,7
2026-03-10T13:41:00,0.5958,0.59585,0.59555,0.5956,63
2026-03-10T13:42:00,0.5957,0.59575,0.5956,0.59575,12
2026-03-10T13:43:00,0.5957,0.5957,0.5956,0.5956,3
2026-03-10T13:44:00,0.5955,0.59575,0.5955,0.59575,6
2026-03-10T13:45:00,0.59565,0.59565,0.59545,0.5955,10
2026-03-10T13:46:00,0.5953,0.59555,0.5953,0.59555,6
2026-03-10T13:48:00,0.5954,0.5955,0.5954,0.5955,5
2026-03-10T13:49:00,0.5954,0.5958,0.5954,0.5958,6
2026-03-10T13:50:00,0.59575,0.59575,0.5957,0.59575,5
2026-03-10T13:51:00,0.59565,0.5957,0.59555,0.59555,11
2026-03-10T13:52:00,0.5955,0.59555,0.5954,0.59545,25
2026-03-10T13:54:00,0.5957,0.5957,0.5957,0.5957,2
2026-03-10T13:55:00,0.5956,0.59565,0.59555,0.59565,6
2026-03-10T13:56:00,0.59555,0.59555,0.59555,0.59555,1
2026-03-10T13:57:00,0.5955,0.5956,0.5955,0.5956,2
2026-03-10T13:59:00,0.59555,0.59555,0.59545,0.59545,2
2026-03-10T14:00:00,0.5955,0.5955,0.5953,0.59535,4
2026-03-10T14:01:00,0.59525,0.59525,0.59525,0.59525,2
2026-03-10T14:02:00,0.59545,0.59555,0.59535,0.59535,9
2026-03-10T14:03:00,0.5954,0.5955,0.5954,0.5955,3
2026-03-10T14:04:00,0.59565,0.59565,0.59565,0.59565,2
2026-03-10T14:05:00,0.59575,0.59585,0.5957,0.59585,6
2026-03-10T14:06:00,0.59565,0.59565,0.5956,0.5956,2
2026-03-10T14:07:00,0.5955,0.5955,0.5953,0.5953,4
2026-03-10T14:08:00,0.5953,0.59535,0.59525,0.59525,15
2026-03-10T14:09:00,0.5953,0.5953,0.5951,0.5951,7
2026-03-10T14:10:00,0.5952,0.5953,0.59515,0.5953,13
2026-03-10T14:11:00,0.5953,0.5953,0.59525,0.5953,5
2026-03-10T14:12:00,0.5953,0.59545,0.5953,0.59545,8
2026-03-10T14:13:00,0.5953,0.59535,0.5953,0.59535,6
2026-03-10T14:14:00,0.5954,0.59555,0.5954,0.5955,13
2026-03-10T14:15:00,0.59555,0.59555,0.59535,0.59535,4
2026-03-10T14:16:00,0.59555,0.5956,0.59555,0.5956,3
2026-03-10T14:17:00,0.5957,0.5957,0.5957,0.5957,2
2026-03-10T14:18:00,0.59585,0.59585,0.59585,0.59585,2
2026-03-10T14:19:00,0.59575,0.596,0.59575,0.596,6
2026-03-10T14:20:00,0.59605,0.59605,0.59595,0.59595,4
2026-03-10T14:21:00,0.59605,0.59615,0.596,0.59615,7
2026-03-10T14:22:00,0.5961,0.59615,0.5961,0.59615,4
2026-03-10T14:23:00,0.59625,0.59625,0.5962,0.5962,2
2026-03-10T14:24:00,0.5961,0.5961,0.596,0.596,3
2026-03-10T14:25:00,0.596,0.5961,0.596,0.5961,3
2026-03-10T14:26:00,0.5962,0.5962,0.5961,0.5961,5
2026-03-10T14:27:00,0.5961,0.5961,0.59585,0.5959,7
2026-03-10T14:29:00,0.5959,0.5959,0.5959,0.5959,2
2026-03-10T14:30:00,0.59605,0.5962,0.59605,0.5962,2
2026-03-10T14:31:00,0.5962,0.59625,0.59595,0.59595,17
2026-03-10T14:32:00,0.596,0.596,0.596,0.596,2
2026-03-10T14:33:00,0.596,0.59615,0.59595,0.59615,8
2026-03-10T14:34:00,0.59625,0.59625,0.59625,0.59625,1
2026-03-10T14:35:00,0.5962,0.5963,0.5962,0.5963,8
2026-03-10T14:36:00,0.5964,0.5964,0.59635,0.59635,2
2026-03-10T14:37:00,0.5964,0.5964,0.5964,0.5964,1
2026-03-10T14:38:00,0.59645,0.59645,0.59645,0.59645,1
2026-03-10T14:39:00,0.59655,0.59655,0.59655,0.59655,2
2026-03-10T14:40:00,0.5966,0.5966,0.5966,0.5966,1
2026-03-10T14:41:00,0.59665,0.59665,0.59665,0.59665,1
2026-03-10T14:42:00,0.59675,0.59675,0.59675,0.59675,1
2026-03-10T14:43:00,0.59685,0.5971,0.59685,0.59695,34
2026-03-10T14:44:00,0.59695,0.597,0.5969,0.597,3
2026-03-10T14:45:00,0.5971,0.5972,0.5971,0.59715,13
2026-03-10T14:46:00,0.59725,0.5973,0.59715,0.59725,16
2026-03-10T14:47:00,0.5973,0.59745,0.597,0.597,15
2026-03-10T14:48:00,0.59705,0.59715,0.59705,0.59715,6
2026-03-10T14:49:00,0.5971,0.59725,0.5971,0.59725,5
2026-03-10T14:50:00,0.59745,0.59745,0.5974,0.5974,2
2026-03-10T14:51:00,0.5974,0.59745,0.5974,0.59745,2
2026-03-10T14:52:00,0.59735,0.59735,0.5973,0.5973,2
2026-03-10T14:53:00,0.59735,0.5974,0.59735,0.5974,2
2026-03-10T14:54:00,0.59745,0.5975,0.59735,0.59735,6
2026-03-10T14:55:00,0.5973,0.59735,0.59725,0.59735,10
2026-03-10T14:56:00,0.59735,0.59745,0.59735,0.59745,14
2026-03-10T14:57:00,0.5974,0.59745,0.59735,0.59745,9
2026-03-10T14:58:00,0.59745,0.59745,0.59745,0.59745,8
2026-03-10T14:59:00,0.5975,0.5975,0.5975,0.5975,1
2026-03-10T15:00:00,0.5976,0.5979,0.5976,0.5979,19
2026-03-10T15:01:00,0.5979,0.59805,0.5979,0.5979,24
2026-03-10T15:02:00,0.5979,0.59805,0.59785,0.59805,11
2026-03-10T15:03:00,0.598,0.59805,0.5979,0.5979,8
2026-03-10T15:04:00,0.59795,0.5981,0.59795,0.5981,5
2026-03-10T15:05:00,0.59805,0.59805,0.5978,0.5978,16
2026-03-10T15:06:00,0.5976,0.5977,0.59755,0.5977,12
2026-03-10T15:07:00,0.59765,0.59765,0.59765,0.59765,1
2026-03-10T15:08:00,0.59775,0.59775,0.5976,0.5976,3
2026-03-10T15:09:00,0.5977,0.5977,0.59765,0.5977,4
2026-03-10T15:10:00,0.5977,0.5977,0.59765,0.59765,4
2026-03-10T15:11:00,0.5977,0.5977,0.5977,0.5977,1
2026-03-10T15:12:00,0.59765,0.59765,0.59765,0.59765,1
2026-03-10T15:13:00,0.5977,0.5977,0.5977,0.5977,1
2026-03-10T15:14:00,0.5977,0.5979,0.5977,0.5979,3
2026-03-10T15:16:00,0.59755,0.5976,0.5975,0.5975,7
2026-03-10T15:17:00,0.59765,0.59775,0.59765,0.59775,3
2026-03-10T15:20:00,0.59815,0.59815,0.59815,0.59815,2
2026-03-10T15:21:00,0.5981,0.5981,0.59795,0.59795,4
2026-03-10T15:22:00,0.59805,0.5981,0.598,0.5981,7
2026-03-10T15:23:00,0.59805,0.5981,0.598,0.598,16
2026-03-10T15:24:00,0.5978,0.5978,0.5978,0.5978,1
2026-03-10T15:25:00,0.5979,0.5979,0.5979,0.5979,1
2026-03-10T15:26:00,0.59795,0.59795,0.59795,0.59795,2
2026-03-10T15:27:00,0.59775,0.59775,0.5977,0.5977,7
2026-03-10T15:28:00,0.59775,0.59775,0.59775,0.59775,2
2026-03-10T15:29:00,0.5976,0.59765,0.5976,0.59765,2
2026-03-10T15:30:00,0.5977,0.5977,0.5977,0.5977,1
2026-03-10T15:31:00,0.5977,0.5977,0.59765,0.59765,4
2026-03-10T15:32:00,0.5976,0.5977,0.5976,0.59765,18
2026-03-10T15:33:00,0.5977,0.59775,0.5977,0.59775,7
2026-03-10T15:34:00,0.59775,0.5978,0.59775,0.5978,4
2026-03-10T15:35:00,0.5977,0.5977,0.5976,0.5976,5
2026-03-10T15:37:00,0.5981,0.5981,0.5981,0.5981,1
2026-03-10T15:38:00,0.59805,0.59805,0.59795,0.59795,2
2026-03-10T15:39:00,0.59795,0.59795,0.59795,0.59795,1
2026-03-10T15:40:00,0.5978,0.5978,0.5978,0.5978,1
2026-03-10T15:42:00,0.59805,0.59805,0.59805,0.59805,1
2026-03-10T15:43:00,0.59815,0.5982,0.59815,0.5982,2
2026-03-10T15:44:00,0.598,0.598,0.598,0.598,7
2026-03-10T15:45:00,0.59805,0.59815,0.59805,0.59815,3
2026-03-10T15:46:00,0.5982,0.5982,0.598,0.598,3
2026-03-10T15:47:00,0.59785,0.59785,0.5978,0.5978,2
2026-03-10T15:48:00,0.59775,0.59775,0.5977,0.5977,2
2026-03-10T15:49:00,0.5977,0.5977,0.5977,0.5977,2
2026-03-10T15:50:00,0.59785,0.59785,0.59785,0.59785,1
2026-03-10T15:51:00,0.59745,0.59745,0.59745,0.59745,1
2026-03-10T15:52:00,0.5974,0.5974,0.5974,0.5974,2
2026-03-10T15:53:00,0.59745,0.59745,0.59745,0.59745,1
2026-03-10T15:54:00,0.59755,0.5976,0.5975,0.5975,12
2026-03-10T15:55:00,0.5975,0.59755,0.59745,0.59755,3
2026-03-10T15:56:00,0.59755,0.59755,0.59755,0.59755,2
2026-03-10T15:57:00,0.5976,0.59765,0.5976,0.59765,5
2026-03-10T15:58:00,0.5976,0.5976,0.5976,0.5976,2
2026-03-10T15:59:00,0.59755,0.59755,0.59755,0.59755,1
2026-03-10T16:00:00,0.59755,0.5976,0.59735,0.59735,5
2026-03-10T16:01:00,0.59735,0.59735,0.59735,0.59735,6
2026-03-10T16:02:00,0.59735,0.59735,0.59735,0.59735,3
2026-03-10T16:03:00,0.59725,0.59725,0.5971,0.5971,3
2026-03-10T16:04:00,0.59715,0.59715,0.597,0.597,4
2026-03-10T16:06:00,0.59675,0.59675,0.59675,0.59675,1
2026-03-10T16:07:00,0.59685,0.59685,0.59685,0.59685,3
2026-03-10T16:08:00,0.5968,0.5968,0.5968,0.5968,3
2026-03-10T16:09:00,0.59685,0.5969,0.59685,0.5969,3
2026-03-10T16:10:00,0.59695,0.59715,0.59695,0.59715,7
2026-03-10T16:11:00,0.59715,0.59715,0.5971,0.5971,2
2026-03-10T16:12:00,0.5971,0.5971,0.59685,0.59685,31
2026-03-10T16:14:00,0.5969,0.5969,0.5969,0.5969,1
2026-03-10T16:16:00,0.5969,0.59695,0.5969,0.59695,3
2026-03-10T16:17:00,0.59695,0.597,0.59695,0.597,2
2026-03-10T16:18:00,0.597,0.597,0.597,0.597,1
2026-03-10T16:19:00,0.5971,0.5971,0.5971,0.5971,3
2026-03-10T16:20:00,0.59715,0.59715,0.597,0.59705,6
2026-03-10T16:21:00,0.5971,0.5971,0.5971,0.5971,1
2026-03-10T16:22:00,0.59705,0.59705,0.59695,0.59695,5
2026-03-10T16:23:00,0.59705,0.59705,0.59695,0.59695,2
2026-03-10T16:24:00,0.597,0.597,0.59695,0.59695,2
2026-03-10T16:25:00,0.597,0.59705,0.597,0.59705,29
2026-03-10T16:26:00,0.59705,0.59705,0.59705,0.59705,2
2026-03-10T16:27:00,0.59695,0.59695,0.59695,0.59695,2
2026-03-10T16:28:00,0.59695,0.59695,0.59695,0.59695,1
2026-03-10T16:29:00,0.5968,0.59685,0.5968,0.59685,2
2026-03-10T16:30:00,0.597,0.597,0.597,0.597,1
2026-03-10T16:31:00,0.5971,0.5971,0.5971,0.5971,3
2026-03-10T16:32:00,0.5972,0.5972,0.5972,0.5972,1
2026-03-10T16:33:00,0.5973,0.5974,0.5972,0.5972,85
2026-03-10T16:34:00,0.59725,0.5974,0.59725,0.5974,12
2026-03-10T16:39:00,0.5974,0.5974,0.5974,0.5974,1
2026-03-10T16:40:00,0.59735,0.59735,0.59725,0.59725,6
2026-03-10T16:41:00,0.5973,0.5973,0.5973,0.5973,2
2026-03-10T16:43:00,0.59715,0.59715,0.59715,0.59715,1
2026-03-10T16:44:00,0.5972,0.5972,0.5972,0.5972,1
2026-03-10T16:45:00,0.59715,0.59715,0.59715,0.59715,1
2026-03-10T16:46:00,0.597,0.597,0.59695,0.597,5
2026-03-10T16:47:00,0.59695,0.59695,0.59685,0.59685,3
2026-03-10T16:49:00,0.5969,0.59695,0.5969,0.5969,5
2026-03-10T16:52:00,0.5972,0.59735,0.5972,0.5973,23
2026-03-10T16:53:00,0.59735,0.59735,0.5973,0.5973,6
2026-03-10T16:54:00,0.59735,0.59735,0.59735,0.59735,3
2026-03-10T16:55:00,0.5974,0.59745,0.5974,0.59745,4
2026-03-10T16:56:00,0.5973,0.5973,0.5973,0.5973,1
2026-03-10T16:57:00,0.5973,0.59735,0.5973,0.59735,4
2026-03-10T16:58:00,0.5973,0.5973,0.5973,0.5973,7
2026-03-10T17:00:00,0.59735,0.59735,0.5973,0.5973,7
2026-03-10T17:02:00,0.59745,0.59755,0.59735,0.5975,13
2026-03-10T17:03:00,0.59755,0.5976,0.59755,0.5976,3
2026-03-10T17:05:00,0.59755,0.5977,0.59755,0.5977,7
2026-03-10T17:06:00,0.59775,0.59775,0.59775,0.59775,2
2026-03-10T17:07:00,0.5979,0.5979,0.5979,0.5979,3
2026-03-10T17:08:00,0.5979,0.5979,0.5979,0.5979,2
2026-03-10T17:09:00,0.59785,0.5979,0.5978,0.5979,3
2026-03-10T17:10:00,0.59795,0.59795,0.59795,0.59795,3
2026-03-10T17:11:00,0.59795,0.59795,0.5979,0.5979,2
2026-03-10T17:12:00,0.59775,0.59785,0.5977,0.5977,34
2026-03-10T17:13:00,0.5977,0.59775,0.5977,0.59775,7
2026-03-10T17:14:00,0.5977,0.59775,0.5977,0.59775,3
2026-03-10T17:15:00,0.59775,0.59785,0.59775,0.5978,5
2026-03-10T17:16:00,0.5978,0.5979,0.5978,0.5979,12
2026-03-10T17:17:00,0.5979,0.59835,0.5979,0.59835,9
2026-03-10T17:18:00,0.59835,0.59835,0.59835,0.59835,7
2026-03-10T17:19:00,0.59835,0.59845,0.59835,0.5984,15
2026-03-10T17:20:00,0.5984,0.5984,0.59825,0.59825,6
2026-03-10T17:21:00,0.59825,0.5983,0.59825,0.5983,2
2026-03-10T17:22:00,0.5983,0.5983,0.5983,0.5983,1
2026-03-10T17:23:00,0.59825,0.5983,0.59825,0.59825,3
2026-03-10T17:24:00,0.59825,0.59835,0.59825,0.59825,8
2026-03-10T17:25:00,0.5982,0.5982,0.5982,0.5982,1
2026-03-10T17:27:00,0.59845,0.5985,0.5984,0.5985,6
2026-03-10T17:28:00,0.5984,0.59845,0.5984,0.59845,3
2026-03-10T17:29:00,0.59835,0.59835,0.59825,0.59825,2
2026-03-10T17:30:00,0.5982,0.59825,0.5982,0.5982,5
2026-03-10T17:31:00,0.5982,0.59825,0.59805,0.59805,8
2026-03-10T17:32:00,0.5981,0.59815,0.5981,0.59815,2
2026-03-10T17:33:00,0.59825,0.59825,0.5979,0.5979,51
2026-03-10T17:34:00,0.59795,0.59795,0.59775,0.59775,25
2026-03-10T17:35:00,0.59775,0.59785,0.5977,0.59785,10
2026-03-10T17:36:00,0.59775,0.59785,0.59765,0.59765,4
2026-03-10T17:37:00,0.5975,0.5976,0.59735,0.59735,13
2026-03-10T17:38:00,0.5973,0.5974,0.5973,0.5974,4
2026-03-10T17:39:00,0.59725,0.59745,0.59725,0.59745,7
2026-03-10T17:40:00,0.59745,0.59745,0.5973,0.5973,31
2026-03-10T17:41:00,0.59725,0.5975,0.59725,0.5975,5
2026-03-10T17:43:00,0.5974,0.5974,0.5974,0.5974,1
2026-03-10T17:44:00,0.5973,0.5973,0.5972,0.5972,4
2026-03-10T17:46:00,0.59745,0.59755,0.5974,0.5974,6
2026-03-10T17:47:00,0.5975,0.59755,0.5975,0.59755,3
2026-03-10T17:48:00,0.5976,0.5976,0.5976,0.5976,3
2026-03-10T17:49:00,0.59775,0.59775,0.5977,0.5977,2
2026-03-10T17:50:00,0.5977,0.5977,0.5977,0.5977,1
2026-03-10T17:51:00,0.5977,0.5977,0.5977,0.5977,1
2026-03-10T17:52:00,0.5978,0.5978,0.5978,0.5978,1
2026-03-10T17:55:00,0.59765,0.5977,0.59765,0.5977,4
2026-03-10T17:56:00,0.59765,0.59765,0.5976,0.5976,2
2026-03-10T17:57:00,0.59755,0.59755,0.59755,0.59755,1
2026-03-10T17:58:00,0.5977,0.59775,0.5977,0.59775,2
2026-03-10T17:59:00,0.59765,0.59765,0.59765,0.59765,3
2026-03-10T18:00:00,0.5977,0.5977,0.5976,0.5976,6
2026-03-10T18:01:00,0.5976,0.59765,0.5976,0.5976,11
2026-03-10T18:02:00,0.59765,0.59765,0.59745,0.59745,2
2026-03-10T18:03:00,0.59755,0.59755,0.59755,0.59755,1
2026-03-10T18:05:00,0.59765,0.5977,0.59765,0.5977,2
2026-03-10T18:06:00,0.5976,0.5976,0.59745,0.59745,3
2026-03-10T18:08:00,0.5975,0.5975,0.5975,0.5975,2
2026-03-10T18:10:00,0.5974,0.59745,0.5974,0.59745,4
2026-03-10T18:11:00,0.5973,0.59735,0.5973,0.59735,3
2026-03-10T18:12:00,0.5975,0.5975,0.5975,0.5975,4
2026-03-10T18:13:00,0.59745,0.5976,0.59705,0.59705,74
2026-03-10T18:14:00,0.59695,0.5971,0.59645,0.59645,30
2026-03-10T18:15:00,0.59645,0.5965,0.59625,0.59635,44
2026-03-10T18:16:00,0.5963,0.5964,0.59585,0.5959,66
2026-03-10T18:17:00,0.5959,0.5959,0.59555,0.59565,60
2026-03-10T18:18:00,0.59565,0.5957,0.59535,0.5955,23
2026-03-10T18:19:00,0.59545,0.5956,0.5954,0.5955,23
2026-03-10T18:20:00,0.59545,0.5957,0.59535,0.59545,28
2026-03-10T18:21:00,0.59555,0.5958,0.5955,0.5955,10
2026-03-10T18:22:00,0.5955,0.59585,0.5955,0.59585,16
2026-03-10T18:23:00,0.5958,0.59605,0.59575,0.5959,12
2026-03-10T18:24:00,0.59595,0.5961,0.59585,0.59585,21
2026-03-10T18:25:00,0.59585,0.596,0.59585,0.5959,19
2026-03-10T18:26:00,0.5959,0.59635,0.5959,0.59635,19
2026-03-10T18:27:00,0.59635,0.5965,0.5963,0.5965,26
2026-03-10T18:28:00,0.5965,0.5967,0.5964,0.5967,20
2026-03-10T18:29:00,0.5966,0.5966,0.5965,0.5965,7
2026-03-10T18:30:00,0.59645,0.59665,0.59635,0.59635,20
2026-03-10T18:31:00,0.5965,0.59685,0.5965,0.59685,8
2026-03-10T18:32:00,0.59675,0.5968,0.59665,0.59675,14
2026-03-10T18:33:00,0.5968,0.59685,0.59675,0.59675,12
2026-03-10T18:34:00,0.5968,0.5968,0.5968,0.5968,3
2026-03-10T18:35:00,0.5968,0.5968,0.59615,0.59615,44
2026-03-10T18:36:00,0.5961,0.5965,0.59605,0.5965,14
2026-03-10T18:37:00,0.59645,0.5967,0.5964,0.59665,11
2026-03-10T18:38:00,0.59665,0.59665,0.5963,0.5963,6
2026-03-10T18:39:00,0.5964,0.5964,0.5962,0.5962,8
2026-03-10T18:40:00,0.59605,0.59615,0.596,0.59605,8
2026-03-10T18:41:00,0.596,0.596,0.5959,0.5959,6
2026-03-10T18:42:00,0.596,0.5962,0.596,0.5962,5
2026-03-10T18:43:00,0.59605,0.59615,0.59605,0.59615,5
2026-03-10T18:44:00,0.596,0.59605,0.596,0.59605,11
2026-03-10T18:45:00,0.59595,0.5961,0.59585,0.59585,16
2026-03-10T18:46:00,0.596,0.5963,0.596,0.5962,7
2026-03-10T18:47:00,0.5964,0.5964,0.5963,0.5963,7
2026-03-10T18:48:00,0.5964,0.5964,0.5964,0.5964,1
2026-03-10T18:49:00,0.5964,0.5964,0.59625,0.59625,3
2026-03-10T18:50:00,0.59635,0.59635,0.59635,0.59635,3
2026-03-10T18:52:00,0.5963,0.59635,0.5963,0.59635,6
2026-03-10T18:53:00,0.59625,0.59625,0.5961,0.5961,4
2026-03-10T18:54:00,0.59605,0.5962,0.596,0.5962,10
2026-03-10T18:55:00,0.5962,0.5962,0.59605,0.59605,3
2026-03-10T18:56:00,0.5961,0.5961,0.5961,0.5961,1
2026-03-10T18:57:00,0.59615,0.59615,0.596,0.5961,5
2026-03-10T18:58:00,0.5961,0.5961,0.59605,0.59605,3
2026-03-10T18:59:00,0.59605,0.59605,0.5959,0.59595,38
2026-03-10T19:00:00,0.59595,0.596,0.5959,0.5959,25
2026-03-10T19:01:00,0.59585,0.5959,0.59585,0.59585,8
2026-03-10T19:02:00,0.59585,0.59585,0.5958,0.5958,3
2026-03-10T19:03:00,0.5957,0.59575,0.5957,0.59575,4
2026-03-10T19:04:00,0.59585,0.59585,0.59585,0.59585,1
2026-03-10T19:07:00,0.5957,0.5957,0.5957,0.5957,1
2026-03-10T19:08:00,0.59595,0.59595,0.59595,0.59595,1
2026-03-10T19:11:00,0.5957,0.5957,0.5956,0.5956,3
2026-03-10T19:12:00,0.5957,0.5957,0.59565,0.59565,3
2026-03-10T19:14:00,0.59575,0.59575,0.59575,0.59575,1
2026-03-10T19:15:00,0.596,0.596,0.596,0.596,3
2026-03-10T19:16:00,0.59595,0.596,0.59595,0.596,2
2026-03-10T19:19:00,0.59615,0.59615,0.59615,0.59615,3
2026-03-10T19:20:00,0.596,0.596,0.59585,0.5959,18
2026-03-10T19:21:00,0.5958,0.5958,0.5956,0.5956,10
2026-03-10T19:23:00,0.5959,0.5959,0.59585,0.59585,6
2026-03-10T19:24:00,0.5958,0.5958,0.5957,0.5957,15
2026-03-10T19:25:00,0.5955,0.5955,0.59545,0.59545,12
2026-03-10T19:26:00,0.5954,0.5954,0.5953,0.59535,5
2026-03-10T19:27:00,0.59535,0.59535,0.59535,0.59535,1
2026-03-10T19:28:00,0.5954,0.5954,0.59535,0.59535,2
2026-03-10T19:29:00,0.59545,0.59545,0.5952,0.5952,9
2026-03-10T19:31:00,0.5952,0.5952,0.5951,0.5951,5
2026-03-10T19:32:00,0.595,0.595,0.59495,0.595,32
2026-03-10T19:33:00,0.59515,0.59515,0.5951,0.5951,5
2026-03-10T19:34:00,0.59505,0.5951,0.595,0.595,5
2026-03-10T19:35:00,0.595,0.595,0.59475,0.59475,13
2026-03-10T19:36:00,0.5948,0.59485,0.5948,0.59485,2
2026-03-10T19:37:00,0.59485,0.5949,0.59485,0.5949,4
2026-03-10T19:39:00,0.595,0.595,0.595,0.595,3
2026-03-10T19:40:00,0.59505,0.59535,0.5945,0.5953,378
2026-03-10T19:41:00,0.5952,0.5953,0.59505,0.59505,20
2026-03-10T19:42:00,0.5949,0.59515,0.59485,0.59515,3
2026-03-10T19:43:00,0.59535,0.59535,0.59535,0.59535,3
2026-03-10T19:44:00,0.59525,0.59535,0.59525,0.59535,9
2026-03-10T19:45:00,0.595,0.59505,0.595,0.595,3
2026-03-10T19:46:00,0.5949,0.59495,0.5948,0.59485,5
2026-03-10T19:47:00,0.5949,0.5949,0.5949,0.5949,1
2026-03-10T19:48:00,0.59475,0.59475,0.59475,0.59475,3
2026-03-10T19:49:00,0.59475,0.59475,0.5947,0.5947,2
2026-03-10T19:50:00,0.59485,0.5949,0.5948,0.59485,6
2026-03-10T19:51:00,0.59485,0.59485,0.59485,0.59485,2
2026-03-10T19:52:00,0.59505,0.59505,0.59495,0.59495,3
2026-03-10T19:53:00,0.59495,0.59495,0.59495,0.59495,1
2026-03-10T19:54:00,0.595,0.59505,0.595,0.59505,2
2026-03-10T19:55:00,0.59515,0.59515,0.59505,0.59505,7
2026-03-10T19:56:00,0.59495,0.595,0.59495,0.59495,4
2026-03-10T19:57:00,0.59505,0.59505,0.59505,0.59505,1
2026-03-10T19:59:00,0.59515,0.59515,0.59515,0.59515,16
2026-03-10T20:00:00,0.5951,0.5951,0.5951,0.5951,1
2026-03-10T20:01:00,0.59515,0.59515,0.59515,0.59515,2
2026-03-10T20:02:00,0.59505,0.59505,0.59485,0.59485,8
2026-03-10T20:03:00,0.5948,0.5948,0.59475,0.59475,3
2026-03-10T20:05:00,0.5948,0.59485,0.59475,0.59485,8
2026-03-10T20:06:00,0.5949,0.595,0.5949,0.595,4
2026-03-10T20:07:00,0.5951,0.5951,0.595,0.595,5
2026-03-10T20:08:00,0.595,0.5951,0.595,0.5951,2
2026-03-10T20:09:00,0.59505,0.59505,0.5949,0.5949,7
2026-03-10T20:10:00,0.59495,0.59495,0.59495,0.59495,1
2026-03-10T20:12:00,0.59495,0.59515,0.59495,0.59515,18
2026-03-10T20:13:00,0.59515,0.59515,0.59515,0.59515,1
2026-03-10T20:14:00,0.5952,0.5952,0.5952,0.5952,1
2026-03-10T20:15:00,0.59505,0.59505,0.59505,0.59505,2
2026-03-10T20:16:00,0.59495,0.59495,0.59495,0.59495,3
2026-03-10T20:19:00,0.59485,0.5949,0.59485,0.5949,2
2026-03-10T20:22:00,0.5951,0.5951,0.5951,0.5951,3
2026-03-10T20:24:00,0.59495,0.59495,0.59495,0.59495,1
2026-03-10T20:25:00,0.59495,0.59495,0.5949,0.5949,6
2026-03-10T20:26:00,0.5949,0.5949,0.5949,0.5949,2
2026-03-10T20:27:00,0.5949,0.5949,0.5949,0.5949,1
2026-03-10T20:28:00,0.5948,0.5948,0.5948,0.5948,1
2026-03-10T20:29:00,0.59485,0.59485,0.59485,0.59485,4
2026-03-10T20:34:00,0.59475,0.59475,0.59475,0.59475,2
2026-03-10T20:35:00,0.59475,0.59475,0.5947,0.5947,2
2026-03-10T20:42:00,0.5951,0.5951,0.5951,0.5951,3
2026-03-10T20:45:00,0.59505,0.59505,0.59505,0.59505,1
2026-03-10T20:46:00,0.59515,0.59515,0.59515,0.59515,1
2026-03-10T20:47:00,0.59515,0.59515,0.59515,0.59515,1
2026-03-10T20:48:00,0.59515,0.5952,0.59515,0.5952,6
2026-03-10T20:49:00,0.59515,0.59515,0.59515,0.59515,2
2026-03-10T20:50:00,0.5951,0.5951,0.5951,0.5951,4
2026-03-10T20:51:00,0.59505,0.59505,0.5949,0.5949,9
2026-03-10T20:55:00,0.59495,0.595,0.59495,0.595,10
2026-03-10T22:17:00,0.595,0.595,0.595,0.595,5
2026-03-10T22:26:00,0.5948,0.5948,0.5948,0.5948,2
2026-03-10T22:27:00,0.59475,0.59475,0.5947,0.5947,4
2026-03-10T22:28:00,0.5948,0.5948,0.5948,0.5948,2
2026-03-10T22:29:00,0.59475,0.59475,0.59475,0.59475,1
2026-03-10T22:32:00,0.59465,0.59465,0.59465,0.59465,3
2026-03-10T22:33:00,0.59465,0.59465,0.5945,0.5945,3
2026-03-10T22:34:00,0.59455,0.59455,0.59455,0.59455,1
2026-03-10T22:39:00,0.59465,0.59465,0.59465,0.59465,2
2026-03-10T22:41:00,0.59455,0.59455,0.59455,0.59455,7
2026-03-10T22:44:00,0.5945,0.5945,0.5944,0.5944,5
2026-03-10T22:45:00,0.59445,0.5945,0.59435,0.59435,9
2026-03-10T22:46:00,0.59435,0.59435,0.59425,0.59425,3
2026-03-10T22:47:00,0.59425,0.5943,0.59425,0.59425,10
2026-03-10T22:48:00,0.5943,0.5943,0.59425,0.59425,7
2026-03-10T22:49:00,0.59425,0.5943,0.59425,0.59425,12
2026-03-10T22:50:00,0.5943,0.5943,0.5943,0.5943,2
2026-03-10T22:51:00,0.5943,0.59435,0.59425,0.59425,16
2026-03-10T22:52:00,0.5943,0.5943,0.59425,0.59425,11
2026-03-10T22:53:00,0.59435,0.59435,0.5943,0.5943,2
2026-03-10T22:55:00,0.5943,0.59435,0.5943,0.5943,4
2026-03-10T22:56:00,0.5943,0.5943,0.5943,0.5943,1
2026-03-10T22:57:00,0.5943,0.5944,0.5943,0.5944,3
2026-03-10T22:59:00,0.5943,0.5943,0.5943,0.5943,6
2026-03-10T23:00:00,0.5944,0.59445,0.5944,0.59445,3
2026-03-10T23:01:00,0.5945,0.5945,0.5945,0.5945,2
2026-03-10T23:02:00,0.59435,0.59435,0.59435,0.59435,1
2026-03-10T23:03:00,0.5943,0.5943,0.5943,0.5943,1
2026-03-10T23:04:00,0.5943,0.5943,0.5943,0.5943,2
2026-03-10T23:08:00,0.59435,0.59435,0.59435,0.59435,1
2026-03-10T23:09:00,0.59435,0.59435,0.59435,0.59435,3
2026-03-10T23:14:00,0.59445,0.59445,0.59445,0.59445,1
2026-03-10T23:15:00,0.59445,0.59445,0.5944,0.5944,11
2026-03-10T23:16:00,0.5944,0.5944,0.5944,0.5944,3
2026-03-10T23:18:00,0.59435,0.59435,0.59435,0.59435,2
2026-03-10T23:20:00,0.5944,0.5944,0.5944,0.5944,6
2026-03-10T23:25:00,0.59445,0.59445,0.59445,0.59445,1
2026-03-10T23:26:00,0.59445,0.59445,0.59445,0.59445,1
2026-03-10T23:28:00,0.59435,0.59435,0.59435,0.59435,8
2026-03-10T23:29:00,0.59435,0.59435,0.59435,0.59435,2
2026-03-10T23:30:00,0.5944,0.5944,0.5944,0.5944,1
2026-03-10T23:31:00,0.59445,0.59445,0.59445,0.59445,1
2026-03-10T23:34:00,0.59445,0.59445,0.59445,0.59445,18
2026-03-10T23:35:00,0.5945,0.5945,0.59445,0.59445,4
2026-03-10T23:36:00,0.59445,0.59445,0.5944,0.5944,12
2026-03-10T23:38:00,0.5944,0.5944,0.5944,0.5944,2
2026-03-10T23:39:00,0.5944,0.5944,0.5944,0.5944,15
2026-03-10T23:40:00,0.5944,0.5944,0.5944,0.5944,6
2026-03-10T23:41:00,0.5944,0.5944,0.5944,0.5944,5
2026-03-10T23:43:00,0.59435,0.59435,0.59435,0.59435,2
2026-03-10T23:44:00,0.5943,0.5943,0.5943,0.5943,4
2026-03-10T23:45:00,0.59435,0.5944,0.59435,0.59435,7
2026-03-10T23:46:00,0.59445,0.59445,0.59445,0.59445,1
2026-03-10T23:47:00,0.59435,0.59435,0.59435,0.59435,1
2026-03-10T23:48:00,0.59435,0.59435,0.5943,0.5943,2
2026-03-10T23:49:00,0.5944,0.5944,0.5944,0.5944,2
2026-03-10T23:50:00,0.59445,0.59445,0.5944,0.5944,3
2026-03-10T23:52:00,0.5945,0.5945,0.59445,0.59445,2
2026-03-10T23:54:00,0.5944,0.5944,0.5944,0.5944,5
2026-03-10T23:55:00,0.59435,0.59435,0.59435,0.59435,3
2026-03-10T23:56:00,0.5943,0.5943,0.5943,0.5943,3
2026-03-10T23:57:00,0.5944,0.5944,0.5944,0.5944,2
2026-03-10T23:59:00,0.5945,0.5945,0.5945,0.5945,2
2026-03-11T00:00:00,0.59475,0.5948,0.59475,0.59475,3
2026-03-11T00:01:00,0.59465,0.59465,0.59465,0.59465,1
2026-03-11T00:02:00,0.59465,0.59465,0.5946,0.5946,3
2026-03-11T00:03:00,0.59455,0.59455,0.59445,0.59445,4
2026-03-11T00:04:00,0.59435,0.59435,0.59435,0.59435,2
2026-03-11T00:05:00,0.5944,0.5944,0.59435,0.59435,9
2026-03-11T00:06:00,0.5944,0.5945,0.5944,0.59445,18
2026-03-11T00:07:00,0.59445,0.59445,0.59435,0.59435,6
2026-03-11T00:08:00,0.59445,0.59445,0.59445,0.59445,1
2026-03-11T00:09:00,0.59465,0.59495,0.59465,0.5949,52
2026-03-11T00:10:00,0.59495,0.59495,0.59495,0.59495,1
2026-03-11T00:11:00,0.595,0.59505,0.59495,0.59505,6
2026-03-11T00:12:00,0.5951,0.5953,0.5951,0.5953,12
2026-03-11T00:13:00,0.5954,0.59545,0.5954,0.59545,2
2026-03-11T00:14:00,0.5955,0.5955,0.5955,0.5955,1
2026-03-11T00:15:00,0.5954,0.5954,0.5954,0.5954,2
2026-03-11T00:16:00,0.59545,0.59545,0.59545,0.59545,1
2026-03-11T00:17:00,0.59555,0.59555,0.5954,0.5954,3
2026-03-11T00:18:00,0.59535,0.5954,0.59535,0.5954,3
2026-03-11T00:19:00,0.5955,0.5955,0.5955,0.5955,2
2026-03-11T00:20:00,0.5955,0.5955,0.5955,0.5955,1
2026-03-11T00:21:00,0.5953,0.5953,0.5952,0.5952,11
2026-03-11T00:22:00,0.5952,0.5952,0.5952,0.5952,3
2026-03-11T00:24:00,0.59515,0.59525,0.59515,0.59525,6
2026-03-11T00:25:00,0.59525,0.59525,0.5952,0.59525,10
2026-03-11T00:26:00,0.59535,0.59535,0.5953,0.5953,8
2026-03-11T00:27:00,0.59535,0.59535,0.59535,0.59535,1
2026-03-11T00:29:00,0.5954,0.5954,0.5953,0.5953,3
2026-03-11T00:30:00,0.59535,0.59545,0.5953,0.5954,19
2026-03-11T00:31:00,0.59535,0.5954,0.5952,0.59525,53
2026-03-11T00:32:00,0.5952,0.5952,0.59515,0.59515,32
2026-03-11T00:33:00,0.5951,0.59515,0.59505,0.5951,18
2026-03-11T00:34:00,0.5951,0.59515,0.59505,0.5951,52
2026-03-11T00:35:00,0.595,0.595,0.59495,0.59495,11
2026-03-11T00:36:00,0.59495,0.59495,0.59495,0.59495,6
2026-03-11T00:37:00,0.595,0.595,0.595,0.595,4
2026-03-11T00:38:00,0.5949,0.5949,0.5948,0.5948,6
2026-03-11T00:39:00,0.5949,0.59495,0.5949,0.59495,4
2026-03-11T00:40:00,0.59495,0.59495,0.5949,0.5949,18
2026-03-11T00:41:00,0.595,0.595,0.595,0.595,2
2026-03-11T00:42:00,0.59505,0.59505,0.59505,0.59505,1
2026-03-11T00:43:00,0.59505,0.59505,0.59505,0.59505,4
2026-03-11T00:44:00,0.5951,0.5951,0.5951,0.5951,1
2026-03-11T00:47:00,0.59525,0.59525,0.59525,0.59525,1
2026-03-11T00:48:00,0.59515,0.59515,0.59515,0.59515,1
2026-03-11T00:50:00,0.59495,0.59495,0.59495,0.59495,1
2026-03-11T00:53:00,0.595,0.595,0.595,0.595,2
2026-03-11T00:54:00,0.5951,0.5951,0.5951,0.5951,1
2026-03-11T00:55:00,0.59505,0.59505,0.59505,0.59505,2
2026-03-11T00:58:00,0.5949,0.5949,0.59485,0.59485,16
2026-03-11T00:59:00,0.5949,0.5949,0.5949,0.5949,1
2026-03-11T01:00:00,0.5949,0.595,0.5949,0.59495,36
2026-03-11T01:01:00,0.5949,0.59495,0.5948,0.5948,6
2026-03-11T01:02:00,0.59485,0.59485,0.5948,0.5948,4
2026-03-11T01:03:00,0.59475,0.59475,0.59475,0.59475,3
2026-03-11T01:04:00,0.59465,0.5948,0.59465,0.5948,2
2026-03-11T01:05:00,0.59475,0.59475,0.59475,0.59475,1
2026-03-11T01:06:00,0.5948,0.59485,0.5948,0.59485,6
2026-03-11T01:07:00,0.5948,0.59495,0.5948,0.59495,13
2026-03-11T01:08:00,0.59505,0.59505,0.59495,0.59495,18
2026-03-11T01:09:00,0.5948,0.59485,0.5948,0.59485,3
2026-03-11T01:10:00,0.5949,0.59495,0.5949,0.5949,4
2026-03-11T01:11:00,0.59505,0.5951,0.59505,0.5951,3
2026-03-11T01:12:00,0.59505,0.59505,0.59505,0.59505,1
2026-03-11T01:13:00,0.59515,0.59515,0.59515,0.59515,2
2026-03-11T01:14:00,0.5951,0.59515,0.5951,0.5951,4
2026-03-11T01:15:00,0.5952,0.5952,0.59505,0.5951,7
2026-03-11T01:16:00,0.5954,0.5954,0.5954,0.5954,1
2026-03-11T01:17:00,0.59545,0.59555,0.59545,0.59555,3
2026-03-11T01:18:00,0.59545,0.59545,0.59545,0.59545,2
2026-03-11T01:19:00,0.5955,0.59555,0.5955,0.59555,2
2026-03-11T01:20:00,0.5955,0.5955,0.5955,0.5955,2
2026-03-11T01:21:00,0.5954,0.5954,0.5954,0.5954,2
2026-03-11T01:22:00,0.5955,0.59555,0.5955,0.59555,2
2026-03-11T01:24:00,0.5955,0.5955,0.5955,0.5955,3
2026-03-11T01:25:00,0.5954,0.5954,0.59535,0.5954,17
2026-03-11T01:26:00,0.59525,0.5953,0.59525,0.5953,13
2026-03-11T01:27:00,0.5954,0.5954,0.5954,0.5954,3
2026-03-11T01:28:00,0.59545,0.59555,0.59545,0.59555,5
2026-03-11T01:30:00,0.59555,0.59555,0.5955,0.5955,2
2026-03-11T01:31:00,0.5955,0.5955,0.5955,0.5955,2
2026-03-11T01:32:00,0.5956,0.5956,0.5955,0.5956,21
2026-03-11T01:33:00,0.5956,0.5956,0.5956,0.5956,2
2026-03-11T01:35:00,0.59555,0.59555,0.5955,0.5955,2
2026-03-11T01:36:00,0.5955,0.5955,0.59545,0.59545,3
2026-03-11T01:37:00,0.59545,0.59555,0.59545,0.59555,7
2026-03-11T01:38:00,0.5955,0.59555,0.59545,0.59545,12
2026-03-11T01:39:00,0.5954,0.5954,0.5953,0.5953,5
2026-03-11T01:40:00,0.5953,0.59535,0.5953,0.5953,5
2026-03-11T01:41:00,0.5953,0.59535,0.5953,0.5953,9
2026-03-11T01:42:00,0.59545,0.5955,0.59545,0.5955,3
2026-03-11T01:43:00,0.5955,0.5956,0.5955,0.59555,8
2026-03-11T01:44:00,0.5955,0.5955,0.59545,0.59545,5
2026-03-11T01:46:00,0.59545,0.59545,0.59545,0.59545,2
2026-03-11T01:47:00,0.5954,0.59545,0.5954,0.59545,12
2026-03-11T01:48:00,0.59545,0.5956,0.59545,0.5956,2
2026-03-11T01:49:00,0.59555,0.59555,0.5955,0.5955,4
2026-03-11T01:50:00,0.5955,0.59555,0.5955,0.59555,3
2026-03-11T01:51:00,0.5954,0.5954,0.59535,0.5954,3
2026-03-11T01:52:00,0.59535,0.5955,0.59535,0.5955,6
2026-03-11T01:54:00,0.59545,0.59555,0.59545,0.59555,3
2026-03-11T01:55:00,0.59555,0.59555,0.5955,0.5955,6
2026-03-11T01:56:00,0.5956,0.5956,0.59555,0.5956,3
2026-03-11T01:57:00,0.59555,0.59555,0.59555,0.59555,1
2026-03-11T01:58:00,0.5956,0.5956,0.59555,0.5956,5
2026-03-11T02:00:00,0.59565,0.5957,0.59565,0.59565,6
2026-03-11T02:01:00,0.59565,0.59565,0.59555,0.59555,9
2026-03-11T02:02:00,0.59545,0.59545,0.59545,0.59545,2
2026-03-11T02:03:00,0.5954,0.59545,0.5954,0.59545,11
2026-03-11T02:04:00,0.5954,0.5954,0.5954,0.5954,1
2026-03-11T02:05:00,0.59545,0.59545,0.59535,0.59535,5
2026-03-11T02:06:00,0.5954,0.59545,0.5954,0.59545,4
2026-03-11T02:07:00,0.5954,0.5954,0.5954,0.5954,3
2026-03-11T02:08:00,0.5954,0.59545,0.59535,0.59535,4
2026-03-11T02:09:00,0.59535,0.59535,0.5953,0.5953,5
2026-03-11T02:11:00,0.59515,0.5952,0.59505,0.59505,20
2026-03-11T02:12:00,0.59505,0.59505,0.595,0.59505,4
2026-03-11T02:13:00,0.59505,0.5951,0.595,0.5951,4
2026-03-11T02:14:00,0.5951,0.5951,0.59505,0.5951,4
2026-03-11T02:15:00,0.5953,0.5953,0.5953,0.5953,4
2026-03-11T02:16:00,0.5953,0.59535,0.5952,0.5952,19
2026-03-11T02:17:00,0.5952,0.59525,0.59515,0.59515,7
2026-03-11T02:19:00,0.59525,0.5953,0.5952,0.5952,5
2026-03-11T02:20:00,0.5953,0.5953,0.59525,0.59525,3
2026-03-11T02:21:00,0.5953,0.5953,0.5953,0.5953,1
2026-03-11T02:22:00,0.59535,0.59535,0.59525,0.59525,4
2026-03-11T02:23:00,0.59515,0.59515,0.59515,0.59515,2
2026-03-11T02:24:00,0.59505,0.59505,0.595,0.595,4
2026-03-11T02:25:00,0.59495,0.595,0.5949,0.595,4
2026-03-11T02:26:00,0.59495,0.59495,0.5949,0.5949,6
2026-03-11T02:27:00,0.59485,0.59495,0.59485,0.5949,13
2026-03-11T02:28:00,0.59495,0.595,0.59495,0.59495,5
2026-03-11T02:29:00,0.59495,0.59495,0.59495,0.59495,1
2026-03-11T02:30:00,0.5948,0.59485,0.5948,0.5948,9
2026-03-11T02:31:00,0.59485,0.59485,0.5947,0.59475,27
2026-03-11T02:32:00,0.5948,0.5948,0.59465,0.59465,3
2026-03-11T02:33:00,0.5947,0.5947,0.5947,0.5947,10
2026-03-11T02:35:00,0.59495,0.59495,0.5949,0.5949,2
2026-03-11T02:36:00,0.5949,0.5949,0.5948,0.5948,5
2026-03-11T02:37:00,0.59485,0.59485,0.5948,0.5948,2
2026-03-11T02:38:00,0.5948,0.5948,0.59475,0.59475,14
2026-03-11T02:39:00,0.5947,0.59475,0.5947,0.59475,4
2026-03-11T02:41:00,0.5947,0.5947,0.5947,0.5947,1
2026-03-11T02:42:00,0.5948,0.59485,0.5948,0.59485,4
2026-03-11T02:43:00,0.59485,0.59495,0.5948,0.59495,16
2026-03-11T02:44:00,0.595,0.595,0.59485,0.59485,7
2026-03-11T02:45:00,0.5949,0.5951,0.5949,0.5951,16
2026-03-11T02:46:00,0.5952,0.5956,0.5952,0.5956,36
2026-03-11T02:47:00,0.5958,0.5959,0.59575,0.5958,20
2026-03-11T02:48:00,0.5958,0.59595,0.5958,0.59595,4
2026-03-11T02:49:00,0.596,0.596,0.596,0.596,3
2026-03-11T02:50:00,0.59605,0.5962,0.59605,0.5962,3
2026-03-11T02:51:00,0.59625,0.59625,0.59625,0.59625,1
2026-03-11T02:52:00,0.5963,0.5963,0.5962,0.5962,2
2026-03-11T02:53:00,0.596,0.596,0.5959,0.5959,30
2026-03-11T02:54:00,0.5959,0.5959,0.5959,0.5959,2
2026-03-11T02:55:00,0.59585,0.5959,0.5958,0.59585,8
2026-03-11T02:56:00,0.5958,0.5958,0.5957,0.5957,4
2026-03-11T02:57:00,0.5957,0.5957,0.59555,0.59555,6
2026-03-11T02:58:00,0.5956,0.5956,0.5956,0.5956,3
2026-03-11T02:59:00,0.5956,0.5956,0.5956,0.5956,2
2026-03-11T03:00:00,0.5956,0.5956,0.5955,0.59555,6
2026-03-11T03:01:00,0.59565,0.59575,0.59565,0.59575,6
2026-03-11T03:02:00,0.5958,0.59585,0.5958,0.59585,3
2026-03-11T03:03:00,0.5958,0.5958,0.59575,0.59575,8
2026-03-11T03:04:00,0.59585,0.59585,0.59575,0.59575,5
2026-03-11T03:05:00,0.5958,0.5959,0.5958,0.5959,2
2026-03-11T03:06:00,0.5959,0.5959,0.59575,0.59575,3
2026-03-11T03:07:00,0.5958,0.5958,0.5958,0.5958,2
2026-03-11T03:08:00,0.59565,0.59565,0.59565,0.59565,1
2026-03-11T03:09:00,0.59565,0.59565,0.5956,0.5956,8
2026-03-11T03:10:00,0.59565,0.59565,0.59565,0.59565,2
2026-03-11T03:11:00,0.59565,0.59565,0.5956,0.5956,8
2026-03-11T03:12:00,0.59565,0.5957,0.59565,0.5957,21
2026-03-11T03:13:00,0.59565,0.59565,0.59565,0.59565,1
2026-03-11T03:14:00,0.5957,0.5957,0.59565,0.59565,3
2026-03-11T03:15:00,0.59565,0.59565,0.59555,0.59555,6
2026-03-11T03:16:00,0.59565,0.59565,0.5956,0.5956,7
2026-03-11T03:17:00,0.59565,0.59565,0.59565,0.59565,2
2026-03-11T03:18:00,0.59565,0.59565,0.59565,0.59565,1
2026-03-11T03:19:00,0.59565,0.5957,0.59565,0.5957,18
2026-03-11T03:20:00,0.5957,0.5957,0.5956,0.5956,7
2026-03-11T03:21:00,0.59555,0.5956,0.59555,0.5956,14
2026-03-11T03:22:00,0.5956,0.5956,0.59555,0.59555,3
2026-03-11T03:23:00,0.5956,0.59565,0.59555,0.59565,9
2026-03-11T03:24:00,0.5956,0.5956,0.5956,0.5956,1
2026-03-11T03:25:00,0.5956,0.5956,0.5955,0.5955,35
2026-03-11T03:26:00,0.5955,0.59555,0.5955,0.59555,13
2026-03-11T03:27:00,0.59555,0.59555,0.59555,0.59555,7
2026-03-11T03:28:00,0.59555,0.5956,0.59555,0.5956,6
2026-03-11T03:29:00,0.59555,0.59555,0.59555,0.59555,2
2026-03-11T03:30:00,0.5956,0.5957,0.5956,0.5957,12
2026-03-11T03:31:00,0.5959,0.5959,0.5959,0.5959,1
2026-03-11T03:32:00,0.5959,0.59595,0.5959,0.59595,3
2026-03-11T03:33:00,0.59595,0.59595,0.59595,0.59595,1
2026-03-11T03:35:00,0.59595,0.5961,0.59595,0.5961,6
2026-03-11T03:36:00,0.59605,0.5961,0.59605,0.5961,2
2026-03-11T03:37:00,0.59615,0.5962,0.59615,0.5962,6
2026-03-11T03:38:00,0.5961,0.5961,0.5961,0.5961,6
2026-03-11T03:39:00,0.5961,0.5961,0.59605,0.5961,5
2026-03-11T03:40:00,0.59605,0.59605,0.596,0.596,10
2026-03-11T03:41:00,0.59605,0.59605,0.59605,0.59605,2
2026-03-11T03:42:00,0.5961,0.5961,0.5961,0.5961,2
2026-03-11T03:43:00,0.5962,0.5962,0.5962,0.5962,1
2026-03-11T03:44:00,0.59625,0.59625,0.59625,0.59625,1
2026-03-11T03:45:00,0.59625,0.5963,0.59625,0.59625,7
2026-03-11T03:46:00,0.5963,0.5963,0.5963,0.5963,12
2026-03-11T03:47:00,0.5963,0.5963,0.5963,0.5963,1
2026-03-11T03:48:00,0.59625,0.59625,0.59625,0.59625,3
2026-03-11T03:49:00,0.59615,0.59615,0.5961,0.5961,2
2026-03-11T03:50:00,0.59615,0.59615,0.59615,0.59615,3
2026-03-11T03:51:00,0.5961,0.5961,0.5961,0.5961,4
2026-03-11T03:52:00,0.59605,0.59605,0.59605,0.59605,1
2026-03-11T03:53:00,0.59605,0.59605,0.596,0.596,2
2026-03-11T03:54:00,0.5961,0.5961,0.5961,0.5961,2
2026-03-11T03:55:00,0.5961,0.5961,0.5961,0.5961,2
2026-03-11T03:56:00,0.5962,0.59625,0.5962,0.59625,10
2026-03-11T03:57:00,0.59635,0.59635,0.59635,0.59635,1
2026-03-11T03:58:00,0.5964,0.59645,0.5964,0.59645,14
2026-03-11T04:01:00,0.5963,0.59635,0.5963,0.59635,3
2026-03-11T04:02:00,0.59625,0.59625,0.59625,0.59625,2
2026-03-11T04:05:00,0.59645,0.59645,0.59645,0.59645,1
2026-03-11T04:07:00,0.5963,0.5963,0.5963,0.5963,1
2026-03-11T04:09:00,0.5963,0.5963,0.5963,0.5963,3
2026-03-11T04:14:00,0.59655,0.5966,0.59655,0.5966,7
2026-03-11T04:15:00,0.59645,0.59645,0.59645,0.59645,1
2026-03-11T04:16:00,0.59645,0.59645,0.59645,0.59645,4
2026-03-11T04:17:00,0.59635,0.59635,0.5963,0.5963,2
2026-03-11T04:19:00,0.5965,0.5965,0.59645,0.59645,3
2026-03-11T04:20:00,0.5965,0.59655,0.5965,0.59655,4
2026-03-11T04:22:00,0.59645,0.59645,0.59645,0.59645,2
2026-03-11T04:23:00,0.59655,0.59655,0.59655,0.59655,1
2026-03-11T04:24:00,0.5966,0.5966,0.5966,0.5966,1
2026-03-11T04:25:00,0.59665,0.59665,0.59665,0.59665,2
2026-03-11T04:26:00,0.59665,0.59665,0.59665,0.59665,1
2026-03-11T04:27:00,0.5967,0.5967,0.59665,0.59665,3
2026-03-11T04:29:00,0.5967,0.5967,0.5967,0.5967,4
2026-03-11T04:30:00,0.5967,0.5967,0.5966,0.5966,19
2026-03-11T04:31:00,0.59655,0.59655,0.59655,0.59655,7
2026-03-11T04:32:00,0.5965,0.5965,0.5965,0.5965,4
2026-03-11T04:33:00,0.59655,0.5966,0.59655,0.5966,12
2026-03-11T04:34:00,0.5967,0.5967,0.5967,0.5967,4
2026-03-11T04:35:00,0.5967,0.5967,0.5967,0.5967,1
2026-03-11T04:36:00,0.5968,0.59685,0.5968,0.59685,18
2026-03-11T04:37:00,0.59675,0.59675,0.59675,0.59675,2
2026-03-11T04:38:00,0.59665,0.59665,0.59665,0.59665,2
2026-03-11T04:40:00,0.5967,0.5967,0.5967,0.5967,2
2026-03-11T04:41:00,0.59675,0.59675,0.59675,0.59675,1
2026-03-11T04:42:00,0.5968,0.5968,0.59675,0.59675,4
2026-03-11T04:44:00,0.59665,0.59665,0.59665,0.59665,2
2026-03-11T04:45:00,0.5967,0.5967,0.5967,0.5967,2
2026-03-11T04:46:00,0.5967,0.5967,0.59665,0.59665,2
2026-03-11T04:47:00,0.5967,0.5968,0.5967,0.5968,3
2026-03-11T04:48:00,0.59665,0.59665,0.59665,0.59665,2
2026-03-11T04:50:00,0.59685,0.5969,0.59685,0.59685,31
2026-03-11T04:51:00,0.5968,0.5968,0.59665,0.59665,4
2026-03-11T04:52:00,0.5967,0.59675,0.5967,0.5967,10
2026-03-11T04:53:00,0.59665,0.59665,0.59665,0.59665,2
2026-03-11T04:54:00,0.5966,0.5966,0.5966,0.5966,2
2026-03-11T04:55:00,0.59665,0.5967,0.59665,0.5967,2
2026-03-11T04:56:00,0.5967,0.5967,0.5966,0.5966,4
2026-03-11T04:57:00,0.5967,0.5967,0.5967,0.5967,1
2026-03-11T04:59:00,0.59675,0.59675,0.59675,0.59675,6
2026-03-11T05:00:00,0.5968,0.5968,0.5968,0.5968,14
2026-03-11T05:01:00,0.5968,0.59685,0.5968,0.59685,8
2026-03-11T05:02:00,0.59685,0.59685,0.5968,0.5968,16
2026-03-11T05:03:00,0.5968,0.59685,0.59675,0.59675,22
2026-03-11T05:04:00,0.5967,0.5967,0.5967,0.5967,7
2026-03-11T05:05:00,0.5968,0.59685,0.5968,0.59685,13
2026-03-11T05:08:00,0.59685,0.59685,0.59685,0.59685,2
2026-03-11T05:09:00,0.59685,0.59685,0.59685,0.59685,1
2026-03-11T05:10:00,0.59675,0.59675,0.59675,0.59675,3
2026-03-11T05:11:00,0.5967,0.5967,0.5967,0.5967,3
2026-03-11T05:13:00,0.59665,0.59665,0.59665,0.59665,1
2026-03-11T05:14:00,0.5967,0.5967,0.5967,0.5967,3
2026-03-11T05:16:00,0.5967,0.5967,0.5967,0.5967,11
2026-03-11T05:21:00,0.59655,0.59655,0.59655,0.59655,1
2026-03-11T05:22:00,0.5965,0.5965,0.5965,0.5965,1
2026-03-11T05:25:00,0.59645,0.5965,0.59645,0.5965,4
2026-03-11T05:26:00,0.5965,0.5965,0.5965,0.5965,1
2026-03-11T05:27:00,0.5965,0.5965,0.59645,0.59645,3
2026-03-11T05:28:00,0.5965,0.5965,0.5965,0.5965,1
2026-03-11T05:30:00,0.59645,0.5965,0.59645,0.5965,15
2026-03-11T05:31:00,0.5965,0.5965,0.5965,0.5965,1
2026-03-11T05:32:00,0.5965,0.59655,0.5965,0.59655,2
2026-03-11T05:34:00,0.5965,0.59655,0.5965,0.59655,3
2026-03-11T05:35:00,0.5965,0.59655,0.5965,0.59655,6
2026-03-11T05:37:00,0.59655,0.5966,0.59655,0.5966,5
2026-03-11T05:38:00,0.5966,0.5966,0.5966,0.5966,1
2026-03-11T05:39:00,0.5965,0.5965,0.5965,0.5965,3
2026-03-11T05:40:00,0.59655,0.5966,0.59655,0.5966,14
2026-03-11T05:41:00,0.5966,0.59665,0.5966,0.59665,4
2026-03-11T05:43:00,0.5966,0.5966,0.5966,0.5966,1
2026-03-11T05:46:00,0.5963,0.59635,0.5962,0.59635,6
2026-03-11T05:47:00,0.59635,0.59635,0.59635,0.59635,1
2026-03-11T05:48:00,0.5963,0.5963,0.5963,0.5963,1
2026-03-11T05:49:00,0.59635,0.59635,0.59635,0.59635,1
2026-03-11T05:52:00,0.5964,0.5964,0.5964,0.5964,1
2026-03-11T05:53:00,0.59635,0.59635,0.59635,0.59635,1
2026-03-11T05:55:00,0.5965,0.5965,0.5965,0.5965,1
2026-03-11T05:56:00,0.59645,0.59645,0.59645,0.59645,1
2026-03-11T05:57:00,0.59645,0.5965,0.59645,0.5965,11
2026-03-11T05:58:00,0.5965,0.5965,0.5965,0.5965,1
2026-03-11T06:00:00,0.59645,0.59645,0.5964,0.59645,3
2026-03-11T06:01:00,0.59655,0.59655,0.59655,0.59655,1
2026-03-11T06:02:00,0.59645,0.5965,0.59645,0.5965,10
2026-03-11T06:03:00,0.59645,0.5965,0.59635,0.5964,26
2026-03-11T06:04:00,0.59645,0.5965,0.5964,0.5964,16
2026-03-11T06:05:00,0.5964,0.59645,0.5964,0.59645,4
2026-03-11T06:06:00,0.59645,0.59645,0.59645,0.59645,7
2026-03-11T06:07:00,0.5965,0.59655,0.5965,0.5965,4
2026-03-11T06:09:00,0.5965,0.5965,0.5965,0.5965,1
2026-03-11T06:11:00,0.5965,0.5965,0.59645,0.59645,3
2026-03-11T06:12:00,0.5964,0.59645,0.5964,0.59645,5
2026-03-11T06:13:00,0.59655,0.59655,0.5965,0.59655,5
2026-03-11T06:14:00,0.5966,0.59675,0.59655,0.5967,17
2026-03-11T06:15:00,0.5967,0.5967,0.59665,0.5967,17
2026-03-11T06:16:00,0.59675,0.5968,0.5967,0.5967,33
2026-03-11T06:17:00,0.59675,0.5968,0.5966,0.5966,52
2026-03-11T06:18:00,0.59655,0.59655,0.59645,0.59645,6
2026-03-11T06:19:00,0.59645,0.5965,0.59645,0.59645,4
2026-03-11T06:20:00,0.59645,0.59655,0.59645,0.59645,4
2026-03-11T06:21:00,0.5965,0.5965,0.5965,0.5965,2
2026-03-11T06:22:00,0.59655,0.59655,0.5965,0.5965,10
2026-03-11T06:25:00,0.5963,0.5963,0.5963,0.5963,1
2026-03-11T06:26:00,0.59635,0.5964,0.59635,0.5964,6
2026-03-11T06:27:00,0.59635,0.59635,0.5963,0.5963,12
2026-03-11T06:28:00,0.59635,0.5964,0.59635,0.59635,27
2026-03-11T06:29:00,0.59635,0.5964,0.59635,0.5964,7
2026-03-11T06:30:00,0.59645,0.59645,0.59635,0.59635,17
2026-03-11T06:31:00,0.59635,0.59635,0.59635,0.59635,4
2026-03-11T06:32:00,0.59635,0.5964,0.59635,0.5964,2
2026-03-11T06:33:00,0.59645,0.59645,0.59645,0.59645,1
2026-03-11T06:34:00,0.5965,0.5965,0.5965,0.5965,13
2026-03-11T06:35:00,0.5965,0.59665,0.5965,0.59665,11
2026-03-11T06:37:00,0.59665,0.59665,0.5966,0.5966,12
2026-03-11T06:38:00,0.59655,0.5966,0.59655,0.5966,11
2026-03-11T06:39:00,0.5967,0.59675,0.5967,0.5967,19
2026-03-11T06:40:00,0.5967,0.5967,0.59665,0.59665,3
2026-03-11T06:42:00,0.59665,0.59665,0.59665,0.59665,2
2026-03-11T06:44:00,0.59655,0.59655,0.5965,0.59655,11
2026-03-11T06:45:00,0.59655,0.59655,0.5965,0.5965,5
2026-03-11T06:46:00,0.5965,0.5965,0.5965,0.5965,8
2026-03-11T06:47:00,0.59645,0.59645,0.59635,0.59635,13
2026-03-11T06:48:00,0.59635,0.59635,0.59605,0.59605,20
2026-03-11T06:49:00,0.5961,0.5961,0.5961,0.5961,9
2026-03-11T06:50:00,0.59615,0.59625,0.59615,0.59625,22
2026-03-11T06:51:00,0.5964,0.5964,0.5964,0.5964,5
2026-03-11T06:52:00,0.59635,0.59635,0.59635,0.59635,1
2026-03-11T06:53:00,0.5964,0.59645,0.5964,0.59645,2
2026-03-11T06:54:00,0.59635,0.59635,0.59635,0.59635,1
2026-03-11T06:55:00,0.5964,0.5964,0.5964,0.5964,1
2026-03-11T06:57:00,0.59655,0.59655,0.59655,0.59655,4
2026-03-11T06:58:00,0.59655,0.59655,0.59655,0.59655,1
2026-03-11T06:59:00,0.59655,0.59655,0.59655,0.59655,4
2026-03-11T07:00:00,0.59655,0.5966,0.5965,0.5966,13
2026-03-11T07:01:00,0.59665,0.59665,0.59665,0.59665,9
2026-03-11T07:02:00,0.59655,0.59655,0.5963,0.5963,15
2026-03-11T07:03:00,0.59625,0.5965,0.59625,0.5965,27
2026-03-11T07:04:00,0.59645,0.59645,0.5964,0.5964,11
2026-03-11T07:05:00,0.59625,0.59625,0.5962,0.5962,12
2026-03-11T07:06:00,0.5961,0.59635,0.5961,0.59635,8
2026-03-11T07:07:00,0.5964,0.59645,0.5964,0.59645,24
2026-03-11T07:08:00,0.5964,0.5965,0.5964,0.5965,15
2026-03-11T07:09:00,0.5965,0.5965,0.5963,0.5964,28
2026-03-11T07:10:00,0.5964,0.5965,0.5964,0.5965,3
2026-03-11T07:11:00,0.5967,0.5967,0.5966,0.59665,13
2026-03-11T07:12:00,0.59655,0.59655,0.5965,0.5965,12
2026-03-11T07:13:00,0.59645,0.59645,0.5964,0.59645,15
2026-03-11T07:14:00,0.5964,0.59645,0.5963,0.5963,8
2026-03-11T07:15:00,0.59635,0.5966,0.5963,0.5964,53
2026-03-11T07:16:00,0.5964,0.59645,0.5964,0.59645,9
2026-03-11T07:17:00,0.59635,0.59635,0.5962,0.59625,22
2026-03-11T07:18:00,0.59615,0.59615,0.5961,0.5961,10
2026-03-11T07:19:00,0.5961,0.5961,0.59605,0.59605,3
2026-03-11T07:20:00,0.59595,0.59595,0.59595,0.59595,13
2026-03-11T07:21:00,0.59595,0.59595,0.59585,0.59585,3
2026-03-11T07:22:00,0.59595,0.59595,0.59585,0.59595,33
2026-03-11T07:23:00,0.59595,0.59605,0.5959,0.5959,8
2026-03-11T07:24:00,0.59575,0.5958,0.59575,0.59575,3
2026-03-11T07:25:00,0.5958,0.5958,0.5958,0.5958,7
2026-03-11T07:26:00,0.5958,0.5958,0.59575,0.59575,20
2026-03-11T07:27:00,0.59585,0.59585,0.59575,0.59575,7
2026-03-11T07:28:00,0.59575,0.5958,0.5957,0.5958,10
2026-03-11T07:29:00,0.59585,0.59585,0.59585,0.59585,3
2026-03-11T07:30:00,0.5959,0.59595,0.59575,0.5958,34
2026-03-11T07:31:00,0.5957,0.5958,0.5957,0.5958,2
2026-03-11T07:32:00,0.59565,0.59565,0.5955,0.5955,28
2026-03-11T07:33:00,0.5955,0.5955,0.5954,0.5954,16
2026-03-11T07:34:00,0.5954,0.5954,0.59535,0.59535,4
2026-03-11T07:35:00,0.59525,0.5954,0.59525,0.5954,13
2026-03-11T07:36:00,0.5956,0.5956,0.59555,0.59555,11
2026-03-11T07:37:00,0.5954,0.59545,0.5953,0.5953,3
2026-03-11T07:38:00,0.59525,0.59525,0.59505,0.59505,9
2026-03-11T07:39:00,0.59505,0.59505,0.595,0.595,4
2026-03-11T07:40:00,0.59505,0.59505,0.59505,0.59505,5
2026-03-11T07:41:00,0.5951,0.59515,0.5951,0.5951,11
2026-03-11T07:42:00,0.5952,0.5952,0.59515,0.59515,13
2026-03-11T07:43:00,0.59515,0.59515,0.5951,0.5951,7
2026-03-11T07:45:00,0.5951,0.59515,0.5951,0.59515,3
2026-03-11T07:46:00,0.5951,0.5952,0.5951,0.5952,2
2026-03-11T07:47:00,0.59525,0.59525,0.5952,0.5952,10
2026-03-11T07:48:00,0.59525,0.59525,0.59525,0.59525,1
2026-03-11T07:49:00,0.5953,0.59535,0.5953,0.5953,7
2026-03-11T07:50:00,0.5954,0.5954,0.5954,0.5954,2
2026-03-11T07:51:00,0.59555,0.5956,0.59555,0.5956,4
2026-03-11T07:52:00,0.59555,0.59555,0.59555,0.59555,6
2026-03-11T07:53:00,0.5956,0.5956,0.5955,0.5955,3
2026-03-11T07:54:00,0.5955,0.5955,0.59535,0.5954,9
2026-03-11T07:55:00,0.5954,0.5954,0.59535,0.59535,3
2026-03-11T07:57:00,0.59525,0.5953,0.59525,0.59525,4
2026-03-11T07:58:00,0.5953,0.59535,0.5953,0.59535,10
2026-03-11T08:00:00,0.59545,0.59545,0.5953,0.5953,7
2026-03-11T08:01:00,0.59535,0.5955,0.59535,0.59545,7
2026-03-11T08:02:00,0.5955,0.5955,0.5954,0.5955,12
2026-03-11T08:04:00,0.5954,0.5955,0.59535,0.5955,10
2026-03-11T08:05:00,0.59545,0.59545,0.59545,0.59545,1
2026-03-11T08:06:00,0.59535,0.59535,0.59535,0.59535,2
2026-03-11T08:07:00,0.59535,0.59535,0.59525,0.5953,7
2026-03-11T08:08:00,0.5952,0.59525,0.5952,0.59525,4
2026-03-11T08:10:00,0.59555,0.5956,0.59555,0.59555,11
2026-03-11T08:11:00,0.59565,0.59565,0.5956,0.5956,9
2026-03-11T08:12:00,0.59575,0.5958,0.59575,0.5958,4
2026-03-11T08:13:00,0.5958,0.59585,0.5958,0.59585,3
2026-03-11T08:14:00,0.5958,0.5958,0.5958,0.5958,4
2026-03-11T08:15:00,0.59585,0.5959,0.5958,0.5959,24
2026-03-11T08:16:00,0.5959,0.5959,0.59585,0.5959,6
2026-03-11T08:17:00,0.59595,0.59595,0.59595,0.59595,7
2026-03-11T08:20:00,0.59555,0.59555,0.59535,0.59535,4
2026-03-11T08:21:00,0.5953,0.59545,0.5953,0.59545,2
2026-03-11T08:22:00,0.5955,0.59575,0.5955,0.5957,19
2026-03-11T08:24:00,0.5956,0.5956,0.5956,0.5956,4
2026-03-11T08:25:00,0.59545,0.59545,0.59535,0.59535,3
2026-03-11T08:26:00,0.5953,0.59535,0.5952,0.5952,5
2026-03-11T08:27:00,0.5952,0.5952,0.59505,0.59505,8
2026-03-11T08:28:00,0.59515,0.5953,0.59515,0.59525,5
2026-03-11T08:29:00,0.59535,0.59535,0.59535,0.59535,1
2026-03-11T08:30:00,0.5953,0.59535,0.59515,0.59515,13
2026-03-11T08:31:00,0.59515,0.59515,0.59505,0.59505,3
2026-03-11T08:32:00,0.59495,0.59505,0.59495,0.59505,4
2026-03-11T08:33:00,0.59505,0.5952,0.59505,0.5952,7
2026-03-11T08:34:00,0.59515,0.59515,0.59515,0.59515,1
2026-03-11T08:35:00,0.595,0.59505,0.59485,0.59495,10
2026-03-11T08:36:00,0.595,0.595,0.59495,0.59495,6
2026-03-11T08:37:00,0.5949,0.5949,0.59485,0.59485,4
2026-03-11T08:38:00,0.59475,0.59475,0.5947,0.5947,6
2026-03-11T08:39:00,0.59455,0.59455,0.59455,0.59455,1
2026-03-11T08:40:00,0.59465,0.59465,0.59465,0.59465,2
2026-03-11T08:41:00,0.5947,0.5947,0.5947,0.5947,1
2026-03-11T08:42:00,0.59475,0.59475,0.59455,0.59455,9
2026-03-11T08:43:00,0.59465,0.59465,0.59465,0.59465,1
2026-03-11T08:44:00,0.59465,0.59465,0.59465,0.59465,1
2026-03-11T08:45:00,0.5945,0.5946,0.5945,0.5946,6
2026-03-11T08:46:00,0.59465,0.59465,0.59465,0.59465,1
2026-03-11T08:47:00,0.59465,0.5947,0.59455,0.59455,8
2026-03-11T08:48:00,0.5945,0.5945,0.5945,0.5945,3
2026-03-11T08:49:00,0.59445,0.59445,0.59445,0.59445,1
2026-03-11T08:50:00,0.59445,0.59455,0.59445,0.59455,2
2026-03-11T08:51:00,0.5945,0.5945,0.5945,0.5945,2
2026-03-11T08:52:00,0.59455,0.59455,0.59445,0.59445,8
2026-03-11T08:54:00,0.59435,0.59435,0.5943,0.59435,6
2026-03-11T08:55:00,0.59445,0.5946,0.59445,0.5946,6
2026-03-11T08:56:00,0.5946,0.5946,0.5946,0.5946,5
2026-03-11T08:57:00,0.59445,0.59485,0.59445,0.59485,32
2026-03-11T08:58:00,0.59475,0.5949,0.5947,0.59475,8
2026-03-11T08:59:00,0.5949,0.5949,0.5948,0.5948,2
2026-03-11T09:00:00,0.59485,0.59485,0.5945,0.5945,6
2026-03-11T09:01:00,0.59455,0.59455,0.59435,0.59435,4
2026-03-11T09:02:00,0.59435,0.59445,0.59435,0.59445,7
2026-03-11T09:03:00,0.59435,0.59435,0.59425,0.59425,3
2026-03-11T09:04:00,0.5941,0.59415,0.59405,0.59415,5
2026-03-11T09:05:00,0.5942,0.59425,0.5942,0.59425,2
2026-03-11T09:06:00,0.59435,0.59435,0.5942,0.5942,12
2026-03-11T09:07:00,0.5942,0.5943,0.5942,0.5943,2
2026-03-11T09:08:00,0.59435,0.59435,0.5943,0.5943,4
2026-03-11T09:09:00,0.5944,0.59465,0.5944,0.59465,3
2026-03-11T09:10:00,0.5946,0.5946,0.5945,0.5946,12
2026-03-11T09:11:00,0.5946,0.5946,0.5945,0.5945,4
2026-03-11T09:12:00,0.5946,0.59465,0.59455,0.59465,10
2026-03-11T09:13:00,0.59465,0.5947,0.59465,0.5947,8
2026-03-11T09:14:00,0.59465,0.59475,0.5945,0.5945,6
2026-03-11T09:15:00,0.59455,0.59455,0.59455,0.59455,5
2026-03-11T09:16:00,0.59435,0.59435,0.5943,0.59435,3
2026-03-11T09:17:00,0.59435,0.5945,0.59435,0.5945,7
2026-03-11T09:18:00,0.5945,0.5945,0.59435,0.59435,5
2026-03-11T09:19:00,0.5943,0.59435,0.5943,0.5943,8
2026-03-11T09:20:00,0.59435,0.5944,0.59435,0.5944,11
2026-03-11T09:21:00,0.59435,0.59435,0.5943,0.5943,3
2026-03-11T09:22:00,0.59425,0.59425,0.5942,0.5942,3
2026-03-11T09:23:00,0.59425,0.5943,0.5942,0.5943,15
2026-03-11T09:24:00,0.5943,0.59445,0.5943,0.59445,16
2026-03-11T09:25:00,0.5944,0.59445,0.5943,0.5943,8
2026-03-11T09:26:00,0.59425,0.5943,0.59425,0.59425,3
2026-03-11T09:27:00,0.59425,0.59425,0.59415,0.59415,10
2026-03-11T09:28:00,0.5942,0.5942,0.5941,0.5941,12
2026-03-11T09:29:00,0.5941,0.59415,0.59405,0.5941,20
2026-03-11T09:30:00,0.5941,0.59415,0.5941,0.59415,8
2026-03-11T09:31:00,0.5943,0.5943,0.5943,0.5943,10
2026-03-11T09:32:00,0.59435,0.59445,0.5943,0.59445,5
2026-03-11T09:33:00,0.5945,0.5945,0.5945,0.5945,5
2026-03-11T09:34:00,0.5946,0.5946,0.5946,0.5946,4
2026-03-11T09:35:00,0.59455,0.59455,0.5945,0.5945,3
2026-03-11T09:36:00,0.59445,0.5945,0.59445,0.5945,2
2026-03-11T09:37:00,0.5944,0.5944,0.59425,0.59425,10
2026-03-11T09:38:00,0.5944,0.5944,0.5944,0.5944,1
2026-03-11T09:39:00,0.59445,0.59445,0.5944,0.5944,3
2026-03-11T09:40:00,0.5944,0.5944,0.5944,0.5944,5
2026-03-11T09:41:00,0.5944,0.5944,0.59435,0.59435,5
2026-03-11T09:42:00,0.59435,0.59435,0.59435,0.59435,5
2026-03-11T09:43:00,0.59415,0.5942,0.59415,0.59415,5
2026-03-11T09:44:00,0.5941,0.59425,0.5941,0.59425,2
2026-03-11T09:45:00,0.5943,0.5943,0.59425,0.59425,7
2026-03-11T09:46:00,0.59435,0.5944,0.59425,0.59425,7
2026-03-11T09:47:00,0.5943,0.59445,0.5943,0.59445,11
2026-03-11T09:48:00,0.5944,0.5944,0.5944,0.5944,3
2026-03-11T09:49:00,0.5944,0.59445,0.5943,0.5943,9
2026-03-11T09:50:00,0.59425,0.59425,0.59415,0.59415,3
2026-03-11T09:51:00,0.59415,0.59415,0.5941,0.5941,4
2026-03-11T09:52:00,0.5941,0.5941,0.5941,0.5941,10
2026-03-11T09:53:00,0.59415,0.5942,0.59415,0.5942,3
2026-03-11T09:54:00,0.5941,0.5941,0.59405,0.5941,15
2026-03-11T09:55:00,0.59405,0.59415,0.59405,0.59415,6
2026-03-11T09:56:00,0.5941,0.5941,0.59385,0.59385,7
2026-03-11T09:57:00,0.59395,0.59395,0.59395,0.59395,4
2026-03-11T09:58:00,0.594,0.5941,0.594,0.5941,3
2026-03-11T09:59:00,0.594,0.594,0.594,0.594,7
2026-03-11T10:00:00,0.59405,0.59405,0.594,0.594,5
2026-03-11T10:01:00,0.5941,0.5941,0.5941,0.5941,1
2026-03-11T10:02:00,0.59415,0.59415,0.59415,0.59415,7
2026-03-11T10:03:00,0.59415,0.59415,0.59415,0.59415,1
2026-03-11T10:04:00,0.5943,0.5943,0.5943,0.5943,1
2026-03-11T10:05:00,0.59445,0.5945,0.59445,0.59445,8
2026-03-11T10:06:00,0.59455,0.59455,0.59445,0.59445,3
2026-03-11T10:07:00,0.59445,0.5945,0.59445,0.5945,10
2026-03-11T10:08:00,0.5944,0.5944,0.5944,0.5944,2
2026-03-11T10:09:00,0.59455,0.59455,0.59455,0.59455,2
2026-03-11T10:10:00,0.59445,0.59445,0.59445,0.59445,1
2026-03-11T10:11:00,0.59445,0.5945,0.5944,0.5945,10
2026-03-11T10:12:00,0.59445,0.59445,0.5944,0.5944,6
2026-03-11T10:13:00,0.59435,0.5944,0.59435,0.5944,3
2026-03-11T10:14:00,0.5945,0.59465,0.5945,0.59465,6
2026-03-11T10:15:00,0.59475,0.59475,0.59475,0.59475,1
2026-03-11T10:16:00,0.5947,0.5948,0.59465,0.59465,20
2026-03-11T10:17:00,0.59465,0.5947,0.59465,0.5947,7
2026-03-11T10:18:00,0.5948,0.5948,0.59475,0.59475,2
2026-03-11T10:21:00,0.5946,0.5946,0.5946,0.5946,3
2026-03-11T10:22:00,0.59465,0.59475,0.59465,0.59475,5
2026-03-11T10:24:00,0.5947,0.59475,0.5947,0.59475,3
2026-03-11T10:25:00,0.5947,0.59485,0.5947,0.59485,4
2026-03-11T10:27:00,0.59475,0.59475,0.59475,0.59475,5
2026-03-11T10:28:00,0.5948,0.59485,0.5948,0.59485,3
2026-03-11T10:29:00,0.5949,0.5949,0.59475,0.59475,6
2026-03-11T10:30:00,0.59475,0.59475,0.5947,0.5947,7
2026-03-11T10:31:00,0.5947,0.5948,0.5947,0.5948,4
2026-03-11T10:32:00,0.5948,0.59485,0.5948,0.5948,4
2026-03-11T10:34:00,0.5948,0.59485,0.5948,0.59485,4
2026-03-11T10:35:00,0.5949,0.5949,0.5948,0.5948,6
2026-03-11T10:36:00,0.5949,0.59495,0.5949,0.59495,4
2026-03-11T10:37:00,0.5949,0.595,0.5949,0.595,6
2026-03-11T10:38:00,0.595,0.595,0.595,0.595,6
2026-03-11T10:39:00,0.595,0.59505,0.595,0.59505,3
2026-03-11T10:40:00,0.59495,0.59515,0.59495,0.59515,4
2026-03-11T10:41:00,0.59515,0.5952,0.5951,0.5952,12
2026-03-11T10:42:00,0.59515,0.59515,0.5951,0.5951,3
2026-03-11T10:43:00,0.59515,0.59525,0.59515,0.59525,3
2026-03-11T10:45:00,0.5951,0.59515,0.5951,0.59515,3
2026-03-11T10:46:00,0.5951,0.5951,0.5951,0.5951,1
2026-03-11T10:47:00,0.59515,0.59515,0.59505,0.59505,6
2026-03-11T10:49:00,0.5951,0.5951,0.5951,0.5951,1
2026-03-11T10:50:00,0.59505,0.5951,0.59505,0.5951,4
2026-03-11T10:51:00,0.59505,0.5951,0.59505,0.5951,32
2026-03-11T10:52:00,0.59515,0.59515,0.59515,0.59515,32
2026-03-11T10:53:00,0.5952,0.5952,0.59515,0.5952,68
2026-03-11T10:54:00,0.5952,0.5953,0.59515,0.5953,37
2026-03-11T10:55:00,0.5953,0.59535,0.59525,0.5953,68
2026-03-11T10:56:00,0.59535,0.59535,0.59525,0.5953,34
2026-03-11T10:57:00,0.5953,0.5953,0.59525,0.59525,20
2026-03-11T10:58:00,0.5952,0.5953,0.5952,0.5953,3
2026-03-11T10:59:00,0.59525,0.59525,0.59525,0.59525,1
2026-03-11T11:00:00,0.5952,0.5953,0.5952,0.5953,28
2026-03-11T11:02:00,0.5952,0.5952,0.5952,0.5952,2
2026-03-11T11:03:00,0.59525,0.59525,0.59525,0.59525,8
2026-03-11T11:04:00,0.5952,0.5952,0.59515,0.59515,35
2026-03-11T11:05:00,0.59515,0.59515,0.59495,0.59495,23
2026-03-11T11:06:00,0.59505,0.59505,0.595,0.595,2
2026-03-11T11:07:00,0.59495,0.59495,0.59495,0.59495,19
2026-03-11T11:08:00,0.59515,0.5952,0.59515,0.5952,34
2026-03-11T11:09:00,0.59525,0.59525,0.5951,0.5951,20
2026-03-11T11:10:00,0.5951,0.5951,0.5951,0.5951,41
2026-03-11T11:11:00,0.5951,0.59515,0.5951,0.59515,16
2026-03-11T11:12:00,0.59515,0.59515,0.59515,0.59515,3
2026-03-11T11:13:00,0.59515,0.59515,0.59515,0.59515,2
2026-03-11T11:14:00,0.59515,0.5953,0.59515,0.5953,17
2026-03-11T11:15:00,0.59525,0.5953,0.59525,0.5953,6
2026-03-11T11:16:00,0.59525,0.5954,0.59525,0.59535,9
2026-03-11T11:17:00,0.5954,0.59545,0.5953,0.5953,17
2026-03-11T11:18:00,0.59525,0.59525,0.5952,0.5952,15
2026-03-11T11:19:00,0.59515,0.59515,0.59505,0.5951,14
2026-03-11T11:20:00,0.59505,0.5951,0.59505,0.59505,11
2026-03-11T11:22:00,0.5952,0.59525,0.5952,0.59525,3
2026-03-11T11:23:00,0.59525,0.59525,0.59525,0.59525,4
2026-03-11T11:24:00,0.59525,0.59525,0.59525,0.59525,1
2026-03-11T11:25:00,0.5953,0.5953,0.5953,0.5953,1
2026-03-11T11:26:00,0.5953,0.5953,0.59525,0.59525,5
2026-03-11T11:28:00,0.59515,0.5952,0.5951,0.5951,20
2026-03-11T11:29:00,0.5951,0.5951,0.5951,0.5951,9
2026-03-11T11:30:00,0.5951,0.59515,0.59505,0.59515,19
2026-03-11T11:31:00,0.5952,0.5953,0.59515,0.59515,16
2026-03-11T11:32:00,0.59515,0.5952,0.59515,0.5952,4
2026-03-11T11:33:00,0.5951,0.5951,0.595,0.595,6
2026-03-11T11:34:00,0.59495,0.59495,0.59495,0.59495,4
2026-03-11T11:35:00,0.59505,0.59505,0.59505,0.59505,1
2026-03-11T11:36:00,0.5951,0.5951,0.5951,0.5951,4
2026-03-11T11:37:00,0.5952,0.59525,0.5952,0.59525,3
2026-03-11T11:38:00,0.59525,0.59525,0.59525,0.59525,2
2026-03-11T11:40:00,0.5951,0.5951,0.5951,0.5951,6
2026-03-11T11:41:00,0.5951,0.5952,0.5951,0.5952,8
2026-03-11T11:42:00,0.5952,0.5952,0.59515,0.59515,5
2026-03-11T11:43:00,0.5951,0.5951,0.59505,0.59505,17
2026-03-11T11:44:00,0.59495,0.595,0.59495,0.59495,20
2026-03-11T11:45:00,0.5949,0.5949,0.59475,0.59475,17
2026-03-11T11:46:00,0.59475,0.59475,0.5945,0.59455,17
2026-03-11T11:47:00,0.59465,0.59465,0.5946,0.5946,3
2026-03-11T11:48:00,0.5947,0.5948,0.5947,0.5948,2
2026-03-11T11:49:00,0.59485,0.59485,0.59465,0.5947,37
2026-03-11T11:50:00,0.5947,0.5954,0.59465,0.59495,293
2026-03-11T11:51:00,0.59485,0.59485,0.59465,0.59475,24
2026-03-11T11:52:00,0.5948,0.5949,0.5947,0.59475,20
2026-03-11T11:53:00,0.59465,0.59475,0.59465,0.59475,3
2026-03-11T11:54:00,0.5947,0.5948,0.59465,0.5947,6
2026-03-11T11:55:00,0.59455,0.5946,0.59455,0.59455,8
2026-03-11T11:56:00,0.59455,0.59455,0.59445,0.59445,6
2026-03-11T11:57:00,0.5945,0.5946,0.5945,0.59455,5
2026-03-11T11:58:00,0.59455,0.59465,0.59455,0.59465,17
2026-03-11T11:59:00,0.5945,0.5945,0.5944,0.5944,7
2026-03-11T12:00:00,0.5944,0.5945,0.5944,0.59445,8
2026-03-11T12:01:00,0.59445,0.59455,0.59445,0.5945,7
2026-03-11T12:02:00,0.5945,0.59465,0.5945,0.59465,5
2026-03-11T12:03:00,0.59475,0.59475,0.59475,0.59475,4
2026-03-11T12:04:00,0.5947,0.5947,0.5946,0.59465,36
2026-03-11T12:05:00,0.59465,0.5947,0.59465,0.5947,4
2026-03-11T12:06:00,0.59475,0.59475,0.59455,0.5946,7
2026-03-11T12:07:00,0.59445,0.59445,0.5944,0.5944,9
2026-03-11T12:08:00,0.59435,0.59435,0.59435,0.59435,5
2026-03-11T12:09:00,0.5944,0.59445,0.5943,0.5943,4
2026-03-11T12:10:00,0.5944,0.5944,0.5944,0.5944,1
2026-03-11T12:11:00,0.5944,0.5944,0.5943,0.5943,11
2026-03-11T12:12:00,0.59435,0.59435,0.59425,0.59435,15
2026-03-11T12:13:00,0.5943,0.59455,0.5943,0.59455,7
2026-03-11T12:14:00,0.5945,0.5945,0.59445,0.59445,2
2026-03-11T12:15:00,0.5945,0.5945,0.5944,0.5944,5
2026-03-11T12:16:00,0.59445,0.59445,0.59445,0.59445,1
2026-03-11T12:17:00,0.59455,0.59465,0.5945,0.59465,22
2026-03-11T12:18:00,0.59465,0.59465,0.59465,0.59465,3
2026-03-11T12:19:00,0.5945,0.5945,0.5945,0.5945,7
2026-03-11T12:20:00,0.5945,0.5945,0.59445,0.59445,9
2026-03-11T12:21:00,0.59445,0.59445,0.59435,0.59435,7
2026-03-11T12:22:00,0.5943,0.59445,0.5943,0.59445,24
2026-03-11T12:23:00,0.59445,0.59445,0.59445,0.59445,1
2026-03-11T12:24:00,0.59445,0.59445,0.5943,0.59435,4
2026-03-11T12:25:00,0.59425,0.5944,0.5942,0.5944,17
2026-03-11T12:26:00,0.5944,0.5944,0.5944,0.5944,2
2026-03-11T12:27:00,0.59455,0.5946,0.59455,0.5946,9
2026-03-11T12:28:00,0.5946,0.5946,0.5944,0.5944,20
2026-03-11T12:29:00,0.59455,0.59455,0.5945,0.5945,5
2026-03-11T12:30:00,0.59465,0.59475,0.59425,0.59435,59
2026-03-11T12:31:00,0.59435,0.5945,0.59425,0.59425,34
2026-03-11T12:32:00,0.5943,0.5944,0.5942,0.5942,23
2026-03-11T12:33:00,0.5943,0.5943,0.5939,0.59395,48
2026-03-11T12:34:00,0.594,0.594,0.5937,0.5937,28
2026-03-11T12:35:00,0.59365,0.5939,0.59365,0.5938,25
2026-03-11T12:36:00,0.5938,0.59385,0.5937,0.59375,8
2026-03-11T12:37:00,0.59375,0.5939,0.59375,0.59375,35
2026-03-11T12:38:00,0.5937,0.59385,0.59365,0.59385,4
2026-03-11T12:39:00,0.59375,0.59405,0.59375,0.594,15
2026-03-11T12:40:00,0.59395,0.59405,0.59395,0.59405,4
2026-03-11T12:41:00,0.59405,0.59405,0.5937,0.59375,24
2026-03-11T12:42:00,0.59365,0.5937,0.59365,0.5937,12
2026-03-11T12:43:00,0.5937,0.5938,0.59365,0.59365,9
2026-03-11T12:44:00,0.59365,0.59375,0.59365,0.59375,3
2026-03-11T12:45:00,0.5937,0.59375,0.59355,0.5936,8
2026-03-11T12:46:00,0.59365,0.5937,0.5935,0.59355,20
2026-03-11T12:47:00,0.59355,0.59365,0.59345,0.59365,13
2026-03-11T12:48:00,0.5937,0.5938,0.5937,0.5938,3
2026-03-11T12:49:00,0.59385,0.59385,0.5937,0.5937,9
2026-03-11T12:50:00,0.5937,0.5937,0.59345,0.59345,16
2026-03-11T12:51:00,0.59345,0.5935,0.5933,0.59335,21
2026-03-11T12:52:00,0.59325,0.5933,0.5932,0.59325,18
2026-03-11T12:53:00,0.59335,0.59335,0.59315,0.5932,25
2026-03-11T12:54:00,0.5932,0.59325,0.59305,0.59325,21
2026-03-11T12:55:00,0.5933,0.5935,0.5933,0.5935,13
2026-03-11T12:56:00,0.59345,0.59345,0.59325,0.59325,8
2026-03-11T12:57:00,0.5933,0.59335,0.5932,0.59335,18
2026-03-11T12:58:00,0.59335,0.59345,0.59335,0.59345,11
2026-03-11T12:59:00,0.5934,0.5935,0.5934,0.5935,6
2026-03-11T13:00:00,0.59355,0.59375,0.59355,0.59375,28
2026-03-11T13:01:00,0.59375,0.5939,0.5937,0.5939,19
2026-03-11T13:02:00,0.59385,0.5939,0.5938,0.5939,13
2026-03-11T13:03:00,0.5938,0.5939,0.5938,0.59385,4
2026-03-11T13:04:00,0.5939,0.5939,0.59365,0.59365,20
2026-03-11T13:05:00,0.59375,0.59395,0.59375,0.59395,7
2026-03-11T13:06:00,0.59385,0.59385,0.59375,0.5938,8
2026-03-11T13:07:00,0.59375,0.59375,0.5936,0.59365,4
2026-03-11T13:08:00,0.5937,0.5938,0.5937,0.59375,15
2026-03-11T13:09:00,0.59385,0.59385,0.59375,0.59375,6
2026-03-11T13:10:00,0.5938,0.5939,0.5937,0.5937,10
2026-03-11T13:12:00,0.5938,0.594,0.5938,0.594,6
2026-03-11T13:13:00,0.594,0.594,0.594,0.594,1
2026-03-11T13:14:00,0.59395,0.594,0.59395,0.59395,9
2026-03-11T13:16:00,0.5941,0.5942,0.59405,0.59415,13
2026-03-11T13:17:00,0.5941,0.5941,0.59405,0.59405,6
2026-03-11T13:18:00,0.5941,0.5942,0.5941,0.59415,19
2026-03-11T13:19:00,0.59415,0.59425,0.59415,0.59425,4
2026-03-11T13:20:00,0.59425,0.5943,0.59425,0.5943,11
2026-03-11T13:21:00,0.59425,0.5943,0.5942,0.5943,4
2026-03-11T13:22:00,0.5943,0.59435,0.59425,0.59435,11
2026-03-11T13:23:00,0.59415,0.59435,0.59415,0.59435,13
2026-03-11T13:24:00,0.59435,0.5945,0.59435,0.5945,33
2026-03-11T13:25:00,0.5945,0.59455,0.5945,0.5945,6
2026-03-11T13:26:00,0.5945,0.5945,0.59425,0.5943,9
2026-03-11T13:27:00,0.59425,0.59425,0.5942,0.5942,11
2026-03-11T13:28:00,0.59425,0.5943,0.5942,0.59425,14
2026-03-11T13:29:00,0.59415,0.59425,0.59415,0.59425,2
2026-03-11T13:30:00,0.59425,0.59425,0.594,0.5941,10
2026-03-11T13:31:00,0.5941,0.59415,0.59395,0.594,10
2026-03-11T13:32:00,0.59405,0.59415,0.594,0.59415,20
2026-03-11T13:33:00,0.59415,0.59415,0.5939,0.5939,24
2026-03-11T13:34:00,0.59395,0.5941,0.59395,0.59405,4
2026-03-11T13:35:00,0.59415,0.59415,0.59405,0.59405,3
2026-03-11T13:36:00,0.59405,0.59405,0.59405,0.59405,2
2026-03-11T13:37:00,0.5939,0.5942,0.5939,0.5942,5
2026-03-11T13:39:00,0.5942,0.5943,0.5942,0.5943,7
2026-03-11T13:40:00,0.5943,0.5944,0.5943,0.5944,39
2026-03-11T13:41:00,0.59435,0.59435,0.59415,0.59415,10
2026-03-11T13:42:00,0.59425,0.59425,0.5942,0.59425,6
2026-03-11T13:43:00,0.59425,0.59425,0.5942,0.5942,2
2026-03-11T13:44:00,0.5941,0.5941,0.59395,0.5941,31
2026-03-11T13:45:00,0.5941,0.59415,0.59405,0.59405,8
2026-03-11T13:46:00,0.594,0.594,0.59395,0.594,13
2026-03-11T13:47:00,0.5939,0.5939,0.59385,0.59385,13
2026-03-11T13:48:00,0.5938,0.5938,0.5937,0.5938,3
2026-03-11T13:49:00,0.59395,0.59395,0.5939,0.5939,3
2026-03-11T13:50:00,0.594,0.594,0.5939,0.5939,7
2026-03-11T13:51:00,0.59395,0.59395,0.59395,0.59395,1
2026-03-11T13:52:00,0.5939,0.59405,0.5939,0.59405,16
2026-03-11T13:53:00,0.5941,0.59435,0.5941,0.59425,28
2026-03-11T13:54:00,0.59405,0.5942,0.59405,0.5942,28
2026-03-11T13:55:00,0.59425,0.59425,0.5942,0.59425,8
2026-03-11T13:56:00,0.59425,0.5943,0.59425,0.5943,8
2026-03-11T13:57:00,0.5943,0.5945,0.5943,0.5945,23
2026-03-11T13:58:00,0.59455,0.59495,0.5945,0.59485,82
2026-03-11T13:59:00,0.5948,0.5948,0.59465,0.59465,17
2026-03-11T14:00:00,0.5948,0.5956,0.59465,0.59555,185
2026-03-11T14:01:00,0.5955,0.59625,0.5954,0.59615,209
2026-03-11T14:02:00,0.5961,0.5961,0.5954,0.59545,45
2026-03-11T14:03:00,0.59535,0.59535,0.59475,0.59505,30
2026-03-11T14:04:00,0.595,0.5953,0.59495,0.59515,85
2026-03-11T14:05:00,0.59525,0.5957,0.59515,0.5955,49
2026-03-11T14:06:00,0.5957,0.5957,0.5952,0.5952,32
2026-03-11T14:07:00,0.59525,0.59545,0.5952,0.5952,17
2026-03-11T14:08:00,0.5951,0.59515,0.59495,0.59515,21
2026-03-11T14:09:00,0.59515,0.5954,0.5951,0.59535,23
2026-03-11T14:10:00,0.59535,0.5955,0.59515,0.5952,45
2026-03-11T14:11:00,0.5952,0.5954,0.59515,0.59535,24
2026-03-11T14:12:00,0.5953,0.5953,0.5952,0.5952,12
2026-03-11T14:13:00,0.59535,0.59555,0.59535,0.59555,4
2026-03-11T14:14:00,0.5957,0.5957,0.59555,0.59555,40
2026-03-11T14:15:00,0.5957,0.5957,0.59535,0.59545,6
2026-03-11T14:16:00,0.59545,0.59545,0.59515,0.5952,29
2026-03-11T14:17:00,0.59525,0.59555,0.59525,0.5955,23
2026-03-11T14:18:00,0.5955,0.5955,0.59545,0.5955,4
2026-03-11T14:19:00,0.59565,0.59565,0.59555,0.5956,12
2026-03-11T14:20:00,0.59545,0.59545,0.59535,0.59535,4
2026-03-11T14:21:00,0.59545,0.5956,0.59545,0.59555,21
2026-03-11T14:22:00,0.59555,0.59555,0.5954,0.5954,11
2026-03-11T14:23:00,0.5955,0.5955,0.5953,0.5953,18
2026-03-11T14:24:00,0.59525,0.59535,0.59525,0.5953,6
2026-03-11T14:25:00,0.5953,0.5953,0.5951,0.5951,26
2026-03-11T14:26:00,0.59525,0.59525,0.59495,0.595,29
2026-03-11T14:27:00,0.5949,0.5949,0.59475,0.5949,26
2026-03-11T14:28:00,0.5948,0.595,0.5948,0.595,21
2026-03-11T14:29:00,0.59505,0.59515,0.59505,0.59515,15
2026-03-11T14:30:00,0.59515,0.5954,0.59515,0.5954,30
2026-03-11T14:31:00,0.5954,0.5954,0.59515,0.5952,29
2026-03-11T14:32:00,0.59525,0.5953,0.59515,0.5952,19
2026-03-11T14:33:00,0.59515,0.59525,0.5951,0.5951,7
2026-03-11T14:34:00,0.5951,0.5951,0.5949,0.59505,12
2026-03-11T14:35:00,0.5951,0.5953,0.5951,0.5952,14
2026-03-11T14:36:00,0.5953,0.5955,0.5953,0.5955,14
2026-03-11T14:37:00,0.59535,0.59535,0.5952,0.5952,10
2026-03-11T14:38:00,0.5952,0.59535,0.5952,0.5953,20
2026-03-11T14:39:00,0.5952,0.59525,0.5951,0.59525,11
2026-03-11T14:40:00,0.59525,0.5953,0.5952,0.59525,18
2026-03-11T14:41:00,0.59525,0.59525,0.5951,0.5951,15
2026-03-11T14:42:00,0.59505,0.5951,0.59495,0.59495,13
2026-03-11T14:43:00,0.59495,0.595,0.5949,0.595,10
2026-03-11T14:44:00,0.59505,0.59515,0.59505,0.59505,9
2026-03-11T14:45:00,0.595,0.595,0.59495,0.595,9
2026-03-11T14:46:00,0.59505,0.59505,0.59485,0.59485,20
2026-03-11T14:47:00,0.5948,0.59495,0.59475,0.59495,14
2026-03-11T14:48:00,0.59505,0.59515,0.595,0.59515,15
2026-03-11T14:49:00,0.5952,0.5953,0.5951,0.5951,6
2026-03-11T14:50:00,0.59515,0.59535,0.59515,0.59535,18
2026-03-11T14:51:00,0.59535,0.59555,0.59535,0.5954,32
2026-03-11T14:52:00,0.59535,0.59535,0.59515,0.59515,22
2026-03-11T14:53:00,0.5951,0.5952,0.5951,0.5952,7
2026-03-11T14:54:00,0.5952,0.59525,0.5952,0.59525,8
2026-03-11T14:55:00,0.5953,0.59535,0.59525,0.5953,12
2026-03-11T14:56:00,0.59525,0.59535,0.59525,0.59535,17
2026-03-11T14:57:00,0.59535,0.59565,0.59535,0.5956,58
2026-03-11T14:58:00,0.5956,0.5956,0.5955,0.59555,14
2026-03-11T14:59:00,0.5956,0.5956,0.59535,0.5954,24
2026-03-11T15:00:00,0.59545,0.5956,0.5954,0.5956,36
2026-03-11T15:01:00,0.59565,0.59565,0.59535,0.59535,43
2026-03-11T15:02:00,0.59525,0.59525,0.59475,0.5948,49
2026-03-11T15:03:00,0.5948,0.5949,0.59475,0.5948,8
2026-03-11T15:04:00,0.5948,0.5951,0.5948,0.5951,12
2026-03-11T15:05:00,0.59515,0.59515,0.5949,0.595,17
2026-03-11T15:06:00,0.595,0.595,0.59485,0.59485,10
2026-03-11T15:07:00,0.59485,0.5949,0.59485,0.5949,15
2026-03-11T15:08:00,0.59485,0.5949,0.59485,0.5949,11
2026-03-11T15:09:00,0.5949,0.5949,0.59485,0.5949,6
2026-03-11T15:10:00,0.5949,0.59495,0.5949,0.59495,10
2026-03-11T15:11:00,0.5949,0.5949,0.59475,0.59485,14
2026-03-11T15:12:00,0.59485,0.59485,0.59465,0.5947,33
2026-03-11T15:13:00,0.59465,0.5948,0.59465,0.5948,5
2026-03-11T15:14:00,0.59485,0.59485,0.5947,0.59475,6
2026-03-11T15:15:00,0.59465,0.59465,0.5944,0.5944,7
2026-03-11T15:16:00,0.59445,0.5945,0.5944,0.59445,11
2026-03-11T15:17:00,0.59435,0.5944,0.5943,0.59435,14
2026-03-11T15:18:00,0.59435,0.59455,0.59435,0.5945,7
2026-03-11T15:19:00,0.5944,0.5944,0.59435,0.5944,5
2026-03-11T15:20:00,0.5944,0.5945,0.5944,0.5945,6
2026-03-11T15:21:00,0.59445,0.59445,0.59435,0.5944,13
2026-03-11T15:22:00,0.5944,0.5944,0.5942,0.5942,4
2026-03-11T15:23:00,0.59415,0.59435,0.59415,0.5943,7
2026-03-11T15:24:00,0.59435,0.5944,0.59425,0.59435,23
2026-03-11T15:25:00,0.5944,0.59445,0.5944,0.5944,8
2026-03-11T15:26:00,0.5943,0.5943,0.59425,0.59425,11
2026-03-11T15:27:00,0.5942,0.59425,0.59415,0.59425,6
2026-03-11T15:28:00,0.59435,0.59435,0.59435,0.59435,5
2026-03-11T15:29:00,0.59425,0.59425,0.59405,0.59405,7
2026-03-11T15:30:00,0.59405,0.5941,0.5939,0.5939,16
2026-03-11T15:31:00,0.5939,0.5939,0.5938,0.59385,32
2026-03-11T15:32:00,0.59385,0.59395,0.59385,0.5939,6
2026-03-11T15:33:00,0.594,0.594,0.594,0.594,5
2026-03-11T15:34:00,0.594,0.5941,0.59395,0.59405,9
2026-03-11T15:35:00,0.594,0.5941,0.594,0.59405,8
2026-03-11T15:36:00,0.59415,0.59415,0.59405,0.59405,8
2026-03-11T15:37:00,0.59405,0.5941,0.594,0.594,13
2026-03-11T15:38:00,0.59395,0.59405,0.59395,0.59405,9
2026-03-11T15:39:00,0.5941,0.5941,0.5938,0.5939,9
2026-03-11T15:40:00,0.59385,0.59385,0.59385,0.59385,3
2026-03-11T15:41:00,0.5938,0.5938,0.59375,0.59375,14
2026-03-11T15:42:00,0.5937,0.5937,0.59365,0.5937,3
2026-03-11T15:43:00,0.59375,0.59375,0.59375,0.59375,1
2026-03-11T15:44:00,0.59375,0.59375,0.5937,0.5937,3
2026-03-11T15:45:00,0.59365,0.59365,0.59355,0.59355,10
2026-03-11T15:46:00,0.5936,0.5936,0.5935,0.5935,12
2026-03-11T15:47:00,0.59345,0.59345,0.5933,0.5933,16
2026-03-11T15:48:00,0.59335,0.59335,0.59325,0.59325,11
2026-03-11T15:49:00,0.59315,0.59325,0.59315,0.59325,10
2026-03-11T15:50:00,0.5932,0.5934,0.5932,0.5934,7
2026-03-11T15:51:00,0.59345,0.59365,0.59345,0.59365,12
2026-03-11T15:52:00,0.59355,0.5936,0.59355,0.5936,18
2026-03-11T15:53:00,0.5936,0.59365,0.5936,0.59365,22
2026-03-11T15:54:00,0.59355,0.59355,0.5935,0.59355,6
2026-03-11T15:55:00,0.5935,0.59355,0.59335,0.59335,25
2026-03-11T15:56:00,0.59335,0.59335,0.59315,0.5932,15
2026-03-11T15:57:00,0.5932,0.5932,0.593,0.593,26
2026-03-11T15:58:00,0.59305,0.59305,0.5929,0.5929,9
2026-03-11T15:59:00,0.59295,0.59295,0.5929,0.5929,27
2026-03-11T16:00:00,0.5929,0.59295,0.5928,0.59285,43
2026-03-11T16:01:00,0.59285,0.59285,0.5928,0.5928,29
2026-03-11T16:02:00,0.59275,0.5929,0.59275,0.5929,55
2026-03-11T16:03:00,0.5929,0.59295,0.5929,0.59295,14
2026-03-11T16:04:00,0.5928,0.59285,0.5927,0.5927,26
2026-03-11T16:05:00,0.5927,0.59285,0.5927,0.5928,15
2026-03-11T16:06:00,0.5928,0.5929,0.5928,0.59285,24
2026-03-11T16:07:00,0.59285,0.59295,0.59285,0.59285,6
2026-03-11T16:08:00,0.5927,0.5929,0.5927,0.5928,9
2026-03-11T16:09:00,0.59275,0.59275,0.5926,0.5927,16
2026-03-11T16:10:00,0.59275,0.59295,0.59275,0.59295,16
2026-03-11T16:11:00,0.5929,0.5929,0.5928,0.59285,8
2026-03-11T16:12:00,0.5928,0.5928,0.5927,0.59275,7
2026-03-11T16:13:00,0.59285,0.593,0.59285,0.59295,6
2026-03-11T16:14:00,0.5931,0.59315,0.5931,0.59315,6
2026-03-11T16:15:00,0.59325,0.5933,0.59315,0.59315,19
2026-03-11T16:16:00,0.5931,0.5931,0.593,0.59305,6
2026-03-11T16:17:00,0.59305,0.5931,0.59305,0.5931,6
2026-03-11T16:18:00,0.5931,0.59325,0.5931,0.59325,7
2026-03-11T16:19:00,0.5932,0.5933,0.5932,0.59325,17
2026-03-11T16:20:00,0.5932,0.5932,0.5932,0.5932,12
2026-03-11T16:21:00,0.5933,0.5933,0.5933,0.5933,7
2026-03-11T16:22:00,0.5933,0.5933,0.59325,0.5933,11
2026-03-11T16:23:00,0.59335,0.5934,0.59335,0.59335,12
2026-03-11T16:24:00,0.5933,0.5933,0.5933,0.5933,7
2026-03-11T16:25:00,0.5933,0.59335,0.59325,0.59325,17
2026-03-11T16:26:00,0.59325,0.59325,0.5931,0.5932,23
2026-03-11T16:27:00,0.5933,0.5933,0.5933,0.5933,1
2026-03-11T16:28:00,0.59325,0.59325,0.5932,0.5932,9
2026-03-11T16:29:00,0.5932,0.5932,0.5932,0.5932,2
2026-03-11T16:30:00,0.59325,0.5934,0.59325,0.5934,11
2026-03-11T16:31:00,0.5934,0.59355,0.5934,0.59355,10
2026-03-11T16:32:00,0.59365,0.59375,0.5936,0.59365,8
2026-03-11T16:33:00,0.59365,0.5937,0.59365,0.59365,16
2026-03-11T16:34:00,0.59375,0.5939,0.59375,0.5938,17
2026-03-11T16:35:00,0.5938,0.5938,0.5937,0.59375,6
2026-03-11T16:36:00,0.59375,0.59375,0.59365,0.59365,7
2026-03-11T16:37:00,0.59375,0.59375,0.59375,0.59375,15
2026-03-11T16:38:00,0.5937,0.5937,0.59355,0.59355,12
2026-03-11T16:39:00,0.5935,0.5935,0.59345,0.59345,6
2026-03-11T16:40:00,0.59355,0.5936,0.59355,0.5936,13
2026-03-11T16:41:00,0.59365,0.59375,0.59365,0.59375,17
2026-03-11T16:42:00,0.5938,0.5938,0.59375,0.59375,6
2026-03-11T16:43:00,0.5937,0.5937,0.59355,0.5936,18
2026-03-11T16:44:00,0.5936,0.5936,0.59355,0.5936,18
2026-03-11T16:45:00,0.59355,0.59365,0.59355,0.59365,13
2026-03-11T16:46:00,0.5936,0.5937,0.59355,0.5937,16
2026-03-11T16:47:00,0.59365,0.59365,0.5936,0.5936,6
2026-03-11T16:48:00,0.59355,0.5936,0.59345,0.59345,8
2026-03-11T16:49:00,0.59345,0.59345,0.59345,0.59345,4
2026-03-11T16:50:00,0.5935,0.5936,0.5935,0.5936,6
2026-03-11T16:51:00,0.5936,0.59365,0.5936,0.59365,6
2026-03-11T16:52:00,0.5936,0.5936,0.5935,0.5935,6
2026-03-11T16:53:00,0.5935,0.59355,0.5935,0.59355,8
2026-03-11T16:54:00,0.59355,0.5936,0.5935,0.5936,9
2026-03-11T16:55:00,0.59355,0.5936,0.59355,0.5936,14
2026-03-11T16:56:00,0.59355,0.5936,0.59355,0.5936,14
2026-03-11T16:57:00,0.5936,0.5936,0.5936,0.5936,5
2026-03-11T16:58:00,0.59355,0.59355,0.59355,0.59355,2
2026-03-11T16:59:00,0.5936,0.5936,0.5936,0.5936,2
2026-03-11T17:00:00,0.59365,0.5937,0.59355,0.5937,15
2026-03-11T17:01:00,0.59365,0.59365,0.59365,0.59365,4
2026-03-11T17:02:00,0.5936,0.5936,0.59355,0.59355,15
2026-03-11T17:03:00,0.59355,0.5936,0.5935,0.5936,14
2026-03-11T17:04:00,0.59365,0.59375,0.59365,0.5937,9
2026-03-11T17:05:00,0.5937,0.5937,0.5937,0.5937,2
2026-03-11T17:06:00,0.59375,0.5938,0.5937,0.5938,7
2026-03-11T17:07:00,0.59385,0.5939,0.59385,0.5939,4
2026-03-11T17:08:00,0.59385,0.59385,0.59375,0.59375,4
2026-03-11T17:09:00,0.5937,0.59375,0.59365,0.59375,14
2026-03-11T17:10:00,0.59375,0.5938,0.59375,0.5938,8
2026-03-11T17:11:00,0.59375,0.59375,0.59375,0.59375,4
2026-03-11T17:12:00,0.59365,0.59365,0.5936,0.5936,9
2026-03-11T17:13:00,0.5936,0.59365,0.5936,0.59365,3
2026-03-11T17:14:00,0.59375,0.59375,0.59365,0.59365,5
2026-03-11T17:15:00,0.59365,0.5937,0.59365,0.5937,3
2026-03-11T17:16:00,0.59375,0.59375,0.5937,0.5937,8
2026-03-11T17:17:00,0.5937,0.59375,0.5937,0.59375,7
2026-03-11T17:18:00,0.5937,0.5937,0.5935,0.5935,13
2026-03-11T17:19:00,0.59345,0.59345,0.5934,0.5934,11
2026-03-11T17:20:00,0.5934,0.5936,0.5934,0.5936,6
2026-03-11T17:21:00,0.59355,0.59365,0.59355,0.5936,7
2026-03-11T17:22:00,0.59365,0.59365,0.5936,0.5936,4
2026-03-11T17:23:00,0.59355,0.59355,0.59355,0.59355,5
2026-03-11T17:24:00,0.59355,0.59355,0.59355,0.59355,3
2026-03-11T17:25:00,0.59355,0.59365,0.59355,0.59365,6
2026-03-11T17:26:00,0.59365,0.59365,0.59365,0.59365,6
2026-03-11T17:27:00,0.5937,0.5938,0.5937,0.59375,9
2026-03-11T17:28:00,0.59375,0.59375,0.59375,0.59375,5
2026-03-11T17:29:00,0.59375,0.59375,0.59375,0.59375,2
2026-03-11T17:30:00,0.5939,0.5939,0.5939,0.5939,2
2026-03-11T17:31:00,0.5938,0.5938,0.59365,0.59365,9
2026-03-11T17:32:00,0.59365,0.5938,0.59365,0.5938,16
2026-03-11T17:33:00,0.5938,0.5938,0.5938,0.5938,3
2026-03-11T17:34:00,0.59375,0.59375,0.5937,0.5937,3
2026-03-11T17:35:00,0.5937,0.59375,0.5937,0.59375,8
2026-03-11T17:36:00,0.5936,0.5936,0.5933,0.5933,16
2026-03-11T17:37:00,0.5933,0.59335,0.5929,0.5929,10
2026-03-11T17:38:00,0.59275,0.59285,0.5926,0.59285,29
2026-03-11T17:39:00,0.59305,0.5931,0.59295,0.59295,13
2026-03-11T17:40:00,0.593,0.59315,0.593,0.59315,24
2026-03-11T17:41:00,0.59295,0.593,0.5929,0.5929,45
2026-03-11T17:42:00,0.5929,0.593,0.59285,0.593,22
2026-03-11T17:43:00,0.593,0.59305,0.59295,0.59295,11
2026-03-11T17:44:00,0.593,0.59305,0.59295,0.59305,8
2026-03-11T17:45:00,0.593,0.59305,0.593,0.593,7
2026-03-11T17:46:00,0.593,0.593,0.593,0.593,1
2026-03-11T17:47:00,0.59305,0.5931,0.593,0.593,8
2026-03-11T17:49:00,0.593,0.59315,0.593,0.59315,17
2026-03-11T17:50:00,0.59325,0.5933,0.59325,0.5933,6
2026-03-11T17:51:00,0.59335,0.59335,0.59335,0.59335,4
2026-03-11T17:52:00,0.5933,0.59335,0.59325,0.59325,5
2026-03-11T17:53:00,0.59325,0.59325,0.59325,0.59325,5
2026-03-11T17:54:00,0.5932,0.5932,0.59315,0.59315,9
2026-03-11T17:55:00,0.5931,0.59315,0.5929,0.59295,39
2026-03-11T17:56:00,0.59305,0.5931,0.593,0.593,13
2026-03-11T17:57:00,0.593,0.59305,0.593,0.59305,9
2026-03-11T17:58:00,0.5931,0.5931,0.59305,0.5931,9
2026-03-11T17:59:00,0.59325,0.5933,0.59325,0.59325,6
2026-03-11T18:00:00,0.59325,0.5933,0.59315,0.5933,146
2026-03-11T18:01:00,0.5933,0.59335,0.59325,0.5933,9
2026-03-11T18:02:00,0.59335,0.59335,0.59325,0.59335,23
2026-03-11T18:03:00,0.5933,0.5933,0.5933,0.5933,13
2026-03-11T18:04:00,0.5933,0.59335,0.5933,0.59335,5
2026-03-11T18:05:00,0.59335,0.59335,0.59335,0.59335,4
2026-03-11T18:06:00,0.59335,0.59335,0.59335,0.59335,2
2026-03-11T18:07:00,0.59315,0.59315,0.5931,0.59315,9
2026-03-11T18:08:00,0.59325,0.59325,0.5932,0.5932,7
2026-03-11T18:09:00,0.59315,0.59315,0.5931,0.5931,11
2026-03-11T18:10:00,0.593,0.59305,0.593,0.593,6
2026-03-11T18:11:00,0.59295,0.59295,0.59285,0.59285,10
2026-03-11T18:12:00,0.5929,0.5929,0.59285,0.5929,17
2026-03-11T18:13:00,0.5929,0.59315,0.5929,0.59315,14
2026-03-11T18:14:00,0.59315,0.59325,0.5931,0.5932,13
2026-03-11T18:15:00,0.5932,0.59325,0.5932,0.5932,9
2026-03-11T18:16:00,0.59315,0.59325,0.59315,0.59325,9
2026-03-11T18:17:00,0.5933,0.5933,0.5933,0.5933,3
2026-03-11T18:18:00,0.59325,0.5933,0.59325,0.5933,4
2026-03-11T18:19:00,0.59335,0.59335,0.5933,0.5933,10
2026-03-11T18:20:00,0.59345,0.59345,0.59345,0.59345,2
2026-03-11T18:21:00,0.59345,0.59355,0.59345,0.59355,13
2026-03-11T18:22:00,0.59355,0.59355,0.5934,0.59345,22
2026-03-11T18:23:00,0.5934,0.59345,0.5934,0.59345,5
2026-03-11T18:24:00,0.5933,0.5935,0.59325,0.59345,67
2026-03-11T18:25:00,0.5934,0.59345,0.59335,0.5934,17
2026-03-11T18:26:00,0.59335,0.5934,0.59335,0.5934,13
2026-03-11T18:27:00,0.59345,0.5935,0.59345,0.5935,7
2026-03-11T18:28:00,0.5935,0.59355,0.5935,0.5935,16
2026-03-11T18:29:00,0.5934,0.59345,0.5934,0.59345,5
2026-03-11T18:30:00,0.5934,0.59345,0.59335,0.59335,9
2026-03-11T18:31:00,0.59345,0.5935,0.59345,0.59345,6
2026-03-11T18:32:00,0.59345,0.59345,0.5934,0.5934,4
2026-03-11T18:33:00,0.5934,0.5934,0.5934,0.5934,2
2026-03-11T18:34:00,0.59345,0.5935,0.59345,0.5935,11
2026-03-11T18:35:00,0.5935,0.5935,0.5935,0.5935,9
2026-03-11T18:36:00,0.5935,0.5935,0.59345,0.59345,7
2026-03-11T18:37:00,0.59345,0.5935,0.59345,0.5935,8
2026-03-11T18:38:00,0.59345,0.5935,0.59345,0.5935,10
2026-03-11T18:39:00,0.59345,0.59345,0.59345,0.59345,4
2026-03-11T18:40:00,0.59345,0.59345,0.59345,0.59345,4
2026-03-11T18:41:00,0.5935,0.5935,0.59345,0.59345,23
2026-03-11T18:42:00,0.59345,0.59345,0.59345,0.59345,3
2026-03-11T18:43:00,0.5934,0.59345,0.5934,0.59345,8
2026-03-11T18:44:00,0.59345,0.59345,0.5934,0.5934,7
2026-03-11T18:45:00,0.59345,0.5935,0.59345,0.5935,11
2026-03-11T18:46:00,0.59355,0.59355,0.5935,0.5935,17
2026-03-11T18:47:00,0.5935,0.59355,0.5935,0.59355,11
2026-03-11T18:48:00,0.5935,0.5935,0.59345,0.59345,9
2026-03-11T18:49:00,0.59345,0.59345,0.59345,0.59345,5
2026-03-11T18:50:00,0.59345,0.59345,0.59345,0.59345,9
2026-03-11T18:51:00,0.5935,0.59355,0.5935,0.59355,17
2026-03-11T18:52:00,0.59355,0.59365,0.59355,0.59365,18
2026-03-11T18:53:00,0.5935,0.5935,0.5935,0.5935,1
2026-03-11T18:54:00,0.5935,0.59365,0.5935,0.59365,49
2026-03-11T18:55:00,0.59365,0.59375,0.59365,0.59365,26
2026-03-11T18:56:00,0.59365,0.59365,0.5935,0.5935,17
2026-03-11T18:57:00,0.59355,0.59355,0.5935,0.5935,35
2026-03-11T18:58:00,0.5935,0.59355,0.5935,0.59355,40
2026-03-11T18:59:00,0.59355,0.5936,0.59355,0.5936,58
2026-03-11T19:00:00,0.59355,0.5936,0.5935,0.5935,21
2026-03-11T19:01:00,0.5935,0.5935,0.5934,0.5934,10
2026-03-11T19:02:00,0.59335,0.59335,0.5933,0.5933,3
2026-03-11T19:03:00,0.5932,0.59325,0.5932,0.59325,3
2026-03-11T19:05:00,0.59325,0.59325,0.59325,0.59325,1
2026-03-11T19:06:00,0.5932,0.5932,0.5932,0.5932,1
2026-03-11T19:07:00,0.59325,0.5933,0.59325,0.5933,3
2026-03-11T19:08:00,0.5933,0.5933,0.5933,0.5933,1
2026-03-11T19:09:00,0.59325,0.59325,0.59325,0.59325,1
2026-03-11T19:10:00,0.59335,0.59335,0.59335,0.59335,1
2026-03-11T19:11:00,0.5933,0.5933,0.5933,0.5933,1
2026-03-11T19:12:00,0.59325,0.59325,0.59325,0.59325,1
2026-03-11T19:13:00,0.59325,0.59325,0.59325,0.59325,1
2026-03-11T19:15:00,0.59315,0.59315,0.59315,0.59315,1
2026-03-11T19:16:00,0.59315,0.59315,0.59315,0.59315,2
2026-03-11T19:17:00,0.59325,0.5933,0.59325,0.5933,2
2026-03-11T19:18:00,0.59335,0.59335,0.59335,0.59335,2
2026-03-11T19:19:00,0.5934,0.5934,0.59335,0.59335,2
2026-03-11T19:21:00,0.5934,0.59345,0.5934,0.59345,3
2026-03-11T19:24:00,0.59335,0.59335,0.59335,0.59335,2
2026-03-11T19:25:00,0.5934,0.5935,0.5934,0.5935,6
2026-03-11T19:28:00,0.5934,0.5934,0.5933,0.5933,3
2026-03-11T19:29:00,0.59335,0.59335,0.59335,0.59335,1
2026-03-11T19:30:00,0.5934,0.5934,0.5934,0.5934,1
2026-03-11T19:31:00,0.59345,0.59345,0.59345,0.59345,1
2026-03-11T19:34:00,0.5937,0.5937,0.5937,0.5937,2
2026-03-11T19:35:00,0.59375,0.59375,0.59375,0.59375,1
2026-03-11T19:36:00,0.59375,0.59375,0.5937,0.5937,3
2026-03-11T19:39:00,0.59375,0.59375,0.59375,0.59375,1
2026-03-11T19:41:00,0.59375,0.59375,0.59375,0.59375,1
2026-03-11T19:44:00,0.59385,0.59385,0.59385,0.59385,1
2026-03-11T19:45:00,0.59385,0.59385,0.59385,0.59385,1
2026-03-11T19:48:00,0.5938,0.5938,0.5938,0.5938,2
2026-03-11T19:49:00,0.5938,0.5938,0.5938,0.5938,2
2026-03-11T19:50:00,0.5938,0.59385,0.5938,0.59385,4
2026-03-11T19:52:00,0.5939,0.5939,0.5939,0.5939,1
2026-03-11T19:55:00,0.594,0.594,0.5939,0.5939,8
2026-03-11T19:56:00,0.5939,0.59395,0.5939,0.59395,13
2026-03-11T19:57:00,0.5939,0.5939,0.5939,0.5939,14
2026-03-11T19:58:00,0.5939,0.5939,0.5939,0.5939,1
2026-03-11T19:59:00,0.59385,0.59395,0.59385,0.59395,5
2026-03-11T20:01:00,0.59375,0.59375,0.59375,0.59375,1
2026-03-11T20:05:00,0.5938,0.5938,0.59375,0.59375,5
2026-03-11T20:11:00,0.59375,0.59375,0.59375,0.59375,1
2026-03-11T20:12:00,0.59375,0.59375,0.5937,0.5937,2
2026-03-11T20:15:00,0.5936,0.5936,0.5936,0.5936,2
2026-03-11T20:16:00,0.59365,0.59365,0.5936,0.5936,3
2026-03-11T20:17:00,0.59365,0.59365,0.59365,0.59365,3
2026-03-11T20:18:00,0.5936,0.5936,0.5936,0.5936,1
2026-03-11T20:27:00,0.5935,0.5935,0.5935,0.5935,1
2026-03-11T20:30:00,0.59355,0.59355,0.59355,0.59355,1
2026-03-11T20:32:00,0.59355,0.59355,0.59355,0.59355,1
2026-03-11T20:34:00,0.59355,0.59355,0.59355,0.59355,1
2026-03-11T20:36:00,0.5935,0.5935,0.5935,0.5935,1
2026-03-11T20:41:00,0.59345,0.59345,0.59345,0.59345,2
2026-03-11T20:42:00,0.59345,0.59345,0.59345,0.59345,1
2026-03-11T20:51:00,0.59345,0.59345,0.59345,0.59345,3
2026-03-11T20:57:00,0.59335,0.59335,0.59335,0.59335,8
2026-03-11T20:58:00,0.5934,0.5934,0.5934,0.5934,1
2026-03-11T20:59:00,0.5934,0.59345,0.5934,0.59345,2
2026-03-11T22:01:00,0.5934,0.5934,0.5934,0.5934,3
2026-03-11T22:05:00,0.59295,0.59295,0.59295,0.59295,1
2026-03-11T22:09:00,0.5929,0.5929,0.5929,0.5929,1
2026-03-11T22:10:00,0.5929,0.5929,0.5929,0.5929,2
2026-03-11T22:11:00,0.59295,0.59295,0.59295,0.59295,1
2026-03-11T22:12:00,0.5929,0.5929,0.5929,0.5929,2
2026-03-11T22:13:00,0.5931,0.5931,0.5931,0.5931,2
2026-03-11T22:14:00,0.59305,0.59305,0.593,0.593,13
2026-03-11T22:16:00,0.59295,0.59295,0.59295,0.59295,1
2026-03-11T22:21:00,0.59275,0.59275,0.59275,0.59275,1
2026-03-11T22:22:00,0.5928,0.5928,0.59275,0.59275,3
2026-03-11T22:23:00,0.59275,0.59275,0.59275,0.59275,2
2026-03-11T22:24:00,0.59275,0.59275,0.5926,0.5926,8
2026-03-11T22:25:00,0.5926,0.5926,0.59255,0.59255,2
2026-03-11T22:26:00,0.5926,0.5926,0.59245,0.59245,3
2026-03-11T22:27:00,0.59245,0.59245,0.5924,0.5924,4
2026-03-11T22:28:00,0.59235,0.59235,0.59235,0.59235,3
2026-03-11T22:30:00,0.5924,0.5924,0.5924,0.5924,2
2026-03-11T22:31:00,0.59245,0.5925,0.59245,0.59245,6
2026-03-11T22:32:00,0.59245,0.59245,0.59245,0.59245,3
2026-03-11T22:34:00,0.59235,0.59235,0.59235,0.59235,1
2026-03-11T22:35:00,0.59225,0.59235,0.59225,0.59225,10
2026-03-11T22:36:00,0.59225,0.5923,0.59215,0.5923,10
2026-03-11T22:37:00,0.5922,0.5922,0.59205,0.59205,12
2026-03-11T22:38:00,0.5922,0.5922,0.5921,0.5921,7
2026-03-11T22:39:00,0.5921,0.5921,0.5921,0.5921,1
2026-03-11T22:40:00,0.5921,0.5921,0.59205,0.5921,12
2026-03-11T22:41:00,0.59205,0.5922,0.59205,0.5921,8
2026-03-11T22:42:00,0.59205,0.59205,0.59205,0.59205,2
2026-03-11T22:43:00,0.5919,0.5919,0.5919,0.5919,1
2026-03-11T22:44:00,0.5919,0.59195,0.5919,0.5919,12
2026-03-11T22:45:00,0.5919,0.5919,0.5919,0.5919,2
2026-03-11T22:46:00,0.59195,0.59195,0.59195,0.59195,3
2026-03-11T22:49:00,0.592,0.592,0.592,0.592,1
2026-03-11T22:50:00,0.59195,0.592,0.59195,0.592,3
2026-03-11T22:51:00,0.5919,0.5919,0.5919,0.5919,1
2026-03-11T22:52:00,0.5919,0.5919,0.5919,0.5919,1
2026-03-11T22:53:00,0.59195,0.59195,0.59195,0.59195,2
2026-03-11T22:54:00,0.592,0.592,0.592,0.592,2
2026-03-11T22:56:00,0.59185,0.5919,0.59185,0.5919,6
2026-03-11T22:57:00,0.59185,0.59185,0.59185,0.59185,4
2026-03-11T22:58:00,0.59195,0.59195,0.59195,0.59195,1
2026-03-11T23:00:00,0.59195,0.592,0.59195,0.59195,7
2026-03-11T23:01:00,0.592,0.592,0.59185,0.59185,5
2026-03-11T23:02:00,0.5918,0.5918,0.5918,0.5918,3
2026-03-11T23:03:00,0.59185,0.59185,0.59175,0.59175,3
2026-03-11T23:05:00,0.59185,0.59185,0.59185,0.59185,1
2026-03-11T23:06:00,0.5919,0.59195,0.5919,0.59195,2
2026-03-11T23:07:00,0.59185,0.59185,0.59185,0.59185,2
2026-03-11T23:08:00,0.5917,0.5917,0.5917,0.5917,1
2026-03-11T23:09:00,0.59175,0.59175,0.5916,0.5916,5
2026-03-11T23:10:00,0.59175,0.59175,0.59175,0.59175,3
2026-03-11T23:11:00,0.5917,0.5917,0.5917,0.5917,2
2026-03-11T23:12:00,0.59175,0.5918,0.59175,0.5918,2
2026-03-11T23:13:00,0.59175,0.59175,0.59175,0.59175,1
2026-03-11T23:14:00,0.59185,0.5919,0.59185,0.5919,7
2026-03-11T23:15:00,0.59195,0.59195,0.59185,0.59185,3
2026-03-11T23:16:00,0.5918,0.5918,0.59175,0.59175,2
2026-03-11T23:17:00,0.5918,0.5918,0.5918,0.5918,1
2026-03-11T23:20:00,0.59175,0.5918,0.59175,0.5918,9
2026-03-11T23:21:00,0.59175,0.59185,0.5917,0.59185,10
2026-03-11T23:22:00,0.5918,0.5918,0.59165,0.59165,6
2026-03-11T23:23:00,0.59175,0.59175,0.59175,0.59175,1
2026-03-11T23:24:00,0.5917,0.5917,0.5917,0.5917,1
2026-03-11T23:25:00,0.5917,0.5917,0.59165,0.5917,3
2026-03-11T23:27:00,0.59185,0.59185,0.5918,0.5918,2
2026-03-11T23:29:00,0.59175,0.59175,0.59175,0.59175,1
2026-03-11T23:30:00,0.59165,0.59165,0.5914,0.5914,18
2026-03-11T23:31:00,0.59145,0.59145,0.5914,0.5914,19
2026-03-11T23:32:00,0.59145,0.59145,0.59145,0.59145,4
2026-03-11T23:34:00,0.5915,0.5915,0.59145,0.59145,2
2026-03-11T23:35:00,0.59145,0.5915,0.59145,0.5915,2
2026-03-11T23:36:00,0.59145,0.59155,0.59145,0.59155,4
2026-03-11T23:37:00,0.5916,0.5916,0.5916,0.5916,2
2026-03-11T23:38:00,0.59155,0.59155,0.59145,0.59145,2
2026-03-11T23:39:00,0.59145,0.59145,0.5914,0.5914,2
2026-03-11T23:40:00,0.59135,0.59135,0.5913,0.59135,5
2026-03-11T23:41:00,0.59125,0.59125,0.59125,0.59125,1
2026-03-11T23:42:00,0.59145,0.5915,0.5914,0.5914,10
2026-03-11T23:43:00,0.5914,0.5914,0.5914,0.5914,6
2026-03-11T23:45:00,0.5914,0.5914,0.5914,0.5914,2
2026-03-11T23:46:00,0.5914,0.5914,0.5914,0.5914,2
2026-03-11T23:47:00,0.59135,0.59135,0.59135,0.59135,2
2026-03-11T23:49:00,0.5913,0.59135,0.5913,0.59135,3
2026-03-11T23:51:00,0.59135,0.59135,0.59135,0.59135,2
2026-03-11T23:53:00,0.59155,0.59155,0.59155,0.59155,2
2026-03-11T23:54:00,0.59155,0.59155,0.59155,0.59155,1
2026-03-11T23:55:00,0.5915,0.5915,0.59135,0.59135,10
2026-03-11T23:57:00,0.5915,0.5915,0.5915,0.5915,1
2026-03-11T23:58:00,0.5915,0.5915,0.5915,0.5915,2
2026-03-11T23:59:00,0.5915,0.5915,0.5915,0.5915,1
2026-03-12T00:00:00,0.5915,0.5916,0.5915,0.5916,8
2026-03-12T00:01:00,0.5916,0.5916,0.5916,0.5916,3
2026-03-12T00:02:00,0.59145,0.5916,0.59145,0.5916,18
2026-03-12T00:03:00,0.59165,0.5917,0.5916,0.5916,6
2026-03-12T00:04:00,0.5916,0.5917,0.5916,0.5917,14
2026-03-12T00:05:00,0.5917,0.5917,0.5916,0.5916,16
2026-03-12T00:06:00,0.59155,0.59155,0.5915,0.5915,3
2026-03-12T00:07:00,0.59135,0.59135,0.59135,0.59135,3
2026-03-12T00:08:00,0.59135,0.5915,0.59135,0.5915,6
2026-03-12T00:09:00,0.59155,0.59155,0.59155,0.59155,1
2026-03-12T00:10:00,0.59165,0.59165,0.5916,0.5916,2
2026-03-12T00:11:00,0.59165,0.59165,0.59165,0.59165,2
2026-03-12T00:12:00,0.5916,0.5916,0.5916,0.5916,1
2026-03-12T00:13:00,0.5916,0.5916,0.5915,0.5915,15
2026-03-12T00:14:00,0.59145,0.59145,0.59135,0.59135,2
2026-03-12T00:15:00,0.5914,0.59145,0.5914,0.5914,4
2026-03-12T00:16:00,0.5914,0.59155,0.5914,0.5915,10
2026-03-12T00:17:00,0.5915,0.59155,0.5915,0.59155,2
2026-03-12T00:18:00,0.5915,0.5915,0.59135,0.59145,18
2026-03-12T00:19:00,0.59135,0.59135,0.59135,0.59135,1
2026-03-12T00:20:00,0.5915,0.5915,0.5915,0.5915,4
2026-03-12T00:21:00,0.59155,0.59165,0.59155,0.5916,9
2026-03-12T00:22:00,0.5916,0.5916,0.5916,0.5916,4
2026-03-12T00:23:00,0.5917,0.5918,0.5917,0.5918,6
2026-03-12T00:24:00,0.592,0.59205,0.592,0.592,10
2026-03-12T00:25:00,0.592,0.592,0.59195,0.59195,13
2026-03-12T00:26:00,0.5918,0.59185,0.5918,0.59185,13
2026-03-12T00:28:00,0.592,0.5921,0.592,0.5921,11
2026-03-12T00:29:00,0.5921,0.59215,0.59205,0.59205,4
2026-03-12T00:30:00,0.59185,0.59185,0.59175,0.5918,15
2026-03-12T00:31:00,0.5918,0.5918,0.5918,0.5918,14
2026-03-12T00:32:00,0.5918,0.5918,0.5918,0.5918,2
2026-03-12T00:34:00,0.5919,0.5919,0.5919,0.5919,1
2026-03-12T00:35:00,0.59205,0.59205,0.59205,0.59205,1
2026-03-12T00:36:00,0.59205,0.5921,0.59205,0.5921,2
2026-03-12T00:38:00,0.59215,0.5922,0.59215,0.5922,2
2026-03-12T00:39:00,0.59215,0.59215,0.59215,0.59215,2
2026-03-12T00:40:00,0.59225,0.59235,0.59225,0.59235,6
2026-03-12T00:41:00,0.59235,0.59235,0.59235,0.59235,8
2026-03-12T00:45:00,0.5925,0.5925,0.5925,0.5925,2
2026-03-12T00:46:00,0.5925,0.5925,0.5925,0.5925,1
2026-03-12T00:47:00,0.5926,0.5927,0.5926,0.5927,3
2026-03-12T00:48:00,0.59275,0.59275,0.59275,0.59275,1
2026-03-12T00:49:00,0.5927,0.5927,0.5927,0.5927,4
2026-03-12T00:50:00,0.59265,0.59265,0.59265,0.59265,1
2026-03-12T00:51:00,0.5925,0.5925,0.59245,0.59245,3
2026-03-12T00:53:00,0.5925,0.59255,0.5925,0.59255,3
2026-03-12T00:54:00,0.59255,0.59255,0.5925,0.5925,12
2026-03-12T00:56:00,0.59255,0.59255,0.59255,0.59255,2
2026-03-12T00:57:00,0.59255,0.59255,0.59255,0.59255,1
2026-03-12T00:58:00,0.5926,0.59265,0.59255,0.59265,3
2026-03-12T00:59:00,0.5926,0.5926,0.59255,0.59255,5
2026-03-12T01:00:00,0.59245,0.59255,0.5924,0.59255,21
2026-03-12T01:01:00,0.5925,0.5927,0.5925,0.59265,35
2026-03-12T01:02:00,0.5927,0.59275,0.59265,0.59265,14
2026-03-12T01:03:00,0.59255,0.59255,0.5925,0.5925,11
2026-03-12T01:04:00,0.5925,0.5925,0.59235,0.59235,21
2026-03-12T01:05:00,0.5924,0.59245,0.5923,0.5923,8
2026-03-12T01:06:00,0.59225,0.59225,0.59215,0.59215,20
2026-03-12T01:07:00,0.5922,0.59235,0.5922,0.59235,2
2026-03-12T01:08:00,0.59225,0.5923,0.59225,0.5923,2
2026-03-12T01:09:00,0.59235,0.5924,0.5923,0.5924,3
2026-03-12T01:10:00,0.59245,0.59245,0.5924,0.5924,3
2026-03-12T01:11:00,0.59235,0.59235,0.59235,0.59235,1
2026-03-12T01:12:00,0.59235,0.59235,0.5923,0.5923,3
2026-03-12T01:13:00,0.59245,0.5925,0.59245,0.5925,2
2026-03-12T01:14:00,0.5925,0.59265,0.5925,0.59255,17
2026-03-12T01:15:00,0.59265,0.59275,0.5926,0.59275,3
2026-03-12T01:16:00,0.59265,0.59265,0.5926,0.5926,2
2026-03-12T01:17:00,0.59265,0.59265,0.59255,0.59255,3
2026-03-12T01:18:00,0.59255,0.5927,0.59255,0.5927,2
2026-03-12T01:19:00,0.5926,0.5926,0.5926,0.5926,2
2026-03-12T01:20:00,0.5926,0.5926,0.59255,0.59255,6
2026-03-12T01:21:00,0.59255,0.59255,0.59255,0.59255,3
2026-03-12T01:22:00,0.59265,0.59275,0.59265,0.59275,5
2026-03-12T01:23:00,0.59275,0.5928,0.59275,0.5928,5
2026-03-12T01:24:00,0.59275,0.59275,0.59275,0.59275,2
2026-03-12T01:25:00,0.59275,0.5928,0.59275,0.5928,4
2026-03-12T01:26:00,0.5928,0.5928,0.5928,0.5928,1
2026-03-12T01:27:00,0.5928,0.5928,0.5928,0.5928,1
2026-03-12T01:28:00,0.59285,0.59285,0.59285,0.59285,5
2026-03-12T01:29:00,0.5928,0.5928,0.5928,0.5928,3
2026-03-12T01:30:00,0.5929,0.5929,0.59285,0.59285,5
2026-03-12T01:31:00,0.5929,0.5929,0.59285,0.5929,5
2026-03-12T01:32:00,0.5929,0.5929,0.5929,0.5929,1
2026-03-12T01:33:00,0.59295,0.59295,0.59295,0.59295,6
2026-03-12T01:34:00,0.59295,0.593,0.59295,0.59295,3
2026-03-12T01:35:00,0.59295,0.593,0.59295,0.593,3
2026-03-12T01:36:00,0.59305,0.59305,0.59305,0.59305,3
2026-03-12T01:37:00,0.5932,0.5932,0.5932,0.5932,2
2026-03-12T01:38:00,0.5932,0.5933,0.5932,0.5933,6
2026-03-12T01:39:00,0.59335,0.59335,0.59335,0.59335,4
2026-03-12T01:40:00,0.5933,0.5933,0.59325,0.59325,3
2026-03-12T01:41:00,0.5933,0.5933,0.59325,0.59325,4
2026-03-12T01:42:00,0.5933,0.59335,0.5933,0.59335,7
2026-03-12T01:43:00,0.5933,0.5933,0.5933,0.5933,4
2026-03-12T01:44:00,0.59315,0.59315,0.59315,0.59315,1
2026-03-12T01:45:00,0.5932,0.5932,0.59305,0.59305,3
2026-03-12T01:46:00,0.59305,0.59305,0.59305,0.59305,5
2026-03-12T01:47:00,0.59305,0.5932,0.59305,0.5932,4
2026-03-12T01:48:00,0.5932,0.5932,0.59315,0.5932,3
2026-03-12T01:49:00,0.59315,0.5932,0.59315,0.5932,3
2026-03-12T01:50:00,0.5932,0.5932,0.59315,0.59315,12
2026-03-12T01:51:00,0.59305,0.59305,0.59295,0.59295,6
2026-03-12T01:52:00,0.59295,0.59295,0.5928,0.5928,8
2026-03-12T01:53:00,0.5928,0.5928,0.5927,0.5927,13
2026-03-12T01:54:00,0.5927,0.5927,0.59265,0.59265,3
2026-03-12T01:55:00,0.5927,0.59275,0.5927,0.59275,3
2026-03-12T01:56:00,0.5927,0.5927,0.59265,0.59265,3
2026-03-12T01:58:00,0.59265,0.59265,0.59265,0.59265,2
2026-03-12T01:59:00,0.59275,0.5928,0.59275,0.5928,9
2026-03-12T02:00:00,0.5928,0.59285,0.5928,0.5928,10
2026-03-12T02:01:00,0.59275,0.5928,0.59275,0.5928,5
2026-03-12T02:02:00,0.5929,0.59295,0.5929,0.59295,2
2026-03-12T02:03:00,0.59295,0.59295,0.5929,0.5929,10
2026-03-12T02:04:00,0.59295,0.593,0.59295,0.593,14
2026-03-12T02:05:00,0.59295,0.593,0.59295,0.59295,4
2026-03-12T02:06:00,0.593,0.593,0.593,0.593,2
2026-03-12T02:07:00,0.5929,0.5929,0.5929,0.5929,2
2026-03-12T02:09:00,0.5929,0.5929,0.5929,0.5929,2
2026-03-12T02:10:00,0.59285,0.59285,0.59285,0.59285,1
2026-03-12T02:11:00,0.5928,0.5928,0.5927,0.5927,6
2026-03-12T02:12:00,0.59285,0.59285,0.59285,0.59285,2
2026-03-12T02:13:00,0.59285,0.59285,0.59285,0.59285,2
2026-03-12T02:14:00,0.5927,0.59275,0.5927,0.59275,6
2026-03-12T02:16:00,0.59265,0.5927,0.59265,0.5927,2
2026-03-12T02:17:00,0.5928,0.5928,0.5928,0.5928,1
2026-03-12T02:18:00,0.59275,0.59275,0.5926,0.59265,7
2026-03-12T02:19:00,0.59265,0.59265,0.59265,0.59265,1
2026-03-12T02:20:00,0.59265,0.59265,0.5926,0.5926,5
2026-03-12T02:21:00,0.5926,0.59265,0.5926,0.59265,3
2026-03-12T02:22:00,0.59265,0.59265,0.5925,0.5925,9
2026-03-12T02:23:00,0.5925,0.5925,0.5925,0.5925,1
2026-03-12T02:25:00,0.5925,0.5925,0.5925,0.5925,3
2026-03-12T02:27:00,0.59245,0.59245,0.59245,0.59245,3
2026-03-12T02:28:00,0.59235,0.59235,0.59235,0.59235,3
2026-03-12T02:30:00,0.59225,0.59225,0.59225,0.59225,4
2026-03-12T02:31:00,0.5923,0.59235,0.5923,0.59235,2
2026-03-12T02:32:00,0.59235,0.59235,0.59235,0.59235,5
2026-03-12T02:33:00,0.5923,0.5923,0.5922,0.5922,6
2026-03-12T02:34:00,0.5921,0.5921,0.59195,0.59195,5
2026-03-12T02:35:00,0.59195,0.59195,0.5918,0.5918,5
2026-03-12T02:36:00,0.5917,0.5917,0.59155,0.59155,11
2026-03-12T02:37:00,0.59165,0.59175,0.59165,0.59175,9
2026-03-12T02:38:00,0.5918,0.59185,0.59175,0.59175,11
2026-03-12T02:39:00,0.5917,0.59175,0.5917,0.59175,9
2026-03-12T02:40:00,0.5918,0.5919,0.59175,0.5919,8
2026-03-12T02:41:00,0.5919,0.592,0.5919,0.592,6
2026-03-12T02:42:00,0.59195,0.59195,0.5919,0.59195,5
2026-03-12T02:43:00,0.59195,0.592,0.59195,0.592,6
2026-03-12T02:44:00,0.592,0.592,0.59195,0.59195,3
2026-03-12T02:45:00,0.592,0.59205,0.592,0.59205,4
2026-03-12T02:46:00,0.592,0.592,0.592,0.592,2
2026-03-12T02:47:00,0.59185,0.59185,0.5918,0.5918,6
2026-03-12T02:48:00,0.59195,0.592,0.5919,0.5919,8
2026-03-12T02:49:00,0.5919,0.5919,0.5919,0.5919,3
2026-03-12T02:50:00,0.59195,0.592,0.59195,0.592,3
2026-03-12T02:51:00,0.592,0.592,0.592,0.592,2
2026-03-12T02:52:00,0.59205,0.59205,0.592,0.59205,6
2026-03-12T02:53:00,0.59205,0.5922,0.59205,0.5922,5
2026-03-12T02:54:00,0.5922,0.5922,0.5922,0.5922,3
2026-03-12T02:55:00,0.59225,0.59225,0.59225,0.59225,1
2026-03-12T02:56:00,0.59225,0.59225,0.59225,0.59225,2
2026-03-12T02:57:00,0.5924,0.5924,0.5923,0.5923,3
2026-03-12T02:58:00,0.59235,0.59245,0.59235,0.59245,7
2026-03-12T02:59:00,0.59245,0.59245,0.5924,0.5924,5
2026-03-12T03:00:00,0.59225,0.5923,0.59205,0.59205,34
2026-03-12T03:01:00,0.59205,0.59205,0.59205,0.59205,4
2026-03-12T03:02:00,0.59205,0.59225,0.59205,0.59225,7
2026-03-12T03:03:00,0.5921,0.5921,0.5921,0.5921,1
2026-03-12T03:04:00,0.5921,0.5921,0.59195,0.59195,9
2026-03-12T03:05:00,0.59195,0.59195,0.5917,0.59175,16
2026-03-12T03:06:00,0.59175,0.59175,0.5917,0.5917,4
2026-03-12T03:07:00,0.5917,0.5918,0.59165,0.5918,28
2026-03-12T03:08:00,0.59185,0.59185,0.59185,0.59185,1
2026-03-12T03:09:00,0.59175,0.59185,0.5917,0.59185,6
2026-03-12T03:10:00,0.59185,0.59185,0.5918,0.5918,15
2026-03-12T03:11:00,0.5919,0.5919,0.59185,0.59185,7
2026-03-12T03:12:00,0.59185,0.5919,0.59175,0.5918,17
2026-03-12T03:13:00,0.59165,0.59165,0.5916,0.5916,5
2026-03-12T03:14:00,0.5916,0.59165,0.5916,0.59165,2
2026-03-12T03:16:00,0.59165,0.59165,0.59165,0.59165,1
2026-03-12T03:17:00,0.5916,0.59175,0.5916,0.59175,18
2026-03-12T03:18:00,0.5919,0.5919,0.59185,0.5919,5
2026-03-12T03:20:00,0.592,0.5921,0.592,0.5921,4
2026-03-12T03:21:00,0.592,0.592,0.592,0.592,2
2026-03-12T03:22:00,0.592,0.59205,0.592,0.59205,3
2026-03-12T03:23:00,0.59205,0.59205,0.59205,0.59205,2
2026-03-12T03:24:00,0.5921,0.5921,0.5921,0.5921,2
2026-03-12T03:25:00,0.5921,0.5921,0.5921,0.5921,2
2026-03-12T03:26:00,0.59205,0.59205,0.59195,0.59195,9
2026-03-12T03:27:00,0.59195,0.59195,0.59195,0.59195,2
2026-03-12T03:28:00,0.592,0.592,0.592,0.592,1
2026-03-12T03:29:00,0.592,0.592,0.592,0.592,2
2026-03-12T03:30:00,0.59205,0.5921,0.59205,0.5921,3
2026-03-12T03:31:00,0.59215,0.59215,0.59205,0.59215,7
2026-03-12T03:32:00,0.59215,0.5922,0.59215,0.59215,3
2026-03-12T03:33:00,0.5922,0.5922,0.5922,0.5922,2
2026-03-12T03:34:00,0.5922,0.59225,0.5922,0.59225,2
2026-03-12T03:35:00,0.59225,0.59225,0.59215,0.59215,4
2026-03-12T03:36:00,0.59225,0.5923,0.59225,0.5923,6
2026-03-12T03:37:00,0.59215,0.59215,0.59215,0.59215,1
2026-03-12T03:38:00,0.5921,0.59215,0.5921,0.59215,2
2026-03-12T03:39:00,0.5922,0.5922,0.5922,0.5922,4
2026-03-12T03:40:00,0.5923,0.59235,0.5923,0.59235,6
2026-03-12T03:41:00,0.5924,0.59245,0.5924,0.59245,3
2026-03-12T03:42:00,0.59255,0.59255,0.5925,0.5925,2
2026-03-12T03:43:00,0.5925,0.5925,0.5925,0.5925,1
2026-03-12T03:44:00,0.59255,0.59255,0.59255,0.59255,1
2026-03-12T03:45:00,0.59255,0.59255,0.59255,0.59255,2
2026-03-12T03:46:00,0.59265,0.59265,0.59265,0.59265,1
2026-03-12T03:47:00,0.59255,0.59255,0.59255,0.59255,2
2026-03-12T03:49:00,0.59255,0.5926,0.59255,0.5926,5
2026-03-12T03:50:00,0.59265,0.5927,0.59265,0.5927,3
2026-03-12T03:51:00,0.59275,0.59285,0.59275,0.59285,6
2026-03-12T03:52:00,0.5928,0.5928,0.59275,0.59275,3
2026-03-12T03:53:00,0.5927,0.5927,0.59265,0.59265,2
2026-03-12T03:54:00,0.5926,0.5926,0.5926,0.5926,1
2026-03-12T03:55:00,0.5926,0.5926,0.5926,0.5926,1
2026-03-12T03:56:00,0.5926,0.5926,0.5926,0.5926,1
2026-03-12T03:59:00,0.5926,0.59265,0.5926,0.59265,2
2026-03-12T04:00:00,0.59265,0.59265,0.59265,0.59265,2
2026-03-12T04:01:00,0.5926,0.5926,0.5926,0.5926,1
2026-03-12T04:02:00,0.5925,0.5925,0.5925,0.5925,1
2026-03-12T04:04:00,0.5925,0.5925,0.5925,0.5925,6
2026-03-12T04:05:00,0.59265,0.59265,0.59265,0.59265,3
2026-03-12T04:07:00,0.5926,0.5926,0.5926,0.5926,1
2026-03-12T04:11:00,0.59245,0.59245,0.59245,0.59245,5
2026-03-12T04:13:00,0.5925,0.59255,0.5925,0.59255,13
2026-03-12T04:15:00,0.5925,0.59255,0.5925,0.59255,2
2026-03-12T04:16:00,0.59255,0.59255,0.59255,0.59255,2
2026-03-12T04:18:00,0.5925,0.5925,0.5925,0.5925,1
2026-03-12T04:19:00,0.5925,0.59265,0.5924,0.59265,86
2026-03-12T04:20:00,0.59265,0.59265,0.59265,0.59265,2
2026-03-12T04:22:00,0.5925,0.5925,0.5925,0.5925,3
2026-03-12T04:24:00,0.5924,0.5924,0.59235,0.59235,4
2026-03-12T04:25:00,0.5923,0.59235,0.5923,0.59235,6
2026-03-12T04:27:00,0.5923,0.5923,0.5923,0.5923,1
2026-03-12T04:28:00,0.59235,0.59235,0.59235,0.59235,2
2026-03-12T04:29:00,0.59235,0.59235,0.59235,0.59235,2
2026-03-12T04:30:00,0.5923,0.5923,0.5923,0.5923,5
2026-03-12T04:32:00,0.5922,0.5922,0.59215,0.59215,2
2026-03-12T04:33:00,0.5921,0.5921,0.5921,0.5921,2
2026-03-12T04:34:00,0.592,0.592,0.5919,0.5919,3
2026-03-12T04:35:00,0.5919,0.59195,0.5919,0.59195,4
2026-03-12T04:36:00,0.59185,0.59185,0.59185,0.59185,1
2026-03-12T04:39:00,0.59195,0.59195,0.59195,0.59195,1
2026-03-12T04:40:00,0.59195,0.59195,0.59195,0.59195,4
2026-03-12T04:41:00,0.59195,0.59195,0.59195,0.59195,2
2026-03-12T04:42:00,0.59195,0.59195,0.59195,0.59195,2
2026-03-12T04:43:00,0.59195,0.592,0.59195,0.592,3
2026-03-12T04:44:00,0.59195,0.59195,0.59195,0.59195,2
2026-03-12T04:45:00,0.59195,0.59195,0.59195,0.59195,2
2026-03-12T04:46:00,0.592,0.592,0.592,0.592,7
2026-03-12T04:47:00,0.59195,0.59195,0.59195,0.59195,1
2026-03-12T04:48:00,0.5919,0.5919,0.5919,0.5919,1
2026-03-12T04:49:00,0.5919,0.5919,0.59185,0.59185,9
2026-03-12T04:51:00,0.59195,0.59195,0.59185,0.5919,4
2026-03-12T04:52:00,0.59195,0.592,0.59195,0.592,3
2026-03-12T04:53:00,0.59195,0.59195,0.59195,0.59195,2
2026-03-12T04:54:00,0.592,0.592,0.592,0.592,2
2026-03-12T04:55:00,0.59195,0.592,0.59195,0.592,3
2026-03-12T04:56:00,0.592,0.592,0.592,0.592,2
2026-03-12T04:57:00,0.592,0.592,0.59195,0.592,6
2026-03-12T04:59:00,0.59195,0.59195,0.59195,0.59195,2
2026-03-12T05:00:00,0.592,0.592,0.592,0.592,2
2026-03-12T05:01:00,0.592,0.592,0.592,0.592,4
2026-03-12T05:02:00,0.59195,0.59235,0.59195,0.59235,8
2026-03-12T05:03:00,0.59235,0.5925,0.59235,0.59245,21
2026-03-12T05:04:00,0.5923,0.59235,0.59225,0.59225,7
2026-03-12T05:06:00,0.59225,0.59235,0.5922,0.5922,7
2026-03-12T05:08:00,0.59255,0.5926,0.59255,0.5926,4
2026-03-12T05:09:00,0.59255,0.5926,0.59255,0.5926,3
2026-03-12T05:10:00,0.5925,0.5925,0.5925,0.5925,1
2026-03-12T05:11:00,0.59255,0.59255,0.59245,0.59245,3
2026-03-12T05:12:00,0.59245,0.59245,0.59225,0.59225,3
2026-03-12T05:13:00,0.5923,0.5923,0.59195,0.59195,5
2026-03-12T05:14:00,0.592,0.592,0.59195,0.592,3
2026-03-12T05:15:00,0.59205,0.59205,0.59205,0.59205,1
2026-03-12T05:16:00,0.592,0.59205,0.592,0.592,4
2026-03-12T05:17:00,0.59205,0.5922,0.59205,0.5922,3
2026-03-12T05:18:00,0.59225,0.59225,0.5922,0.5922,8
2026-03-12T05:19:00,0.5921,0.5921,0.5921,0.5921,2
2026-03-12T05:20:00,0.592,0.592,0.592,0.592,3
2026-03-12T05:21:00,0.5921,0.5921,0.5921,0.5921,1
2026-03-12T05:22:00,0.592,0.592,0.592,0.592,2
2026-03-12T05:23:00,0.5921,0.5921,0.5921,0.5921,1
2026-03-12T05:24:00,0.5921,0.5921,0.59205,0.5921,8
2026-03-12T05:25:00,0.5919,0.5919,0.59185,0.59185,9
2026-03-12T05:26:00,0.5919,0.5919,0.59185,0.5919,7
2026-03-12T05:27:00,0.59195,0.592,0.59195,0.592,4
2026-03-12T05:28:00,0.592,0.592,0.59195,0.59195,4
2026-03-12T05:30:00,0.592,0.59205,0.592,0.59205,3
2026-03-12T05:31:00,0.59205,0.59205,0.592,0.59205,6
2026-03-12T05:34:00,0.5921,0.5921,0.5921,0.5921,1
2026-03-12T05:35:00,0.592,0.592,0.592,0.592,4
2026-03-12T05:37:00,0.59195,0.59195,0.59195,0.59195,4
2026-03-12T05:38:00,0.5919,0.5919,0.5919,0.5919,2
2026-03-12T05:43:00,0.5923,0.5923,0.5922,0.5922,5
2026-03-12T05:44:00,0.5922,0.5922,0.5922,0.5922,2
2026-03-12T05:45:00,0.59225,0.5923,0.59225,0.5923,2
2026-03-12T05:46:00,0.59225,0.59225,0.5922,0.59225,5
2026-03-12T05:47:00,0.5922,0.5922,0.5921,0.5921,2
2026-03-12T05:48:00,0.5921,0.5921,0.59195,0.59195,27
2026-03-12T05:49:00,0.592,0.592,0.5919,0.5919,3
2026-03-12T05:50:00,0.5918,0.5918,0.5918,0.5918,5
2026-03-12T05:51:00,0.59175,0.59175,0.5917,0.5917,4
2026-03-12T05:52:00,0.59165,0.59165,0.59165,0.59165,7
2026-03-12T05:53:00,0.5917,0.5917,0.5917,0.5917,1
2026-03-12T05:54:00,0.59175,0.59175,0.5917,0.5917,3
2026-03-12T05:55:00,0.5917,0.5917,0.5916,0.5916,3
2026-03-12T05:56:00,0.5916,0.5916,0.5916,0.5916,1
2026-03-12T05:58:00,0.5918,0.5918,0.5918,0.5918,1
2026-03-12T05:59:00,0.59185,0.59185,0.59185,0.59185,3
2026-03-12T06:00:00,0.5918,0.59185,0.5918,0.59185,11
2026-03-12T06:01:00,0.5919,0.5921,0.5919,0.5921,13
2026-03-12T06:02:00,0.59205,0.59215,0.59205,0.59215,7
2026-03-12T06:03:00,0.59215,0.59215,0.59215,0.59215,3
2026-03-12T06:05:00,0.59215,0.59215,0.59215,0.59215,1
2026-03-12T06:06:00,0.59215,0.59215,0.59215,0.59215,3
2026-03-12T06:07:00,0.59215,0.5922,0.59215,0.59215,16
2026-03-12T06:08:00,0.5921,0.5921,0.5921,0.5921,2
2026-03-12T06:09:00,0.59195,0.59195,0.5919,0.5919,4
2026-03-12T06:10:00,0.5919,0.59195,0.59165,0.59185,38
2026-03-12T06:11:00,0.59195,0.592,0.59195,0.592,6
2026-03-12T06:12:00,0.59185,0.59185,0.59185,0.59185,3
2026-03-12T06:14:00,0.5918,0.5919,0.5918,0.5919,4
2026-03-12T06:15:00,0.592,0.592,0.59195,0.592,12
2026-03-12T06:16:00,0.592,0.592,0.592,0.592,5
2026-03-12T06:17:00,0.592,0.59205,0.592,0.59205,19
2026-03-12T06:18:00,0.592,0.592,0.592,0.592,2
2026-03-12T06:20:00,0.5918,0.5918,0.5918,0.5918,1
2026-03-12T06:22:00,0.5919,0.592,0.5919,0.592,6
2026-03-12T06:23:00,0.5921,0.5922,0.5921,0.59215,14
2026-03-12T06:24:00,0.5921,0.59215,0.5921,0.59215,6
2026-03-12T06:25:00,0.5922,0.5922,0.59195,0.59205,84
2026-03-12T06:26:00,0.5921,0.5924,0.5921,0.59235,76
2026-03-12T06:27:00,0.59235,0.59245,0.59235,0.59245,3
2026-03-12T06:28:00,0.59245,0.59245,0.5924,0.5924,9
2026-03-12T06:30:00,0.59255,0.59255,0.59255,0.59255,2
2026-03-12T06:31:00,0.59245,0.59245,0.59245,0.59245,1
2026-03-12T06:32:00,0.59255,0.59255,0.59255,0.59255,2
2026-03-12T06:33:00,0.5927,0.5927,0.59265,0.59265,64
2026-03-12T06:35:00,0.5926,0.5926,0.5926,0.5926,2
2026-03-12T06:36:00,0.5926,0.59265,0.5926,0.59265,3
2026-03-12T06:37:00,0.59265,0.5927,0.5926,0.5927,12
2026-03-12T06:38:00,0.5927,0.5927,0.5926,0.5926,55
2026-03-12T06:39:00,0.59255,0.59255,0.5925,0.5925,26
2026-03-12T06:40:00,0.5925,0.5926,0.5925,0.5926,7
2026-03-12T06:42:00,0.5926,0.5926,0.5926,0.5926,2
2026-03-12T06:43:00,0.5926,0.59265,0.5926,0.59265,7
2026-03-12T06:44:00,0.5927,0.5927,0.59265,0.59265,3
2026-03-12T06:45:00,0.59265,0.5927,0.59265,0.5927,2
2026-03-12T06:47:00,0.59265,0.59265,0.59265,0.59265,2
2026-03-12T06:48:00,0.5927,0.59275,0.5927,0.59275,5
2026-03-12T06:49:00,0.5926,0.5926,0.5926,0.5926,1
2026-03-12T06:50:00,0.5926,0.5926,0.59255,0.59255,8
2026-03-12T06:51:00,0.5925,0.5925,0.5925,0.5925,4
2026-03-12T06:52:00,0.59245,0.5925,0.59245,0.5925,2
2026-03-12T06:54:00,0.59245,0.5925,0.59245,0.5925,4
2026-03-12T06:58:00,0.5925,0.5925,0.59245,0.59245,2
2026-03-12T07:00:00,0.5924,0.5925,0.59235,0.5925,24
2026-03-12T07:01:00,0.59245,0.59255,0.59245,0.59245,7
2026-03-12T07:02:00,0.5925,0.59265,0.5925,0.59255,13
2026-03-12T07:03:00,0.59255,0.5926,0.59255,0.5926,3
2026-03-12T07:04:00,0.5926,0.5926,0.5926,0.5926,1
2026-03-12T07:05:00,0.59255,0.59265,0.59255,0.59265,2
2026-03-12T07:06:00,0.5926,0.5926,0.5926,0.5926,2
2026-03-12T07:07:00,0.5926,0.5926,0.5926,0.5926,7
2026-03-12T07:09:00,0.5924,0.5924,0.5924,0.5924,7
2026-03-12T07:10:00,0.59245,0.5925,0.59245,0.5925,5
2026-03-12T07:11:00,0.59245,0.59255,0.59245,0.59255,4
2026-03-12T07:12:00,0.59255,0.59255,0.5925,0.5925,4
2026-03-12T07:13:00,0.59245,0.59245,0.59245,0.59245,4
2026-03-12T07:14:00,0.59255,0.59255,0.59255,0.59255,6
2026-03-12T07:15:00,0.5925,0.5925,0.5925,0.5925,1
2026-03-12T07:16:00,0.59235,0.59235,0.59235,0.59235,3
2026-03-12T07:17:00,0.5923,0.5923,0.59225,0.59225,4
2026-03-12T07:18:00,0.5923,0.5924,0.5923,0.5924,6
2026-03-12T07:19:00,0.5924,0.5924,0.59235,0.59235,4
2026-03-12T07:20:00,0.5924,0.5924,0.5924,0.5924,1
2026-03-12T07:21:00,0.59235,0.59235,0.59235,0.59235,3
2026-03-12T07:22:00,0.59235,0.59235,0.59225,0.59225,3
2026-03-12T07:23:00,0.5923,0.5923,0.5923,0.5923,1
2026-03-12T07:25:00,0.59235,0.59235,0.59235,0.59235,2
2026-03-12T07:27:00,0.5924,0.5924,0.59235,0.59235,8
2026-03-12T07:28:00,0.5923,0.5923,0.5923,0.5923,1
2026-03-12T07:29:00,0.5923,0.5923,0.59225,0.59225,5
2026-03-12T07:30:00,0.59225,0.59225,0.59225,0.59225,21
2026-03-12T07:31:00,0.59215,0.5922,0.59215,0.5922,2
2026-03-12T07:32:00,0.592,0.592,0.59185,0.59185,20
2026-03-12T07:33:00,0.59185,0.59195,0.59185,0.59195,3
2026-03-12T07:34:00,0.5917,0.5917,0.5916,0.5917,9
2026-03-12T07:35:00,0.59165,0.59165,0.59165,0.59165,1
2026-03-12T07:36:00,0.59175,0.59175,0.59175,0.59175,1
2026-03-12T07:37:00,0.59175,0.59185,0.59175,0.59185,3
2026-03-12T07:38:00,0.59185,0.59185,0.59185,0.59185,2
2026-03-12T07:39:00,0.5919,0.5919,0.5919,0.5919,1
2026-03-12T07:41:00,0.5918,0.5918,0.5918,0.5918,1
2026-03-12T07:42:00,0.59195,0.5921,0.59195,0.5921,7
2026-03-12T07:43:00,0.59205,0.59205,0.59205,0.59205,1
2026-03-12T07:44:00,0.59215,0.59215,0.59215,0.59215,1
2026-03-12T07:45:00,0.5921,0.59215,0.5921,0.59215,6
2026-03-12T07:46:00,0.5923,0.5923,0.5923,0.5923,5
2026-03-12T07:47:00,0.5922,0.5922,0.5922,0.5922,3
2026-03-12T07:48:00,0.59215,0.59215,0.592,0.592,10
2026-03-12T07:50:00,0.592,0.592,0.59195,0.59195,2
2026-03-12T07:51:00,0.592,0.592,0.592,0.592,2
2026-03-12T07:52:00,0.59205,0.59205,0.59205,0.59205,1
2026-03-12T07:53:00,0.5921,0.5921,0.5921,0.5921,1
2026-03-12T07:54:00,0.59215,0.59225,0.59215,0.59225,3
2026-03-12T07:55:00,0.5923,0.5924,0.5923,0.59235,6
2026-03-12T07:56:00,0.5924,0.5924,0.5924,0.5924,2
2026-03-12T07:57:00,0.5924,0.59245,0.5924,0.59245,3
2026-03-12T07:58:00,0.59235,0.59235,0.59235,0.59235,1
2026-03-12T07:59:00,0.59235,0.59255,0.59235,0.59255,5
2026-03-12T08:00:00,0.59265,0.59275,0.59265,0.59275,5
2026-03-12T08:01:00,0.5928,0.5928,0.5928,0.5928,1
2026-03-12T08:02:00,0.5927,0.59275,0.5927,0.5927,4
2026-03-12T08:03:00,0.5928,0.5929,0.5928,0.59285,16
2026-03-12T08:04:00,0.59285,0.59285,0.5928,0.59285,12
2026-03-12T08:05:00,0.59285,0.59295,0.59275,0.59295,16
2026-03-12T08:06:00,0.59295,0.59295,0.5928,0.5928,9
2026-03-12T08:07:00,0.5929,0.593,0.5929,0.5929,9
2026-03-12T08:08:00,0.59295,0.5931,0.59295,0.5931,5
2026-03-12T08:09:00,0.593,0.593,0.593,0.593,2
2026-03-12T08:10:00,0.59305,0.59315,0.593,0.59315,8
2026-03-12T08:11:00,0.5931,0.5931,0.59305,0.5931,13
2026-03-12T08:12:00,0.59305,0.59305,0.593,0.593,6
2026-03-12T08:13:00,0.5931,0.5931,0.5931,0.5931,2
2026-03-12T08:14:00,0.59305,0.59305,0.59295,0.59295,13
2026-03-12T08:15:00,0.59295,0.59305,0.59295,0.59305,3
2026-03-12T08:16:00,0.5931,0.59315,0.5931,0.5931,9
2026-03-12T08:17:00,0.59305,0.5931,0.59295,0.5931,4
2026-03-12T08:18:00,0.59305,0.59315,0.59305,0.5931,6
2026-03-12T08:19:00,0.59315,0.59315,0.59305,0.59305,3
2026-03-12T08:20:00,0.5929,0.5929,0.59285,0.59285,6
2026-03-12T08:21:00,0.5927,0.59275,0.5927,0.5927,4
2026-03-12T08:22:00,0.59275,0.59275,0.59265,0.5927,3
2026-03-12T08:23:00,0.59265,0.59265,0.59265,0.59265,1
2026-03-12T08:24:00,0.5927,0.5927,0.59265,0.59265,7
2026-03-12T08:25:00,0.59265,0.5927,0.59265,0.5927,3
2026-03-12T08:26:00,0.5927,0.5928,0.5927,0.5928,9
2026-03-12T08:27:00,0.59285,0.5929,0.59285,0.5929,20
2026-03-12T08:29:00,0.5927,0.59275,0.5926,0.5926,14
2026-03-12T08:30:00,0.59255,0.59275,0.59255,0.59275,24
2026-03-12T08:31:00,0.5927,0.59275,0.59265,0.59265,11
2026-03-12T08:32:00,0.59265,0.59265,0.59265,0.59265,6
2026-03-12T08:33:00,0.59265,0.59265,0.59245,0.5925,15
2026-03-12T08:34:00,0.5925,0.59265,0.5925,0.59265,17
2026-03-12T08:35:00,0.59265,0.5927,0.59265,0.5927,11
2026-03-12T08:36:00,0.5927,0.5927,0.59265,0.5927,7
2026-03-12T08:37:00,0.59265,0.59265,0.59265,0.59265,3
2026-03-12T08:38:00,0.59265,0.59265,0.5925,0.5925,10
2026-03-12T08:39:00,0.5925,0.5925,0.59245,0.59245,6
2026-03-12T08:40:00,0.5924,0.5924,0.5923,0.5923,6
2026-03-12T08:41:00,0.5923,0.5923,0.59225,0.59225,4
2026-03-12T08:42:00,0.5923,0.5924,0.5923,0.5924,11
2026-03-12T08:43:00,0.5925,0.59255,0.5925,0.59255,6
2026-03-12T08:44:00,0.5925,0.5925,0.59245,0.5925,74
2026-03-12T08:45:00,0.59255,0.59255,0.5925,0.59255,7
2026-03-12T08:46:00,0.5925,0.5925,0.5925,0.5925,4
2026-03-12T08:47:00,0.5925,0.5925,0.5924,0.5924,22
2026-03-12T08:48:00,0.59235,0.5925,0.5923,0.5925,12
2026-03-12T08:49:00,0.5925,0.5926,0.5925,0.5926,7
2026-03-12T08:50:00,0.5925,0.59255,0.5925,0.5925,8
2026-03-12T08:51:00,0.59245,0.59245,0.59245,0.59245,1
2026-03-12T08:52:00,0.59235,0.59235,0.5922,0.5922,10
2026-03-12T08:53:00,0.5923,0.5923,0.5923,0.5923,4
2026-03-12T08:54:00,0.59215,0.59215,0.59205,0.5921,6
2026-03-12T08:55:00,0.5921,0.5921,0.592,0.592,5
2026-03-12T08:56:00,0.59195,0.592,0.59195,0.592,4
2026-03-12T08:57:00,0.5921,0.59215,0.5921,0.59215,5
2026-03-12T08:58:00,0.5921,0.5921,0.5921,0.5921,2
2026-03-12T08:59:00,0.59215,0.59215,0.59215,0.59215,1
2026-03-12T09:00:00,0.5922,0.5922,0.59205,0.59205,8
2026-03-12T09:01:00,0.59205,0.59205,0.592,0.59205,13
2026-03-12T09:02:00,0.59215,0.59215,0.59215,0.59215,4
2026-03-12T09:03:00,0.59215,0.5923,0.5921,0.5923,16
2026-03-12T09:04:00,0.5923,0.5923,0.5923,0.5923,3
2026-03-12T09:06:00,0.59225,0.59225,0.5921,0.5921,4
2026-03-12T09:07:00,0.592,0.592,0.592,0.592,3
2026-03-12T09:08:00,0.592,0.592,0.59195,0.592,3
2026-03-12T09:09:00,0.592,0.5921,0.592,0.592,6
2026-03-12T09:10:00,0.5919,0.5919,0.5919,0.5919,2
2026-03-12T09:11:00,0.59185,0.59185,0.5918,0.5918,3
2026-03-12T09:12:00,0.59195,0.59195,0.5918,0.5918,4
2026-03-12T09:13:00,0.59185,0.59185,0.59185,0.59185,1
2026-03-12T09:14:00,0.5917,0.59175,0.59165,0.59175,7
2026-03-12T09:15:00,0.5917,0.5917,0.59165,0.5917,5
2026-03-12T09:16:00,0.59175,0.5918,0.59175,0.5918,3
2026-03-12T09:17:00,0.59175,0.5918,0.59175,0.5918,2
2026-03-12T09:18:00,0.59175,0.5918,0.5917,0.59175,8
2026-03-12T09:19:00,0.5917,0.59175,0.5917,0.5917,7
2026-03-12T09:20:00,0.59165,0.59165,0.59155,0.5916,9
2026-03-12T09:21:00,0.5916,0.5916,0.59155,0.5916,20
2026-03-12T09:22:00,0.59155,0.59155,0.59155,0.59155,1
2026-03-12T09:24:00,0.5918,0.59185,0.5918,0.59185,8
2026-03-12T09:25:00,0.5918,0.5918,0.59175,0.5918,9
2026-03-12T09:26:00,0.592,0.592,0.5919,0.5919,7
2026-03-12T09:27:00,0.59205,0.59205,0.592,0.592,6
2026-03-12T09:28:00,0.59205,0.59205,0.59195,0.59195,7
2026-03-12T09:29:00,0.592,0.59215,0.592,0.59215,6
2026-03-12T09:30:00,0.59215,0.59225,0.59215,0.59225,5
2026-03-12T09:31:00,0.5924,0.5924,0.5924,0.5924,2
2026-03-12T09:32:00,0.5923,0.5923,0.59225,0.5923,3
2026-03-12T09:33:00,0.59245,0.59245,0.59245,0.59245,1
2026-03-12T09:34:00,0.59245,0.59245,0.5924,0.5924,5
2026-03-12T09:35:00,0.5925,0.5925,0.5923,0.59235,10
2026-03-12T09:36:00,0.59245,0.5925,0.5924,0.59245,6
2026-03-12T09:37:00,0.5924,0.59245,0.59235,0.59245,5
2026-03-12T09:39:00,0.5924,0.5924,0.59235,0.59235,4
2026-03-12T09:40:00,0.5925,0.5926,0.5925,0.59255,20
2026-03-12T09:41:00,0.59265,0.59265,0.59265,0.59265,1
2026-03-12T09:42:00,0.59275,0.59275,0.59275,0.59275,2
2026-03-12T09:43:00,0.5927,0.5927,0.5926,0.5926,7
2026-03-12T09:44:00,0.59275,0.59285,0.59275,0.59285,4
2026-03-12T09:45:00,0.5929,0.5929,0.5928,0.5928,6
2026-03-12T09:46:00,0.59275,0.59275,0.59265,0.59275,6
2026-03-12T09:47:00,0.5927,0.5927,0.59265,0.59265,8
2026-03-12T09:48:00,0.59275,0.59275,0.59265,0.59265,5
2026-03-12T09:49:00,0.59275,0.5928,0.59275,0.5928,6
2026-03-12T09:50:00,0.5928,0.5928,0.59275,0.59275,5
2026-03-12T09:51:00,0.5928,0.59285,0.5928,0.59285,5
2026-03-12T09:52:00,0.59295,0.59295,0.5929,0.5929,5
2026-03-12T09:53:00,0.59285,0.59285,0.59275,0.59285,4
2026-03-12T09:54:00,0.5929,0.5929,0.59285,0.59285,2
2026-03-12T09:55:00,0.59285,0.59285,0.5928,0.5928,2
2026-03-12T09:56:00,0.5928,0.5928,0.5928,0.5928,1
2026-03-12T09:57:00,0.59285,0.5929,0.59285,0.5929,2
2026-03-12T09:58:00,0.59295,0.59295,0.59285,0.59285,7
2026-03-12T09:59:00,0.5928,0.59285,0.59275,0.59285,7
2026-03-12T10:00:00,0.59285,0.5929,0.5928,0.59285,15
2026-03-12T10:01:00,0.5929,0.5929,0.5928,0.5928,15
2026-03-12T10:02:00,0.5928,0.5929,0.5928,0.59285,19
2026-03-12T10:03:00,0.59285,0.5929,0.5928,0.5929,7
2026-03-12T10:04:00,0.5929,0.5929,0.59285,0.59285,5
2026-03-12T10:05:00,0.5928,0.59285,0.5928,0.59285,7
2026-03-12T10:06:00,0.59285,0.59285,0.5928,0.5928,8
2026-03-12T10:07:00,0.59265,0.5927,0.5926,0.5927,3
2026-03-12T10:08:00,0.5927,0.5927,0.59255,0.59255,10
2026-03-12T10:09:00,0.59245,0.59245,0.5924,0.5924,7
2026-03-12T10:10:00,0.59245,0.59245,0.5924,0.5924,8
2026-03-12T10:11:00,0.5925,0.5925,0.5925,0.5925,4
2026-03-12T10:12:00,0.5925,0.59255,0.59245,0.59255,7
2026-03-12T10:13:00,0.59255,0.59255,0.5924,0.5924,24
2026-03-12T10:14:00,0.5925,0.5925,0.59245,0.59245,6
2026-03-12T10:15:00,0.5924,0.5924,0.59225,0.59225,13
2026-03-12T10:16:00,0.5923,0.5923,0.59215,0.59215,10
2026-03-12T10:17:00,0.59215,0.5922,0.59215,0.5922,11
2026-03-12T10:18:00,0.5922,0.5922,0.5921,0.5921,9
2026-03-12T10:19:00,0.5922,0.5922,0.59215,0.59215,7
2026-03-12T10:20:00,0.5922,0.59225,0.5922,0.5922,8
2026-03-12T10:21:00,0.59225,0.59225,0.5922,0.5922,5
2026-03-12T10:22:00,0.59215,0.59215,0.592,0.59205,6
2026-03-12T10:23:00,0.59205,0.59205,0.59205,0.59205,1
2026-03-12T10:26:00,0.59205,0.59205,0.59205,0.59205,6
2026-03-12T10:27:00,0.59205,0.59205,0.592,0.592,7
2026-03-12T10:28:00,0.59205,0.59205,0.59205,0.59205,1
2026-03-12T10:29:00,0.59215,0.59215,0.59215,0.59215,5
2026-03-12T10:30:00,0.59215,0.59245,0.59215,0.5924,130
2026-03-12T10:31:00,0.5924,0.5924,0.5923,0.5923,13
2026-03-12T10:32:00,0.5923,0.59235,0.5923,0.5923,12
2026-03-12T10:34:00,0.59235,0.59245,0.59235,0.59245,8
2026-03-12T10:35:00,0.5924,0.5924,0.59235,0.5924,8
2026-03-12T10:36:00,0.5924,0.59245,0.59235,0.59245,6
2026-03-12T10:37:00,0.59245,0.59245,0.59245,0.59245,2
2026-03-12T10:38:00,0.5924,0.5924,0.5924,0.5924,2
2026-03-12T10:39:00,0.59245,0.59245,0.59245,0.59245,1
2026-03-12T10:40:00,0.5925,0.5925,0.5925,0.5925,1
2026-03-12T10:41:00,0.59255,0.59255,0.5924,0.5924,13
2026-03-12T10:42:00,0.5924,0.59245,0.5924,0.59245,3
2026-03-12T10:44:00,0.59255,0.59255,0.59255,0.59255,2
2026-03-12T10:45:00,0.5925,0.5925,0.59245,0.59245,6
2026-03-12T10:46:00,0.59255,0.5926,0.59255,0.5926,5
2026-03-12T10:47:00,0.59265,0.59265,0.59265,0.59265,3
2026-03-12T10:48:00,0.5926,0.5926,0.5926,0.5926,2
2026-03-12T10:50:00,0.59255,0.59255,0.5924,0.59255,8
2026-03-12T10:51:00,0.5926,0.5926,0.5925,0.5925,8
2026-03-12T10:54:00,0.5923,0.5924,0.5923,0.5924,19
2026-03-12T10:55:00,0.5924,0.5925,0.5924,0.5925,3
2026-03-12T10:56:00,0.5925,0.59255,0.5925,0.59255,4
2026-03-12T10:57:00,0.59255,0.59265,0.59255,0.59265,2
2026-03-12T10:58:00,0.59265,0.59265,0.5926,0.5926,2
2026-03-12T10:59:00,0.5926,0.5926,0.59255,0.59255,10
2026-03-12T11:00:00,0.59255,0.5926,0.5925,0.5926,14
2026-03-12T11:01:00,0.5926,0.5926,0.59255,0.5926,8
2026-03-12T11:02:00,0.59255,0.59255,0.5925,0.5925,11
2026-03-12T11:03:00,0.59245,0.5925,0.59245,0.5925,12
2026-03-12T11:04:00,0.5925,0.59255,0.5925,0.59255,4
2026-03-12T11:05:00,0.59255,0.59255,0.59255,0.59255,2
2026-03-12T11:06:00,0.5926,0.59265,0.5926,0.59265,3
2026-03-12T11:07:00,0.59255,0.59255,0.59255,0.59255,1
2026-03-12T11:08:00,0.59255,0.59255,0.59255,0.59255,2
2026-03-12T11:11:00,0.5926,0.5926,0.5926,0.5926,4
2026-03-12T11:12:00,0.59255,0.59255,0.59255,0.59255,3
2026-03-12T11:13:00,0.59255,0.5926,0.59255,0.5926,4
2026-03-12T11:14:00,0.5925,0.5925,0.5925,0.5925,1
2026-03-12T11:17:00,0.5926,0.5926,0.5926,0.5926,1
2026-03-12T11:18:00,0.5927,0.5927,0.5927,0.5927,2
2026-03-12T11:19:00,0.59275,0.59275,0.59275,0.59275,1
2026-03-12T11:20:00,0.59275,0.59275,0.59275,0.59275,2
2026-03-12T11:21:00,0.59275,0.59275,0.5927,0.5927,3
2026-03-12T11:22:00,0.5927,0.59275,0.5927,0.59275,2
2026-03-12T11:24:00,0.5928,0.5928,0.5928,0.5928,1
2026-03-12T11:25:00,0.5928,0.5928,0.5928,0.5928,1
2026-03-12T11:27:00,0.59265,0.59265,0.59255,0.59265,39
2026-03-12T11:28:00,0.5927,0.5927,0.5927,0.5927,1
2026-03-12T11:29:00,0.5927,0.59275,0.5927,0.59275,2
2026-03-12T11:30:00,0.5928,0.59295,0.5928,0.5929,4
2026-03-12T11:31:00,0.5929,0.5929,0.59285,0.59285,5
2026-03-12T11:32:00,0.5929,0.5929,0.5929,0.5929,3
2026-03-12T11:33:00,0.5929,0.5929,0.5929,0.5929,3
2026-03-12T11:34:00,0.593,0.593,0.59295,0.59295,3
2026-03-12T11:35:00,0.59295,0.59295,0.59285,0.59285,3
2026-03-12T11:36:00,0.59275,0.5928,0.59275,0.5928,3
2026-03-12T11:37:00,0.5929,0.5929,0.5929,0.5929,6
2026-03-12T11:39:00,0.59295,0.59295,0.59295,0.59295,2
2026-03-12T11:40:00,0.59305,0.59305,0.59305,0.59305,11
2026-03-12T11:41:00,0.59305,0.59315,0.59305,0.59315,3
2026-03-12T11:42:00,0.59305,0.59305,0.5929,0.5929,14
2026-03-12T11:43:00,0.59305,0.59305,0.59305,0.59305,1
2026-03-12T11:44:00,0.593,0.593,0.59295,0.59295,4
2026-03-12T11:45:00,0.593,0.59305,0.593,0.59305,5
2026-03-12T11:46:00,0.593,0.59305,0.593,0.59305,6
2026-03-12T11:47:00,0.5931,0.59315,0.5931,0.59315,9
2026-03-12T11:48:00,0.59305,0.59305,0.593,0.593,6
2026-03-12T11:49:00,0.5929,0.5929,0.5929,0.5929,1
2026-03-12T11:50:00,0.5928,0.5928,0.59275,0.59275,4
2026-03-12T11:51:00,0.5927,0.5927,0.5926,0.5926,9
2026-03-12T11:52:00,0.59255,0.59255,0.59245,0.59245,4
2026-03-12T11:53:00,0.5925,0.5926,0.5925,0.5926,2
2026-03-12T11:54:00,0.5926,0.5926,0.5926,0.5926,2
2026-03-12T11:55:00,0.5924,0.59245,0.5924,0.5924,3
2026-03-12T11:56:00,0.5924,0.5924,0.5924,0.5924,11
2026-03-12T11:57:00,0.59245,0.59245,0.59245,0.59245,1
2026-03-12T11:58:00,0.59245,0.59245,0.59235,0.59235,3
2026-03-12T11:59:00,0.59235,0.59235,0.59235,0.59235,10
2026-03-12T12:00:00,0.59235,0.5924,0.59225,0.59225,11
2026-03-12T12:01:00,0.59225,0.59225,0.5921,0.5921,11
2026-03-12T12:02:00,0.59215,0.59215,0.59205,0.59205,19
2026-03-12T12:03:00,0.59205,0.59205,0.592,0.592,11
2026-03-12T12:04:00,0.592,0.592,0.59195,0.59195,7
2026-03-12T12:05:00,0.5919,0.59195,0.5918,0.5918,7
2026-03-12T12:06:00,0.59175,0.59175,0.59165,0.59165,11
2026-03-12T12:07:00,0.59165,0.5917,0.59165,0.5917,6
2026-03-12T12:08:00,0.59175,0.59175,0.5916,0.59165,12
2026-03-12T12:09:00,0.59165,0.59175,0.5916,0.59175,14
2026-03-12T12:10:00,0.59175,0.5918,0.59175,0.5918,6
2026-03-12T12:11:00,0.5917,0.59185,0.5917,0.59185,12
2026-03-12T12:12:00,0.59185,0.59195,0.59185,0.59195,10
2026-03-12T12:13:00,0.5919,0.592,0.5919,0.592,12
2026-03-12T12:14:00,0.59185,0.59185,0.59185,0.59185,2
2026-03-12T12:15:00,0.59185,0.5919,0.59185,0.5919,5
2026-03-12T12:16:00,0.59185,0.59185,0.59185,0.59185,2
2026-03-12T12:17:00,0.59175,0.59175,0.5917,0.5917,6
2026-03-12T12:18:00,0.59175,0.5918,0.5917,0.5917,15
2026-03-12T12:19:00,0.59155,0.59155,0.59145,0.59145,6
2026-03-12T12:20:00,0.59145,0.59145,0.59135,0.5914,13
2026-03-12T12:21:00,0.59135,0.59135,0.5912,0.5912,14
2026-03-12T12:22:00,0.59125,0.5913,0.59125,0.5913,10
2026-03-12T12:23:00,0.59135,0.59135,0.5913,0.5913,3
2026-03-12T12:24:00,0.59135,0.5914,0.59135,0.59135,9
2026-03-12T12:25:00,0.59135,0.59135,0.59135,0.59135,1
2026-03-12T12:26:00,0.59135,0.59135,0.5913,0.5913,2
2026-03-12T12:27:00,0.59135,0.59135,0.59135,0.59135,1
2026-03-12T12:28:00,0.59145,0.59145,0.59145,0.59145,3
2026-03-12T12:29:00,0.59145,0.59145,0.5914,0.59145,5
2026-03-12T12:30:00,0.59145,0.5915,0.59135,0.59135,17
2026-03-12T12:31:00,0.59125,0.59125,0.5912,0.5912,12
2026-03-12T12:32:00,0.5913,0.59135,0.5913,0.59135,5
2026-03-12T12:33:00,0.5912,0.5913,0.5912,0.5913,6
2026-03-12T12:34:00,0.5912,0.5913,0.5912,0.5912,10
2026-03-12T12:35:00,0.59125,0.59135,0.59125,0.59125,8
2026-03-12T12:36:00,0.59125,0.59125,0.59125,0.59125,28
2026-03-12T12:37:00,0.59125,0.5913,0.5912,0.5913,18
2026-03-12T12:38:00,0.59135,0.5914,0.5913,0.5914,11
2026-03-12T12:39:00,0.59135,0.59135,0.5913,0.5913,16
2026-03-12T12:40:00,0.59135,0.59135,0.59125,0.59125,16
2026-03-12T12:41:00,0.59125,0.5913,0.59125,0.59125,10
2026-03-12T12:42:00,0.5913,0.5913,0.5913,0.5913,6
2026-03-12T12:43:00,0.5913,0.5914,0.5913,0.5914,21
2026-03-12T12:44:00,0.59135,0.59155,0.59135,0.59145,8
2026-03-12T12:45:00,0.5914,0.5914,0.5913,0.5913,5
2026-03-12T12:46:00,0.5913,0.5913,0.59125,0.5913,8
2026-03-12T12:47:00,0.5913,0.59145,0.5913,0.59145,5
2026-03-12T12:48:00,0.5914,0.5914,0.5914,0.5914,5
2026-03-12T12:49:00,0.5915,0.5916,0.5915,0.5916,9
2026-03-12T12:50:00,0.59165,0.59165,0.59165,0.59165,6
2026-03-12T12:51:00,0.5915,0.5915,0.5914,0.5914,6
2026-03-12T12:52:00,0.59135,0.59135,0.5912,0.5912,27
2026-03-12T12:53:00,0.5912,0.5913,0.5912,0.5913,26
2026-03-12T12:54:00,0.5913,0.5913,0.59125,0.5913,4
2026-03-12T12:55:00,0.59135,0.5914,0.59135,0.5914,31
2026-03-12T12:56:00,0.5914,0.5914,0.5914,0.5914,2
2026-03-12T12:57:00,0.59135,0.59145,0.59135,0.59145,6
2026-03-12T12:58:00,0.59135,0.59135,0.59135,0.59135,3
2026-03-12T12:59:00,0.5914,0.5914,0.5914,0.5914,2
2026-03-12T13:00:00,0.5914,0.59145,0.59135,0.5914,19
2026-03-12T13:01:00,0.59145,0.59145,0.59145,0.59145,1
2026-03-12T13:02:00,0.59145,0.59165,0.59145,0.59165,27
2026-03-12T13:03:00,0.5917,0.5918,0.5917,0.5918,11
2026-03-12T13:04:00,0.5918,0.5918,0.59175,0.59175,10
2026-03-12T13:05:00,0.5917,0.59175,0.5917,0.59175,8
2026-03-12T13:06:00,0.5917,0.5917,0.5917,0.5917,7
2026-03-12T13:07:00,0.59165,0.59165,0.59165,0.59165,1
2026-03-12T13:08:00,0.59165,0.5917,0.59165,0.5917,10
2026-03-12T13:09:00,0.5917,0.5917,0.5915,0.5915,7
2026-03-12T13:10:00,0.59155,0.59155,0.5915,0.5915,3
2026-03-12T13:11:00,0.59155,0.59155,0.59135,0.59135,5
2026-03-12T13:12:00,0.59135,0.5914,0.59135,0.59135,10
2026-03-12T13:13:00,0.5913,0.5913,0.5911,0.5911,35
2026-03-12T13:14:00,0.591,0.59105,0.59085,0.59085,35
2026-03-12T13:15:00,0.59085,0.5909,0.59055,0.59055,26
2026-03-12T13:16:00,0.5906,0.59075,0.5906,0.59065,41
2026-03-12T13:17:00,0.59065,0.5909,0.59065,0.5908,36
2026-03-12T13:18:00,0.5908,0.59095,0.59075,0.59075,23
2026-03-12T13:19:00,0.5908,0.591,0.5907,0.5907,112
2026-03-12T13:20:00,0.5907,0.5907,0.59035,0.59035,34
2026-03-12T13:21:00,0.59025,0.5903,0.5899,0.59,52
2026-03-12T13:22:00,0.5901,0.5902,0.58995,0.58995,51
2026-03-12T13:23:00,0.5899,0.5904,0.5899,0.5903,35
2026-03-12T13:24:00,0.59035,0.59065,0.59035,0.59055,74
2026-03-12T13:25:00,0.59055,0.5906,0.59035,0.59045,25
2026-03-12T13:26:00,0.5905,0.5907,0.5905,0.5907,13
2026-03-12T13:27:00,0.59075,0.59075,0.5905,0.5905,20
2026-03-12T13:28:00,0.5905,0.59055,0.59045,0.59055,12
2026-03-12T13:29:00,0.59055,0.5906,0.5905,0.5906,10
2026-03-12T13:30:00,0.59065,0.5907,0.5905,0.5906,27
2026-03-12T13:31:00,0.59055,0.5907,0.5903,0.5903,17
2026-03-12T13:32:00,0.59035,0.59055,0.59035,0.59055,18
2026-03-12T13:33:00,0.59055,0.5906,0.59045,0.59055,14
2026-03-12T13:34:00,0.5906,0.59085,0.5906,0.5907,16
2026-03-12T13:35:00,0.59055,0.59055,0.5904,0.59045,14
2026-03-12T13:36:00,0.59045,0.5905,0.5904,0.5904,15
2026-03-12T13:37:00,0.5903,0.5906,0.5903,0.5906,14
2026-03-12T13:38:00,0.59065,0.5908,0.59065,0.59075,20
2026-03-12T13:39:00,0.5907,0.5908,0.59065,0.59075,14
2026-03-12T13:40:00,0.59065,0.59065,0.59055,0.5906,24
2026-03-12T13:41:00,0.59065,0.5907,0.59045,0.59045,25
2026-03-12T13:42:00,0.5904,0.5905,0.5903,0.59045,17
2026-03-12T13:43:00,0.5904,0.59045,0.59035,0.59045,16
2026-03-12T13:44:00,0.59035,0.5905,0.59035,0.5904,11
2026-03-12T13:45:00,0.59035,0.59035,0.5902,0.5902,8
2026-03-12T13:46:00,0.5902,0.59025,0.59015,0.59025,7
2026-03-12T13:47:00,0.5901,0.5901,0.58975,0.5899,45
2026-03-12T13:48:00,0.5898,0.58985,0.5898,0.58985,6
2026-03-12T13:49:00,0.58985,0.5902,0.58985,0.5902,40
2026-03-12T13:50:00,0.59045,0.59055,0.5904,0.5905,19
2026-03-12T13:51:00,0.59045,0.5905,0.5902,0.5902,25
2026-03-12T13:52:00,0.5901,0.5901,0.5899,0.58995,14
2026-03-12T13:53:00,0.58995,0.58995,0.58975,0.58975,23
2026-03-12T13:54:00,0.58975,0.58975,0.5897,0.58975,6
2026-03-12T13:55:00,0.5897,0.5897,0.58945,0.58945,34
2026-03-12T13:56:00,0.58945,0.5895,0.5893,0.5895,115
2026-03-12T13:57:00,0.58955,0.58955,0.58945,0.58945,5
2026-03-12T13:58:00,0.5894,0.5895,0.5894,0.5895,11
2026-03-12T13:59:00,0.58945,0.58955,0.58945,0.5895,33
2026-03-12T14:00:00,0.58955,0.5899,0.58955,0.58975,55
2026-03-12T14:01:00,0.5898,0.5899,0.58975,0.5898,18
2026-03-12T14:02:00,0.58985,0.5899,0.58985,0.5899,12
2026-03-12T14:03:00,0.58985,0.59,0.5898,0.58995,23
2026-03-12T14:04:00,0.59005,0.59005,0.58985,0.58985,13
2026-03-12T14:05:00,0.58985,0.58985,0.5897,0.5898,14
2026-03-12T14:06:00,0.5898,0.5898,0.58975,0.5898,8
2026-03-12T14:07:00,0.5896,0.5898,0.5896,0.5898,15
2026-03-12T14:08:00,0.58985,0.58985,0.5897,0.5897,20
2026-03-12T14:09:00,0.58965,0.58965,0.58955,0.5896,21
2026-03-12T14:10:00,0.5896,0.5897,0.5896,0.58965,18
2026-03-12T14:11:00,0.58955,0.58985,0.58955,0.58985,9
2026-03-12T14:12:00,0.5898,0.58985,0.5897,0.58985,14
2026-03-12T14:13:00,0.5899,0.5899,0.58975,0.58975,4
2026-03-12T14:14:00,0.5898,0.58985,0.5898,0.5898,8
2026-03-12T14:15:00,0.5899,0.59,0.5899,0.58995,12
2026-03-12T14:16:00,0.58995,0.58995,0.5898,0.5898,9
2026-03-12T14:17:00,0.5896,0.5897,0.5896,0.5896,13
2026-03-12T14:18:00,0.5896,0.5896,0.5893,0.5893,15
2026-03-12T14:19:00,0.58925,0.5893,0.58925,0.58925,9
2026-03-12T14:20:00,0.58925,0.5893,0.58925,0.5893,11
2026-03-12T14:21:00,0.58925,0.5893,0.58915,0.58915,35
2026-03-12T14:22:00,0.58925,0.5894,0.58925,0.58935,22
2026-03-12T14:23:00,0.58935,0.5894,0.58935,0.58935,9
2026-03-12T14:24:00,0.58935,0.5894,0.5893,0.58935,14
2026-03-12T14:25:00,0.5895,0.5895,0.58945,0.58945,22
2026-03-12T14:26:00,0.5894,0.5896,0.5894,0.5894,38
2026-03-12T14:27:00,0.5894,0.58945,0.5894,0.5894,7
2026-03-12T14:28:00,0.5893,0.58935,0.5893,0.5893,13
2026-03-12T14:29:00,0.58925,0.58925,0.58895,0.58895,199
2026-03-12T14:30:00,0.58895,0.58895,0.58885,0.5889,59
2026-03-12T14:31:00,0.5889,0.58905,0.58885,0.589,55
2026-03-12T14:32:00,0.589,0.5891,0.589,0.5891,22
2026-03-12T14:33:00,0.5891,0.5891,0.5888,0.5888,19
2026-03-12T14:34:00,0.5888,0.5888,0.58875,0.58875,9
2026-03-12T14:35:00,0.58875,0.589,0.5887,0.58895,27
2026-03-12T14:36:00,0.58915,0.5892,0.5889,0.5889,35
2026-03-12T14:37:00,0.5889,0.5889,0.58875,0.5888,16
2026-03-12T14:38:00,0.5887,0.5887,0.58855,0.58865,24
2026-03-12T14:39:00,0.5887,0.5888,0.5887,0.5887,13
2026-03-12T14:40:00,0.58875,0.58885,0.5887,0.5887,14
2026-03-12T14:41:00,0.58865,0.58865,0.5886,0.5886,27
2026-03-12T14:42:00,0.5886,0.5886,0.58845,0.5885,20
2026-03-12T14:43:00,0.58855,0.58885,0.58855,0.5888,21
2026-03-12T14:44:00,0.5888,0.58915,0.5888,0.5891,36
2026-03-12T14:45:00,0.58905,0.5891,0.58905,0.58905,13
2026-03-12T14:46:00,0.589,0.58965,0.589,0.58945,143
2026-03-12T14:47:00,0.5895,0.5896,0.58885,0.5889,20
2026-03-12T14:48:00,0.5888,0.5889,0.5887,0.5887,29
2026-03-12T14:49:00,0.5886,0.5886,0.58835,0.5885,26
2026-03-12T14:50:00,0.58855,0.58865,0.5885,0.58855,24
2026-03-12T14:51:00,0.5886,0.58875,0.5886,0.5886,17
2026-03-12T14:52:00,0.58865,0.58875,0.5886,0.5887,15
2026-03-12T14:53:00,0.58865,0.5889,0.58865,0.5889,16
2026-03-12T14:54:00,0.5889,0.58895,0.5888,0.58895,22
2026-03-12T14:55:00,0.58905,0.58915,0.5889,0.5889,26
2026-03-12T14:56:00,0.5889,0.589,0.5889,0.58895,21
2026-03-12T14:57:00,0.58895,0.589,0.5888,0.5889,27
2026-03-12T14:58:00,0.58885,0.58885,0.5887,0.5887,33
2026-03-12T14:59:00,0.58865,0.58885,0.58865,0.58885,26
2026-03-12T15:00:00,0.5888,0.5889,0.5884,0.5884,95
2026-03-12T15:01:00,0.5884,0.58855,0.58825,0.58825,52
2026-03-12T15:02:00,0.58825,0.58825,0.5881,0.5881,32
2026-03-12T15:03:00,0.58815,0.58815,0.58805,0.58815,29
2026-03-12T15:04:00,0.58825,0.58825,0.588,0.58805,41
2026-03-12T15:05:00,0.588,0.5881,0.58795,0.588,34
2026-03-12T15:06:00,0.58805,0.5882,0.58805,0.5882,75
2026-03-12T15:07:00,0.58815,0.58815,0.588,0.5881,20
2026-03-12T15:08:00,0.5881,0.58815,0.5879,0.5879,46
2026-03-12T15:09:00,0.58795,0.588,0.5879,0.58795,23
2026-03-12T15:10:00,0.58785,0.588,0.5878,0.5878,19
2026-03-12T15:11:00,0.58775,0.5879,0.5877,0.5877,86
2026-03-12T15:12:00,0.5877,0.58775,0.5876,0.5876,20
2026-03-12T15:13:00,0.5876,0.5876,0.5875,0.5876,42
2026-03-12T15:14:00,0.5876,0.5878,0.5876,0.58775,37
2026-03-12T15:15:00,0.5878,0.58795,0.5878,0.5878,27
2026-03-12T15:16:00,0.5878,0.58785,0.5876,0.5876,15
2026-03-12T15:17:00,0.5876,0.5879,0.5876,0.5879,22
2026-03-12T15:18:00,0.5879,0.5879,0.58785,0.58785,11
2026-03-12T15:19:00,0.58785,0.58785,0.58775,0.58775,19
2026-03-12T15:20:00,0.58775,0.5879,0.58775,0.58785,15
2026-03-12T15:21:00,0.58775,0.58775,0.58765,0.5877,9
2026-03-12T15:22:00,0.5877,0.5877,0.58765,0.5877,36
2026-03-12T15:23:00,0.5877,0.58785,0.5877,0.5878,28
2026-03-12T15:24:00,0.58785,0.5881,0.58785,0.5881,26
2026-03-12T15:25:00,0.58805,0.58815,0.58805,0.58815,19
2026-03-12T15:26:00,0.5882,0.58835,0.5882,0.58835,27
2026-03-12T15:27:00,0.5883,0.5883,0.58815,0.5883,11
2026-03-12T15:28:00,0.58825,0.58845,0.58825,0.58845,11
2026-03-12T15:29:00,0.58835,0.58835,0.58825,0.5883,8
2026-03-12T15:30:00,0.5883,0.5883,0.5882,0.5882,34
2026-03-12T15:31:00,0.58825,0.58835,0.58825,0.58825,27
2026-03-12T15:32:00,0.5883,0.5883,0.58815,0.58815,18
2026-03-12T15:33:00,0.5881,0.5881,0.588,0.58805,21
2026-03-12T15:34:00,0.58815,0.5882,0.58805,0.5881,14
2026-03-12T15:35:00,0.58815,0.5882,0.58805,0.58805,20
2026-03-12T15:36:00,0.58795,0.58795,0.58795,0.58795,6
2026-03-12T15:37:00,0.58785,0.588,0.58775,0.588,16
2026-03-12T15:38:00,0.588,0.5881,0.58795,0.58795,15
2026-03-12T15:39:00,0.588,0.589,0.588,0.58895,99
2026-03-12T15:40:00,0.58885,0.58885,0.58825,0.5883,46
2026-03-12T15:41:00,0.5883,0.5887,0.5883,0.5886,95
2026-03-12T15:42:00,0.58855,0.5889,0.58855,0.58875,37
2026-03-12T15:43:00,0.5888,0.589,0.58875,0.5889,22
2026-03-12T15:44:00,0.58895,0.58915,0.58895,0.58895,28
2026-03-12T15:45:00,0.5889,0.589,0.5889,0.58895,5
2026-03-12T15:46:00,0.58895,0.58895,0.58865,0.58865,10
2026-03-12T15:47:00,0.5886,0.5886,0.5885,0.58855,9
2026-03-12T15:48:00,0.58855,0.5889,0.58855,0.58885,13
2026-03-12T15:49:00,0.5889,0.5889,0.5888,0.5888,8
2026-03-12T15:50:00,0.5888,0.58895,0.5888,0.5888,26
2026-03-12T15:51:00,0.5889,0.5889,0.5885,0.5886,7
2026-03-12T15:52:00,0.58875,0.58875,0.58865,0.58865,5
2026-03-12T15:53:00,0.58875,0.58885,0.58865,0.58875,22
2026-03-12T15:54:00,0.58885,0.589,0.5888,0.589,9
2026-03-12T15:55:00,0.58895,0.58895,0.5885,0.5885,21
2026-03-12T15:56:00,0.5885,0.58865,0.5885,0.58865,34
2026-03-12T15:57:00,0.5886,0.5887,0.5885,0.5885,19
2026-03-12T15:58:00,0.5885,0.5886,0.5885,0.5886,7
2026-03-12T15:59:00,0.5887,0.5888,0.5887,0.5888,8
2026-03-12T16:00:00,0.58875,0.58875,0.58875,0.58875,6
2026-03-12T16:01:00,0.5887,0.5888,0.5887,0.58875,12
2026-03-12T16:02:00,0.58885,0.58885,0.5886,0.58875,20
2026-03-12T16:03:00,0.58885,0.58885,0.58875,0.58875,12
2026-03-12T16:04:00,0.5887,0.58875,0.5887,0.5887,96
2026-03-12T16:05:00,0.5887,0.5888,0.58865,0.58875,42
2026-03-12T16:06:00,0.5887,0.5887,0.5884,0.5884,10
2026-03-12T16:07:00,0.58835,0.58835,0.58815,0.58815,15
2026-03-12T16:08:00,0.58815,0.58815,0.58775,0.58775,24
2026-03-12T16:09:00,0.58775,0.58775,0.58765,0.5877,22
2026-03-12T16:10:00,0.5877,0.5879,0.5877,0.5879,8
2026-03-12T16:11:00,0.58775,0.58775,0.58775,0.58775,2
2026-03-12T16:12:00,0.58775,0.5878,0.58775,0.5878,6
2026-03-12T16:13:00,0.58785,0.58795,0.58785,0.58795,10
2026-03-12T16:14:00,0.58785,0.5881,0.58785,0.58805,18
2026-03-12T16:15:00,0.58805,0.58815,0.58795,0.58815,17
2026-03-12T16:16:00,0.5882,0.5883,0.58805,0.5883,16
2026-03-12T16:17:00,0.5883,0.58835,0.58815,0.58815,23
2026-03-12T16:18:00,0.58815,0.58825,0.58815,0.5882,37
2026-03-12T16:19:00,0.58825,0.5884,0.58825,0.5884,43
2026-03-12T16:20:00,0.5885,0.58875,0.58845,0.58875,9
2026-03-12T16:21:00,0.5888,0.5892,0.58875,0.5891,22
2026-03-12T16:22:00,0.5891,0.58925,0.589,0.58905,11
2026-03-12T16:23:00,0.58895,0.58895,0.5887,0.5887,13
2026-03-12T16:24:00,0.5888,0.5888,0.58865,0.58865,6
2026-03-12T16:25:00,0.58865,0.58865,0.58855,0.5886,6
2026-03-12T16:26:00,0.58855,0.58855,0.58815,0.5883,13
2026-03-12T16:27:00,0.58825,0.5883,0.5882,0.5882,12
2026-03-12T16:28:00,0.58805,0.5881,0.588,0.58805,7
2026-03-12T16:29:00,0.5881,0.5881,0.58805,0.5881,4
2026-03-12T16:30:00,0.588,0.5881,0.588,0.588,12
2026-03-12T16:31:00,0.5879,0.5879,0.58785,0.58785,10
2026-03-12T16:32:00,0.58795,0.58795,0.58785,0.5879,11
2026-03-12T16:33:00,0.58805,0.58815,0.58795,0.58805,15
2026-03-12T16:34:00,0.588,0.58815,0.588,0.5881,6
2026-03-12T16:35:00,0.588,0.5881,0.588,0.5881,3
2026-03-12T16:36:00,0.5881,0.58815,0.58805,0.5881,12
2026-03-12T16:37:00,0.588,0.588,0.58795,0.58795,4
2026-03-12T16:38:00,0.5881,0.5883,0.588,0.58815,125
2026-03-12T16:39:00,0.58825,0.58835,0.58825,0.58835,26
2026-03-12T16:40:00,0.5883,0.58845,0.58825,0.5883,11
2026-03-12T16:41:00,0.58835,0.5884,0.58825,0.5883,7
2026-03-12T16:42:00,0.58835,0.5884,0.58835,0.58835,8
2026-03-12T16:43:00,0.58835,0.5884,0.58825,0.5883,9
2026-03-12T16:44:00,0.5883,0.58835,0.58825,0.58835,9
2026-03-12T16:45:00,0.58835,0.5885,0.5882,0.5882,18
2026-03-12T16:46:00,0.5881,0.5881,0.58785,0.58785,15
2026-03-12T16:47:00,0.58775,0.58785,0.58775,0.5878,7
2026-03-12T16:48:00,0.5879,0.58805,0.5879,0.58805,16
2026-03-12T16:49:00,0.58805,0.5882,0.58805,0.5882,26
2026-03-12T16:50:00,0.58815,0.58825,0.5881,0.58825,20
2026-03-12T16:51:00,0.58815,0.58815,0.5879,0.58795,11
2026-03-12T16:52:00,0.58805,0.58805,0.5879,0.5879,12
2026-03-12T16:53:00,0.5879,0.5879,0.5878,0.5878,2
2026-03-12T16:54:00,0.5878,0.5879,0.5878,0.5879,19
2026-03-12T16:55:00,0.5879,0.588,0.5879,0.58795,14
2026-03-12T16:56:00,0.58785,0.5879,0.58775,0.58775,13
2026-03-12T16:57:00,0.5877,0.58775,0.58765,0.58775,7
2026-03-12T16:59:00,0.5879,0.5879,0.5879,0.5879,1
2026-03-12T17:00:00,0.58795,0.588,0.58795,0.588,2
2026-03-12T17:01:00,0.588,0.58805,0.58795,0.58805,5
2026-03-12T17:02:00,0.588,0.58805,0.58795,0.58795,15
2026-03-12T17:03:00,0.58795,0.58805,0.58795,0.58805,8
2026-03-12T17:04:00,0.5881,0.58835,0.5881,0.5883,16
2026-03-12T17:05:00,0.5883,0.5885,0.58825,0.5885,18
2026-03-12T17:06:00,0.58845,0.5885,0.58835,0.5885,29
2026-03-12T17:07:00,0.5885,0.5885,0.5883,0.5883,7
2026-03-12T17:08:00,0.58825,0.58825,0.5881,0.5881,9
2026-03-12T17:09:00,0.5881,0.5881,0.588,0.5881,17
2026-03-12T17:10:00,0.58815,0.5882,0.58815,0.5882,4
2026-03-12T17:11:00,0.5881,0.58815,0.5881,0.5881,8
2026-03-12T17:12:00,0.58805,0.5881,0.58805,0.5881,19
2026-03-12T17:13:00,0.58805,0.58815,0.58805,0.58805,118
2026-03-12T17:14:00,0.58805,0.58805,0.58785,0.5879,95
2026-03-12T17:15:00,0.58785,0.588,0.58785,0.5879,115
2026-03-12T17:16:00,0.5879,0.5879,0.5878,0.5879,56
2026-03-12T17:17:00,0.58795,0.58805,0.5879,0.58805,22
2026-03-12T17:18:00,0.588,0.5881,0.588,0.58805,110
2026-03-12T17:19:00,0.5881,0.5881,0.5879,0.5879,163
2026-03-12T17:20:00,0.58785,0.588,0.58785,0.58795,42
2026-03-12T17:21:00,0.588,0.5881,0.588,0.5881,137
2026-03-12T17:22:00,0.58815,0.58835,0.58815,0.58835,140
2026-03-12T17:23:00,0.5884,0.5884,0.58815,0.58825,157
2026-03-12T17:24:00,0.58815,0.58825,0.58815,0.5882,56
2026-03-12T17:25:00,0.58825,0.5883,0.58815,0.58825,68
2026-03-12T17:26:00,0.5882,0.5882,0.58815,0.58815,3
2026-03-12T17:27:00,0.58815,0.5882,0.58815,0.5882,4
2026-03-12T17:28:00,0.5881,0.5881,0.58805,0.58805,7
2026-03-12T17:29:00,0.58805,0.58805,0.58805,0.58805,1
2026-03-12T17:30:00,0.5881,0.58815,0.58805,0.58815,5
2026-03-12T17:31:00,0.5882,0.5882,0.58815,0.58815,53
2026-03-12T17:32:00,0.5881,0.58815,0.5881,0.58815,3
2026-03-12T17:33:00,0.5881,0.58815,0.5881,0.58815,6
2026-03-12T17:35:00,0.58805,0.5882,0.58805,0.5882,6
2026-03-12T17:36:00,0.58825,0.58825,0.58805,0.58805,9
2026-03-12T17:37:00,0.58815,0.58815,0.5881,0.58815,56
2026-03-12T17:38:00,0.58815,0.58815,0.58805,0.58805,5
2026-03-12T17:39:00,0.5881,0.58815,0.5881,0.58815,6
2026-03-12T17:40:00,0.5882,0.5883,0.5882,0.5883,4
2026-03-12T17:41:00,0.5882,0.5882,0.58805,0.58805,23
2026-03-12T17:42:00,0.588,0.58805,0.588,0.58805,3
2026-03-12T17:43:00,0.588,0.5881,0.588,0.58805,29
2026-03-12T17:44:00,0.58805,0.58805,0.588,0.58805,11
2026-03-12T17:45:00,0.588,0.588,0.58775,0.58775,17
2026-03-12T17:46:00,0.5877,0.5877,0.5877,0.5877,2
2026-03-12T17:47:00,0.5877,0.58775,0.5877,0.58775,2
2026-03-12T17:48:00,0.58775,0.5878,0.58775,0.5878,5
2026-03-12T17:49:00,0.5876,0.5877,0.5876,0.5877,126
2026-03-12T17:50:00,0.58765,0.58785,0.58765,0.5878,70
2026-03-12T17:51:00,0.5878,0.58785,0.5878,0.58785,7
2026-03-12T17:52:00,0.58775,0.5878,0.5877,0.5877,20
2026-03-12T17:53:00,0.58765,0.58765,0.58765,0.58765,30
2026-03-12T17:54:00,0.58765,0.5877,0.58765,0.5877,8
2026-03-12T17:55:00,0.58765,0.5877,0.5876,0.5876,14
2026-03-12T17:56:00,0.5876,0.5877,0.5876,0.5877,46
2026-03-12T17:57:00,0.58765,0.5877,0.58765,0.5877,10
2026-03-12T17:58:00,0.58765,0.5877,0.58765,0.5877,11
2026-03-12T17:59:00,0.58775,0.58775,0.58765,0.58765,4
2026-03-12T18:00:00,0.58775,0.5879,0.58775,0.5879,4
2026-03-12T18:01:00,0.58775,0.58785,0.58775,0.58785,3
2026-03-12T18:02:00,0.58795,0.58805,0.58785,0.5879,46
2026-03-12T18:03:00,0.5878,0.5878,0.58775,0.58775,7
2026-03-12T18:04:00,0.58785,0.5879,0.5878,0.5879,18
2026-03-12T18:05:00,0.58785,0.58785,0.58785,0.58785,5
2026-03-12T18:06:00,0.5877,0.5877,0.5877,0.5877,2
2026-03-12T18:07:00,0.58775,0.5878,0.5877,0.5878,5
2026-03-12T18:08:00,0.58785,0.58785,0.58785,0.58785,3
2026-03-12T18:09:00,0.58765,0.58765,0.5876,0.5876,2
2026-03-12T18:10:00,0.5876,0.58765,0.5876,0.58765,6
2026-03-12T18:11:00,0.58765,0.58765,0.58765,0.58765,1
2026-03-12T18:12:00,0.58765,0.5877,0.58765,0.58765,8
2026-03-12T18:13:00,0.58765,0.5877,0.58765,0.5877,3
2026-03-12T18:14:00,0.5877,0.5877,0.5877,0.5877,2
2026-03-12T18:15:00,0.5877,0.5878,0.5877,0.58775,5
2026-03-12T18:16:00,0.58785,0.5879,0.58785,0.5879,3
2026-03-12T18:17:00,0.5878,0.5878,0.5878,0.5878,1
2026-03-12T18:18:00,0.58785,0.58785,0.58775,0.58775,3
2026-03-12T18:19:00,0.5877,0.5877,0.5877,0.5877,2
2026-03-12T18:20:00,0.5876,0.5876,0.5876,0.5876,1
2026-03-12T18:21:00,0.58745,0.58745,0.58745,0.58745,2
2026-03-12T18:22:00,0.58745,0.5875,0.58745,0.5875,2
2026-03-12T18:23:00,0.58745,0.5875,0.58745,0.5875,3
2026-03-12T18:24:00,0.58755,0.58765,0.58755,0.58765,3
2026-03-12T18:25:00,0.5876,0.5876,0.5876,0.5876,1
2026-03-12T18:27:00,0.58755,0.58755,0.58755,0.58755,1
2026-03-12T18:28:00,0.5874,0.5874,0.5874,0.5874,1
2026-03-12T18:29:00,0.58735,0.5875,0.58735,0.5875,11
2026-03-12T18:30:00,0.5875,0.5875,0.5875,0.5875,3
2026-03-12T18:31:00,0.58755,0.58755,0.58755,0.58755,1
2026-03-12T18:32:00,0.5876,0.5876,0.5876,0.5876,1
2026-03-12T18:33:00,0.58765,0.5877,0.58765,0.58765,14
2026-03-12T18:34:00,0.5876,0.5876,0.58745,0.5875,6
2026-03-12T18:35:00,0.58745,0.58745,0.58745,0.58745,1
2026-03-12T18:37:00,0.58745,0.58745,0.5874,0.5874,13
2026-03-12T18:38:00,0.58745,0.58745,0.5874,0.5874,4
2026-03-12T18:39:00,0.58745,0.58745,0.58745,0.58745,1
2026-03-12T18:41:00,0.58735,0.58735,0.5873,0.5873,4
2026-03-12T18:42:00,0.58745,0.58745,0.5874,0.58745,10
2026-03-12T18:44:00,0.58745,0.58745,0.58745,0.58745,3
2026-03-12T18:45:00,0.5874,0.5874,0.5874,0.5874,1
2026-03-12T18:46:00,0.58745,0.5875,0.58745,0.5875,8
2026-03-12T18:47:00,0.58745,0.58745,0.58745,0.58745,1
2026-03-12T18:48:00,0.5874,0.58745,0.5874,0.58745,55
2026-03-12T18:49:00,0.5874,0.5874,0.58735,0.5874,6
2026-03-12T18:50:00,0.58745,0.5876,0.58745,0.5876,47
2026-03-12T18:51:00,0.58765,0.5877,0.5876,0.5876,9
2026-03-12T18:52:00,0.58765,0.58765,0.5876,0.5876,9
2026-03-12T18:53:00,0.58755,0.5876,0.58755,0.5876,5
2026-03-12T18:54:00,0.58765,0.58765,0.5876,0.5876,12
2026-03-12T18:55:00,0.58765,0.58765,0.58755,0.58755,12
2026-03-12T18:56:00,0.5876,0.5876,0.5875,0.5875,4
2026-03-12T18:57:00,0.58755,0.5876,0.5875,0.5875,13
2026-03-12T18:58:00,0.5875,0.5875,0.5875,0.5875,7
2026-03-12T18:59:00,0.58745,0.58745,0.58735,0.58745,108
2026-03-12T19:00:00,0.5874,0.5874,0.5873,0.5874,28
2026-03-12T19:01:00,0.5874,0.5875,0.58735,0.58735,19
2026-03-12T19:02:00,0.58735,0.58735,0.58725,0.58725,14
2026-03-12T19:03:00,0.58725,0.58725,0.5872,0.5872,9
2026-03-12T19:04:00,0.58725,0.5873,0.58725,0.5873,3
2026-03-12T19:05:00,0.5875,0.5876,0.5874,0.5874,38
2026-03-12T19:06:00,0.58755,0.58765,0.58755,0.58755,11
2026-03-12T19:09:00,0.5877,0.5877,0.5876,0.5876,4
2026-03-12T19:10:00,0.5876,0.5876,0.5876,0.5876,3
2026-03-12T19:11:00,0.5874,0.5874,0.5874,0.5874,2
2026-03-12T19:12:00,0.58735,0.58735,0.58735,0.58735,3
2026-03-12T19:14:00,0.58745,0.58745,0.5874,0.58745,4
2026-03-12T19:15:00,0.5875,0.5875,0.58745,0.58745,3
2026-03-12T19:16:00,0.5874,0.58745,0.5874,0.58745,15
2026-03-12T19:17:00,0.5874,0.5874,0.5874,0.5874,3
2026-03-12T19:18:00,0.5874,0.58745,0.5874,0.58745,4
2026-03-12T19:19:00,0.58745,0.58745,0.58745,0.58745,4
2026-03-12T19:20:00,0.58735,0.5874,0.58735,0.58735,3
2026-03-12T19:21:00,0.58735,0.58735,0.58735,0.58735,1
2026-03-12T19:22:00,0.5874,0.58745,0.5874,0.58745,2
2026-03-12T19:24:00,0.58745,0.58745,0.5874,0.5874,4
2026-03-12T19:26:00,0.58735,0.5874,0.58735,0.5874,8
2026-03-12T19:28:00,0.58735,0.58745,0.58735,0.58745,2
2026-03-12T19:29:00,0.58745,0.58745,0.58745,0.58745,6
2026-03-12T19:30:00,0.58755,0.58755,0.5875,0.5875,2
2026-03-12T19:31:00,0.58755,0.58755,0.58755,0.58755,5
2026-03-12T19:32:00,0.5876,0.5876,0.5876,0.5876,4
2026-03-12T19:33:00,0.5877,0.5877,0.5877,0.5877,2
2026-03-12T19:34:00,0.5877,0.5877,0.5877,0.5877,5
2026-03-12T19:35:00,0.58765,0.58765,0.58765,0.58765,5
2026-03-12T19:36:00,0.5876,0.58765,0.5876,0.58765,43
2026-03-12T19:37:00,0.5877,0.5878,0.5877,0.58775,8
2026-03-12T19:38:00,0.58775,0.58775,0.58775,0.58775,7
2026-03-12T19:39:00,0.58775,0.58775,0.58775,0.58775,1
2026-03-12T19:40:00,0.58775,0.58775,0.58765,0.58765,7
2026-03-12T19:41:00,0.58765,0.58765,0.58765,0.58765,1
2026-03-12T19:42:00,0.58755,0.58755,0.58755,0.58755,1
2026-03-12T19:43:00,0.5875,0.58755,0.5875,0.58755,5
2026-03-12T19:44:00,0.5876,0.5876,0.5876,0.5876,2
2026-03-12T19:45:00,0.58755,0.5876,0.58755,0.5876,6
2026-03-12T19:46:00,0.58755,0.58755,0.5875,0.5875,3
2026-03-12T19:47:00,0.58755,0.58765,0.58755,0.58765,16
2026-03-12T19:48:00,0.58765,0.58765,0.5876,0.5876,3
2026-03-12T19:49:00,0.58755,0.5876,0.58755,0.5876,40
2026-03-12T19:50:00,0.5875,0.5875,0.5874,0.5875,8
2026-03-12T19:51:00,0.58745,0.58745,0.5874,0.58745,22
2026-03-12T19:52:00,0.5874,0.5875,0.5874,0.5875,17
2026-03-12T19:53:00,0.5875,0.5875,0.5875,0.5875,3
2026-03-12T19:54:00,0.5875,0.58755,0.5875,0.58755,3
2026-03-12T19:55:00,0.5876,0.58765,0.58755,0.58755,18
2026-03-12T19:56:00,0.58755,0.58755,0.58755,0.58755,14
2026-03-12T19:57:00,0.58745,0.5875,0.58745,0.58745,8
2026-03-12T19:58:00,0.58745,0.58755,0.58745,0.58745,28
2026-03-12T19:59:00,0.58745,0.5875,0.58745,0.5875,5
2026-03-12T20:00:00,0.58745,0.58745,0.5874,0.5874,3
2026-03-12T20:01:00,0.58735,0.58735,0.58735,0.58735,16
2026-03-12T20:02:00,0.58735,0.5874,0.58735,0.5874,9
2026-03-12T20:03:00,0.5875,0.58755,0.5875,0.58755,5
2026-03-12T20:05:00,0.5875,0.5875,0.58745,0.58745,4
2026-03-12T20:06:00,0.58745,0.58745,0.58745,0.58745,1
2026-03-12T20:07:00,0.58745,0.58745,0.5874,0.5874,4
2026-03-12T20:08:00,0.58735,0.58735,0.5873,0.58735,5
2026-03-12T20:10:00,0.58735,0.58735,0.58735,0.58735,2
2026-03-12T20:12:00,0.58725,0.58725,0.58725,0.58725,15
2026-03-12T20:13:00,0.58725,0.58735,0.58725,0.5873,18
2026-03-12T20:14:00,0.58735,0.58735,0.5873,0.5873,6
2026-03-12T20:16:00,0.58735,0.58735,0.58735,0.58735,1
2026-03-12T20:17:00,0.5874,0.5874,0.5874,0.5874,1
2026-03-12T20:20:00,0.5873,0.5873,0.5873,0.5873,1
2026-03-12T20:23:00,0.58735,0.58735,0.58735,0.58735,1
2026-03-12T20:28:00,0.58745,0.58745,0.58745,0.58745,3
2026-03-12T20:30:00,0.5872,0.5872,0.58715,0.58715,29
2026-03-12T20:31:00,0.58715,0.58715,0.58715,0.58715,17
2026-03-12T20:32:00,0.58715,0.58715,0.5871,0.5871,4
2026-03-12T20:33:00,0.58715,0.58725,0.58715,0.5872,21
2026-03-12T20:34:00,0.5872,0.5872,0.5872,0.5872,5
2026-03-12T20:35:00,0.5872,0.5872,0.5872,0.5872,1
2026-03-12T20:36:00,0.5872,0.5872,0.5871,0.5871,9
2026-03-12T20:37:00,0.58705,0.5872,0.58705,0.5872,12
2026-03-12T20:38:00,0.5872,0.5872,0.5872,0.5872,3
2026-03-12T20:40:00,0.58725,0.58725,0.5872,0.5872,4
2026-03-12T20:41:00,0.5872,0.5872,0.5872,0.5872,2
2026-03-12T20:43:00,0.58725,0.58725,0.58725,0.58725,1
2026-03-12T20:45:00,0.5873,0.58735,0.5873,0.58735,18
2026-03-12T20:46:00,0.5874,0.5874,0.5874,0.5874,24
2026-03-12T20:47:00,0.5874,0.5874,0.5874,0.5874,1
2026-03-12T20:48:00,0.5874,0.5875,0.5874,0.5875,17
2026-03-12T20:51:00,0.5875,0.5875,0.5875,0.5875,3
2026-03-12T20:52:00,0.58735,0.5874,0.58735,0.5874,5
2026-03-12T20:54:00,0.5874,0.5874,0.5874,0.5874,1
2026-03-12T20:55:00,0.5874,0.58745,0.58735,0.5874,14
2026-03-12T20:56:00,0.5874,0.5874,0.5874,0.5874,1
2026-03-12T20:58:00,0.5873,0.5873,0.5873,0.5873,1
2026-03-12T20:59:00,0.58735,0.58745,0.58735,0.58745,3
2026-03-12T22:01:00,0.58695,0.58695,0.58685,0.5869,216
2026-03-12T22:02:00,0.5869,0.58695,0.5869,0.5869,30
2026-03-12T22:03:00,0.58695,0.58695,0.58685,0.58685,25
2026-03-12T22:04:00,0.5869,0.5869,0.58685,0.58685,10
2026-03-12T22:05:00,0.58685,0.58695,0.58685,0.58695,47
2026-03-12T22:06:00,0.5869,0.58695,0.5869,0.5869,41
2026-03-12T22:07:00,0.58695,0.58695,0.58695,0.58695,2
2026-03-12T22:09:00,0.58695,0.58695,0.5869,0.5869,23
2026-03-12T22:10:00,0.5869,0.58695,0.5869,0.58695,7
2026-03-12T22:12:00,0.587,0.58705,0.58695,0.58695,12
2026-03-12T22:13:00,0.58695,0.587,0.58695,0.587,3
2026-03-12T22:14:00,0.58695,0.58695,0.58695,0.58695,5
2026-03-12T22:15:00,0.58695,0.58695,0.58695,0.58695,2
2026-03-12T22:16:00,0.58695,0.58695,0.58695,0.58695,1
2026-03-12T22:17:00,0.587,0.587,0.5869,0.5869,20
2026-03-12T22:19:00,0.58695,0.58695,0.5869,0.5869,6
2026-03-12T22:20:00,0.58695,0.58695,0.58695,0.58695,14
2026-03-12T22:23:00,0.587,0.587,0.587,0.587,1
2026-03-12T22:25:00,0.58705,0.58705,0.58705,0.58705,27
2026-03-12T22:27:00,0.587,0.587,0.587,0.587,2
2026-03-12T22:28:00,0.587,0.58705,0.587,0.58705,6
2026-03-12T22:29:00,0.58705,0.58705,0.58705,0.58705,2
2026-03-12T22:30:00,0.5871,0.58715,0.5871,0.58715,15
2026-03-12T22:31:00,0.5871,0.5871,0.5871,0.5871,33
2026-03-12T22:32:00,0.58715,0.5872,0.58715,0.58715,19
2026-03-12T22:33:00,0.58725,0.58725,0.5872,0.5872,48
2026-03-12T22:34:00,0.5872,0.58725,0.5872,0.5872,62
2026-03-12T22:35:00,0.58725,0.58725,0.5872,0.5872,6
2026-03-12T22:36:00,0.58725,0.58725,0.58725,0.58725,4
2026-03-12T22:37:00,0.58725,0.58725,0.58725,0.58725,6
2026-03-12T22:38:00,0.5873,0.5873,0.58715,0.58715,64
2026-03-12T22:39:00,0.58715,0.58715,0.58715,0.58715,6
2026-03-12T22:40:00,0.5872,0.5872,0.5872,0.5872,10
2026-03-12T22:41:00,0.5872,0.58725,0.5872,0.58725,18
2026-03-12T22:43:00,0.58725,0.58725,0.58725,0.58725,7
2026-03-12T22:45:00,0.58725,0.58725,0.58725,0.58725,10
2026-03-12T22:47:00,0.58725,0.58725,0.58725,0.58725,3
2026-03-12T22:48:00,0.58725,0.58725,0.58725,0.58725,16
2026-03-12T22:49:00,0.5872,0.5872,0.5872,0.5872,2
2026-03-12T22:52:00,0.58725,0.58725,0.58725,0.58725,2
2026-03-12T22:54:00,0.5872,0.5872,0.58715,0.58715,43
2026-03-12T22:55:00,0.58715,0.58715,0.58715,0.58715,26
2026-03-12T22:57:00,0.58715,0.58715,0.5871,0.5871,5
2026-03-12T22:59:00,0.58715,0.5872,0.58715,0.5872,5
2026-03-12T23:00:00,0.5872,0.5872,0.5872,0.5872,43
2026-03-12T23:01:00,0.58715,0.58715,0.5871,0.5871,26
2026-03-12T23:02:00,0.5871,0.5871,0.5871,0.5871,9
2026-03-12T23:03:00,0.58715,0.58715,0.58715,0.58715,2
2026-03-12T23:04:00,0.5872,0.5872,0.58715,0.5872,34
2026-03-12T23:05:00,0.58715,0.58715,0.58715,0.58715,3
2026-03-12T23:07:00,0.58715,0.58715,0.5871,0.5871,31
2026-03-12T23:08:00,0.5871,0.5871,0.5871,0.5871,12
2026-03-12T23:09:00,0.58715,0.58715,0.58715,0.58715,15
2026-03-12T23:10:00,0.58715,0.58715,0.58715,0.58715,8
2026-03-12T23:11:00,0.5871,0.5871,0.5871,0.5871,2
2026-03-12T23:12:00,0.5871,0.58715,0.5871,0.58715,8
2026-03-12T23:15:00,0.58715,0.58715,0.58715,0.58715,8
2026-03-12T23:16:00,0.5871,0.5871,0.5871,0.5871,2
2026-03-12T23:17:00,0.5871,0.5871,0.5871,0.5871,7
2026-03-12T23:19:00,0.587,0.58705,0.587,0.58705,6
2026-03-12T23:23:00,0.58705,0.58705,0.58695,0.58695,22
2026-03-12T23:24:00,0.5869,0.5869,0.5869,0.5869,2
2026-03-12T23:25:00,0.5869,0.5869,0.5869,0.5869,7
2026-03-12T23:26:00,0.5869,0.58695,0.5869,0.5869,39
2026-03-12T23:27:00,0.58695,0.58695,0.5869,0.5869,24
2026-03-12T23:28:00,0.58695,0.58695,0.5869,0.5869,4
2026-03-12T23:29:00,0.58695,0.58695,0.5869,0.5869,6
2026-03-12T23:30:00,0.5869,0.58695,0.5869,0.5869,11
2026-03-12T23:31:00,0.5869,0.5869,0.5868,0.58685,37
2026-03-12T23:32:00,0.5869,0.587,0.5869,0.587,11
2026-03-12T23:33:00,0.587,0.58705,0.587,0.58705,7
2026-03-12T23:34:00,0.5871,0.5871,0.5871,0.5871,1
2026-03-12T23:35:00,0.58705,0.58705,0.58705,0.58705,3
2026-03-12T23:37:00,0.58705,0.58705,0.58705,0.58705,1
2026-03-12T23:39:00,0.5871,0.5871,0.5871,0.5871,3
2026-03-12T23:40:00,0.58715,0.58715,0.5871,0.5871,9
2026-03-12T23:41:00,0.5871,0.5871,0.587,0.58705,29
2026-03-12T23:43:00,0.58705,0.58705,0.58705,0.58705,14
2026-03-12T23:44:00,0.58705,0.5871,0.58705,0.5871,6
2026-03-12T23:45:00,0.5871,0.5871,0.5871,0.5871,7
2026-03-12T23:46:00,0.58715,0.58725,0.58715,0.58725,25
2026-03-12T23:47:00,0.58725,0.58725,0.58725,0.58725,4
2026-03-12T23:48:00,0.58725,0.58725,0.58725,0.58725,7
2026-03-12T23:49:00,0.5873,0.5873,0.58725,0.58725,11
2026-03-12T23:50:00,0.5873,0.5873,0.58725,0.58725,6
2026-03-12T23:51:00,0.58725,0.58725,0.5872,0.58725,26
2026-03-12T23:52:00,0.5873,0.5873,0.5873,0.5873,1
2026-03-12T23:53:00,0.58735,0.58735,0.58735,0.58735,1
2026-03-12T23:54:00,0.5873,0.5873,0.58725,0.58725,5
2026-03-12T23:55:00,0.58725,0.5873,0.58725,0.5873,21
2026-03-12T23:56:00,0.58735,0.5874,0.58735,0.58735,57
2026-03-12T23:57:00,0.5873,0.58735,0.58725,0.5873,22
2026-03-12T23:58:00,0.5872,0.5873,0.5872,0.5873,52
2026-03-12T23:59:00,0.58725,0.5873,0.58725,0.5873,6
2026-03-13T00:00:00,0.58725,0.5874,0.58725,0.5874,127
2026-03-13T00:01:00,0.58745,0.58745,0.58735,0.5874,32
2026-03-13T00:02:00,0.58735,0.58735,0.5872,0.58725,74
2026-03-13T00:03:00,0.5873,0.58735,0.5873,0.58735,22
2026-03-13T00:04:00,0.5875,0.58765,0.5875,0.58755,31
2026-03-13T00:05:00,0.5876,0.58775,0.5876,0.5876,15
2026-03-13T00:06:00,0.5876,0.58765,0.5876,0.58765,14
2026-03-13T00:07:00,0.58765,0.58775,0.58765,0.58775,6
2026-03-13T00:08:00,0.5877,0.5877,0.5877,0.5877,2
2026-03-13T00:09:00,0.58775,0.58775,0.58775,0.58775,3
2026-03-13T00:10:00,0.58775,0.58775,0.5877,0.5877,4
2026-03-13T00:11:00,0.5876,0.5876,0.5876,0.5876,2
2026-03-13T00:12:00,0.5876,0.5876,0.5876,0.5876,10
2026-03-13T00:13:00,0.58765,0.58785,0.58765,0.58785,6
2026-03-13T00:15:00,0.5878,0.58785,0.5878,0.5878,18
2026-03-13T00:16:00,0.58775,0.58785,0.58775,0.5878,51
2026-03-13T00:17:00,0.5878,0.5878,0.58775,0.5878,26
2026-03-13T00:18:00,0.58785,0.58785,0.58785,0.58785,3
2026-03-13T00:20:00,0.58775,0.5878,0.58775,0.5878,4
2026-03-13T00:22:00,0.58775,0.58775,0.5877,0.5877,3
2026-03-13T00:23:00,0.5877,0.58775,0.5877,0.5877,9
2026-03-13T00:24:00,0.5877,0.5877,0.58765,0.5877,32
2026-03-13T00:25:00,0.58765,0.58765,0.5876,0.58765,9
2026-03-13T00:26:00,0.58765,0.5877,0.5876,0.5876,35
2026-03-13T00:27:00,0.58765,0.58765,0.5876,0.58765,22
2026-03-13T00:28:00,0.5876,0.5876,0.5876,0.5876,7
2026-03-13T00:29:00,0.5876,0.5876,0.5876,0.5876,1
2026-03-13T00:30:00,0.58765,0.58765,0.58765,0.58765,6
2026-03-13T00:31:00,0.5877,0.5877,0.58765,0.58765,12
2026-03-13T00:32:00,0.5877,0.58775,0.5877,0.58775,16
2026-03-13T00:33:00,0.58775,0.58785,0.58775,0.58785,37
2026-03-13T00:34:00,0.58785,0.58785,0.5878,0.5878,2
2026-03-13T00:35:00,0.5878,0.5878,0.5876,0.58765,13
2026-03-13T00:36:00,0.5877,0.5877,0.58765,0.58765,15
2026-03-13T00:37:00,0.58765,0.58765,0.58765,0.58765,8
2026-03-13T00:38:00,0.5876,0.5876,0.58755,0.58755,16
2026-03-13T00:39:00,0.58755,0.58755,0.58745,0.58745,47
2026-03-13T00:40:00,0.58745,0.5875,0.58745,0.5875,6
2026-03-13T00:41:00,0.58745,0.58745,0.58735,0.5874,32
2026-03-13T00:42:00,0.5874,0.5874,0.5874,0.5874,6
2026-03-13T00:43:00,0.58735,0.58735,0.58725,0.58725,17
2026-03-13T00:44:00,0.58725,0.5873,0.58725,0.58725,20
2026-03-13T00:45:00,0.58725,0.58725,0.58725,0.58725,17
2026-03-13T00:46:00,0.58725,0.58725,0.58725,0.58725,2
2026-03-13T00:47:00,0.58725,0.5873,0.58725,0.5873,15
2026-03-13T00:48:00,0.5873,0.58735,0.58725,0.5873,51
2026-03-13T00:49:00,0.5873,0.5873,0.58725,0.5873,72
2026-03-13T00:50:00,0.58725,0.5873,0.58725,0.58725,50
2026-03-13T00:51:00,0.58725,0.5873,0.58725,0.5873,14
2026-03-13T00:53:00,0.5873,0.5873,0.5873,0.5873,13
2026-03-13T00:54:00,0.5872,0.5872,0.5872,0.5872,22
2026-03-13T00:55:00,0.58725,0.5874,0.5872,0.5874,22
2026-03-13T00:56:00,0.5875,0.58755,0.58745,0.58745,40
2026-03-13T00:57:00,0.5875,0.5875,0.5874,0.5874,15
2026-03-13T00:58:00,0.58745,0.58745,0.58735,0.5874,52
2026-03-13T00:59:00,0.58735,0.58735,0.5873,0.58735,13
2026-03-13T01:00:00,0.58745,0.5877,0.58745,0.5877,44
2026-03-13T01:01:00,0.5877,0.5878,0.5877,0.58775,13
2026-03-13T01:02:00,0.58775,0.58775,0.5877,0.5877,26
2026-03-13T01:03:00,0.58775,0.58785,0.58775,0.58785,60
2026-03-13T01:04:00,0.5878,0.58795,0.5878,0.58795,36
2026-03-13T01:05:00,0.5879,0.58805,0.58785,0.58805,30
2026-03-13T01:06:00,0.5881,0.5881,0.588,0.588,11
2026-03-13T01:07:00,0.588,0.588,0.58795,0.58795,9
2026-03-13T01:08:00,0.588,0.588,0.588,0.588,13
2026-03-13T01:09:00,0.58795,0.58795,0.5879,0.58795,7
2026-03-13T01:10:00,0.588,0.5881,0.588,0.58805,16
2026-03-13T01:11:00,0.58805,0.5881,0.588,0.5881,20
2026-03-13T01:12:00,0.5881,0.58815,0.5881,0.58815,20
2026-03-13T01:13:00,0.5881,0.5881,0.58805,0.58805,13
2026-03-13T01:14:00,0.58805,0.58805,0.58805,0.58805,19
2026-03-13T01:15:00,0.5881,0.58815,0.58805,0.58805,9
2026-03-13T01:16:00,0.58805,0.58805,0.58805,0.58805,4
2026-03-13T01:17:00,0.58805,0.58805,0.58805,0.58805,28
2026-03-13T01:18:00,0.58805,0.58815,0.58805,0.58815,30
2026-03-13T01:19:00,0.5881,0.5881,0.58805,0.58805,20
2026-03-13T01:20:00,0.58805,0.58805,0.588,0.58805,13
2026-03-13T01:21:00,0.588,0.58805,0.588,0.588,18
2026-03-13T01:22:00,0.588,0.588,0.5879,0.588,25
2026-03-13T01:23:00,0.58795,0.58795,0.58795,0.58795,1
2026-03-13T01:24:00,0.58785,0.58785,0.58755,0.58755,7
2026-03-13T01:25:00,0.5876,0.5877,0.5876,0.58765,44
2026-03-13T01:26:00,0.5877,0.5879,0.5877,0.5879,22
2026-03-13T01:27:00,0.5879,0.5879,0.5879,0.5879,3
2026-03-13T01:28:00,0.58785,0.5879,0.58775,0.5878,61
2026-03-13T01:29:00,0.5878,0.5878,0.5877,0.58775,32
2026-03-13T01:30:00,0.58775,0.58785,0.58775,0.58775,7
2026-03-13T01:31:00,0.58785,0.58785,0.58785,0.58785,4
2026-03-13T01:32:00,0.5879,0.58795,0.5879,0.5879,4
2026-03-13T01:33:00,0.5878,0.5878,0.58775,0.58775,7
2026-03-13T01:34:00,0.58775,0.5878,0.58775,0.5878,2
2026-03-13T01:35:00,0.58785,0.58785,0.5878,0.5878,8
2026-03-13T01:36:00,0.5877,0.5877,0.58765,0.58765,18
2026-03-13T01:37:00,0.58765,0.58765,0.58765,0.58765,17
2026-03-13T01:38:00,0.58755,0.58755,0.58755,0.58755,1
2026-03-13T01:39:00,0.58765,0.5877,0.58765,0.5877,3
2026-03-13T01:40:00,0.58765,0.58765,0.58765,0.58765,2
2026-03-13T01:41:00,0.58775,0.58775,0.58775,0.58775,5
2026-03-13T01:42:00,0.58765,0.58765,0.58765,0.58765,1
2026-03-13T01:43:00,0.5875,0.5875,0.58745,0.58745,4
2026-03-13T01:44:00,0.58745,0.58745,0.58745,0.58745,2
2026-03-13T01:45:00,0.58745,0.58745,0.58745,0.58745,4
2026-03-13T01:46:00,0.5874,0.5874,0.5873,0.58735,22
2026-03-13T01:47:00,0.5873,0.5873,0.5872,0.5872,14
2026-03-13T01:48:00,0.58715,0.58715,0.58705,0.58705,25
2026-03-13T01:49:00,0.5871,0.5871,0.5871,0.5871,4
2026-03-13T01:50:00,0.5871,0.58715,0.58705,0.5871,13
2026-03-13T01:51:00,0.58715,0.5872,0.58715,0.5872,4
2026-03-13T01:52:00,0.58715,0.58715,0.5871,0.5871,13
2026-03-13T01:53:00,0.5871,0.5871,0.5871,0.5871,4
2026-03-13T01:54:00,0.5871,0.5871,0.58705,0.58705,4
2026-03-13T01:55:00,0.58715,0.58715,0.5871,0.5871,2
2026-03-13T01:56:00,0.5871,0.5871,0.5871,0.5871,1
2026-03-13T01:57:00,0.58705,0.5871,0.58705,0.58705,7
2026-03-13T01:59:00,0.5871,0.5872,0.5871,0.5872,4
2026-03-13T02:00:00,0.5872,0.58725,0.5872,0.5872,36
2026-03-13T02:01:00,0.5872,0.58725,0.58715,0.58715,21
2026-03-13T02:02:00,0.5872,0.5872,0.5872,0.5872,17
2026-03-13T02:03:00,0.58725,0.5873,0.58725,0.58725,19
2026-03-13T02:04:00,0.58725,0.5873,0.58725,0.5873,10
2026-03-13T02:06:00,0.5874,0.58755,0.5874,0.58755,12
2026-03-13T02:07:00,0.58755,0.58755,0.58745,0.58745,27
2026-03-13T02:08:00,0.5875,0.5875,0.5875,0.5875,2
2026-03-13T02:09:00,0.58755,0.58755,0.58755,0.58755,1
2026-03-13T02:10:00,0.5875,0.58755,0.5875,0.58755,2
2026-03-13T02:11:00,0.5876,0.5876,0.5876,0.5876,2
2026-03-13T02:12:00,0.58755,0.58755,0.58755,0.58755,1
2026-03-13T02:13:00,0.5874,0.5874,0.58725,0.58725,8
2026-03-13T02:14:00,0.5872,0.5872,0.5872,0.5872,8
2026-03-13T02:15:00,0.58725,0.58725,0.58725,0.58725,1
2026-03-13T02:16:00,0.58715,0.58715,0.587,0.587,30
2026-03-13T02:17:00,0.587,0.58705,0.587,0.58705,7
2026-03-13T02:18:00,0.58705,0.5871,0.58705,0.5871,8
2026-03-13T02:19:00,0.58705,0.58705,0.58705,0.58705,1
2026-03-13T02:21:00,0.5871,0.5871,0.5871,0.5871,2
2026-03-13T02:22:00,0.5871,0.5871,0.58705,0.58705,4
2026-03-13T02:23:00,0.58705,0.58705,0.58705,0.58705,1
2026-03-13T02:24:00,0.5871,0.5871,0.5871,0.5871,5
2026-03-13T02:25:00,0.58715,0.58715,0.58715,0.58715,2
2026-03-13T02:26:00,0.58715,0.5872,0.58715,0.5872,23
2026-03-13T02:28:00,0.58715,0.5872,0.58715,0.5872,9
2026-03-13T02:29:00,0.5872,0.58725,0.5872,0.5872,25
2026-03-13T02:30:00,0.5872,0.5872,0.58715,0.5872,31
2026-03-13T02:31:00,0.58725,0.58725,0.5872,0.5872,5
2026-03-13T02:33:00,0.5872,0.58725,0.5872,0.5872,5
2026-03-13T02:34:00,0.5873,0.58735,0.5873,0.58735,6
2026-03-13T02:35:00,0.5873,0.5873,0.5873,0.5873,3
2026-03-13T02:37:00,0.5872,0.5872,0.5872,0.5872,2
2026-03-13T02:39:00,0.587,0.587,0.58685,0.5869,48
2026-03-13T02:40:00,0.5869,0.5869,0.5869,0.5869,3
2026-03-13T02:41:00,0.58695,0.587,0.5869,0.5869,12
2026-03-13T02:42:00,0.58685,0.58685,0.58685,0.58685,11
2026-03-13T02:43:00,0.58685,0.5869,0.58675,0.5868,11
2026-03-13T02:44:00,0.58675,0.58675,0.58675,0.58675,8
2026-03-13T02:45:00,0.58675,0.58675,0.5867,0.5867,17
2026-03-13T02:46:00,0.58675,0.58675,0.58665,0.58665,15
2026-03-13T02:47:00,0.5867,0.5867,0.5866,0.5866,13
2026-03-13T02:48:00,0.5866,0.5866,0.5866,0.5866,1
2026-03-13T02:49:00,0.58665,0.58665,0.5866,0.58665,17
2026-03-13T02:50:00,0.58655,0.58655,0.5865,0.5865,17
2026-03-13T02:51:00,0.5866,0.5866,0.5865,0.5865,12
2026-03-13T02:53:00,0.58655,0.58675,0.58655,0.58675,25
2026-03-13T02:55:00,0.58675,0.58685,0.58675,0.58685,54
2026-03-13T02:56:00,0.5869,0.58695,0.5869,0.58695,5
2026-03-13T02:57:00,0.5869,0.5869,0.5869,0.5869,13
2026-03-13T02:58:00,0.58685,0.58685,0.58685,0.58685,6
2026-03-13T02:59:00,0.58675,0.58675,0.5867,0.5867,5
2026-03-13T03:00:00,0.58675,0.58685,0.58675,0.58685,32
2026-03-13T03:01:00,0.5866,0.5866,0.5866,0.5866,1
2026-03-13T03:02:00,0.5867,0.5867,0.5867,0.5867,5
2026-03-13T03:04:00,0.5867,0.58675,0.5867,0.5867,10
2026-03-13T03:05:00,0.58655,0.58655,0.58655,0.58655,5
2026-03-13T03:06:00,0.58655,0.58655,0.5865,0.58655,11
2026-03-13T03:07:00,0.5866,0.58665,0.5866,0.58665,12
2026-03-13T03:08:00,0.5867,0.5867,0.58665,0.5867,11
2026-03-13T03:09:00,0.58665,0.58665,0.5866,0.58665,12
2026-03-13T03:10:00,0.58665,0.58665,0.58665,0.58665,2
2026-03-13T03:11:00,0.5866,0.5866,0.5866,0.5866,3
2026-03-13T03:12:00,0.5865,0.5865,0.5865,0.5865,4
2026-03-13T03:13:00,0.5865,0.5865,0.5864,0.5864,10
2026-03-13T03:14:00,0.5864,0.5864,0.5864,0.5864,1
2026-03-13T03:15:00,0.58635,0.58635,0.58635,0.58635,1
2026-03-13T03:16:00,0.5864,0.5864,0.5864,0.5864,2
2026-03-13T03:17:00,0.58635,0.5864,0.58635,0.58635,12
2026-03-13T03:18:00,0.5864,0.5864,0.58625,0.58625,11
2026-03-13T03:19:00,0.58625,0.5863,0.58625,0.5863,13
2026-03-13T03:20:00,0.58625,0.58625,0.58625,0.58625,3
2026-03-13T03:21:00,0.5863,0.58635,0.58625,0.58625,11
2026-03-13T03:22:00,0.5863,0.5863,0.5863,0.5863,3
2026-03-13T03:23:00,0.58625,0.58625,0.58615,0.5862,19
2026-03-13T03:24:00,0.5862,0.5863,0.5862,0.58625,25
2026-03-13T03:25:00,0.5863,0.5863,0.5863,0.5863,3
2026-03-13T03:26:00,0.58615,0.58615,0.5861,0.5861,3
2026-03-13T03:27:00,0.58615,0.58615,0.58615,0.58615,7
2026-03-13T03:28:00,0.5862,0.58625,0.58615,0.58615,7
2026-03-13T03:29:00,0.58615,0.5862,0.58615,0.58615,14
2026-03-13T03:30:00,0.58615,0.58615,0.58595,0.586,19
2026-03-13T03:31:00,0.58605,0.58605,0.58595,0.58605,64
2026-03-13T03:32:00,0.5861,0.58625,0.5861,0.58625,49
2026-03-13T03:33:00,0.5862,0.5862,0.5862,0.5862,5
2026-03-13T03:34:00,0.58625,0.5864,0.58625,0.5864,92
2026-03-13T03:35:00,0.5864,0.5864,0.58625,0.58625,36
2026-03-13T03:36:00,0.5862,0.5862,0.586,0.586,23
2026-03-13T03:37:00,0.58605,0.58605,0.586,0.58605,13
2026-03-13T03:38:00,0.5861,0.5861,0.5861,0.5861,5
2026-03-13T03:39:00,0.5861,0.58615,0.5861,0.58615,34
2026-03-13T03:40:00,0.58615,0.58625,0.5861,0.58625,99
2026-03-13T03:41:00,0.58625,0.58625,0.5862,0.5862,30
2026-03-13T03:42:00,0.58625,0.5863,0.5862,0.5863,15
2026-03-13T03:43:00,0.5864,0.58655,0.5864,0.58655,37
2026-03-13T03:44:00,0.5865,0.5865,0.58645,0.5865,22
2026-03-13T03:45:00,0.58645,0.58645,0.58645,0.58645,1
2026-03-13T03:46:00,0.5864,0.5865,0.5864,0.5865,9
2026-03-13T03:47:00,0.5865,0.5865,0.5865,0.5865,1
2026-03-13T03:48:00,0.5866,0.5866,0.5866,0.5866,3
2026-03-13T03:49:00,0.58655,0.58655,0.58655,0.58655,4
2026-03-13T03:50:00,0.5865,0.5865,0.5864,0.58645,25
2026-03-13T03:51:00,0.58645,0.58645,0.58645,0.58645,2
2026-03-13T03:52:00,0.58655,0.58655,0.58655,0.58655,1
2026-03-13T03:53:00,0.58655,0.58655,0.5865,0.5865,10
2026-03-13T03:54:00,0.58645,0.5865,0.58645,0.5865,5
2026-03-13T03:55:00,0.58645,0.58645,0.58645,0.58645,1
2026-03-13T03:56:00,0.58645,0.5865,0.58645,0.58645,9
2026-03-13T03:57:00,0.5865,0.5865,0.5865,0.5865,1
2026-03-13T03:58:00,0.58655,0.58655,0.58655,0.58655,2
2026-03-13T04:00:00,0.58655,0.58655,0.58645,0.5865,12
2026-03-13T04:01:00,0.58645,0.58645,0.58645,0.58645,4
2026-03-13T04:02:00,0.58645,0.58645,0.58645,0.58645,4
2026-03-13T04:04:00,0.58635,0.58635,0.5863,0.58635,6
2026-03-13T04:06:00,0.58625,0.58625,0.5862,0.5862,4
2026-03-13T04:07:00,0.5862,0.5862,0.5862,0.5862,4
2026-03-13T04:08:00,0.58625,0.58625,0.58625,0.58625,19
2026-03-13T04:09:00,0.5862,0.5862,0.5862,0.5862,4
2026-03-13T04:10:00,0.5862,0.5862,0.5862,0.5862,11
2026-03-13T04:11:00,0.58615,0.58615,0.58615,0.58615,26
2026-03-13T04:13:00,0.5861,0.58615,0.5861,0.58615,7
2026-03-13T04:15:00,0.5861,0.5861,0.5861,0.5861,1
2026-03-13T04:16:00,0.58605,0.58605,0.58595,0.586,21
2026-03-13T04:17:00,0.586,0.586,0.586,0.586,8
2026-03-13T04:18:00,0.586,0.58605,0.5859,0.5859,53
2026-03-13T04:19:00,0.5859,0.58595,0.5859,0.58595,18
2026-03-13T04:20:00,0.586,0.586,0.5858,0.5858,52
2026-03-13T04:21:00,0.58585,0.58585,0.5857,0.5857,17
2026-03-13T04:22:00,0.58565,0.58565,0.5856,0.5856,3
2026-03-13T04:23:00,0.58565,0.58565,0.58565,0.58565,12
2026-03-13T04:24:00,0.58565,0.58565,0.5856,0.58565,16
2026-03-13T04:25:00,0.5857,0.5857,0.58565,0.58565,22
2026-03-13T04:26:00,0.58565,0.58565,0.58565,0.58565,3
2026-03-13T04:27:00,0.5856,0.5856,0.58555,0.58555,17
2026-03-13T04:28:00,0.5856,0.5856,0.58555,0.58555,8
2026-03-13T04:29:00,0.58555,0.58555,0.5855,0.5855,27
2026-03-13T04:30:00,0.58555,0.5856,0.5854,0.58545,18
2026-03-13T04:31:00,0.5854,0.5854,0.58535,0.58535,21
2026-03-13T04:32:00,0.58535,0.5854,0.5853,0.5854,19
2026-03-13T04:33:00,0.58545,0.58545,0.58535,0.58535,20
2026-03-13T04:34:00,0.5854,0.5854,0.58525,0.58525,47
2026-03-13T04:35:00,0.58515,0.58525,0.58515,0.58525,48
2026-03-13T04:36:00,0.5852,0.5852,0.58505,0.58505,22
2026-03-13T04:37:00,0.5852,0.5852,0.5851,0.58515,15
2026-03-13T04:38:00,0.58515,0.58515,0.5851,0.5851,11
2026-03-13T04:39:00,0.5851,0.58515,0.5851,0.5851,12
2026-03-13T04:40:00,0.5851,0.58515,0.58505,0.5851,33
2026-03-13T04:41:00,0.58515,0.58515,0.58505,0.5851,34
2026-03-13T04:42:00,0.5851,0.5851,0.58505,0.5851,41
2026-03-13T04:43:00,0.58515,0.5852,0.58515,0.5852,49
2026-03-13T04:44:00,0.58525,0.5853,0.5852,0.5852,13
2026-03-13T04:46:00,0.5852,0.5852,0.5852,0.5852,5
2026-03-13T04:47:00,0.58525,0.58525,0.58525,0.58525,4
2026-03-13T04:48:00,0.5853,0.5853,0.5853,0.5853,3
2026-03-13T04:49:00,0.58525,0.58525,0.58525,0.58525,2
2026-03-13T04:50:00,0.58525,0.58525,0.58525,0.58525,1
2026-03-13T04:51:00,0.5852,0.5852,0.5852,0.5852,1
2026-03-13T04:52:00,0.58525,0.58525,0.5852,0.5852,20
2026-03-13T04:53:00,0.5852,0.5852,0.5852,0.5852,4
2026-03-13T04:54:00,0.5852,0.5852,0.58505,0.58505,41
2026-03-13T04:55:00,0.58505,0.58505,0.58505,0.58505,8
2026-03-13T04:56:00,0.585,0.585,0.585,0.585,24
2026-03-13T04:57:00,0.585,0.58505,0.585,0.585,177
2026-03-13T04:58:00,0.58505,0.5851,0.585,0.5851,22
2026-03-13T04:59:00,0.58505,0.58505,0.585,0.585,14
2026-03-13T05:00:00,0.58505,0.5851,0.585,0.58505,38
2026-03-13T05:01:00,0.5851,0.5851,0.58505,0.58505,11
2026-03-13T05:02:00,0.585,0.5852,0.585,0.5852,72
2026-03-13T05:03:00,0.58515,0.58515,0.5851,0.58515,125
2026-03-13T05:04:00,0.58515,0.58515,0.5851,0.58515,129
2026-03-13T05:05:00,0.5851,0.5851,0.58505,0.58505,35
2026-03-13T05:06:00,0.5851,0.5851,0.5851,0.5851,10
2026-03-13T05:07:00,0.5851,0.5851,0.5851,0.5851,20
2026-03-13T05:08:00,0.58515,0.58515,0.5851,0.5851,18
2026-03-13T05:09:00,0.58505,0.58505,0.58505,0.58505,7
2026-03-13T05:10:00,0.585,0.585,0.585,0.585,4
2026-03-13T05:11:00,0.5851,0.5851,0.58485,0.58485,20
2026-03-13T05:13:00,0.5849,0.58495,0.5849,0.5849,32
2026-03-13T05:15:00,0.58495,0.585,0.5849,0.585,40
2026-03-13T05:16:00,0.58505,0.58505,0.5849,0.5849,10
2026-03-13T05:17:00,0.58485,0.585,0.58485,0.585,57
2026-03-13T05:18:00,0.58495,0.58505,0.58495,0.58505,34
2026-03-13T05:19:00,0.5851,0.5851,0.58505,0.58505,7
2026-03-13T05:20:00,0.58505,0.58505,0.58495,0.58495,20
2026-03-13T05:21:00,0.585,0.585,0.58495,0.585,7
2026-03-13T05:22:00,0.58505,0.58515,0.58505,0.58515,8
2026-03-13T05:23:00,0.5851,0.5851,0.58505,0.58505,2
2026-03-13T05:24:00,0.58515,0.58515,0.58515,0.58515,1
2026-03-13T05:25:00,0.58515,0.5853,0.58515,0.5853,25
2026-03-13T05:26:00,0.5852,0.5852,0.5851,0.5852,25
2026-03-13T05:27:00,0.5851,0.5851,0.58505,0.58505,7
2026-03-13T05:28:00,0.58505,0.58505,0.58505,0.58505,2
2026-03-13T05:29:00,0.58505,0.5851,0.58505,0.58505,8
2026-03-13T05:30:00,0.5851,0.5851,0.58505,0.58505,11
2026-03-13T05:31:00,0.5852,0.58525,0.5852,0.58525,3
2026-03-13T05:32:00,0.5853,0.5853,0.58525,0.5853,8
2026-03-13T05:33:00,0.58525,0.58525,0.58525,0.58525,9
2026-03-13T05:34:00,0.58525,0.58525,0.58525,0.58525,3
2026-03-13T05:35:00,0.5851,0.5851,0.5851,0.5851,9
2026-03-13T05:37:00,0.58515,0.58515,0.5851,0.58515,20
2026-03-13T05:38:00,0.5851,0.5851,0.58505,0.58505,22
2026-03-13T05:39:00,0.58505,0.58505,0.58505,0.58505,3
2026-03-13T05:41:00,0.58505,0.58505,0.58505,0.58505,4
2026-03-13T05:42:00,0.58505,0.5851,0.58495,0.58495,39
2026-03-13T05:43:00,0.5849,0.5849,0.5849,0.5849,20
2026-03-13T05:44:00,0.58485,0.58485,0.58485,0.58485,6
2026-03-13T05:48:00,0.58495,0.58495,0.58495,0.58495,10
2026-03-13T05:49:00,0.58495,0.58495,0.5849,0.5849,8
2026-03-13T05:50:00,0.5849,0.5849,0.5849,0.5849,5
2026-03-13T05:51:00,0.5849,0.5849,0.5849,0.5849,6
2026-03-13T05:52:00,0.5849,0.5849,0.5849,0.5849,23
2026-03-13T05:53:00,0.5849,0.5849,0.58485,0.5849,12
2026-03-13T05:54:00,0.58485,0.58485,0.58485,0.58485,1
2026-03-13T05:55:00,0.5848,0.5848,0.58465,0.5847,36
2026-03-13T05:56:00,0.5847,0.5847,0.5847,0.5847,3
2026-03-13T05:57:00,0.5847,0.58475,0.5847,0.58475,9
2026-03-13T05:58:00,0.5847,0.58485,0.5847,0.58485,29
2026-03-13T05:59:00,0.58485,0.58485,0.58485,0.58485,3
2026-03-13T06:00:00,0.58485,0.5849,0.58485,0.58485,37
2026-03-13T06:01:00,0.58485,0.58495,0.58475,0.58475,20
2026-03-13T06:02:00,0.58475,0.58475,0.58475,0.58475,32
2026-03-13T06:03:00,0.5848,0.5848,0.5848,0.5848,9
2026-03-13T06:04:00,0.58475,0.58475,0.58475,0.58475,20
2026-03-13T06:05:00,0.5848,0.5848,0.58475,0.58475,9
2026-03-13T06:06:00,0.58475,0.58475,0.58475,0.58475,6
2026-03-13T06:07:00,0.58475,0.58485,0.58475,0.58485,67
2026-03-13T06:08:00,0.5848,0.58485,0.5848,0.58485,7
2026-03-13T06:09:00,0.58485,0.5849,0.58485,0.58485,17
2026-03-13T06:10:00,0.5848,0.5848,0.58465,0.58465,8
2026-03-13T06:11:00,0.58475,0.58475,0.58465,0.58465,32
2026-03-13T06:12:00,0.58465,0.58465,0.58465,0.58465,8
2026-03-13T06:13:00,0.5847,0.5847,0.5846,0.58465,34
2026-03-13T06:14:00,0.5846,0.58465,0.5846,0.5846,11
2026-03-13T06:15:00,0.58455,0.58455,0.5845,0.5845,26
2026-03-13T06:16:00,0.58445,0.58445,0.5843,0.58435,78
2026-03-13T06:17:00,0.58435,0.5844,0.5843,0.5844,46
2026-03-13T06:18:00,0.5843,0.58435,0.5843,0.5843,27
2026-03-13T06:19:00,0.58425,0.58435,0.58425,0.5843,13
2026-03-13T06:20:00,0.58425,0.5843,0.58425,0.5843,20
2026-03-13T06:21:00,0.58425,0.5843,0.58425,0.5843,14
2026-03-13T06:22:00,0.5843,0.58435,0.5843,0.58435,20
2026-03-13T06:23:00,0.5844,0.5844,0.58425,0.58425,28
2026-03-13T06:24:00,0.58425,0.58425,0.5842,0.58425,34
2026-03-13T06:25:00,0.5842,0.58425,0.5841,0.58415,83
2026-03-13T06:26:00,0.5842,0.5842,0.5839,0.5839,65
2026-03-13T06:27:00,0.5839,0.584,0.5839,0.58395,62
2026-03-13T06:28:00,0.584,0.584,0.5839,0.5839,50
2026-03-13T06:29:00,0.5839,0.58395,0.5839,0.58395,16
2026-03-13T06:30:00,0.5839,0.5839,0.58375,0.58385,29
2026-03-13T06:31:00,0.5838,0.5838,0.58375,0.58375,37
2026-03-13T06:32:00,0.5837,0.58375,0.5837,0.5837,30
2026-03-13T06:33:00,0.5837,0.5837,0.5835,0.5835,9
2026-03-13T06:34:00,0.5835,0.58355,0.58345,0.58345,27
2026-03-13T06:35:00,0.5835,0.5835,0.58335,0.5834,58
2026-03-13T06:36:00,0.5834,0.5835,0.5834,0.5834,26
2026-03-13T06:37:00,0.58345,0.58345,0.5833,0.5833,18
2026-03-13T06:38:00,0.5833,0.5837,0.5833,0.5837,71
2026-03-13T06:39:00,0.58375,0.5838,0.5837,0.5838,32
2026-03-13T06:40:00,0.5838,0.5838,0.5837,0.5837,20
2026-03-13T06:41:00,0.5837,0.5837,0.58365,0.58365,13
2026-03-13T06:42:00,0.5837,0.5837,0.58365,0.58365,7
2026-03-13T06:43:00,0.5836,0.5836,0.5836,0.5836,30
2026-03-13T06:44:00,0.58355,0.58365,0.58355,0.58365,25
2026-03-13T06:45:00,0.5837,0.5837,0.58365,0.5837,30
2026-03-13T06:46:00,0.5837,0.5837,0.5836,0.58365,14
2026-03-13T06:47:00,0.58365,0.5838,0.58365,0.58375,21
2026-03-13T06:48:00,0.58375,0.58385,0.5837,0.5837,62
2026-03-13T06:49:00,0.58365,0.58365,0.58355,0.5836,22
2026-03-13T06:50:00,0.5836,0.5837,0.5836,0.5837,29
2026-03-13T06:51:00,0.5837,0.5837,0.58365,0.58365,29
2026-03-13T06:52:00,0.5837,0.5838,0.5837,0.5838,27
2026-03-13T06:53:00,0.5838,0.58385,0.5838,0.5838,33
2026-03-13T06:54:00,0.58385,0.58385,0.5838,0.58385,28
2026-03-13T06:55:00,0.58385,0.584,0.58375,0.58375,94
2026-03-13T06:56:00,0.58375,0.5838,0.58375,0.5838,26
2026-03-13T06:57:00,0.58385,0.58385,0.58385,0.58385,4
2026-03-13T06:58:00,0.58385,0.58385,0.58375,0.58375,25
2026-03-13T06:59:00,0.5837,0.5837,0.58365,0.5837,25
2026-03-13T07:00:00,0.58365,0.58365,0.58345,0.58355,98
2026-03-13T07:01:00,0.58345,0.5835,0.5834,0.58345,35
2026-03-13T07:02:00,0.5835,0.5837,0.5835,0.58365,79
2026-03-13T07:03:00,0.58365,0.58365,0.58355,0.5836,11
2026-03-13T07:04:00,0.58355,0.58355,0.5834,0.5834,16
2026-03-13T07:05:00,0.5834,0.5834,0.58325,0.58325,29
2026-03-13T07:06:00,0.5833,0.5833,0.58305,0.5831,115
2026-03-13T07:07:00,0.5831,0.58315,0.5831,0.5831,36
2026-03-13T07:08:00,0.58315,0.5832,0.5831,0.5832,27
2026-03-13T07:09:00,0.5832,0.58325,0.58315,0.58315,34
2026-03-13T07:10:00,0.5832,0.5832,0.58315,0.58315,10
2026-03-13T07:11:00,0.58315,0.58325,0.5831,0.58325,26
2026-03-13T07:12:00,0.58325,0.58325,0.5832,0.5832,9
2026-03-13T07:13:00,0.5831,0.58315,0.58295,0.58295,13
2026-03-13T07:14:00,0.58305,0.58305,0.58295,0.583,10
2026-03-13T07:15:00,0.583,0.583,0.5829,0.583,12
2026-03-13T07:16:00,0.58295,0.58295,0.58275,0.5829,34
2026-03-13T07:17:00,0.5829,0.58295,0.5828,0.5828,21
2026-03-13T07:18:00,0.58285,0.5829,0.58285,0.58285,62
2026-03-13T07:19:00,0.58285,0.58285,0.58275,0.58285,40
2026-03-13T07:20:00,0.58285,0.5829,0.5828,0.5828,35
2026-03-13T07:21:00,0.5828,0.5828,0.5827,0.5827,27
2026-03-13T07:22:00,0.58265,0.5827,0.5826,0.5826,65
2026-03-13T07:23:00,0.5826,0.58275,0.58255,0.5827,102
2026-03-13T07:24:00,0.5827,0.5828,0.5827,0.5828,11
2026-03-13T07:25:00,0.5828,0.58285,0.5827,0.58285,73
2026-03-13T07:26:00,0.58285,0.58285,0.58275,0.58275,48
2026-03-13T07:27:00,0.58275,0.5828,0.58275,0.5828,15
2026-03-13T07:28:00,0.58285,0.58285,0.5828,0.5828,4
2026-03-13T07:29:00,0.58305,0.58315,0.58305,0.5831,18
2026-03-13T07:30:00,0.5831,0.58315,0.5831,0.58315,25
2026-03-13T07:31:00,0.5831,0.5831,0.5831,0.5831,1
2026-03-13T07:32:00,0.5832,0.5832,0.5832,0.5832,23
2026-03-13T07:33:00,0.5832,0.5832,0.58315,0.58315,14
2026-03-13T07:34:00,0.58315,0.58315,0.5831,0.58315,54
2026-03-13T07:35:00,0.5832,0.5832,0.5831,0.5831,42
2026-03-13T07:36:00,0.5831,0.58315,0.5831,0.5831,7
2026-03-13T07:37:00,0.5831,0.5831,0.58305,0.58305,14
2026-03-13T07:38:00,0.5831,0.5831,0.5831,0.5831,17
2026-03-13T07:39:00,0.583,0.58305,0.58295,0.58295,21
2026-03-13T07:41:00,0.58285,0.58295,0.58285,0.58295,6
2026-03-13T07:42:00,0.58295,0.583,0.58265,0.5829,641
2026-03-13T07:43:00,0.58285,0.58285,0.5827,0.5827,25
2026-03-13T07:44:00,0.5827,0.58275,0.58265,0.5827,89
2026-03-13T07:45:00,0.58265,0.58275,0.58265,0.58275,13
2026-03-13T07:46:00,0.58275,0.58275,0.5827,0.58275,9
2026-03-13T07:47:00,0.5826,0.58265,0.58255,0.5826,42
2026-03-13T07:48:00,0.58265,0.58275,0.5826,0.5826,93
2026-03-13T07:49:00,0.5826,0.58265,0.5826,0.58265,33
2026-03-13T07:50:00,0.58265,0.5827,0.58265,0.5827,14
2026-03-13T07:51:00,0.5827,0.58275,0.58265,0.5827,11
2026-03-13T07:52:00,0.58275,0.58275,0.58265,0.58265,43
2026-03-13T07:53:00,0.5827,0.5827,0.58265,0.58265,30
2026-03-13T07:54:00,0.5827,0.5827,0.5826,0.5826,19
2026-03-13T07:55:00,0.58255,0.58255,0.58245,0.5825,23
2026-03-13T07:56:00,0.58255,0.58265,0.58255,0.58255,18
2026-03-13T07:57:00,0.58255,0.5826,0.5825,0.5826,42
2026-03-13T07:58:00,0.5826,0.5827,0.5826,0.5827,8
2026-03-13T07:59:00,0.58275,0.5828,0.58275,0.5828,14
2026-03-13T08:00:00,0.5828,0.5828,0.5826,0.5827,125
2026-03-13T08:01:00,0.5827,0.58275,0.5827,0.5827,22
2026-03-13T08:02:00,0.58265,0.58265,0.58255,0.58255,24
2026-03-13T08:03:00,0.5826,0.58265,0.58255,0.58255,20
2026-03-13T08:04:00,0.5825,0.58255,0.5823,0.58235,29
2026-03-13T08:05:00,0.58235,0.58255,0.5823,0.58255,88
2026-03-13T08:06:00,0.58255,0.58255,0.58245,0.58245,129
2026-03-13T08:07:00,0.58245,0.5827,0.58245,0.5827,90
2026-03-13T08:08:00,0.5827,0.58275,0.58265,0.5827,34
2026-03-13T08:09:00,0.5826,0.5826,0.5825,0.58255,48
2026-03-13T08:10:00,0.58255,0.58255,0.5825,0.58255,29
2026-03-13T08:11:00,0.5826,0.5826,0.5825,0.5826,33
2026-03-13T08:12:00,0.58265,0.58275,0.5825,0.5825,31
2026-03-13T08:13:00,0.5825,0.58255,0.58245,0.58255,15
2026-03-13T08:14:00,0.5825,0.58265,0.5825,0.58265,21
2026-03-13T08:15:00,0.5826,0.5826,0.58245,0.5825,33
2026-03-13T08:16:00,0.5825,0.5826,0.58245,0.58245,17
2026-03-13T08:17:00,0.58245,0.5827,0.5824,0.5827,90
2026-03-13T08:18:00,0.58265,0.58265,0.5825,0.5825,26
2026-03-13T08:19:00,0.5825,0.5825,0.5824,0.58245,51
2026-03-13T08:20:00,0.5824,0.58245,0.5824,0.5824,34
2026-03-13T08:21:00,0.58245,0.58245,0.58235,0.58235,27
2026-03-13T08:22:00,0.5823,0.5825,0.5823,0.5825,44
2026-03-13T08:23:00,0.5825,0.58265,0.5825,0.5826,18
2026-03-13T08:24:00,0.5826,0.5827,0.5825,0.5825,28
2026-03-13T08:25:00,0.5825,0.5825,0.58235,0.58235,23
2026-03-13T08:26:00,0.58235,0.5825,0.58235,0.58245,22
2026-03-13T08:27:00,0.5825,0.5825,0.58225,0.5823,45
2026-03-13T08:28:00,0.58225,0.5824,0.58225,0.58235,110
2026-03-13T08:29:00,0.5824,0.5825,0.5824,0.5824,120
2026-03-13T08:30:00,0.58245,0.58275,0.58245,0.58275,88
2026-03-13T08:31:00,0.58275,0.58285,0.58265,0.58285,108
2026-03-13T08:32:00,0.58285,0.58305,0.58285,0.58305,61
2026-03-13T08:33:00,0.583,0.58315,0.58295,0.58315,29
2026-03-13T08:34:00,0.58315,0.58325,0.5831,0.5832,36
2026-03-13T08:35:00,0.5832,0.5832,0.58305,0.5831,60
2026-03-13T08:36:00,0.58305,0.58305,0.583,0.58305,47
2026-03-13T08:37:00,0.58305,0.58305,0.583,0.58305,18
2026-03-13T08:38:00,0.58305,0.58315,0.58305,0.58315,18
2026-03-13T08:39:00,0.5832,0.58325,0.5831,0.5831,31
2026-03-13T08:40:00,0.58315,0.58325,0.5831,0.58325,30
2026-03-13T08:41:00,0.5832,0.58325,0.58315,0.58325,44
2026-03-13T08:42:00,0.58325,0.5833,0.5831,0.5831,23
2026-03-13T08:43:00,0.58305,0.58315,0.58305,0.58315,22
2026-03-13T08:44:00,0.58315,0.58315,0.58305,0.58305,16
2026-03-13T08:45:00,0.58305,0.5831,0.58305,0.58305,18
2026-03-13T08:46:00,0.583,0.583,0.583,0.583,7
2026-03-13T08:47:00,0.58295,0.583,0.5829,0.58295,28
2026-03-13T08:48:00,0.5829,0.583,0.5829,0.583,20
2026-03-13T08:49:00,0.58315,0.58335,0.58315,0.58335,14
2026-03-13T08:50:00,0.5834,0.5835,0.58335,0.5835,62
2026-03-13T08:51:00,0.58345,0.5835,0.5834,0.5835,15
2026-03-13T08:52:00,0.58345,0.5835,0.5834,0.5835,18
2026-03-13T08:53:00,0.58355,0.5837,0.5835,0.5836,46
2026-03-13T08:54:00,0.5835,0.58355,0.58345,0.58355,25
2026-03-13T08:55:00,0.5835,0.58355,0.58345,0.58355,22
2026-03-13T08:56:00,0.58355,0.58365,0.58355,0.58365,20
2026-03-13T08:57:00,0.5836,0.58365,0.5836,0.58365,11
2026-03-13T08:58:00,0.58365,0.5838,0.58365,0.5838,25
2026-03-13T08:59:00,0.5838,0.5838,0.58375,0.58375,12
2026-03-13T09:00:00,0.58375,0.584,0.58375,0.5839,176
2026-03-13T09:01:00,0.58395,0.58415,0.58395,0.58415,74
2026-03-13T09:02:00,0.58415,0.5844,0.58415,0.5844,300
2026-03-13T09:03:00,0.58435,0.58455,0.5843,0.5843,198
2026-03-13T09:04:00,0.5843,0.5843,0.5842,0.5842,32
2026-03-13T09:05:00,0.58435,0.58455,0.58435,0.5844,128
2026-03-13T09:06:00,0.58435,0.58435,0.5841,0.5841,91
2026-03-13T09:07:00,0.5842,0.5842,0.5841,0.58415,15
2026-03-13T09:08:00,0.58415,0.58415,0.5841,0.58415,32
2026-03-13T09:09:00,0.5841,0.5841,0.58395,0.584,18
2026-03-13T09:10:00,0.58395,0.58395,0.58385,0.58385,33
2026-03-13T09:11:00,0.5839,0.58405,0.5839,0.584,70
2026-03-13T09:12:00,0.584,0.584,0.58385,0.584,81
2026-03-13T09:13:00,0.584,0.58405,0.584,0.58405,9
2026-03-13T09:14:00,0.584,0.58405,0.584,0.58405,16
2026-03-13T09:15:00,0.58415,0.58415,0.58395,0.58395,28
2026-03-13T09:16:00,0.584,0.584,0.5839,0.5839,8
2026-03-13T09:17:00,0.5839,0.5839,0.5839,0.5839,12
2026-03-13T09:18:00,0.58395,0.584,0.58395,0.584,24
2026-03-13T09:19:00,0.584,0.584,0.58395,0.58395,22
2026-03-13T09:20:00,0.584,0.584,0.584,0.584,5
2026-03-13T09:21:00,0.584,0.584,0.58395,0.58395,6
2026-03-13T09:22:00,0.5839,0.5839,0.58375,0.58375,32
2026-03-13T09:23:00,0.58375,0.58375,0.5837,0.58375,49
2026-03-13T09:24:00,0.5837,0.5837,0.5837,0.5837,1
2026-03-13T09:25:00,0.5837,0.58385,0.5837,0.5838,53
2026-03-13T09:26:00,0.5838,0.584,0.5838,0.584,34
2026-03-13T09:27:00,0.584,0.584,0.584,0.584,18
2026-03-13T09:28:00,0.58405,0.5841,0.58405,0.5841,16
2026-03-13T09:29:00,0.5842,0.58425,0.5842,0.58425,7
2026-03-13T09:30:00,0.58425,0.5843,0.58425,0.5843,16
2026-03-13T09:31:00,0.5842,0.58425,0.5842,0.58425,20
2026-03-13T09:32:00,0.5843,0.5843,0.58405,0.58405,42
2026-03-13T09:33:00,0.5841,0.58415,0.58405,0.58405,7
2026-03-13T09:34:00,0.5841,0.58415,0.5841,0.58415,4
2026-03-13T09:35:00,0.5842,0.58425,0.5842,0.58425,12
2026-03-13T09:36:00,0.5842,0.5842,0.58405,0.5841,18
2026-03-13T09:37:00,0.5841,0.5841,0.58405,0.5841,20
2026-03-13T09:38:00,0.5841,0.5841,0.58405,0.58405,10
2026-03-13T09:39:00,0.58395,0.58395,0.58385,0.58385,13
2026-03-13T09:40:00,0.5838,0.5838,0.5838,0.5838,8
2026-03-13T09:41:00,0.58375,0.5839,0.58375,0.5839,13
2026-03-13T09:42:00,0.5838,0.58385,0.58375,0.58385,15
2026-03-13T09:43:00,0.58385,0.58385,0.58385,0.58385,3
2026-03-13T09:44:00,0.5838,0.5838,0.5838,0.5838,1
2026-03-13T09:45:00,0.5837,0.5837,0.5836,0.5837,37
2026-03-13T09:46:00,0.58375,0.58375,0.58375,0.58375,13
2026-03-13T09:47:00,0.58375,0.58375,0.58375,0.58375,3
2026-03-13T09:48:00,0.58375,0.58375,0.5837,0.5837,8
2026-03-13T09:49:00,0.58375,0.5838,0.58375,0.5838,9
2026-03-13T09:50:00,0.58385,0.58385,0.58375,0.58375,10
2026-03-13T09:51:00,0.5838,0.58395,0.58375,0.58395,25
2026-03-13T09:52:00,0.58395,0.58395,0.58395,0.58395,5
2026-03-13T09:53:00,0.5839,0.5839,0.58375,0.58375,6
2026-03-13T09:54:00,0.58385,0.5839,0.58385,0.58385,6
2026-03-13T09:55:00,0.5838,0.5838,0.58375,0.58375,6
2026-03-13T09:56:00,0.58375,0.5839,0.58375,0.5839,24
2026-03-13T09:57:00,0.58385,0.5839,0.58385,0.5839,7
2026-03-13T09:58:00,0.58385,0.58385,0.58385,0.58385,11
2026-03-13T09:59:00,0.58375,0.58375,0.58375,0.58375,4
2026-03-13T10:00:00,0.5837,0.58385,0.58365,0.58385,23
2026-03-13T10:01:00,0.58385,0.58405,0.58385,0.5839,54
2026-03-13T10:02:00,0.5839,0.584,0.5839,0.584,25
2026-03-13T10:03:00,0.58415,0.5842,0.58405,0.58405,15
2026-03-13T10:04:00,0.5841,0.5841,0.5841,0.5841,1
2026-03-13T10:05:00,0.58415,0.58415,0.58415,0.58415,8
2026-03-13T10:06:00,0.5842,0.5842,0.5841,0.5841,7
2026-03-13T10:07:00,0.58405,0.58405,0.58405,0.58405,17
2026-03-13T10:08:00,0.58395,0.584,0.58395,0.584,6
2026-03-13T10:09:00,0.5841,0.58415,0.5841,0.5841,6
2026-03-13T10:10:00,0.5841,0.58415,0.5841,0.58415,18
2026-03-13T10:11:00,0.5842,0.5842,0.58415,0.58415,11
2026-03-13T10:12:00,0.58425,0.58425,0.58415,0.5842,19
2026-03-13T10:13:00,0.58425,0.5843,0.5842,0.58425,64
2026-03-13T10:14:00,0.58415,0.58415,0.58415,0.58415,12
2026-03-13T10:15:00,0.58415,0.5842,0.58415,0.5842,26
2026-03-13T10:16:00,0.5841,0.5842,0.5841,0.5842,174
2026-03-13T10:17:00,0.58415,0.5842,0.58415,0.5842,67
2026-03-13T10:18:00,0.5842,0.5842,0.5841,0.5841,16
2026-03-13T10:19:00,0.58395,0.58395,0.58395,0.58395,1
2026-03-13T10:20:00,0.58405,0.5841,0.58405,0.58405,18
2026-03-13T10:21:00,0.58395,0.58395,0.58385,0.58395,14
2026-03-13T10:22:00,0.58395,0.5841,0.5839,0.5841,35
2026-03-13T10:23:00,0.58405,0.58405,0.58395,0.58395,143
2026-03-13T10:24:00,0.58405,0.58405,0.58405,0.58405,5
2026-03-13T10:25:00,0.58385,0.58385,0.58385,0.58385,4
2026-03-13T10:26:00,0.5838,0.58385,0.5838,0.5838,30
2026-03-13T10:27:00,0.5838,0.5838,0.58375,0.58375,18
2026-03-13T10:28:00,0.58375,0.58385,0.58375,0.58385,20
2026-03-13T10:29:00,0.5839,0.58395,0.58385,0.58395,16
2026-03-13T10:30:00,0.58395,0.58395,0.5839,0.5839,10
2026-03-13T10:31:00,0.58385,0.58385,0.5838,0.5838,8
2026-03-13T10:32:00,0.58375,0.58385,0.58375,0.58385,9
2026-03-13T10:33:00,0.5839,0.58395,0.58385,0.58385,14
2026-03-13T10:34:00,0.5839,0.584,0.5839,0.584,26
2026-03-13T10:35:00,0.58395,0.58405,0.58395,0.58405,4
2026-03-13T10:36:00,0.584,0.584,0.5839,0.5839,8
2026-03-13T10:37:00,0.5839,0.58395,0.58385,0.58395,10
2026-03-13T10:38:00,0.584,0.584,0.584,0.584,10
2026-03-13T10:39:00,0.584,0.584,0.584,0.584,4
2026-03-13T10:40:00,0.58395,0.584,0.58395,0.584,5
2026-03-13T10:41:00,0.584,0.58405,0.584,0.58405,10
2026-03-13T10:42:00,0.584,0.584,0.58395,0.58395,8
2026-03-13T10:43:00,0.58395,0.58405,0.58395,0.584,7
2026-03-13T10:44:00,0.584,0.58405,0.584,0.58405,9
2026-03-13T10:45:00,0.58405,0.58405,0.58395,0.58395,27
2026-03-13T10:46:00,0.58395,0.58395,0.5839,0.5839,15
2026-03-13T10:47:00,0.58395,0.58435,0.58395,0.58435,103
2026-03-13T10:48:00,0.58435,0.5847,0.58435,0.5847,46
2026-03-13T10:49:00,0.58465,0.58475,0.5846,0.5847,43
2026-03-13T10:50:00,0.58465,0.58505,0.58465,0.585,63
2026-03-13T10:51:00,0.5849,0.58495,0.58475,0.5848,37
2026-03-13T10:52:00,0.58485,0.58485,0.5847,0.5847,135
2026-03-13T10:53:00,0.58455,0.58455,0.58435,0.58435,31
2026-03-13T10:54:00,0.5843,0.5843,0.58425,0.58425,20
2026-03-13T10:55:00,0.5842,0.58425,0.5842,0.58425,11
2026-03-13T10:56:00,0.5843,0.58435,0.5842,0.58435,29
2026-03-13T10:57:00,0.58435,0.58435,0.5842,0.5842,16
2026-03-13T10:58:00,0.58425,0.58425,0.58415,0.58415,26
2026-03-13T10:59:00,0.58415,0.58415,0.58415,0.58415,18
2026-03-13T11:00:00,0.5842,0.58435,0.5842,0.58435,15
2026-03-13T11:01:00,0.5844,0.5845,0.58435,0.58445,49
2026-03-13T11:02:00,0.5845,0.5845,0.58435,0.58435,14
2026-03-13T11:03:00,0.58435,0.58435,0.5843,0.5843,8
2026-03-13T11:04:00,0.58445,0.5845,0.5844,0.5845,10
2026-03-13T11:05:00,0.5845,0.5846,0.5844,0.58455,24
2026-03-13T11:06:00,0.5846,0.58465,0.58445,0.58445,7
2026-03-13T11:07:00,0.58445,0.5845,0.58435,0.58435,17
2026-03-13T11:08:00,0.58425,0.58425,0.584,0.58405,31
2026-03-13T11:09:00,0.58395,0.58395,0.58385,0.58395,18
2026-03-13T11:10:00,0.58395,0.58395,0.58375,0.58375,31
2026-03-13T11:11:00,0.5838,0.5839,0.5838,0.5839,34
2026-03-13T11:12:00,0.5839,0.5839,0.58385,0.5839,10
2026-03-13T11:13:00,0.584,0.5841,0.584,0.584,55
2026-03-13T11:14:00,0.58395,0.5841,0.58395,0.58405,51
2026-03-13T11:15:00,0.58405,0.58405,0.584,0.58405,7
2026-03-13T11:16:00,0.5841,0.5841,0.5841,0.5841,3
2026-03-13T11:17:00,0.58415,0.5843,0.58415,0.5843,22
2026-03-13T11:18:00,0.5843,0.5845,0.5843,0.5845,18
2026-03-13T11:19:00,0.5845,0.58455,0.5845,0.5845,14
2026-03-13T11:20:00,0.58455,0.58455,0.58445,0.5845,9
2026-03-13T11:21:00,0.5845,0.5845,0.58435,0.58435,19
2026-03-13T11:22:00,0.5844,0.58445,0.5844,0.58445,29
2026-03-13T11:23:00,0.5845,0.5845,0.5844,0.5844,7
2026-03-13T11:24:00,0.58445,0.58445,0.58445,0.58445,2
2026-03-13T11:25:00,0.5845,0.5846,0.5845,0.58455,20
2026-03-13T11:26:00,0.5846,0.5847,0.5846,0.58465,127
2026-03-13T11:27:00,0.58465,0.5847,0.58465,0.5847,18
2026-03-13T11:28:00,0.58465,0.58465,0.5846,0.5846,10
2026-03-13T11:29:00,0.58465,0.58465,0.58445,0.58455,42
2026-03-13T11:30:00,0.5846,0.58465,0.58455,0.58455,19
2026-03-13T11:31:00,0.58455,0.5847,0.58455,0.5847,12
2026-03-13T11:32:00,0.58465,0.58485,0.58465,0.58485,25
2026-03-13T11:33:00,0.5849,0.5849,0.58485,0.58485,14
2026-03-13T11:34:00,0.58485,0.58485,0.58475,0.58475,4
2026-03-13T11:35:00,0.5847,0.5847,0.5847,0.5847,18
2026-03-13T11:36:00,0.5847,0.5847,0.58465,0.58465,3
2026-03-13T11:37:00,0.58475,0.58475,0.5847,0.5847,12
2026-03-13T11:38:00,0.58465,0.58465,0.5846,0.5846,7
2026-03-13T11:39:00,0.5845,0.5846,0.5845,0.5846,4
2026-03-13T11:40:00,0.58455,0.58455,0.58445,0.58455,12
2026-03-13T11:41:00,0.5846,0.5846,0.5845,0.5845,19
2026-03-13T11:42:00,0.58445,0.5845,0.5844,0.5845,21
2026-03-13T11:44:00,0.58455,0.5848,0.58455,0.5848,14
2026-03-13T11:45:00,0.5848,0.5849,0.5848,0.5849,8
2026-03-13T11:46:00,0.5849,0.5849,0.5849,0.5849,1
2026-03-13T11:47:00,0.58485,0.58485,0.58475,0.5848,27
2026-03-13T11:48:00,0.58475,0.5848,0.58475,0.5848,11
2026-03-13T11:49:00,0.5848,0.58485,0.58475,0.58475,8
2026-03-13T11:50:00,0.5848,0.5848,0.5848,0.5848,9
2026-03-13T11:51:00,0.58485,0.58505,0.58485,0.58505,39
2026-03-13T11:52:00,0.585,0.585,0.5849,0.58495,19
2026-03-13T11:53:00,0.58495,0.585,0.5849,0.5849,24
2026-03-13T11:54:00,0.5849,0.5849,0.5848,0.5849,31
2026-03-13T11:55:00,0.5849,0.58495,0.58485,0.58485,22
2026-03-13T11:56:00,0.5849,0.585,0.5849,0.58495,39
2026-03-13T11:57:00,0.585,0.585,0.58495,0.585,34
2026-03-13T11:58:00,0.585,0.58505,0.58495,0.58495,32
2026-03-13T11:59:00,0.58495,0.585,0.5849,0.585,28
2026-03-13T12:00:00,0.585,0.58505,0.585,0.585,32
2026-03-13T12:01:00,0.58505,0.58515,0.58495,0.58515,25
2026-03-13T12:02:00,0.58515,0.5853,0.58515,0.58515,38
2026-03-13T12:03:00,0.58515,0.5852,0.5851,0.58515,28
2026-03-13T12:04:00,0.58515,0.58515,0.585,0.585,34
2026-03-13T12:05:00,0.585,0.585,0.58495,0.58495,76
2026-03-13T12:06:00,0.5849,0.5849,0.5848,0.5848,62
2026-03-13T12:07:00,0.5848,0.5848,0.5847,0.5848,34
2026-03-13T12:08:00,0.58475,0.58475,0.5845,0.58455,67
2026-03-13T12:09:00,0.58455,0.5846,0.58455,0.5846,14
2026-03-13T12:10:00,0.58465,0.5847,0.5846,0.5846,37
2026-03-13T12:11:00,0.5846,0.58475,0.58455,0.58475,62
2026-03-13T12:12:00,0.5847,0.58475,0.5846,0.5846,9
2026-03-13T12:13:00,0.5845,0.5846,0.5845,0.58455,23
2026-03-13T12:14:00,0.58455,0.5847,0.58455,0.5847,24
2026-03-13T12:15:00,0.5847,0.58475,0.5847,0.5847,21
2026-03-13T12:16:00,0.5847,0.58475,0.5847,0.58475,7
2026-03-13T12:17:00,0.5848,0.58485,0.5848,0.58485,5
2026-03-13T12:18:00,0.5849,0.5849,0.58485,0.58485,9
2026-03-13T12:19:00,0.58485,0.5849,0.58485,0.5849,8
2026-03-13T12:20:00,0.58485,0.58485,0.58465,0.58475,53
2026-03-13T12:21:00,0.5847,0.58475,0.58465,0.58465,16
2026-03-13T12:22:00,0.5847,0.58475,0.5847,0.58475,35
2026-03-13T12:23:00,0.58475,0.58475,0.58465,0.58465,14
2026-03-13T12:24:00,0.58465,0.5847,0.58465,0.5847,27
2026-03-13T12:25:00,0.58475,0.5848,0.5847,0.58475,33
2026-03-13T12:26:00,0.5848,0.58485,0.5848,0.5848,28
2026-03-13T12:27:00,0.58485,0.58495,0.58485,0.58495,22
2026-03-13T12:28:00,0.58495,0.5851,0.58495,0.5851,18
2026-03-13T12:29:00,0.58515,0.58515,0.5849,0.58495,34
2026-03-13T12:30:00,0.585,0.58505,0.58465,0.58485,317
2026-03-13T12:31:00,0.58485,0.585,0.58475,0.5848,105
2026-03-13T12:32:00,0.5848,0.5848,0.5846,0.58465,34
2026-03-13T12:33:00,0.58465,0.58495,0.58455,0.58485,61
2026-03-13T12:34:00,0.5848,0.58495,0.5848,0.5849,27
2026-03-13T12:35:00,0.58485,0.5851,0.58485,0.585,194
2026-03-13T12:36:00,0.585,0.58505,0.5849,0.58505,114
2026-03-13T12:37:00,0.5851,0.58515,0.58485,0.5849,53
2026-03-13T12:38:00,0.58495,0.585,0.5849,0.58495,26
2026-03-13T12:39:00,0.58495,0.58525,0.5849,0.58525,67
2026-03-13T12:40:00,0.58525,0.58525,0.585,0.5851,38
2026-03-13T12:41:00,0.5851,0.58515,0.5851,0.58515,11
2026-03-13T12:42:00,0.58515,0.5853,0.58515,0.58525,16
2026-03-13T12:43:00,0.58525,0.58525,0.58515,0.58515,44
2026-03-13T12:44:00,0.5851,0.58525,0.58505,0.58525,28
2026-03-13T12:45:00,0.5852,0.58575,0.5852,0.58575,147
2026-03-13T12:46:00,0.58575,0.58585,0.58565,0.5857,78
2026-03-13T12:47:00,0.58565,0.58575,0.5856,0.5857,25
2026-03-13T12:48:00,0.5857,0.5857,0.5856,0.58565,83
2026-03-13T12:49:00,0.5856,0.5856,0.5855,0.58555,28
2026-03-13T12:50:00,0.58555,0.58565,0.58545,0.5856,17
2026-03-13T12:51:00,0.5856,0.5856,0.5854,0.5854,29
2026-03-13T12:52:00,0.58545,0.5855,0.5854,0.5854,45
2026-03-13T12:53:00,0.58535,0.58535,0.58535,0.58535,14
2026-03-13T12:54:00,0.5853,0.5855,0.5852,0.58545,28
2026-03-13T12:55:00,0.58545,0.5855,0.58545,0.5855,15
2026-03-13T12:56:00,0.58545,0.5856,0.58545,0.58555,15
2026-03-13T12:57:00,0.5855,0.5855,0.58545,0.5855,34
2026-03-13T12:58:00,0.58545,0.58545,0.58535,0.5854,12
2026-03-13T12:59:00,0.58545,0.5855,0.5854,0.5855,20
2026-03-13T13:00:00,0.58545,0.5855,0.58545,0.58545,17
2026-03-13T13:01:00,0.5854,0.5854,0.5852,0.5852,30
2026-03-13T13:02:00,0.58525,0.5853,0.58515,0.58525,33
2026-03-13T13:03:00,0.58515,0.5852,0.5848,0.58505,423
2026-03-13T13:04:00,0.58505,0.5852,0.585,0.58515,104
2026-03-13T13:05:00,0.5851,0.5851,0.58495,0.5851,49
2026-03-13T13:06:00,0.58515,0.58515,0.5851,0.5851,3
2026-03-13T13:07:00,0.58505,0.5851,0.58505,0.58505,19
2026-03-13T13:08:00,0.58505,0.58505,0.58485,0.58485,11
2026-03-13T13:09:00,0.5848,0.58485,0.5847,0.5848,30
2026-03-13T13:10:00,0.5847,0.5847,0.5845,0.58455,37
2026-03-13T13:11:00,0.58455,0.58475,0.58455,0.5847,21
2026-03-13T13:12:00,0.5849,0.585,0.5849,0.585,15
2026-03-13T13:13:00,0.585,0.585,0.585,0.585,14
2026-03-13T13:14:00,0.58495,0.5851,0.58495,0.5851,14
2026-03-13T13:15:00,0.58505,0.58505,0.5848,0.5848,8
2026-03-13T13:16:00,0.58475,0.58475,0.58475,0.58475,8
2026-03-13T13:17:00,0.58475,0.5848,0.58475,0.5848,6
2026-03-13T13:18:00,0.58485,0.58485,0.58485,0.58485,9
2026-03-13T13:19:00,0.58485,0.58495,0.58485,0.58495,20
2026-03-13T13:20:00,0.58495,0.585,0.58495,0.585,27
2026-03-13T13:21:00,0.5849,0.5849,0.5848,0.5849,21
2026-03-13T13:22:00,0.5849,0.585,0.5849,0.58495,28
2026-03-13T13:23:00,0.585,0.585,0.58495,0.58495,10
2026-03-13T13:24:00,0.58495,0.58495,0.58495,0.58495,14
2026-03-13T13:25:00,0.5849,0.5849,0.5848,0.58485,12
2026-03-13T13:26:00,0.58485,0.58495,0.58485,0.58495,2
2026-03-13T13:27:00,0.585,0.585,0.58495,0.58495,19
2026-03-13T13:28:00,0.5849,0.585,0.5849,0.585,10
2026-03-13T13:29:00,0.58505,0.58505,0.58495,0.58495,10
2026-03-13T13:30:00,0.58505,0.58525,0.585,0.585,140
2026-03-13T13:31:00,0.585,0.58505,0.5849,0.585,45
2026-03-13T13:32:00,0.585,0.585,0.58475,0.58475,28
2026-03-13T13:33:00,0.5848,0.58485,0.58475,0.58475,27
2026-03-13T13:34:00,0.58475,0.5848,0.5847,0.5847,25
2026-03-13T13:35:00,0.5848,0.5849,0.5847,0.5849,27
2026-03-13T13:36:00,0.5849,0.5849,0.58475,0.5849,13
2026-03-13T13:37:00,0.58495,0.58525,0.5849,0.58515,33
2026-03-13T13:38:00,0.58515,0.58525,0.58515,0.58525,9
2026-03-13T13:39:00,0.5853,0.58535,0.5852,0.5852,10
2026-03-13T13:40:00,0.58525,0.58535,0.58525,0.58525,16
2026-03-13T13:41:00,0.5853,0.58535,0.58525,0.58535,24
2026-03-13T13:42:00,0.5854,0.5855,0.5853,0.58535,84
2026-03-13T13:43:00,0.5854,0.58555,0.58535,0.58555,45
2026-03-13T13:44:00,0.5856,0.5856,0.5855,0.5856,22
2026-03-13T13:45:00,0.58565,0.5857,0.5855,0.5857,19
2026-03-13T13:46:00,0.5857,0.5858,0.58565,0.58565,93
2026-03-13T13:47:00,0.58575,0.58575,0.5857,0.58575,26
2026-03-13T13:48:00,0.5858,0.58585,0.58565,0.58565,53
2026-03-13T13:49:00,0.5856,0.5856,0.58555,0.58555,7
2026-03-13T13:50:00,0.58555,0.58555,0.58545,0.58555,15
2026-03-13T13:51:00,0.58545,0.58555,0.58545,0.58555,6
2026-03-13T13:52:00,0.58555,0.5857,0.5855,0.5856,27
2026-03-13T13:53:00,0.5856,0.5859,0.5856,0.5858,151
2026-03-13T13:54:00,0.58575,0.58595,0.5857,0.58595,101
2026-03-13T13:55:00,0.5859,0.5859,0.58585,0.58585,76
2026-03-13T13:56:00,0.58585,0.58585,0.58565,0.58565,23
2026-03-13T13:57:00,0.58565,0.58575,0.58555,0.5856,38
2026-03-13T13:58:00,0.5856,0.58565,0.58555,0.5856,33
2026-03-13T13:59:00,0.58565,0.5857,0.5856,0.5857,187
2026-03-13T14:00:00,0.58565,0.58575,0.5854,0.58545,75
2026-03-13T14:01:00,0.58545,0.58545,0.58525,0.58545,77
2026-03-13T14:02:00,0.58535,0.5854,0.5853,0.5853,20
2026-03-13T14:03:00,0.5853,0.58535,0.5852,0.5853,20
2026-03-13T14:04:00,0.58535,0.58555,0.58535,0.5854,39
2026-03-13T14:05:00,0.58535,0.5855,0.5853,0.5853,26
2026-03-13T14:06:00,0.5852,0.58535,0.5852,0.5853,28
2026-03-13T14:07:00,0.5854,0.5854,0.5853,0.5853,8
2026-03-13T14:08:00,0.58515,0.5852,0.58515,0.58515,5
2026-03-13T14:09:00,0.58535,0.58535,0.58525,0.58525,5
2026-03-13T14:10:00,0.58535,0.58535,0.5852,0.58525,26
2026-03-13T14:11:00,0.5853,0.5854,0.5853,0.5853,14
2026-03-13T14:12:00,0.5853,0.5854,0.5853,0.5854,23
2026-03-13T14:13:00,0.58535,0.58535,0.5852,0.5852,50
2026-03-13T14:14:00,0.5852,0.5852,0.58515,0.58515,10
2026-03-13T14:15:00,0.58515,0.58515,0.5849,0.5851,63
2026-03-13T14:16:00,0.58505,0.5852,0.585,0.585,15
2026-03-13T14:17:00,0.585,0.585,0.58485,0.58485,8
2026-03-13T14:18:00,0.58485,0.58495,0.5848,0.58485,19
2026-03-13T14:19:00,0.5849,0.585,0.5849,0.585,15
2026-03-13T14:20:00,0.58505,0.5854,0.58505,0.58515,55
2026-03-13T14:21:00,0.5852,0.5852,0.58515,0.5852,46
2026-03-13T14:22:00,0.5852,0.5852,0.58515,0.58515,9
2026-03-13T14:23:00,0.5851,0.5853,0.5851,0.5853,8
2026-03-13T14:24:00,0.5853,0.5853,0.58515,0.58525,11
2026-03-13T14:25:00,0.58535,0.58535,0.5853,0.58535,7
2026-03-13T14:26:00,0.5852,0.5853,0.58515,0.5853,14
2026-03-13T14:27:00,0.5853,0.5854,0.58525,0.58525,16
2026-03-13T14:28:00,0.58525,0.58525,0.5851,0.58525,13
2026-03-13T14:29:00,0.58525,0.5853,0.58525,0.58525,10
2026-03-13T14:30:00,0.5852,0.58545,0.5852,0.58545,22
2026-03-13T14:31:00,0.58545,0.58565,0.58545,0.58565,137
2026-03-13T14:32:00,0.5857,0.58575,0.58565,0.58575,23
2026-03-13T14:33:00,0.58575,0.58575,0.5856,0.5856,16
2026-03-13T14:34:00,0.58555,0.58555,0.5855,0.58555,23
2026-03-13T14:35:00,0.5855,0.5855,0.58515,0.58515,14
2026-03-13T14:36:00,0.5851,0.58515,0.58505,0.58505,26
2026-03-13T14:37:00,0.5851,0.5853,0.5851,0.58515,36
2026-03-13T14:38:00,0.58515,0.58515,0.58505,0.5851,12
2026-03-13T14:39:00,0.5851,0.58515,0.5851,0.5851,17
2026-03-13T14:40:00,0.585,0.585,0.5847,0.58475,47
2026-03-13T14:41:00,0.58475,0.5848,0.5847,0.5847,49
2026-03-13T14:42:00,0.5847,0.5847,0.5846,0.5847,16
2026-03-13T14:43:00,0.58475,0.58475,0.5846,0.58465,27
2026-03-13T14:44:00,0.5846,0.58465,0.58445,0.5845,17
2026-03-13T14:45:00,0.58445,0.58445,0.58435,0.58435,40
2026-03-13T14:46:00,0.5844,0.58445,0.5842,0.5842,219
2026-03-13T14:47:00,0.58425,0.5844,0.5842,0.58435,164
2026-03-13T14:48:00,0.58435,0.5845,0.5843,0.58435,79
2026-03-13T14:49:00,0.5843,0.58435,0.58415,0.5842,37
2026-03-13T14:50:00,0.5843,0.5844,0.5842,0.58425,29
2026-03-13T14:51:00,0.58425,0.58435,0.5842,0.5842,149
2026-03-13T14:52:00,0.58415,0.58415,0.58405,0.58405,48
2026-03-13T14:53:00,0.58415,0.5842,0.5841,0.5842,51
2026-03-13T14:54:00,0.5842,0.5842,0.5841,0.58415,13
2026-03-13T14:55:00,0.58415,0.58415,0.5838,0.5838,45
2026-03-13T14:56:00,0.58375,0.58385,0.58365,0.58365,99
2026-03-13T14:57:00,0.58365,0.58365,0.5835,0.58355,101
2026-03-13T14:58:00,0.5836,0.5837,0.5836,0.5837,68
2026-03-13T14:59:00,0.5837,0.5838,0.58365,0.58365,92
2026-03-13T15:00:00,0.58365,0.5838,0.5836,0.5836,119
2026-03-13T15:01:00,0.58355,0.58365,0.5835,0.5835,89
2026-03-13T15:02:00,0.5835,0.58355,0.58345,0.5835,197
2026-03-13T15:03:00,0.58345,0.5837,0.58345,0.5836,57
2026-03-13T15:04:00,0.5836,0.58365,0.58355,0.5836,24
2026-03-13T15:05:00,0.5836,0.5837,0.5836,0.5836,41
2026-03-13T15:06:00,0.58355,0.58365,0.5834,0.5834,40
2026-03-13T15:07:00,0.5833,0.58355,0.5833,0.58355,48
2026-03-13T15:08:00,0.5836,0.5837,0.5836,0.5837,19
2026-03-13T15:09:00,0.58365,0.58375,0.58365,0.5837,24
2026-03-13T15:10:00,0.58365,0.5837,0.58355,0.58355,50
2026-03-13T15:11:00,0.58355,0.5836,0.58335,0.5836,48
2026-03-13T15:12:00,0.5836,0.58375,0.5836,0.5837,18
2026-03-13T15:13:00,0.5837,0.5838,0.58365,0.5838,40
2026-03-13T15:14:00,0.5838,0.5838,0.58375,0.58375,27
2026-03-13T15:15:00,0.58375,0.58375,0.5836,0.58365,29
2026-03-13T15:16:00,0.5836,0.58365,0.58345,0.5835,55
2026-03-13T15:17:00,0.5835,0.58355,0.5834,0.58345,41
2026-03-13T15:18:00,0.58345,0.5835,0.5834,0.58345,17
2026-03-13T15:19:00,0.5834,0.5834,0.5833,0.5833,24
2026-03-13T15:20:00,0.5833,0.5834,0.5832,0.5834,23
2026-03-13T15:21:00,0.5834,0.58355,0.58335,0.5835,49
2026-03-13T15:22:00,0.5835,0.5835,0.5834,0.5834,22
2026-03-13T15:23:00,0.58335,0.58335,0.58305,0.5831,39
2026-03-13T15:24:00,0.58295,0.58295,0.58275,0.5828,36
2026-03-13T15:25:00,0.5828,0.58285,0.5828,0.58285,39
2026-03-13T15:26:00,0.58275,0.5828,0.5827,0.58275,33
2026-03-13T15:27:00,0.58275,0.5829,0.5827,0.58285,23
2026-03-13T15:28:00,0.5829,0.58295,0.5829,0.5829,29
2026-03-13T15:29:00,0.58295,0.58295,0.5829,0.5829,15
2026-03-13T15:30:00,0.58285,0.58295,0.58285,0.5829,35
2026-03-13T15:31:00,0.5829,0.583,0.58285,0.5829,88
2026-03-13T15:32:00,0.5829,0.58295,0.5829,0.5829,62
2026-03-13T15:33:00,0.58285,0.58285,0.5827,0.58275,102
2026-03-13T15:34:00,0.58275,0.58295,0.58275,0.5829,58
2026-03-13T15:35:00,0.58295,0.58295,0.5827,0.5827,36
2026-03-13T15:36:00,0.58265,0.58265,0.5825,0.5825,31
2026-03-13T15:37:00,0.5825,0.58265,0.5825,0.58265,88
2026-03-13T15:38:00,0.58255,0.5827,0.58255,0.5827,33
2026-03-13T15:39:00,0.5827,0.58275,0.5825,0.5825,31
2026-03-13T15:40:00,0.58255,0.5826,0.58255,0.58255,20
2026-03-13T15:41:00,0.5825,0.5826,0.58245,0.5825,75
2026-03-13T15:42:00,0.5825,0.5825,0.5824,0.5824,14
2026-03-13T15:43:00,0.58235,0.58235,0.58215,0.5822,72
2026-03-13T15:44:00,0.5822,0.58225,0.58215,0.58225,99
2026-03-13T15:45:00,0.5823,0.5824,0.5823,0.5823,18
2026-03-13T15:46:00,0.5822,0.5823,0.5821,0.58225,89
2026-03-13T15:47:00,0.5823,0.58335,0.58225,0.583,518
2026-03-13T15:48:00,0.583,0.583,0.5827,0.58275,84
2026-03-13T15:49:00,0.58255,0.5827,0.58255,0.58255,47
2026-03-13T15:50:00,0.5825,0.58255,0.5823,0.58245,29
2026-03-13T15:51:00,0.58245,0.58245,0.5823,0.5823,45
2026-03-13T15:52:00,0.58235,0.58235,0.5822,0.5823,95
2026-03-13T15:53:00,0.5823,0.58235,0.5823,0.58235,35
2026-03-13T15:54:00,0.58235,0.58245,0.5823,0.5824,46
2026-03-13T15:55:00,0.5824,0.5824,0.58225,0.5823,60
2026-03-13T15:56:00,0.5823,0.58235,0.58225,0.58235,25
2026-03-13T15:57:00,0.58235,0.5824,0.5822,0.5822,82
2026-03-13T15:58:00,0.5822,0.5822,0.58215,0.5822,245
2026-03-13T15:59:00,0.5822,0.5823,0.58215,0.5822,101
2026-03-13T16:00:00,0.58215,0.58235,0.58215,0.5822,191
2026-03-13T16:01:00,0.5822,0.58225,0.58215,0.58225,68
2026-03-13T16:02:00,0.5823,0.58235,0.58205,0.58215,68
2026-03-13T16:03:00,0.58215,0.58245,0.5821,0.5824,78
2026-03-13T16:04:00,0.58235,0.5826,0.5823,0.5823,95
2026-03-13T16:05:00,0.58225,0.58235,0.5822,0.5823,23
2026-03-13T16:06:00,0.58225,0.5823,0.58215,0.5823,22
2026-03-13T16:07:00,0.5823,0.58245,0.5823,0.58235,99
2026-03-13T16:08:00,0.5823,0.5823,0.5822,0.5822,49
2026-03-13T16:09:00,0.58215,0.5822,0.5821,0.5821,23
2026-03-13T16:10:00,0.58225,0.58225,0.5821,0.5821,59
2026-03-13T16:11:00,0.5821,0.58215,0.58205,0.5821,14
2026-03-13T16:12:00,0.5823,0.5823,0.5821,0.5821,14
2026-03-13T16:13:00,0.5821,0.5821,0.58185,0.58195,493
2026-03-13T16:14:00,0.582,0.5821,0.58195,0.5821,51
2026-03-13T16:15:00,0.58215,0.5822,0.58205,0.5821,70
2026-03-13T16:16:00,0.5819,0.58195,0.5819,0.58195,177
2026-03-13T16:17:00,0.58195,0.58205,0.5819,0.582,95
2026-03-13T16:18:00,0.58195,0.5821,0.58195,0.5821,15
2026-03-13T16:19:00,0.5821,0.5821,0.582,0.582,12
2026-03-13T16:20:00,0.58205,0.58205,0.582,0.58205,45
2026-03-13T16:21:00,0.58205,0.58205,0.582,0.58205,30
2026-03-13T16:22:00,0.5821,0.58215,0.582,0.582,13
2026-03-13T16:23:00,0.582,0.5821,0.582,0.5821,18
2026-03-13T16:24:00,0.5819,0.58205,0.5819,0.58205,12
2026-03-13T16:25:00,0.58195,0.582,0.58195,0.582,10
2026-03-13T16:26:00,0.582,0.582,0.58195,0.58195,12
2026-03-13T16:27:00,0.582,0.582,0.58195,0.58195,22
2026-03-13T16:28:00,0.5819,0.582,0.5819,0.582,26
2026-03-13T16:29:00,0.58195,0.582,0.58195,0.582,25
2026-03-13T16:30:00,0.58205,0.58215,0.58195,0.5821,56
2026-03-13T16:31:00,0.5821,0.5821,0.58195,0.582,24
2026-03-13T16:32:00,0.582,0.58205,0.58195,0.58205,9
2026-03-13T16:33:00,0.582,0.58215,0.582,0.58215,10
2026-03-13T16:34:00,0.5821,0.5821,0.58195,0.58195,12
2026-03-13T16:35:00,0.58205,0.5822,0.58205,0.5822,10
2026-03-13T16:36:00,0.5821,0.5824,0.5821,0.5824,27
2026-03-13T16:37:00,0.58235,0.58235,0.5822,0.58225,8
2026-03-13T16:38:00,0.58225,0.58225,0.5821,0.5821,16
2026-03-13T16:39:00,0.58205,0.58205,0.58195,0.58195,31
2026-03-13T16:40:00,0.582,0.58205,0.582,0.582,10
2026-03-13T16:41:00,0.58205,0.58215,0.582,0.58215,12
2026-03-13T16:42:00,0.58215,0.58225,0.58215,0.58225,8
2026-03-13T16:43:00,0.5822,0.5822,0.582,0.582,37
2026-03-13T16:44:00,0.582,0.582,0.5819,0.58195,102
2026-03-13T16:45:00,0.58195,0.582,0.5819,0.582,44
2026-03-13T16:46:00,0.582,0.582,0.58195,0.58195,8
2026-03-13T16:47:00,0.5819,0.582,0.5819,0.582,121
2026-03-13T16:48:00,0.582,0.58205,0.5819,0.582,42
2026-03-13T16:49:00,0.58205,0.5821,0.58205,0.5821,22
2026-03-13T16:50:00,0.5822,0.58235,0.58215,0.58235,46
2026-03-13T16:51:00,0.5823,0.58235,0.5823,0.5823,20
2026-03-13T16:52:00,0.58235,0.58245,0.5823,0.58245,47
2026-03-13T16:53:00,0.58245,0.58245,0.58245,0.58245,11
2026-03-13T16:54:00,0.58245,0.58245,0.5824,0.58245,34
2026-03-13T16:55:00,0.58245,0.58245,0.5823,0.58235,45
2026-03-13T16:56:00,0.5823,0.5823,0.58225,0.58225,18
2026-03-13T16:57:00,0.5822,0.58225,0.58215,0.58215,50
2026-03-13T16:58:00,0.58215,0.5822,0.58205,0.58205,48
2026-03-13T16:59:00,0.582,0.582,0.5819,0.58195,29
2026-03-13T17:00:00,0.582,0.5821,0.58195,0.58195,39
2026-03-13T17:01:00,0.58195,0.582,0.5819,0.58195,34
2026-03-13T17:02:00,0.58195,0.58195,0.5819,0.5819,36
2026-03-13T17:03:00,0.58185,0.582,0.5818,0.58195,46
2026-03-13T17:04:00,0.5819,0.5819,0.5818,0.5818,59
2026-03-13T17:05:00,0.5818,0.58185,0.5817,0.5817,50
2026-03-13T17:06:00,0.5817,0.58185,0.5817,0.5818,57
2026-03-13T17:07:00,0.5818,0.5818,0.58165,0.5817,40
2026-03-13T17:08:00,0.5817,0.5818,0.5817,0.5818,9
2026-03-13T17:09:00,0.58185,0.58185,0.5817,0.5817,23
2026-03-13T17:10:00,0.5817,0.58175,0.58165,0.58165,33
2026-03-13T17:11:00,0.5816,0.5817,0.58155,0.58165,24
2026-03-13T17:12:00,0.5817,0.5819,0.5817,0.58185,35
2026-03-13T17:13:00,0.58185,0.58185,0.5817,0.58175,57
2026-03-13T17:14:00,0.5817,0.582,0.5817,0.582,206
2026-03-13T17:15:00,0.582,0.5822,0.582,0.5822,166
2026-03-13T17:16:00,0.5822,0.5823,0.5822,0.5823,116
2026-03-13T17:17:00,0.5823,0.5823,0.58215,0.58225,272
2026-03-13T17:18:00,0.58225,0.58225,0.5822,0.58225,189
2026-03-13T17:19:00,0.5823,0.5824,0.58225,0.5824,27
2026-03-13T17:20:00,0.5824,0.5825,0.5824,0.58245,59
2026-03-13T17:21:00,0.58245,0.58245,0.5823,0.5823,31
2026-03-13T17:22:00,0.58225,0.58225,0.58215,0.58215,14
2026-03-13T17:23:00,0.5822,0.58235,0.5822,0.58235,14
2026-03-13T17:24:00,0.58235,0.58235,0.58235,0.58235,13
2026-03-13T17:25:00,0.58235,0.58235,0.58235,0.58235,3
2026-03-13T17:26:00,0.58235,0.58235,0.58225,0.5823,12
2026-03-13T17:27:00,0.5822,0.5822,0.58215,0.58215,24
2026-03-13T17:28:00,0.5822,0.58235,0.5822,0.58235,13
2026-03-13T17:30:00,0.5822,0.5822,0.5821,0.5821,8
2026-03-13T17:31:00,0.5821,0.5822,0.58205,0.5822,15
2026-03-13T17:32:00,0.5822,0.5823,0.5822,0.58225,53
2026-03-13T17:33:00,0.5821,0.5822,0.5821,0.5822,18
2026-03-13T17:34:00,0.5822,0.5822,0.5822,0.5822,1
2026-03-13T17:35:00,0.5822,0.5822,0.5822,0.5822,1
2026-03-13T17:36:00,0.58215,0.5823,0.58215,0.5823,21
2026-03-13T17:37:00,0.5822,0.5822,0.58215,0.5822,25
2026-03-13T17:38:00,0.58225,0.58225,0.5821,0.58215,40
2026-03-13T17:39:00,0.58215,0.5822,0.5821,0.5822,12
2026-03-13T17:40:00,0.5821,0.5822,0.5821,0.5822,8
2026-03-13T17:41:00,0.58215,0.5822,0.582,0.582,24
2026-03-13T17:42:00,0.58195,0.582,0.58195,0.582,18
2026-03-13T17:43:00,0.582,0.582,0.58195,0.582,30
2026-03-13T17:44:00,0.582,0.5822,0.582,0.5822,63
2026-03-13T17:45:00,0.5822,0.5823,0.58215,0.5823,27
2026-03-13T17:46:00,0.5821,0.5821,0.58195,0.58195,46
2026-03-13T17:47:00,0.58185,0.58185,0.58175,0.58175,8
2026-03-13T17:48:00,0.58175,0.5819,0.5817,0.5819,33
2026-03-13T17:49:00,0.5819,0.5819,0.58175,0.58175,22
2026-03-13T17:50:00,0.5817,0.58175,0.58155,0.58155,403
2026-03-13T17:51:00,0.5816,0.58165,0.5815,0.58155,119
2026-03-13T17:52:00,0.58165,0.5817,0.5816,0.58165,27
2026-03-13T17:53:00,0.5817,0.5817,0.58165,0.58165,16
2026-03-13T17:54:00,0.5816,0.5816,0.58155,0.5816,23
2026-03-13T17:55:00,0.58155,0.5816,0.5815,0.5816,144
2026-03-13T17:56:00,0.58155,0.5816,0.5815,0.58155,32
2026-03-13T17:57:00,0.58155,0.58155,0.5815,0.5815,25
2026-03-13T17:58:00,0.5815,0.58155,0.5815,0.58155,13
2026-03-13T17:59:00,0.5816,0.5816,0.58155,0.5816,22
2026-03-13T18:00:00,0.5816,0.58165,0.58155,0.5816,47
2026-03-13T18:01:00,0.5815,0.58155,0.5815,0.5815,15
2026-03-13T18:02:00,0.5815,0.5815,0.58145,0.58145,10
2026-03-13T18:03:00,0.5815,0.5815,0.58145,0.5815,18
2026-03-13T18:04:00,0.58145,0.58155,0.58145,0.58155,29
2026-03-13T18:05:00,0.58155,0.5816,0.58155,0.58155,10
2026-03-13T18:06:00,0.5816,0.58165,0.58155,0.5816,26
2026-03-13T18:07:00,0.5815,0.5815,0.5814,0.5814,31
2026-03-13T18:08:00,0.5814,0.58145,0.5814,0.58145,25
2026-03-13T18:09:00,0.58145,0.5815,0.5814,0.5815,14
2026-03-13T18:10:00,0.5815,0.5815,0.58145,0.5815,12
2026-03-13T18:11:00,0.5815,0.5816,0.5815,0.58155,18
2026-03-13T18:12:00,0.58155,0.58155,0.5814,0.5814,16
2026-03-13T18:13:00,0.5814,0.5814,0.58135,0.58135,27
2026-03-13T18:14:00,0.58135,0.5814,0.58135,0.5814,53
2026-03-13T18:15:00,0.5814,0.5814,0.5813,0.5813,3
2026-03-13T18:16:00,0.5813,0.5814,0.5813,0.5814,12
2026-03-13T18:17:00,0.5814,0.5814,0.58125,0.58135,42
2026-03-13T18:18:00,0.58135,0.58135,0.5812,0.5812,66
2026-03-13T18:19:00,0.58115,0.58115,0.5811,0.58115,39
2026-03-13T18:20:00,0.58115,0.5812,0.5811,0.5812,51
2026-03-13T18:21:00,0.5812,0.5812,0.58115,0.58115,9
2026-03-13T18:22:00,0.5811,0.58115,0.58105,0.58105,21
2026-03-13T18:23:00,0.58105,0.5811,0.58095,0.581,131
2026-03-13T18:24:00,0.58095,0.581,0.5809,0.58095,213
2026-03-13T18:25:00,0.58095,0.58105,0.5809,0.58095,162
2026-03-13T18:26:00,0.58095,0.58095,0.58085,0.5809,75
2026-03-13T18:27:00,0.58095,0.581,0.5808,0.58095,25
2026-03-13T18:28:00,0.58095,0.581,0.5809,0.58095,47
2026-03-13T18:29:00,0.581,0.5811,0.581,0.58105,38
2026-03-13T18:30:00,0.5811,0.5812,0.5811,0.5812,46
2026-03-13T18:31:00,0.5812,0.5813,0.5812,0.5813,22
2026-03-13T18:32:00,0.5813,0.5814,0.5813,0.58135,12
2026-03-13T18:33:00,0.5813,0.58135,0.5813,0.58135,6
2026-03-13T18:34:00,0.5814,0.5815,0.58135,0.58145,40
2026-03-13T18:35:00,0.5815,0.5815,0.5814,0.5815,7
2026-03-13T18:36:00,0.58145,0.58155,0.58145,0.5815,10
2026-03-13T18:37:00,0.58145,0.58145,0.5813,0.5814,21
2026-03-13T18:38:00,0.5814,0.58145,0.5814,0.58145,14
2026-03-13T18:39:00,0.58145,0.5815,0.58145,0.58145,36
2026-03-13T18:40:00,0.58145,0.58155,0.58145,0.58155,23
2026-03-13T18:41:00,0.58155,0.58155,0.5815,0.5815,15
2026-03-13T18:42:00,0.5815,0.5815,0.5815,0.5815,2
2026-03-13T18:43:00,0.58155,0.5816,0.5815,0.58155,28
2026-03-13T18:44:00,0.58155,0.58155,0.5815,0.58155,23
2026-03-13T18:45:00,0.58155,0.5816,0.58155,0.5816,10
2026-03-13T18:46:00,0.5816,0.5816,0.58155,0.5816,15
2026-03-13T18:47:00,0.58165,0.58165,0.5816,0.5816,14
2026-03-13T18:48:00,0.5816,0.5816,0.58155,0.58155,15
2026-03-13T18:49:00,0.58155,0.5816,0.58155,0.5816,5
2026-03-13T18:50:00,0.5816,0.5816,0.58145,0.5815,35
2026-03-13T18:51:00,0.5815,0.58155,0.5815,0.58155,23
2026-03-13T18:52:00,0.5815,0.58155,0.5815,0.5815,16
2026-03-13T18:53:00,0.5815,0.5815,0.5814,0.5814,48
2026-03-13T18:54:00,0.5814,0.58145,0.5814,0.58145,43
2026-03-13T18:55:00,0.5814,0.5814,0.5812,0.5812,130
2026-03-13T18:56:00,0.5812,0.58125,0.58115,0.5812,82
2026-03-13T18:57:00,0.58115,0.5812,0.58115,0.58115,82
2026-03-13T18:58:00,0.5811,0.5811,0.581,0.5811,94
2026-03-13T18:59:00,0.58105,0.5812,0.58105,0.5812,321
2026-03-13T19:00:00,0.5812,0.5813,0.5812,0.5813,269
2026-03-13T19:01:00,0.58125,0.58125,0.5812,0.5812,34
2026-03-13T19:02:00,0.58125,0.58125,0.58115,0.58115,41
2026-03-13T19:03:00,0.58115,0.58115,0.58115,0.58115,24
2026-03-13T19:04:00,0.5811,0.5811,0.58105,0.58105,7
2026-03-13T19:05:00,0.58105,0.58105,0.581,0.58105,28
2026-03-13T19:06:00,0.581,0.581,0.581,0.581,116
2026-03-13T19:07:00,0.58095,0.581,0.58095,0.581,32
2026-03-13T19:08:00,0.58105,0.5811,0.58105,0.58105,33
2026-03-13T19:09:00,0.58105,0.58105,0.58105,0.58105,7
2026-03-13T19:10:00,0.58105,0.5811,0.58105,0.5811,13
2026-03-13T19:11:00,0.58105,0.58105,0.58095,0.581,21
2026-03-13T19:12:00,0.58095,0.58095,0.5809,0.5809,5
2026-03-13T19:13:00,0.58085,0.58085,0.58085,0.58085,14
2026-03-13T19:14:00,0.5809,0.581,0.5809,0.5809,23
2026-03-13T19:15:00,0.5809,0.5809,0.5809,0.5809,15
2026-03-13T19:16:00,0.58095,0.58095,0.58095,0.58095,30
2026-03-13T19:17:00,0.58085,0.58095,0.5808,0.58095,76
2026-03-13T19:18:00,0.58095,0.58095,0.58095,0.58095,10
2026-03-13T19:19:00,0.581,0.58105,0.5809,0.5809,21
2026-03-13T19:20:00,0.58085,0.58085,0.5808,0.5808,33
2026-03-13T19:21:00,0.5808,0.5808,0.58075,0.58075,24
2026-03-13T19:22:00,0.5808,0.5808,0.5807,0.5807,16
2026-03-13T19:23:00,0.5807,0.58075,0.5807,0.58075,20
2026-03-13T19:24:00,0.58075,0.5808,0.58075,0.5808,3
2026-03-13T19:25:00,0.5808,0.58085,0.58075,0.58075,34
2026-03-13T19:27:00,0.58075,0.58075,0.58065,0.58075,35
2026-03-13T19:28:00,0.58075,0.58075,0.58075,0.58075,19
2026-03-13T19:29:00,0.5807,0.5807,0.5807,0.5807,36
2026-03-13T19:30:00,0.58075,0.58085,0.58075,0.58085,5
2026-03-13T19:31:00,0.5809,0.5809,0.58075,0.58075,4
2026-03-13T19:32:00,0.58075,0.58075,0.5807,0.58075,27
2026-03-13T19:33:00,0.58075,0.58075,0.58075,0.58075,8
2026-03-13T19:34:00,0.58075,0.58075,0.58075,0.58075,11
2026-03-13T19:35:00,0.5807,0.5807,0.5807,0.5807,29
2026-03-13T19:36:00,0.5807,0.5807,0.58065,0.5807,18
2026-03-13T19:37:00,0.5807,0.5807,0.5807,0.5807,9
2026-03-13T19:38:00,0.58065,0.5807,0.58065,0.5807,18
2026-03-13T19:39:00,0.5807,0.58075,0.58065,0.58065,14
2026-03-13T19:40:00,0.58065,0.58065,0.58055,0.5806,28
2026-03-13T19:42:00,0.58055,0.58055,0.58055,0.58055,14
2026-03-13T19:43:00,0.5806,0.5806,0.58055,0.5806,14
2026-03-13T19:44:00,0.5806,0.58065,0.5806,0.5806,22
2026-03-13T19:45:00,0.58065,0.58065,0.58055,0.58055,25
2026-03-13T19:46:00,0.58055,0.58055,0.58045,0.58045,20
2026-03-13T19:47:00,0.5805,0.5806,0.5805,0.5806,9
2026-03-13T19:48:00,0.5806,0.5806,0.5806,0.5806,19
2026-03-13T19:49:00,0.58055,0.58055,0.5805,0.5805,26
2026-03-13T19:50:00,0.5805,0.5805,0.5804,0.5804,25
2026-03-13T19:51:00,0.58035,0.5804,0.58035,0.58035,16
2026-03-13T19:52:00,0.5804,0.5804,0.58035,0.58035,23
2026-03-13T19:53:00,0.58035,0.58035,0.58035,0.58035,66
2026-03-13T19:54:00,0.58035,0.58035,0.58035,0.58035,25
2026-03-13T19:55:00,0.5803,0.5803,0.5803,0.5803,14
2026-03-13T19:56:00,0.5803,0.58035,0.5803,0.58035,41
2026-03-13T19:57:00,0.5803,0.5803,0.5803,0.5803,42
2026-03-13T19:58:00,0.5803,0.5803,0.58025,0.58025,55
2026-03-13T19:59:00,0.58025,0.58025,0.5802,0.58025,54
2026-03-13T20:00:00,0.58025,0.58025,0.58015,0.58015,87
2026-03-13T20:01:00,0.5801,0.58015,0.5801,0.58015,39
2026-03-13T20:02:00,0.5801,0.58015,0.58,0.58,36
2026-03-13T20:03:00,0.58,0.58,0.57995,0.57995,28
2026-03-13T20:04:00,0.5799,0.58,0.5799,0.5799,31
2026-03-13T20:05:00,0.5799,0.57995,0.57975,0.5798,125
2026-03-13T20:06:00,0.5798,0.57985,0.5797,0.57975,61
2026-03-13T20:07:00,0.5798,0.57985,0.57965,0.57965,72
2026-03-13T20:08:00,0.57965,0.57975,0.57965,0.5797,36
2026-03-13T20:09:00,0.5797,0.5798,0.5797,0.5798,43
2026-03-13T20:10:00,0.5798,0.5798,0.57965,0.57975,58
2026-03-13T20:11:00,0.5797,0.5797,0.57965,0.57965,6
2026-03-13T20:12:00,0.57965,0.5797,0.57965,0.57965,45
2026-03-13T20:13:00,0.57965,0.57965,0.5796,0.57965,41
2026-03-13T20:14:00,0.5797,0.5797,0.5796,0.57965,44
2026-03-13T20:15:00,0.57975,0.57975,0.57965,0.57965,11
2026-03-13T20:16:00,0.57975,0.5798,0.57975,0.5798,13
2026-03-13T20:17:00,0.5798,0.5798,0.57975,0.57975,2
2026-03-13T20:18:00,0.57975,0.57985,0.57975,0.57985,53
2026-03-13T20:19:00,0.5798,0.5798,0.5798,0.5798,2
2026-03-13T20:20:00,0.5798,0.5798,0.5798,0.5798,5
2026-03-13T20:21:00,0.57975,0.57985,0.57975,0.57985,36
2026-03-13T20:22:00,0.5797,0.5797,0.5797,0.5797,1
2026-03-13T20:23:00,0.5797,0.57985,0.5797,0.5798,59
2026-03-13T20:24:00,0.57975,0.57975,0.57965,0.57965,20
2026-03-13T20:25:00,0.57965,0.5797,0.57965,0.57965,19
2026-03-13T20:26:00,0.5796,0.5796,0.5796,0.5796,2
2026-03-13T20:27:00,0.57965,0.57965,0.57955,0.57955,3
2026-03-13T20:28:00,0.57955,0.57955,0.5795,0.5795,3
2026-03-13T20:29:00,0.5795,0.5796,0.5795,0.57955,5
2026-03-13T20:30:00,0.5796,0.57965,0.5796,0.57965,14
2026-03-13T20:31:00,0.5796,0.5796,0.5796,0.5796,1
2026-03-13T20:32:00,0.5796,0.5796,0.5796,0.5796,1
2026-03-13T20:33:00,0.5796,0.5796,0.5796,0.5796,3
2026-03-13T20:34:00,0.5796,0.5796,0.57955,0.57955,6
2026-03-13T20:35:00,0.57955,0.57955,0.57955,0.57955,9
2026-03-13T20:36:00,0.57955,0.57955,0.5795,0.5795,6
2026-03-13T20:37:00,0.57955,0.57955,0.57955,0.57955,14
2026-03-13T20:38:00,0.57955,0.5797,0.57955,0.5797,65
2026-03-13T20:39:00,0.57965,0.5797,0.57965,0.5797,55
2026-03-13T20:41:00,0.57965,0.57965,0.5795,0.5795,4
2026-03-13T20:42:00,0.57955,0.57955,0.5795,0.57955,42
2026-03-13T20:43:00,0.5796,0.57965,0.5796,0.5796,16
2026-03-13T20:44:00,0.5796,0.5796,0.57955,0.5796,20
2026-03-13T20:45:00,0.5796,0.5796,0.5796,0.5796,10
2026-03-13T20:46:00,0.5796,0.5796,0.5796,0.5796,2
2026-03-13T20:47:00,0.57965,0.57965,0.57965,0.57965,6
2026-03-13T20:48:00,0.5797,0.5797,0.5797,0.5797,3
2026-03-13T20:49:00,0.57965,0.57965,0.57965,0.57965,18
2026-03-13T20:50:00,0.5797,0.57975,0.5797,0.5797,31
2026-03-13T20:51:00,0.57965,0.57965,0.5796,0.5796,11
2026-03-13T20:52:00,0.5795,0.5795,0.57935,0.57945,199
2026-03-13T20:53:00,0.57945,0.57945,0.57945,0.57945,7
2026-03-13T20:54:00,0.5794,0.57945,0.5794,0.57945,26
2026-03-13T20:55:00,0.5794,0.5796,0.5794,0.5795,29
2026-03-13T20:56:00,0.5794,0.5794,0.5794,0.5794,2
2026-03-13T20:57:00,0.5794,0.5794,0.5794,0.5794,1
2026-03-13T20:58:00,0.5794,0.5794,0.57935,0.57935,8
2026-03-13T20:59:00,0.57935,0.5795,0.57935,0.57945,26
2026-03-15T22:00:00,0.58045,0.58075,0.5801,0.5807,318
2026-03-15T22:01:00,0.58075,0.5809,0.58025,0.58065,165
2026-03-15T22:02:00,0.5807,0.5808,0.58065,0.58065,42
2026-03-15T22:03:00,0.58065,0.5809,0.58065,0.58085,26
2026-03-15T22:04:00,0.5809,0.58095,0.58075,0.5808,44
2026-03-15T22:05:00,0.58075,0.58075,0.58075,0.58075,2
2026-03-15T22:07:00,0.5805,0.58055,0.58045,0.58045,25
2026-03-15T22:08:00,0.5804,0.58045,0.58025,0.58025,33
2026-03-15T22:09:00,0.5802,0.5802,0.5799,0.57995,38
2026-03-15T22:10:00,0.57995,0.58,0.5799,0.58,32
2026-03-15T22:11:00,0.58005,0.5803,0.58005,0.5803,18
2026-03-15T22:12:00,0.5803,0.58045,0.5803,0.5803,15
2026-03-15T22:13:00,0.5802,0.5802,0.5799,0.5799,12
2026-03-15T22:14:00,0.5799,0.58015,0.5799,0.58005,28
2026-03-15T22:15:00,0.5802,0.5802,0.58005,0.58015,23
2026-03-15T22:16:00,0.58015,0.58015,0.57995,0.58005,5
2026-03-15T22:17:00,0.58,0.58005,0.57995,0.57995,21
2026-03-15T22:18:00,0.5799,0.57995,0.5799,0.57995,8
2026-03-15T22:19:00,0.5798,0.5798,0.57975,0.5798,7
2026-03-15T22:20:00,0.57975,0.57985,0.5797,0.57985,3
2026-03-15T22:21:00,0.5798,0.5798,0.5798,0.5798,2
2026-03-15T22:22:00,0.5798,0.5798,0.5798,0.5798,1
2026-03-15T22:23:00,0.5799,0.5799,0.5799,0.5799,7
2026-03-15T22:24:00,0.57995,0.57995,0.57995,0.57995,1
2026-03-15T22:25:00,0.5799,0.5799,0.57985,0.5799,13
2026-03-15T22:26:00,0.57995,0.58005,0.57995,0.57995,43
2026-03-15T22:27:00,0.58,0.58,0.5799,0.5799,7
2026-03-15T22:28:00,0.57995,0.57995,0.57995,0.57995,5
2026-03-15T22:29:00,0.58,0.58,0.57995,0.58,11
2026-03-15T22:30:00,0.5801,0.5802,0.5801,0.5801,39
2026-03-15T22:31:00,0.58,0.58015,0.58,0.58005,15
2026-03-15T22:32:00,0.58005,0.5801,0.57995,0.58,20
2026-03-15T22:33:00,0.57995,0.58015,0.57995,0.58015,39
2026-03-15T22:34:00,0.5801,0.5801,0.57995,0.57995,23
2026-03-15T22:35:00,0.58,0.58015,0.57995,0.58015,178
2026-03-15T22:36:00,0.5802,0.5805,0.5802,0.5804,98
2026-03-15T22:37:00,0.5804,0.58045,0.5803,0.5803,46
2026-03-15T22:38:00,0.58025,0.5804,0.58025,0.5804,17
2026-03-15T22:39:00,0.5804,0.5805,0.5804,0.58045,36
2026-03-15T22:40:00,0.58035,0.58035,0.58025,0.5803,22
2026-03-15T22:41:00,0.58035,0.5804,0.58035,0.58035,27
2026-03-15T22:42:00,0.5803,0.5803,0.58025,0.58025,11
2026-03-15T22:43:00,0.5803,0.5803,0.58025,0.58025,5
2026-03-15T22:44:00,0.58035,0.5804,0.5803,0.5803,34
2026-03-15T22:45:00,0.5803,0.5804,0.5803,0.58035,11
2026-03-15T22:46:00,0.58045,0.58055,0.58045,0.5805,29
2026-03-15T22:47:00,0.58045,0.5805,0.58045,0.5805,5
2026-03-15T22:48:00,0.5806,0.5807,0.5806,0.5807,12
2026-03-15T22:49:00,0.58075,0.58085,0.5807,0.5807,27
2026-03-15T22:50:00,0.58075,0.58075,0.58075,0.58075,12
2026-03-15T22:51:00,0.58075,0.581,0.58075,0.58085,43
2026-03-15T22:52:00,0.58085,0.58095,0.58085,0.58085,18
2026-03-15T22:53:00,0.58075,0.58075,0.5807,0.5807,7
2026-03-15T22:54:00,0.58075,0.5808,0.58065,0.5808,10
2026-03-15T22:55:00,0.58075,0.58095,0.58075,0.5809,12
2026-03-15T22:56:00,0.5809,0.581,0.58085,0.581,53
2026-03-15T22:57:00,0.581,0.58105,0.581,0.58105,11
2026-03-15T22:58:00,0.58095,0.581,0.58095,0.581,8
2026-03-15T22:59:00,0.58105,0.5811,0.581,0.581,22
2026-03-15T23:00:00,0.58105,0.5811,0.581,0.5811,40
2026-03-15T23:01:00,0.58105,0.58105,0.5809,0.5809,41
2026-03-15T23:02:00,0.5809,0.58095,0.58085,0.58085,46
2026-03-15T23:03:00,0.5809,0.581,0.5809,0.581,15
2026-03-15T23:04:00,0.581,0.581,0.58095,0.58095,8
2026-03-15T23:05:00,0.581,0.5812,0.581,0.5812,70
2026-03-15T23:06:00,0.58115,0.58115,0.581,0.5811,10
2026-03-15T23:07:00,0.5811,0.58115,0.5811,0.58115,3
2026-03-15T23:08:00,0.58115,0.5812,0.5811,0.58115,16
2026-03-15T23:09:00,0.5811,0.5812,0.5811,0.5811,40
2026-03-15T23:10:00,0.58105,0.58105,0.58095,0.581,18
2026-03-15T23:11:00,0.581,0.581,0.58095,0.58095,6
2026-03-15T23:12:00,0.5809,0.58115,0.5809,0.58115,21
2026-03-15T23:13:00,0.5811,0.58125,0.5811,0.58125,7
2026-03-15T23:14:00,0.5812,0.58125,0.5812,0.58125,23
2026-03-15T23:15:00,0.58125,0.58125,0.58115,0.58115,4
2026-03-15T23:16:00,0.58115,0.58115,0.5811,0.5811,4
2026-03-15T23:18:00,0.581,0.581,0.5809,0.58095,23
2026-03-15T23:20:00,0.58105,0.58105,0.58095,0.58095,7
2026-03-15T23:22:00,0.58095,0.58095,0.58095,0.58095,6
2026-03-15T23:23:00,0.581,0.581,0.58095,0.58095,6
2026-03-15T23:25:00,0.58095,0.581,0.58095,0.581,17
2026-03-15T23:26:00,0.581,0.581,0.581,0.581,2
2026-03-15T23:27:00,0.58085,0.58085,0.5808,0.5808,10
2026-03-15T23:28:00,0.5808,0.5808,0.5808,0.5808,1
2026-03-15T23:30:00,0.5808,0.58095,0.5808,0.5809,11
2026-03-15T23:31:00,0.58095,0.58115,0.58095,0.5811,19
2026-03-15T23:32:00,0.5811,0.5811,0.5811,0.5811,7
2026-03-15T23:33:00,0.58115,0.58115,0.58115,0.58115,6
2026-03-15T23:34:00,0.58105,0.5811,0.58105,0.5811,24
2026-03-15T23:35:00,0.5811,0.5811,0.5811,0.5811,1
2026-03-15T23:36:00,0.5811,0.5811,0.5811,0.5811,8
2026-03-15T23:37:00,0.58095,0.58095,0.58095,0.58095,2
2026-03-15T23:38:00,0.58095,0.58105,0.58095,0.58105,6
2026-03-15T23:39:00,0.58105,0.5811,0.58105,0.5811,16
2026-03-15T23:40:00,0.58115,0.58115,0.58115,0.58115,5
2026-03-15T23:41:00,0.5812,0.5812,0.5812,0.5812,4
2026-03-15T23:42:00,0.5812,0.5813,0.5812,0.5813,19
2026-03-15T23:43:00,0.5814,0.58145,0.58135,0.5814,16
2026-03-15T23:44:00,0.5814,0.5814,0.5814,0.5814,5
2026-03-15T23:45:00,0.58145,0.5815,0.58145,0.5815,26
2026-03-15T23:46:00,0.5815,0.5815,0.5815,0.5815,5
2026-03-15T23:47:00,0.5815,0.58155,0.5815,0.58155,13
2026-03-15T23:48:00,0.5816,0.58165,0.5816,0.58165,4
2026-03-15T23:49:00,0.58145,0.58145,0.5814,0.58145,10
2026-03-15T23:50:00,0.5816,0.5816,0.58155,0.58155,18
2026-03-15T23:51:00,0.5815,0.5815,0.5815,0.5815,1
2026-03-15T23:53:00,0.5815,0.5815,0.5815,0.5815,6
2026-03-15T23:54:00,0.5816,0.5816,0.5816,0.5816,4
2026-03-15T23:55:00,0.5816,0.5816,0.58155,0.58155,6
2026-03-15T23:56:00,0.58155,0.5816,0.58155,0.5816,3
2026-03-15T23:57:00,0.58155,0.58155,0.58155,0.58155,4
2026-03-15T23:58:00,0.58155,0.58155,0.5815,0.5815,3
2026-03-15T23:59:00,0.58145,0.58145,0.58145,0.58145,5
2026-03-16T00:00:00,0.5815,0.5819,0.5815,0.58185,173
2026-03-16T00:01:00,0.5818,0.5819,0.5818,0.58185,26
2026-03-16T00:02:00,0.58185,0.582,0.58175,0.582,39
2026-03-16T00:03:00,0.58205,0.58205,0.58185,0.58185,13
2026-03-16T00:04:00,0.58185,0.58185,0.58185,0.58185,7
2026-03-16T00:05:00,0.5819,0.582,0.5819,0.582,3
2026-03-16T00:06:00,0.58205,0.58215,0.58205,0.5821,12
2026-03-16T00:07:00,0.58205,0.5821,0.58205,0.5821,25
2026-03-16T00:08:00,0.58205,0.58205,0.582,0.582,32
2026-03-16T00:09:00,0.58195,0.582,0.58195,0.582,4
2026-03-16T00:10:00,0.5821,0.58225,0.58205,0.58215,24
2026-03-16T00:11:00,0.5821,0.5821,0.582,0.582,22
2026-03-16T00:12:00,0.582,0.582,0.5819,0.58195,14
2026-03-16T00:13:00,0.5822,0.5822,0.58215,0.5822,10
2026-03-16T00:14:00,0.5821,0.5821,0.5821,0.5821,2
2026-03-16T00:15:00,0.5821,0.5821,0.582,0.58205,60
2026-03-16T00:16:00,0.58205,0.5822,0.58205,0.5822,41
2026-03-16T00:17:00,0.5822,0.58225,0.5822,0.58225,14
2026-03-16T00:18:00,0.5821,0.58215,0.5821,0.58215,40
2026-03-16T00:19:00,0.5821,0.58215,0.58205,0.58205,4
2026-03-16T00:20:00,0.58205,0.5821,0.5819,0.5819,34
2026-03-16T00:21:00,0.5819,0.5819,0.58185,0.58185,28
2026-03-16T00:22:00,0.58185,0.582,0.58185,0.582,8
2026-03-16T00:23:00,0.582,0.582,0.582,0.582,2
2026-03-16T00:25:00,0.58205,0.58205,0.58205,0.58205,1
2026-03-16T00:26:00,0.58205,0.5821,0.58205,0.58205,18
2026-03-16T00:27:00,0.5821,0.58215,0.5821,0.5821,28
2026-03-16T00:28:00,0.5821,0.5821,0.582,0.582,20
2026-03-16T00:29:00,0.582,0.582,0.582,0.582,1
2026-03-16T00:30:00,0.58205,0.58205,0.582,0.582,20
2026-03-16T00:31:00,0.582,0.582,0.58195,0.582,14
2026-03-16T00:33:00,0.58205,0.5821,0.58205,0.5821,5
2026-03-16T00:34:00,0.5821,0.5822,0.5821,0.5822,6
2026-03-16T00:36:00,0.58205,0.5821,0.58205,0.5821,11
2026-03-16T00:37:00,0.58215,0.58215,0.58215,0.58215,14
2026-03-16T00:38:00,0.5823,0.5824,0.58225,0.5824,61
2026-03-16T00:39:00,0.58235,0.5824,0.58235,0.5824,9
2026-03-16T00:40:00,0.5824,0.5826,0.5824,0.58255,139
2026-03-16T00:41:00,0.5825,0.5825,0.5825,0.5825,3
2026-03-16T00:42:00,0.5825,0.5825,0.5825,0.5825,5
2026-03-16T00:43:00,0.58245,0.5825,0.5824,0.5824,30
2026-03-16T00:44:00,0.58235,0.58235,0.5823,0.58235,15
2026-03-16T00:45:00,0.5824,0.5824,0.58235,0.58235,35
2026-03-16T00:46:00,0.58225,0.58235,0.58225,0.58235,11
2026-03-16T00:48:00,0.5823,0.5824,0.5823,0.5824,16
2026-03-16T00:49:00,0.5824,0.5824,0.5824,0.5824,4
2026-03-16T00:50:00,0.58235,0.58235,0.58235,0.58235,4
2026-03-16T00:51:00,0.5824,0.5824,0.5824,0.5824,3
2026-03-16T00:52:00,0.5825,0.58255,0.5825,0.58255,25
2026-03-16T00:53:00,0.58245,0.58245,0.58235,0.58235,19
2026-03-16T00:54:00,0.58225,0.5823,0.58225,0.5823,26
2026-03-16T00:55:00,0.5824,0.5824,0.58235,0.58235,8
2026-03-16T00:56:00,0.5823,0.5823,0.58225,0.58225,22
2026-03-16T00:57:00,0.58225,0.58225,0.58225,0.58225,1
2026-03-16T00:58:00,0.58225,0.58225,0.58225,0.58225,11
2026-03-16T00:59:00,0.5823,0.5823,0.58225,0.58225,14
2026-03-16T01:00:00,0.5823,0.58255,0.5823,0.58245,47
2026-03-16T01:01:00,0.58235,0.58245,0.58235,0.58245,10
2026-03-16T01:02:00,0.58245,0.5825,0.58245,0.5825,18
2026-03-16T01:03:00,0.58235,0.58235,0.58235,0.58235,3
2026-03-16T01:04:00,0.58235,0.58235,0.58225,0.58235,26
2026-03-16T01:05:00,0.58235,0.58235,0.5823,0.5823,2
2026-03-16T01:06:00,0.58235,0.58235,0.58225,0.58225,6
2026-03-16T01:07:00,0.58225,0.5823,0.5822,0.5822,23
2026-03-16T01:08:00,0.58215,0.5822,0.58215,0.5822,33
2026-03-16T01:09:00,0.58225,0.58225,0.58215,0.58225,92
2026-03-16T01:10:00,0.58225,0.58225,0.5822,0.5822,27
2026-03-16T01:11:00,0.5822,0.5822,0.58215,0.5822,25
2026-03-16T01:12:00,0.5822,0.58225,0.5822,0.58225,17
2026-03-16T01:13:00,0.58215,0.58215,0.582,0.58205,24
2026-03-16T01:14:00,0.58205,0.5821,0.58205,0.5821,2
2026-03-16T01:15:00,0.58205,0.5821,0.582,0.582,33
2026-03-16T01:16:00,0.582,0.58205,0.582,0.58205,5
2026-03-16T01:17:00,0.582,0.582,0.582,0.582,3
2026-03-16T01:18:00,0.58195,0.58195,0.58185,0.58195,14
2026-03-16T01:19:00,0.58195,0.582,0.58195,0.58195,8
2026-03-16T01:21:00,0.5819,0.5819,0.5818,0.5818,15
2026-03-16T01:22:00,0.58185,0.58185,0.58175,0.58175,16
2026-03-16T01:23:00,0.5817,0.58175,0.58165,0.58175,11
2026-03-16T01:24:00,0.58175,0.58175,0.58175,0.58175,2
2026-03-16T01:25:00,0.5818,0.5818,0.58175,0.58175,10
2026-03-16T01:26:00,0.5817,0.5818,0.58165,0.5818,21
2026-03-16T01:27:00,0.58185,0.58185,0.5818,0.5818,5
2026-03-16T01:28:00,0.58175,0.5818,0.58175,0.5818,9
2026-03-16T01:29:00,0.58165,0.5817,0.58165,0.5817,4
2026-03-16T01:30:00,0.5817,0.58175,0.5816,0.58165,44
2026-03-16T01:31:00,0.58165,0.58165,0.58165,0.58165,2
2026-03-16T01:32:00,0.58165,0.58165,0.58145,0.58145,23
2026-03-16T01:33:00,0.5814,0.58145,0.5814,0.58145,13
2026-03-16T01:34:00,0.58145,0.5815,0.58145,0.58145,5
2026-03-16T01:35:00,0.58155,0.5819,0.58155,0.5818,26
2026-03-16T01:36:00,0.58175,0.58185,0.58165,0.5818,30
2026-03-16T01:37:00,0.5818,0.58185,0.58175,0.5818,34
2026-03-16T01:38:00,0.5818,0.58195,0.5818,0.58195,24
2026-03-16T01:39:00,0.5819,0.582,0.5819,0.582,64
2026-03-16T01:40:00,0.582,0.582,0.582,0.582,8
2026-03-16T01:41:00,0.58195,0.582,0.5819,0.582,10
2026-03-16T01:42:00,0.58205,0.58215,0.58205,0.58215,24
2026-03-16T01:44:00,0.58215,0.5822,0.58215,0.5822,6
2026-03-16T01:45:00,0.58215,0.5822,0.58215,0.5822,5
2026-03-16T01:46:00,0.5822,0.58235,0.5822,0.58235,4
2026-03-16T01:47:00,0.5824,0.58245,0.5824,0.58245,15
2026-03-16T01:48:00,0.58235,0.58235,0.58235,0.58235,6
2026-03-16T01:49:00,0.5824,0.5825,0.5824,0.58245,49
2026-03-16T01:50:00,0.58245,0.5825,0.5824,0.58245,71
2026-03-16T01:51:00,0.58235,0.5824,0.5823,0.58235,25
2026-03-16T01:52:00,0.5824,0.58245,0.58235,0.58235,35
2026-03-16T01:53:00,0.5823,0.58245,0.5823,0.5824,5
2026-03-16T01:54:00,0.5824,0.5825,0.5824,0.5825,11
2026-03-16T01:55:00,0.58255,0.58255,0.5825,0.5825,7
2026-03-16T01:56:00,0.58245,0.58245,0.5824,0.5824,15
2026-03-16T01:57:00,0.58235,0.58235,0.58225,0.58225,14
2026-03-16T01:58:00,0.5823,0.58235,0.5823,0.58235,7
2026-03-16T02:00:00,0.58235,0.5824,0.58225,0.58225,16
2026-03-16T02:01:00,0.58235,0.58235,0.58235,0.58235,5
2026-03-16T02:02:00,0.5822,0.5822,0.5822,0.5822,2
2026-03-16T02:03:00,0.5822,0.5823,0.58215,0.5823,16
2026-03-16T02:04:00,0.58235,0.58245,0.58235,0.5824,5
2026-03-16T02:05:00,0.58245,0.58245,0.5823,0.5823,11
2026-03-16T02:06:00,0.58225,0.58235,0.58225,0.58235,23
2026-03-16T02:07:00,0.5824,0.5824,0.5824,0.5824,1
2026-03-16T02:08:00,0.58235,0.5824,0.58235,0.5824,9
2026-03-16T02:09:00,0.58235,0.58235,0.58235,0.58235,3
2026-03-16T02:10:00,0.58245,0.5825,0.58245,0.5825,25
2026-03-16T02:11:00,0.5824,0.5825,0.5824,0.5825,38
2026-03-16T02:12:00,0.5825,0.5825,0.58245,0.58245,2
2026-03-16T02:13:00,0.5824,0.58245,0.5824,0.58245,8
2026-03-16T02:14:00,0.58245,0.5825,0.58245,0.5825,18
2026-03-16T02:15:00,0.5825,0.5825,0.5824,0.5824,11
2026-03-16T02:16:00,0.58245,0.58245,0.5824,0.58245,13
2026-03-16T02:17:00,0.5825,0.58255,0.5825,0.58255,51
2026-03-16T02:18:00,0.5825,0.5825,0.5824,0.58245,19
2026-03-16T02:19:00,0.5824,0.5825,0.5824,0.5825,28
2026-03-16T02:20:00,0.58245,0.58255,0.58245,0.58255,106
2026-03-16T02:21:00,0.5825,0.5825,0.5825,0.5825,18
2026-03-16T02:22:00,0.58255,0.58255,0.5825,0.58255,46
2026-03-16T02:23:00,0.58255,0.5826,0.58255,0.58255,50
2026-03-16T02:24:00,0.58255,0.5826,0.58255,0.58255,47
2026-03-16T02:25:00,0.5825,0.58255,0.5825,0.58255,11
2026-03-16T02:26:00,0.5825,0.5826,0.5825,0.5826,15
2026-03-16T02:27:00,0.5825,0.58255,0.5825,0.58255,22
2026-03-16T02:28:00,0.58255,0.58255,0.5825,0.58255,35
2026-03-16T02:29:00,0.58255,0.5826,0.58255,0.5826,7
2026-03-16T02:30:00,0.5826,0.5826,0.58255,0.58255,7
2026-03-16T02:31:00,0.5825,0.58265,0.5825,0.58265,13
2026-03-16T02:32:00,0.58265,0.58275,0.5826,0.5827,31
2026-03-16T02:33:00,0.5827,0.58275,0.5827,0.5827,27
2026-03-16T02:34:00,0.5827,0.5828,0.5827,0.5828,10
2026-03-16T02:35:00,0.58275,0.58275,0.58275,0.58275,5
2026-03-16T02:36:00,0.58275,0.5828,0.58275,0.5828,73
2026-03-16T02:37:00,0.5828,0.58285,0.5828,0.58285,30
2026-03-16T02:38:00,0.58285,0.58285,0.5828,0.5828,6
2026-03-16T02:39:00,0.5828,0.5828,0.5828,0.5828,1
2026-03-16T02:40:00,0.5828,0.58285,0.5828,0.58285,20
2026-03-16T02:41:00,0.5829,0.58295,0.5829,0.58295,9
2026-03-16T02:42:00,0.5829,0.5829,0.5829,0.5829,1
2026-03-16T02:43:00,0.58295,0.58295,0.58295,0.58295,7
2026-03-16T02:44:00,0.58295,0.58295,0.5829,0.5829,21
2026-03-16T02:45:00,0.5828,0.5828,0.58275,0.58275,19
2026-03-16T02:46:00,0.5828,0.58295,0.5828,0.5828,43
2026-03-16T02:47:00,0.58285,0.5829,0.58285,0.5829,4
2026-03-16T02:48:00,0.5828,0.58295,0.5828,0.58295,37
2026-03-16T02:49:00,0.58295,0.58295,0.58285,0.58285,16
2026-03-16T02:50:00,0.5829,0.5829,0.5829,0.5829,3
2026-03-16T02:51:00,0.5828,0.58285,0.5828,0.5828,4
2026-03-16T02:52:00,0.58275,0.5828,0.58275,0.5828,7
2026-03-16T02:53:00,0.5828,0.5828,0.5828,0.5828,3
2026-03-16T02:54:00,0.58275,0.58275,0.58275,0.58275,1
2026-03-16T02:55:00,0.5828,0.58285,0.5828,0.58285,4
2026-03-16T02:56:00,0.58285,0.5829,0.58285,0.5829,19
2026-03-16T02:57:00,0.5829,0.58295,0.5829,0.58295,4
2026-03-16T02:58:00,0.5828,0.5828,0.5828,0.5828,1
2026-03-16T02:59:00,0.58275,0.58275,0.5827,0.5827,6
2026-03-16T03:00:00,0.58275,0.5829,0.58275,0.58275,20
2026-03-16T03:01:00,0.5828,0.58285,0.5828,0.5828,5
2026-03-16T03:02:00,0.58275,0.58275,0.58275,0.58275,44
2026-03-16T03:03:00,0.5828,0.5829,0.5828,0.5829,16
2026-03-16T03:04:00,0.583,0.5831,0.583,0.58305,115
2026-03-16T03:05:00,0.583,0.583,0.58295,0.58295,21
2026-03-16T03:06:00,0.58295,0.583,0.58295,0.583,14
2026-03-16T03:07:00,0.583,0.5831,0.583,0.5831,40
2026-03-16T03:08:00,0.583,0.58315,0.583,0.58315,20
2026-03-16T03:09:00,0.58315,0.58315,0.5831,0.58315,43
2026-03-16T03:10:00,0.58305,0.58305,0.58305,0.58305,3
2026-03-16T03:13:00,0.58295,0.58295,0.5829,0.5829,12
2026-03-16T03:14:00,0.5829,0.5829,0.5829,0.5829,17
2026-03-16T03:15:00,0.5829,0.5829,0.58285,0.5829,9
2026-03-16T03:16:00,0.5829,0.58295,0.5828,0.58295,27
2026-03-16T03:17:00,0.5829,0.5829,0.5829,0.5829,1
2026-03-16T03:18:00,0.58295,0.58305,0.58295,0.58305,14
2026-03-16T03:19:00,0.58305,0.5831,0.58305,0.5831,2
2026-03-16T03:20:00,0.5831,0.5831,0.5831,0.5831,20
2026-03-16T03:21:00,0.58315,0.58315,0.5831,0.5831,16
2026-03-16T03:22:00,0.5831,0.5831,0.58305,0.5831,8
2026-03-16T03:23:00,0.58315,0.5832,0.58315,0.58315,34
2026-03-16T03:24:00,0.58315,0.58315,0.58305,0.58305,12
2026-03-16T03:25:00,0.5831,0.5831,0.58305,0.58305,8
2026-03-16T03:26:00,0.58305,0.58305,0.583,0.58305,6
2026-03-16T03:28:00,0.58305,0.58305,0.58305,0.58305,1
2026-03-16T03:30:00,0.58315,0.5832,0.58315,0.58315,41
2026-03-16T03:31:00,0.58335,0.5834,0.58325,0.58325,33
2026-03-16T03:32:00,0.5833,0.5834,0.5833,0.5833,25
2026-03-16T03:33:00,0.5833,0.5833,0.5833,0.5833,1
2026-03-16T03:34:00,0.5833,0.5833,0.58325,0.58325,16
2026-03-16T03:36:00,0.58325,0.58325,0.58325,0.58325,1
2026-03-16T03:37:00,0.5832,0.5832,0.5832,0.5832,2
2026-03-16T03:39:00,0.58325,0.58325,0.5832,0.5832,3
2026-03-16T03:40:00,0.5832,0.5832,0.5832,0.5832,1
2026-03-16T03:41:00,0.58325,0.58325,0.58325,0.58325,4
2026-03-16T03:43:00,0.5832,0.5832,0.5832,0.5832,1
2026-03-16T03:44:00,0.5832,0.5833,0.5832,0.5833,2
2026-03-16T03:45:00,0.5833,0.5833,0.58325,0.58325,5
2026-03-16T03:47:00,0.58325,0.58325,0.58325,0.58325,3
2026-03-16T03:48:00,0.5831,0.5831,0.5831,0.5831,2
2026-03-16T03:49:00,0.5831,0.5832,0.5831,0.5832,18
2026-03-16T03:50:00,0.58315,0.58315,0.5831,0.5831,4
2026-03-16T03:51:00,0.5831,0.5831,0.58305,0.5831,15
2026-03-16T03:52:00,0.58305,0.58305,0.583,0.583,4
2026-03-16T03:53:00,0.5831,0.58315,0.5831,0.58315,9
2026-03-16T03:54:00,0.5831,0.5831,0.583,0.583,3
2026-03-16T03:55:00,0.583,0.583,0.5829,0.5829,5
2026-03-16T03:56:00,0.5829,0.5829,0.5829,0.5829,3
2026-03-16T03:57:00,0.58285,0.58285,0.58285,0.58285,2
2026-03-16T03:58:00,0.5829,0.58295,0.5829,0.5829,7
2026-03-16T03:59:00,0.5829,0.5829,0.5829,0.5829,7
2026-03-16T04:00:00,0.5829,0.583,0.5829,0.583,17
2026-03-16T04:01:00,0.58305,0.5831,0.58305,0.5831,3
2026-03-16T04:02:00,0.5831,0.5831,0.583,0.583,3
2026-03-16T04:03:00,0.58305,0.58305,0.583,0.583,4
2026-03-16T04:04:00,0.583,0.583,0.583,0.583,1
2026-03-16T04:05:00,0.58305,0.58305,0.58305,0.58305,2
2026-03-16T04:06:00,0.583,0.583,0.583,0.583,1
2026-03-16T04:07:00,0.5829,0.5829,0.5829,0.5829,1
2026-03-16T04:08:00,0.58295,0.58295,0.5829,0.5829,2
2026-03-16T04:09:00,0.5829,0.5829,0.5829,0.5829,1
2026-03-16T04:11:00,0.58295,0.58295,0.58295,0.58295,3
2026-03-16T04:12:00,0.5829,0.5829,0.5829,0.5829,1
2026-03-16T04:13:00,0.583,0.58305,0.5829,0.5829,13
2026-03-16T04:14:00,0.58295,0.58295,0.58295,0.58295,1
2026-03-16T04:15:00,0.58295,0.583,0.58295,0.583,5
2026-03-16T04:16:00,0.583,0.58305,0.583,0.583,10
2026-03-16T04:18:00,0.5829,0.5829,0.5829,0.5829,1
2026-03-16T04:19:00,0.58285,0.58285,0.5828,0.5828,5
2026-03-16T04:21:00,0.58285,0.58285,0.58285,0.58285,1
2026-03-16T04:22:00,0.5828,0.5828,0.58275,0.5828,6
2026-03-16T04:26:00,0.5828,0.5828,0.5828,0.5828,1
2026-03-16T04:27:00,0.58285,0.5829,0.58285,0.58285,13
2026-03-16T04:28:00,0.5828,0.5828,0.5828,0.5828,1
2026-03-16T04:29:00,0.5828,0.5828,0.5828,0.5828,1
2026-03-16T04:32:00,0.58275,0.58275,0.58275,0.58275,4
2026-03-16T04:33:00,0.58275,0.58275,0.58275,0.58275,1
2026-03-16T04:34:00,0.58275,0.58275,0.5827,0.5827,2
2026-03-16T04:35:00,0.5827,0.5827,0.5827,0.5827,1
2026-03-16T04:36:00,0.58275,0.58275,0.58275,0.58275,1
2026-03-16T04:39:00,0.58275,0.58275,0.5827,0.5827,2
2026-03-16T04:40:00,0.5827,0.5827,0.5827,0.5827,1
2026-03-16T04:41:00,0.58265,0.58265,0.58265,0.58265,3
2026-03-16T04:43:00,0.58265,0.58265,0.58265,0.58265,3
2026-03-16T04:45:00,0.58265,0.58265,0.5826,0.5826,6
2026-03-16T04:46:00,0.58265,0.58265,0.58265,0.58265,1
2026-03-16T04:48:00,0.5827,0.5827,0.58265,0.58265,7
2026-03-16T04:49:00,0.58265,0.58265,0.58265,0.58265,1
2026-03-16T04:52:00,0.5826,0.5826,0.5826,0.5826,1
2026-03-16T04:53:00,0.58265,0.58265,0.5826,0.5826,4
2026-03-16T04:55:00,0.5826,0.5826,0.5826,0.5826,1
2026-03-16T04:56:00,0.5825,0.5825,0.5825,0.5825,53
2026-03-16T04:57:00,0.5825,0.5825,0.5825,0.5825,11
2026-03-16T04:59:00,0.58245,0.58245,0.58245,0.58245,4
2026-03-16T05:00:00,0.58245,0.5825,0.58245,0.5825,5
2026-03-16T05:01:00,0.58255,0.58255,0.58255,0.58255,8
2026-03-16T05:02:00,0.5825,0.5825,0.58245,0.58245,4
2026-03-16T05:03:00,0.5824,0.5824,0.5824,0.5824,37
2026-03-16T05:04:00,0.5824,0.5824,0.5823,0.58235,57
2026-03-16T05:05:00,0.58235,0.5824,0.5823,0.5824,32
2026-03-16T05:06:00,0.5825,0.5825,0.5825,0.5825,8
2026-03-16T05:07:00,0.5825,0.5825,0.58245,0.58245,5
2026-03-16T05:08:00,0.5825,0.5825,0.58245,0.58245,19
2026-03-16T05:09:00,0.5824,0.5824,0.5824,0.5824,15
2026-03-16T05:12:00,0.58245,0.58245,0.58245,0.58245,1
2026-03-16T05:13:00,0.5824,0.5824,0.58235,0.58235,32
2026-03-16T05:14:00,0.58235,0.5824,0.58235,0.5824,9
2026-03-16T05:15:00,0.5824,0.5824,0.58235,0.58235,2
2026-03-16T05:16:00,0.5824,0.5824,0.5824,0.5824,1
2026-03-16T05:19:00,0.58235,0.58235,0.5823,0.5823,7
2026-03-16T05:20:00,0.58235,0.58235,0.5822,0.5822,69
2026-03-16T05:21:00,0.5822,0.58225,0.5822,0.58225,11
2026-03-16T05:22:00,0.5823,0.5823,0.5823,0.5823,5
2026-03-16T05:23:00,0.58235,0.58235,0.58235,0.58235,1
2026-03-16T05:25:00,0.5823,0.5823,0.5823,0.5823,4
2026-03-16T05:26:00,0.5823,0.58235,0.5823,0.5823,7
2026-03-16T05:27:00,0.5823,0.5823,0.5823,0.5823,2
2026-03-16T05:28:00,0.5823,0.5823,0.58225,0.58225,2
2026-03-16T05:29:00,0.5823,0.5823,0.5823,0.5823,4
2026-03-16T05:30:00,0.58235,0.58235,0.58235,0.58235,7
2026-03-16T05:31:00,0.5824,0.58245,0.58235,0.5824,28
2026-03-16T05:32:00,0.5824,0.58245,0.5824,0.5824,7
2026-03-16T05:33:00,0.58245,0.58245,0.5824,0.5824,10
2026-03-16T05:34:00,0.58245,0.5825,0.58245,0.58245,13
2026-03-16T05:35:00,0.5824,0.5824,0.5824,0.5824,2
2026-03-16T05:36:00,0.58245,0.58245,0.58245,0.58245,5
2026-03-16T05:38:00,0.58255,0.58255,0.58255,0.58255,1
2026-03-16T05:39:00,0.5825,0.5826,0.5825,0.5826,5
2026-03-16T05:40:00,0.5826,0.58265,0.5826,0.58265,3
2026-03-16T05:41:00,0.58265,0.58265,0.58265,0.58265,1
2026-03-16T05:44:00,0.58265,0.58265,0.5826,0.5826,6
2026-03-16T05:45:00,0.58255,0.58255,0.5825,0.5825,2
2026-03-16T05:47:00,0.58265,0.58265,0.58265,0.58265,1
2026-03-16T05:48:00,0.58275,0.58275,0.5827,0.5827,6
2026-03-16T05:50:00,0.58275,0.5828,0.58275,0.58275,9
2026-03-16T05:51:00,0.58275,0.58275,0.5827,0.5827,10
2026-03-16T05:52:00,0.5827,0.58275,0.5827,0.58275,2
2026-03-16T05:54:00,0.5827,0.5827,0.5827,0.5827,3
2026-03-16T05:55:00,0.58275,0.5828,0.58275,0.5828,8
2026-03-16T05:56:00,0.5827,0.58275,0.5827,0.58275,4
2026-03-16T05:57:00,0.5827,0.5827,0.58265,0.58265,6
2026-03-16T05:58:00,0.58265,0.58265,0.58265,0.58265,3
2026-03-16T05:59:00,0.5827,0.5827,0.5827,0.5827,1
2026-03-16T06:00:00,0.5827,0.58275,0.5826,0.58265,11
2026-03-16T06:01:00,0.5826,0.58275,0.5826,0.5826,18
2026-03-16T06:02:00,0.5826,0.5826,0.5826,0.5826,6
2026-03-16T06:03:00,0.58255,0.58265,0.58255,0.58265,5
2026-03-16T06:04:00,0.58265,0.58265,0.58265,0.58265,2
2026-03-16T06:05:00,0.5827,0.58275,0.5827,0.58275,6
2026-03-16T06:06:00,0.58275,0.58275,0.58275,0.58275,2
2026-03-16T06:07:00,0.58275,0.58275,0.58275,0.58275,3
2026-03-16T06:08:00,0.58275,0.5828,0.58275,0.5828,19
2026-03-16T06:12:00,0.58295,0.58295,0.5829,0.5829,10
2026-03-16T06:13:00,0.58285,0.58285,0.58275,0.58275,4
2026-03-16T06:14:00,0.58275,0.5828,0.58275,0.5828,20
2026-03-16T06:15:00,0.5828,0.58295,0.5828,0.58295,14
2026-03-16T06:16:00,0.583,0.58305,0.583,0.58305,4
2026-03-16T06:20:00,0.58285,0.58285,0.58285,0.58285,1
2026-03-16T06:21:00,0.58285,0.58285,0.58275,0.58275,14
2026-03-16T06:22:00,0.58265,0.58265,0.58265,0.58265,8
2026-03-16T06:23:00,0.58245,0.58245,0.58245,0.58245,2
2026-03-16T06:25:00,0.58245,0.58245,0.5823,0.58245,51
2026-03-16T06:26:00,0.5825,0.58265,0.5825,0.58255,26
2026-03-16T06:27:00,0.58255,0.5826,0.5825,0.58255,20
2026-03-16T06:28:00,0.5824,0.58245,0.5824,0.58245,26
2026-03-16T06:30:00,0.58265,0.5827,0.58265,0.5827,6
2026-03-16T06:31:00,0.58275,0.58275,0.5827,0.5827,2
2026-03-16T06:32:00,0.58275,0.5829,0.58275,0.5828,302
2026-03-16T06:34:00,0.58265,0.58265,0.58245,0.58245,62
2026-03-16T06:35:00,0.58245,0.58245,0.5823,0.5823,32
2026-03-16T06:36:00,0.5823,0.5823,0.5822,0.5823,27
2026-03-16T06:37:00,0.5823,0.5823,0.5823,0.5823,3
2026-03-16T06:38:00,0.58225,0.58225,0.58225,0.58225,2
2026-03-16T06:39:00,0.58235,0.58235,0.58235,0.58235,2
2026-03-16T06:40:00,0.58225,0.58225,0.5822,0.5822,3
2026-03-16T06:41:00,0.5822,0.58235,0.5822,0.5823,50
2026-03-16T06:42:00,0.58235,0.58235,0.58235,0.58235,5
2026-03-16T06:43:00,0.58235,0.58235,0.58235,0.58235,5
2026-03-16T06:44:00,0.58235,0.58235,0.58235,0.58235,1
2026-03-16T06:45:00,0.5824,0.5824,0.5824,0.5824,7
2026-03-16T06:47:00,0.5824,0.5824,0.5824,0.5824,3
2026-03-16T06:49:00,0.5822,0.5823,0.5822,0.5823,6
2026-03-16T06:50:00,0.5823,0.5823,0.58225,0.58225,8
2026-03-16T06:51:00,0.58225,0.58225,0.58225,0.58225,1
2026-03-16T06:53:00,0.58235,0.58235,0.5823,0.5823,20
2026-03-16T06:54:00,0.58235,0.58245,0.58235,0.58245,11
2026-03-16T06:55:00,0.5825,0.5825,0.5825,0.5825,2
2026-03-16T06:56:00,0.5825,0.5825,0.5825,0.5825,2
2026-03-16T06:57:00,0.5825,0.5826,0.5825,0.5826,9
2026-03-16T06:58:00,0.5826,0.5826,0.5826,0.5826,1
2026-03-16T06:59:00,0.5826,0.5826,0.5826,0.5826,5
2026-03-16T07:00:00,0.58255,0.58265,0.58255,0.58265,22
2026-03-16T07:01:00,0.58265,0.5827,0.58265,0.58265,12
2026-03-16T07:02:00,0.58275,0.58275,0.58275,0.58275,8
2026-03-16T07:03:00,0.5828,0.58285,0.5828,0.58285,7
2026-03-16T07:04:00,0.5828,0.5828,0.58275,0.58275,9
2026-03-16T07:05:00,0.5827,0.5827,0.58265,0.5827,15
2026-03-16T07:06:00,0.5827,0.58275,0.5827,0.58275,10
2026-03-16T07:07:00,0.58275,0.58275,0.5826,0.58265,10
2026-03-16T07:08:00,0.58265,0.5827,0.58265,0.5827,8
2026-03-16T07:09:00,0.58275,0.5828,0.58275,0.58275,5
2026-03-16T07:10:00,0.5827,0.58275,0.5827,0.5827,18
2026-03-16T07:11:00,0.58275,0.5828,0.58275,0.5828,14
2026-03-16T07:12:00,0.58285,0.5829,0.58285,0.5829,30
2026-03-16T07:13:00,0.58285,0.5829,0.58285,0.58285,12
2026-03-16T07:14:00,0.5827,0.5828,0.5827,0.5827,39
2026-03-16T07:15:00,0.58275,0.58275,0.5825,0.5826,56
2026-03-16T07:16:00,0.58255,0.5826,0.58255,0.5826,17
2026-03-16T07:17:00,0.5826,0.58265,0.5826,0.58265,6
2026-03-16T07:18:00,0.58275,0.58275,0.58275,0.58275,19
2026-03-16T07:19:00,0.58275,0.5828,0.58275,0.5828,7
2026-03-16T07:20:00,0.58275,0.58275,0.5826,0.5826,9
2026-03-16T07:21:00,0.58265,0.5827,0.58265,0.5827,3
2026-03-16T07:22:00,0.5826,0.5826,0.5826,0.5826,5
2026-03-16T07:23:00,0.58265,0.58265,0.58265,0.58265,8
2026-03-16T07:25:00,0.5826,0.5826,0.58255,0.58255,10
2026-03-16T07:26:00,0.5824,0.5824,0.5824,0.5824,3
2026-03-16T07:27:00,0.5824,0.5824,0.58225,0.58225,21
2026-03-16T07:28:00,0.5823,0.5823,0.5823,0.5823,2
2026-03-16T07:29:00,0.58235,0.5824,0.58235,0.5824,7
2026-03-16T07:30:00,0.58245,0.5825,0.58245,0.58245,19
2026-03-16T07:31:00,0.5824,0.5824,0.5824,0.5824,1
2026-03-16T07:32:00,0.58245,0.58245,0.58245,0.58245,1
2026-03-16T07:33:00,0.5825,0.5825,0.5825,0.5825,1
2026-03-16T07:34:00,0.5824,0.5824,0.58215,0.5822,56
2026-03-16T07:35:00,0.58215,0.58215,0.58195,0.58195,10
2026-03-16T07:36:00,0.58195,0.58205,0.58195,0.58205,9
2026-03-16T07:37:00,0.58205,0.58205,0.58185,0.58185,11
2026-03-16T07:38:00,0.5819,0.5819,0.58185,0.58185,4
2026-03-16T07:39:00,0.58185,0.5819,0.58185,0.5819,4
2026-03-16T07:40:00,0.58185,0.5819,0.58185,0.5819,26
2026-03-16T07:41:00,0.58195,0.582,0.58195,0.582,8
2026-03-16T07:42:00,0.58205,0.58205,0.58205,0.58205,1
2026-03-16T07:44:00,0.58215,0.58215,0.58215,0.58215,4
2026-03-16T07:45:00,0.58215,0.5822,0.58215,0.5822,4
2026-03-16T07:46:00,0.58225,0.5824,0.58225,0.5824,24
2026-03-16T07:47:00,0.58235,0.5824,0.58235,0.5824,16
2026-03-16T07:48:00,0.5824,0.5825,0.5824,0.5825,4
2026-03-16T07:49:00,0.5825,0.5825,0.5825,0.5825,1
2026-03-16T07:50:00,0.5825,0.5825,0.58245,0.58245,10
2026-03-16T07:51:00,0.5825,0.5825,0.5824,0.5824,10
2026-03-16T07:52:00,0.58235,0.58235,0.58235,0.58235,1
2026-03-16T07:53:00,0.58235,0.58235,0.5823,0.58235,21
2026-03-16T07:54:00,0.5824,0.58245,0.5824,0.58245,10
2026-03-16T07:55:00,0.5825,0.5825,0.5825,0.5825,3
2026-03-16T07:56:00,0.5825,0.5825,0.5825,0.5825,3
2026-03-16T07:57:00,0.5824,0.58245,0.5824,0.58245,3
2026-03-16T07:58:00,0.5824,0.5825,0.5824,0.5825,25
2026-03-16T07:59:00,0.58255,0.58255,0.58255,0.58255,17
2026-03-16T08:00:00,0.5826,0.58295,0.5826,0.5829,203
2026-03-16T08:01:00,0.58295,0.583,0.5828,0.5828,22
2026-03-16T08:02:00,0.58275,0.58285,0.58275,0.58285,24
2026-03-16T08:03:00,0.58285,0.5829,0.58275,0.5829,41
2026-03-16T08:04:00,0.5828,0.58285,0.58275,0.58285,28
2026-03-16T08:05:00,0.5829,0.58295,0.5829,0.58295,10
2026-03-16T08:06:00,0.58295,0.58295,0.5829,0.5829,8
2026-03-16T08:07:00,0.58295,0.58295,0.58285,0.58285,22
2026-03-16T08:08:00,0.58285,0.58285,0.58275,0.58275,4
2026-03-16T08:09:00,0.5829,0.5829,0.5829,0.5829,14
2026-03-16T08:10:00,0.58295,0.58295,0.58295,0.58295,3
2026-03-16T08:11:00,0.58295,0.58295,0.58285,0.58295,8
2026-03-16T08:12:00,0.58285,0.5829,0.5828,0.5828,37
2026-03-16T08:13:00,0.58285,0.58285,0.5826,0.5826,14
2026-03-16T08:14:00,0.58265,0.58265,0.5826,0.5826,17
2026-03-16T08:15:00,0.58245,0.58245,0.58235,0.58235,13
2026-03-16T08:16:00,0.5824,0.58255,0.5824,0.58255,11
2026-03-16T08:17:00,0.58255,0.58255,0.5825,0.58255,24
2026-03-16T08:18:00,0.58255,0.58255,0.58255,0.58255,3
2026-03-16T08:19:00,0.5826,0.58265,0.5826,0.58265,5
2026-03-16T08:20:00,0.5827,0.5827,0.5827,0.5827,3
2026-03-16T08:21:00,0.58275,0.58275,0.5827,0.58275,4
2026-03-16T08:22:00,0.58265,0.58295,0.58265,0.58295,8
2026-03-16T08:23:00,0.58305,0.5832,0.58305,0.58315,25
2026-03-16T08:24:00,0.5832,0.5833,0.5832,0.5832,42
2026-03-16T08:25:00,0.58315,0.58315,0.58295,0.58295,35
2026-03-16T08:26:00,0.58295,0.58295,0.5829,0.5829,15
2026-03-16T08:27:00,0.583,0.5831,0.583,0.58305,9
2026-03-16T08:28:00,0.583,0.583,0.58295,0.58295,5
2026-03-16T08:29:00,0.583,0.583,0.583,0.583,4
2026-03-16T08:30:00,0.583,0.58315,0.583,0.58315,33
2026-03-16T08:31:00,0.58305,0.5832,0.58305,0.5832,15
2026-03-16T08:32:00,0.58315,0.58315,0.58315,0.58315,5
2026-03-16T08:33:00,0.5831,0.58315,0.58295,0.58295,30
2026-03-16T08:34:00,0.583,0.583,0.5829,0.5829,6
2026-03-16T08:36:00,0.58295,0.58295,0.58295,0.58295,4
2026-03-16T08:37:00,0.583,0.583,0.583,0.583,6
2026-03-16T08:38:00,0.583,0.583,0.5829,0.58295,13
2026-03-16T08:40:00,0.5828,0.5829,0.58275,0.5829,14
2026-03-16T08:41:00,0.5829,0.58305,0.5829,0.58305,11
2026-03-16T08:42:00,0.58305,0.58305,0.58305,0.58305,4
2026-03-16T08:43:00,0.58295,0.58295,0.58295,0.58295,1
2026-03-16T08:44:00,0.5829,0.5829,0.5829,0.5829,9
2026-03-16T08:45:00,0.58295,0.58305,0.58295,0.583,21
2026-03-16T08:46:00,0.58305,0.58315,0.58305,0.58315,8
2026-03-16T08:47:00,0.58315,0.58325,0.58315,0.58325,18
2026-03-16T08:48:00,0.58325,0.58345,0.58325,0.58335,50
2026-03-16T08:49:00,0.58335,0.58335,0.58315,0.5833,26
2026-03-16T08:50:00,0.5833,0.5833,0.5832,0.5832,80
2026-03-16T08:51:00,0.58325,0.58335,0.58325,0.5833,26
2026-03-16T08:52:00,0.58335,0.5836,0.58335,0.58355,61
2026-03-16T08:53:00,0.5835,0.5835,0.58345,0.5835,22
2026-03-16T08:54:00,0.58355,0.58365,0.58355,0.58355,119
2026-03-16T08:55:00,0.5836,0.58365,0.5836,0.58365,22
2026-03-16T08:56:00,0.5836,0.5836,0.58345,0.5835,26
2026-03-16T08:57:00,0.5835,0.5835,0.58335,0.5835,26
2026-03-16T08:58:00,0.58355,0.58355,0.58345,0.58345,28
2026-03-16T08:59:00,0.5835,0.5836,0.5835,0.5836,8
2026-03-16T09:00:00,0.58355,0.58355,0.5835,0.5835,17
2026-03-16T09:01:00,0.5834,0.58355,0.5834,0.58355,38
2026-03-16T09:02:00,0.5836,0.5836,0.58345,0.58345,53
2026-03-16T09:03:00,0.5835,0.58355,0.58345,0.5835,8
2026-03-16T09:04:00,0.5835,0.5835,0.58345,0.58345,27
2026-03-16T09:05:00,0.5834,0.5834,0.5833,0.58335,12
2026-03-16T09:06:00,0.58345,0.58345,0.58345,0.58345,3
2026-03-16T09:07:00,0.58335,0.5834,0.5833,0.5834,6
2026-03-16T09:08:00,0.58345,0.58345,0.58345,0.58345,14
2026-03-16T09:09:00,0.5834,0.58345,0.5834,0.58345,10
2026-03-16T09:10:00,0.5835,0.5836,0.5835,0.5836,50
2026-03-16T09:11:00,0.5836,0.5836,0.58355,0.58355,33
2026-03-16T09:12:00,0.5835,0.58355,0.5835,0.58355,59
2026-03-16T09:13:00,0.5836,0.58385,0.5836,0.58375,85
2026-03-16T09:14:00,0.58375,0.58375,0.5837,0.5837,5
2026-03-16T09:15:00,0.58365,0.58375,0.58365,0.58375,37
2026-03-16T09:16:00,0.5837,0.5838,0.5837,0.5838,31
2026-03-16T09:17:00,0.5838,0.58385,0.58375,0.58385,33
2026-03-16T09:18:00,0.5838,0.5838,0.58375,0.58375,34
2026-03-16T09:19:00,0.58375,0.58385,0.58375,0.5838,23
2026-03-16T09:20:00,0.58385,0.58385,0.5837,0.5837,66
2026-03-16T09:21:00,0.58375,0.5838,0.58375,0.5838,36
2026-03-16T09:22:00,0.5838,0.5838,0.58375,0.58375,3
2026-03-16T09:23:00,0.58375,0.58395,0.58375,0.5839,41
2026-03-16T09:24:00,0.58395,0.58395,0.58385,0.58385,15
2026-03-16T09:25:00,0.5838,0.5838,0.5837,0.5838,55
2026-03-16T09:26:00,0.58385,0.58395,0.58385,0.58395,53
2026-03-16T09:27:00,0.58395,0.58405,0.58385,0.584,68
2026-03-16T09:28:00,0.58395,0.58395,0.5839,0.5839,14
2026-03-16T09:29:00,0.5839,0.58395,0.5839,0.58395,45
2026-03-16T09:30:00,0.5839,0.5839,0.5838,0.5838,22
2026-03-16T09:31:00,0.5838,0.5838,0.5837,0.5837,9
2026-03-16T09:32:00,0.5837,0.5838,0.5837,0.58375,11
2026-03-16T09:33:00,0.5838,0.5838,0.5837,0.58375,45
2026-03-16T09:34:00,0.58365,0.58375,0.58365,0.58365,11
2026-03-16T09:35:00,0.5836,0.5837,0.5836,0.58365,14
2026-03-16T09:36:00,0.58375,0.5838,0.58375,0.5838,2
2026-03-16T09:37:00,0.58375,0.58385,0.5837,0.5838,68
2026-03-16T09:38:00,0.5838,0.58385,0.58375,0.58375,50
2026-03-16T09:39:00,0.58375,0.58375,0.58375,0.58375,7
2026-03-16T09:40:00,0.58375,0.58385,0.58375,0.58385,79
2026-03-16T09:41:00,0.5839,0.58395,0.5839,0.5839,18
2026-03-16T09:42:00,0.58385,0.58395,0.5838,0.58395,87
2026-03-16T09:43:00,0.58395,0.58405,0.5839,0.58405,63
2026-03-16T09:44:00,0.584,0.58405,0.584,0.58405,40
2026-03-16T09:45:00,0.58405,0.5842,0.58405,0.5841,97
2026-03-16T09:46:00,0.5841,0.58415,0.5841,0.58415,35
2026-03-16T09:47:00,0.58415,0.5842,0.5841,0.5842,48
2026-03-16T09:48:00,0.5841,0.58425,0.5841,0.58425,44
2026-03-16T09:49:00,0.5843,0.5843,0.5842,0.5843,126
2026-03-16T09:50:00,0.58435,0.58435,0.5843,0.58435,73
2026-03-16T09:51:00,0.5843,0.58435,0.58415,0.58435,78
2026-03-16T09:52:00,0.58435,0.58435,0.5842,0.5842,100
2026-03-16T09:53:00,0.58415,0.5842,0.5841,0.5842,115
2026-03-16T09:54:00,0.5842,0.58425,0.58415,0.58425,81
2026-03-16T09:55:00,0.58425,0.5843,0.5842,0.58425,36
2026-03-16T09:56:00,0.58425,0.5843,0.5842,0.5842,48
2026-03-16T09:57:00,0.5842,0.58425,0.5842,0.58425,26
2026-03-16T09:58:00,0.58425,0.58425,0.5842,0.5842,40
2026-03-16T09:59:00,0.58415,0.5842,0.5841,0.58415,24
2026-03-16T10:00:00,0.5841,0.58415,0.58405,0.5841,52
2026-03-16T10:01:00,0.58405,0.58415,0.58405,0.58415,20
2026-03-16T10:02:00,0.58415,0.5843,0.58415,0.58425,49
2026-03-16T10:03:00,0.58425,0.58435,0.58425,0.58435,42
2026-03-16T10:04:00,0.5843,0.58435,0.5841,0.58415,50
2026-03-16T10:05:00,0.58415,0.58425,0.58415,0.58425,31
2026-03-16T10:06:00,0.58425,0.5843,0.58425,0.5843,31
2026-03-16T10:07:00,0.58425,0.5844,0.58415,0.5844,53
2026-03-16T10:08:00,0.5844,0.58445,0.58435,0.5844,44
2026-03-16T10:09:00,0.58445,0.58465,0.58445,0.58465,32
2026-03-16T10:10:00,0.5846,0.58465,0.5846,0.58465,43
2026-03-16T10:11:00,0.5846,0.58475,0.58455,0.58475,11
2026-03-16T10:12:00,0.58475,0.5848,0.58475,0.5848,24
2026-03-16T10:13:00,0.58485,0.5849,0.58475,0.58475,42
2026-03-16T10:14:00,0.5848,0.5849,0.5848,0.5849,52
2026-03-16T10:15:00,0.5849,0.5849,0.5848,0.5848,24
2026-03-16T10:16:00,0.58475,0.58485,0.58475,0.58485,10
2026-03-16T10:17:00,0.5848,0.58495,0.5848,0.58495,44
2026-03-16T10:18:00,0.5849,0.58495,0.58475,0.58495,61
2026-03-16T10:19:00,0.5849,0.58495,0.5849,0.5849,47
2026-03-16T10:20:00,0.5849,0.585,0.5849,0.585,41
2026-03-16T10:21:00,0.585,0.5851,0.585,0.58505,16
2026-03-16T10:22:00,0.58505,0.5852,0.58505,0.5852,12
2026-03-16T10:23:00,0.58515,0.58525,0.5851,0.58525,50
2026-03-16T10:24:00,0.58525,0.58525,0.5852,0.58525,23
2026-03-16T10:25:00,0.5852,0.58525,0.5851,0.58525,12
2026-03-16T10:26:00,0.58525,0.58535,0.5852,0.58535,14
2026-03-16T10:27:00,0.58535,0.58545,0.58535,0.5854,41
2026-03-16T10:28:00,0.58535,0.58545,0.58535,0.5854,60
2026-03-16T10:29:00,0.58535,0.5854,0.58525,0.58525,21
2026-03-16T10:30:00,0.58535,0.58535,0.5853,0.5853,20
2026-03-16T10:31:00,0.58525,0.58525,0.585,0.585,34
2026-03-16T10:32:00,0.58505,0.58525,0.58505,0.58525,3
2026-03-16T10:33:00,0.58515,0.58525,0.5851,0.58525,17
2026-03-16T10:34:00,0.5852,0.5852,0.58515,0.58515,17
2026-03-16T10:35:00,0.58515,0.5852,0.5851,0.5851,29
2026-03-16T10:36:00,0.58515,0.5852,0.58515,0.58515,19
2026-03-16T10:37:00,0.5851,0.58515,0.5851,0.5851,45
2026-03-16T10:38:00,0.58505,0.58505,0.58505,0.58505,6
2026-03-16T10:39:00,0.58515,0.58515,0.58515,0.58515,3
2026-03-16T10:40:00,0.5852,0.5852,0.58515,0.58515,3
2026-03-16T10:41:00,0.5851,0.5851,0.58505,0.58505,5
2026-03-16T10:42:00,0.58505,0.58525,0.58505,0.5851,118
2026-03-16T10:43:00,0.58515,0.58515,0.58515,0.58515,4
2026-03-16T10:44:00,0.5852,0.5852,0.5852,0.5852,2
2026-03-16T10:45:00,0.58515,0.5852,0.58515,0.5852,2
2026-03-16T10:46:00,0.58515,0.58525,0.58515,0.58525,10
2026-03-16T10:47:00,0.58525,0.5853,0.58525,0.5853,12
2026-03-16T10:48:00,0.58535,0.5854,0.58535,0.5854,10
2026-03-16T10:49:00,0.5854,0.58555,0.5854,0.58555,15
2026-03-16T10:50:00,0.58555,0.58575,0.58555,0.58565,69
2026-03-16T10:51:00,0.5856,0.5856,0.5855,0.58555,41
2026-03-16T10:52:00,0.5856,0.58565,0.5856,0.5856,6
2026-03-16T10:53:00,0.58555,0.58565,0.58555,0.58565,12
2026-03-16T10:54:00,0.5857,0.58575,0.58565,0.58565,15
2026-03-16T10:55:00,0.5857,0.58575,0.5857,0.5857,62
2026-03-16T10:56:00,0.58565,0.58575,0.58565,0.5857,25
2026-03-16T10:57:00,0.5857,0.58575,0.5857,0.58575,4
2026-03-16T10:58:00,0.5858,0.5858,0.58575,0.5858,8
2026-03-16T10:59:00,0.58585,0.5859,0.58585,0.58585,26
2026-03-16T11:00:00,0.5858,0.5858,0.5857,0.58575,55
2026-03-16T11:01:00,0.5857,0.58575,0.5857,0.5857,14
2026-03-16T11:02:00,0.58565,0.58575,0.58565,0.58575,6
2026-03-16T11:03:00,0.58575,0.58575,0.58565,0.58565,7
2026-03-16T11:04:00,0.58565,0.5857,0.5856,0.5857,12
2026-03-16T11:05:00,0.58565,0.58575,0.58565,0.58575,7
2026-03-16T11:06:00,0.5858,0.5858,0.5857,0.58575,118
2026-03-16T11:07:00,0.58575,0.58575,0.58565,0.58565,25
2026-03-16T11:08:00,0.58575,0.5859,0.58575,0.58585,12
2026-03-16T11:09:00,0.58585,0.58585,0.5858,0.5858,2
2026-03-16T11:10:00,0.5858,0.58585,0.5858,0.58585,2
2026-03-16T11:11:00,0.5859,0.5859,0.5859,0.5859,1
2026-03-16T11:12:00,0.58595,0.58595,0.5859,0.58595,21
2026-03-16T11:13:00,0.5859,0.5859,0.58585,0.58585,10
2026-03-16T11:14:00,0.5859,0.58595,0.5859,0.58595,18
2026-03-16T11:15:00,0.586,0.5861,0.5859,0.5861,82
2026-03-16T11:16:00,0.58605,0.58605,0.586,0.58605,12
2026-03-16T11:17:00,0.586,0.58605,0.586,0.586,25
2026-03-16T11:18:00,0.58595,0.586,0.5859,0.586,17
2026-03-16T11:19:00,0.586,0.5861,0.58595,0.5861,18
2026-03-16T11:20:00,0.58605,0.58605,0.58595,0.58595,13
2026-03-16T11:21:00,0.58595,0.5861,0.58595,0.586,19
2026-03-16T11:22:00,0.58595,0.58605,0.58595,0.58605,8
2026-03-16T11:23:00,0.58615,0.58615,0.58605,0.58605,7
2026-03-16T11:24:00,0.58605,0.5861,0.58605,0.5861,6
2026-03-16T11:25:00,0.586,0.58605,0.586,0.58605,8
2026-03-16T11:26:00,0.586,0.586,0.586,0.586,3
2026-03-16T11:27:00,0.58595,0.58595,0.58585,0.58585,8
2026-03-16T11:28:00,0.58585,0.5859,0.58585,0.58585,42
2026-03-16T11:29:00,0.58585,0.5859,0.58585,0.58585,21
2026-03-16T11:30:00,0.5858,0.58585,0.5858,0.58585,26
2026-03-16T11:31:00,0.5859,0.5859,0.5859,0.5859,14
2026-03-16T11:32:00,0.5859,0.5859,0.5859,0.5859,1
2026-03-16T11:33:00,0.5859,0.5859,0.5858,0.5858,17
2026-03-16T11:34:00,0.5858,0.58595,0.5858,0.58595,24
2026-03-16T11:35:00,0.5859,0.5859,0.5859,0.5859,1
2026-03-16T11:36:00,0.58595,0.5861,0.58595,0.5861,13
2026-03-16T11:37:00,0.58615,0.58615,0.58605,0.58605,4
2026-03-16T11:38:00,0.58605,0.5861,0.58605,0.5861,9
2026-03-16T11:39:00,0.586,0.58605,0.586,0.58605,13
2026-03-16T11:40:00,0.586,0.586,0.58595,0.58595,22
2026-03-16T11:41:00,0.5861,0.58615,0.5861,0.58615,9
2026-03-16T11:42:00,0.5861,0.5862,0.5861,0.5862,13
2026-03-16T11:43:00,0.58625,0.58635,0.58625,0.58625,66
2026-03-16T11:44:00,0.58615,0.5862,0.58615,0.5862,42
2026-03-16T11:45:00,0.5862,0.58625,0.5862,0.5862,26
2026-03-16T11:46:00,0.58615,0.5863,0.58615,0.5863,31
2026-03-16T11:47:00,0.58635,0.58635,0.58625,0.58625,33
2026-03-16T11:48:00,0.58625,0.5863,0.5861,0.5861,43
2026-03-16T11:49:00,0.5861,0.5862,0.5861,0.58615,11
2026-03-16T11:50:00,0.58605,0.5861,0.586,0.5861,62
2026-03-16T11:51:00,0.5861,0.5861,0.58605,0.5861,24
2026-03-16T11:52:00,0.586,0.586,0.5859,0.5859,16
2026-03-16T11:53:00,0.5858,0.58585,0.5858,0.58585,2
2026-03-16T11:54:00,0.5858,0.58585,0.5858,0.5858,12
2026-03-16T11:55:00,0.58585,0.5859,0.58585,0.58585,31
2026-03-16T11:56:00,0.58585,0.5859,0.58585,0.5859,11
2026-03-16T11:57:00,0.5859,0.5859,0.58585,0.58585,6
2026-03-16T11:58:00,0.5859,0.5859,0.5859,0.5859,2
2026-03-16T11:59:00,0.58595,0.58595,0.5859,0.58595,9
2026-03-16T12:00:00,0.58595,0.5861,0.58595,0.586,51
2026-03-16T12:01:00,0.586,0.5861,0.586,0.58605,21
2026-03-16T12:02:00,0.5861,0.58615,0.5861,0.5861,10
2026-03-16T12:03:00,0.58605,0.5863,0.58605,0.5863,24
2026-03-16T12:04:00,0.5863,0.5863,0.58625,0.58625,19
2026-03-16T12:05:00,0.5863,0.58635,0.5862,0.5863,73
2026-03-16T12:06:00,0.58625,0.58625,0.58625,0.58625,3
2026-03-16T12:07:00,0.58625,0.5863,0.58625,0.58625,15
2026-03-16T12:08:00,0.58625,0.58625,0.5861,0.5861,59
2026-03-16T12:09:00,0.5861,0.5862,0.58605,0.5862,48
2026-03-16T12:10:00,0.58615,0.58615,0.5861,0.58615,21
2026-03-16T12:11:00,0.58615,0.5862,0.58615,0.5862,4
2026-03-16T12:12:00,0.5862,0.5864,0.5862,0.5864,16
2026-03-16T12:13:00,0.5864,0.5865,0.5864,0.5864,22
2026-03-16T12:14:00,0.58645,0.58645,0.5863,0.5863,29
2026-03-16T12:15:00,0.5863,0.58635,0.58625,0.5863,55
2026-03-16T12:16:00,0.58625,0.5864,0.58625,0.58635,16
2026-03-16T12:17:00,0.5864,0.5864,0.5864,0.5864,1
2026-03-16T12:18:00,0.5864,0.5864,0.5863,0.5863,15
2026-03-16T12:19:00,0.5864,0.5864,0.58635,0.58635,11
2026-03-16T12:20:00,0.5863,0.5863,0.58625,0.58625,78
2026-03-16T12:21:00,0.58625,0.5863,0.58625,0.5863,48
2026-03-16T12:22:00,0.58625,0.5864,0.58625,0.58635,27
2026-03-16T12:23:00,0.5864,0.5864,0.5863,0.58635,22
2026-03-16T12:24:00,0.58635,0.58635,0.58625,0.5863,27
2026-03-16T12:25:00,0.58625,0.5863,0.58625,0.5863,32
2026-03-16T12:26:00,0.58635,0.5864,0.5863,0.5864,16
2026-03-16T12:27:00,0.5864,0.58645,0.58635,0.58635,16
2026-03-16T12:28:00,0.58645,0.58645,0.58635,0.5864,9
2026-03-16T12:29:00,0.58645,0.58645,0.58635,0.58635,13
2026-03-16T12:30:00,0.58635,0.5865,0.58635,0.5865,27
2026-03-16T12:31:00,0.58655,0.5866,0.58645,0.5865,29
2026-03-16T12:32:00,0.5865,0.58675,0.5864,0.5867,239
2026-03-16T12:33:00,0.58675,0.58675,0.58645,0.5865,93
2026-03-16T12:34:00,0.5866,0.5867,0.5866,0.5867,28
2026-03-16T12:35:00,0.58655,0.5866,0.58645,0.58645,28
2026-03-16T12:36:00,0.5865,0.5865,0.58645,0.5865,26
2026-03-16T12:37:00,0.58655,0.5866,0.5865,0.5865,29
2026-03-16T12:38:00,0.5865,0.5865,0.58635,0.58635,15
2026-03-16T12:39:00,0.5864,0.5864,0.58635,0.58635,13
2026-03-16T12:40:00,0.5864,0.58645,0.5863,0.58635,42
2026-03-16T12:41:00,0.5863,0.5863,0.58625,0.5863,19
2026-03-16T12:42:00,0.58625,0.58645,0.58625,0.5864,20
2026-03-16T12:43:00,0.58645,0.58645,0.5864,0.58645,27
2026-03-16T12:44:00,0.58645,0.58645,0.58635,0.5864,16
2026-03-16T12:45:00,0.5864,0.58645,0.5864,0.58645,22
2026-03-16T12:46:00,0.58645,0.58655,0.5864,0.58645,30
2026-03-16T12:47:00,0.5864,0.5864,0.58635,0.58635,28
2026-03-16T12:48:00,0.58635,0.58635,0.58625,0.58625,9
2026-03-16T12:49:00,0.5862,0.5863,0.5862,0.5863,31
2026-03-16T12:50:00,0.5863,0.5863,0.5862,0.5862,18
2026-03-16T12:51:00,0.5862,0.58625,0.5862,0.58625,11
2026-03-16T12:52:00,0.58625,0.58635,0.5862,0.5863,34
2026-03-16T12:54:00,0.58625,0.5863,0.58625,0.5863,9
2026-03-16T12:55:00,0.58625,0.58625,0.5861,0.58615,9
2026-03-16T12:56:00,0.58615,0.58615,0.58605,0.5861,44
2026-03-16T12:57:00,0.5861,0.58615,0.5861,0.58615,49
2026-03-16T12:58:00,0.58615,0.58615,0.586,0.586,30
2026-03-16T12:59:00,0.586,0.58605,0.58595,0.586,14
2026-03-16T13:00:00,0.58605,0.58625,0.58605,0.58625,43
2026-03-16T13:01:00,0.58625,0.58635,0.5862,0.5862,26
2026-03-16T13:02:00,0.5861,0.5862,0.5861,0.58615,35
2026-03-16T13:03:00,0.5861,0.5861,0.5861,0.5861,6
2026-03-16T13:04:00,0.58605,0.5862,0.586,0.5862,91
2026-03-16T13:05:00,0.58625,0.5863,0.58625,0.58625,19
2026-03-16T13:06:00,0.5862,0.5862,0.58615,0.58615,14
2026-03-16T13:07:00,0.5862,0.5863,0.5862,0.58625,54
2026-03-16T13:08:00,0.58625,0.58625,0.5861,0.5862,30
2026-03-16T13:09:00,0.5862,0.5862,0.5861,0.5861,22
2026-03-16T13:10:00,0.5861,0.58615,0.5861,0.58615,23
2026-03-16T13:11:00,0.58615,0.58615,0.58585,0.5861,130
2026-03-16T13:12:00,0.58615,0.58625,0.58615,0.58625,7
2026-03-16T13:13:00,0.5863,0.58635,0.5863,0.58635,63
2026-03-16T13:15:00,0.58635,0.58635,0.5862,0.5862,58
2026-03-16T13:16:00,0.5862,0.58625,0.5862,0.58625,13
2026-03-16T13:17:00,0.58625,0.5863,0.58625,0.58625,13
2026-03-16T13:18:00,0.5862,0.5862,0.5862,0.5862,4
2026-03-16T13:19:00,0.58615,0.58615,0.5861,0.5861,28
2026-03-16T13:20:00,0.58605,0.58605,0.586,0.586,18
2026-03-16T13:21:00,0.58595,0.58605,0.58595,0.58605,9
2026-03-16T13:22:00,0.5861,0.58625,0.5861,0.58625,19
2026-03-16T13:23:00,0.58635,0.5864,0.58635,0.58635,11
2026-03-16T13:24:00,0.58625,0.58625,0.58625,0.58625,6
2026-03-16T13:25:00,0.5862,0.5862,0.5862,0.5862,2
2026-03-16T13:26:00,0.58625,0.58625,0.58625,0.58625,7
2026-03-16T13:27:00,0.5863,0.5863,0.58625,0.58625,23
2026-03-16T13:28:00,0.5862,0.58625,0.5862,0.58625,6
2026-03-16T13:29:00,0.58625,0.5863,0.58625,0.5863,2
2026-03-16T13:30:00,0.58625,0.5864,0.5862,0.5864,142
2026-03-16T13:31:00,0.58645,0.5865,0.5864,0.5865,36
2026-03-16T13:32:00,0.58645,0.5867,0.58645,0.5866,127
2026-03-16T13:33:00,0.5866,0.5867,0.5866,0.5867,26
2026-03-16T13:34:00,0.58675,0.58675,0.58665,0.58665,11
2026-03-16T13:35:00,0.5866,0.5868,0.5866,0.5868,20
2026-03-16T13:36:00,0.58685,0.587,0.58685,0.587,46
2026-03-16T13:37:00,0.587,0.58705,0.5869,0.58695,44
2026-03-16T13:38:00,0.5869,0.5869,0.5868,0.58685,28
2026-03-16T13:39:00,0.58685,0.58695,0.58685,0.5869,28
2026-03-16T13:40:00,0.58685,0.5869,0.58685,0.5869,14
2026-03-16T13:41:00,0.58685,0.58685,0.5868,0.5868,7
2026-03-16T13:42:00,0.58675,0.58695,0.58675,0.58695,33
2026-03-16T13:43:00,0.5869,0.587,0.58685,0.587,10
2026-03-16T13:44:00,0.587,0.58715,0.587,0.5871,25
2026-03-16T13:45:00,0.5871,0.58715,0.5871,0.58715,38
2026-03-16T13:46:00,0.5872,0.58735,0.58715,0.5873,47
2026-03-16T13:47:00,0.5873,0.58735,0.5873,0.58735,27
2026-03-16T13:48:00,0.5873,0.5873,0.5869,0.5869,32
2026-03-16T13:49:00,0.587,0.58705,0.5869,0.58705,19
2026-03-16T13:50:00,0.58705,0.58715,0.587,0.58705,21
2026-03-16T13:51:00,0.5871,0.5872,0.58705,0.58715,40
2026-03-16T13:52:00,0.5872,0.5872,0.58715,0.58715,45
2026-03-16T13:53:00,0.5872,0.5874,0.58715,0.5874,118
2026-03-16T13:54:00,0.5874,0.58745,0.5874,0.58745,39
2026-03-16T13:55:00,0.5874,0.5876,0.5874,0.58745,146
2026-03-16T13:56:00,0.5875,0.5875,0.58745,0.5875,34
2026-03-16T13:57:00,0.5875,0.5876,0.5875,0.5876,79
2026-03-16T13:58:00,0.5876,0.5877,0.5876,0.58765,49
2026-03-16T13:59:00,0.5876,0.58765,0.5875,0.58755,126
2026-03-16T14:00:00,0.5875,0.58765,0.5874,0.5876,395
2026-03-16T14:01:00,0.5876,0.58765,0.5875,0.58765,91
2026-03-16T14:02:00,0.5876,0.58775,0.5875,0.5877,138
2026-03-16T14:03:00,0.58765,0.58765,0.58755,0.5876,120
2026-03-16T14:04:00,0.58755,0.5876,0.58735,0.58735,142
2026-03-16T14:05:00,0.5873,0.58735,0.58715,0.5872,210
2026-03-16T14:06:00,0.5872,0.5873,0.5872,0.5873,229
2026-03-16T14:07:00,0.5873,0.5874,0.5873,0.58735,71
2026-03-16T14:08:00,0.5874,0.5875,0.5874,0.5875,53
2026-03-16T14:09:00,0.5875,0.5875,0.5874,0.5874,58
2026-03-16T14:10:00,0.5874,0.5876,0.5874,0.5876,87
2026-03-16T14:11:00,0.5876,0.5876,0.5875,0.5876,45
2026-03-16T14:12:00,0.5876,0.5876,0.58745,0.5875,46
2026-03-16T14:13:00,0.58745,0.5875,0.58745,0.5875,8
2026-03-16T14:14:00,0.5875,0.5876,0.5875,0.5876,10
2026-03-16T14:15:00,0.58755,0.58755,0.5873,0.5873,28
2026-03-16T14:16:00,0.5874,0.58745,0.5874,0.58745,14
2026-03-16T14:17:00,0.5874,0.58745,0.58735,0.58745,21
2026-03-16T14:18:00,0.58745,0.58755,0.58745,0.5875,19
2026-03-16T14:19:00,0.58745,0.58745,0.58735,0.58735,42
2026-03-16T14:20:00,0.5874,0.5875,0.5874,0.58745,49
2026-03-16T14:21:00,0.5875,0.5877,0.5875,0.5877,44
2026-03-16T14:22:00,0.58765,0.58765,0.5876,0.58765,27
2026-03-16T14:23:00,0.58765,0.58765,0.58755,0.58755,39
2026-03-16T14:24:00,0.58755,0.58755,0.5874,0.5875,105
2026-03-16T14:25:00,0.5874,0.58745,0.58735,0.58735,13
2026-03-16T14:26:00,0.5874,0.5874,0.5874,0.5874,5
2026-03-16T14:27:00,0.5874,0.5875,0.5874,0.58745,13
2026-03-16T14:28:00,0.5874,0.5875,0.5874,0.5875,23
2026-03-16T14:29:00,0.5875,0.5875,0.58745,0.58745,25
2026-03-16T14:30:00,0.5873,0.5873,0.587,0.58705,70
2026-03-16T14:31:00,0.587,0.58705,0.587,0.587,29
2026-03-16T14:32:00,0.587,0.5871,0.587,0.58705,76
2026-03-16T14:33:00,0.587,0.587,0.5869,0.5869,19
2026-03-16T14:34:00,0.58685,0.5869,0.58685,0.58685,24
2026-03-16T14:35:00,0.5868,0.58705,0.5868,0.58705,40
2026-03-16T14:36:00,0.58705,0.58705,0.58695,0.58695,12
2026-03-16T14:37:00,0.587,0.587,0.5869,0.5869,15
2026-03-16T14:38:00,0.58685,0.58685,0.5866,0.5866,34
2026-03-16T14:39:00,0.58665,0.5867,0.5866,0.5866,21
2026-03-16T14:40:00,0.58655,0.58675,0.58655,0.58665,37
2026-03-16T14:41:00,0.5866,0.58665,0.5866,0.5866,19
2026-03-16T14:42:00,0.5866,0.58665,0.58655,0.58655,13
2026-03-16T14:43:00,0.58655,0.58665,0.58655,0.58655,16
2026-03-16T14:44:00,0.5865,0.5865,0.5864,0.58645,13
2026-03-16T14:45:00,0.58645,0.5865,0.5864,0.5864,29
2026-03-16T14:46:00,0.58645,0.58655,0.58645,0.58655,37
2026-03-16T14:47:00,0.5865,0.58655,0.58635,0.58635,49
2026-03-16T14:48:00,0.58635,0.5866,0.58635,0.5866,35
2026-03-16T14:49:00,0.5866,0.5867,0.5866,0.5866,35
2026-03-16T14:50:00,0.5866,0.58665,0.58655,0.5866,27
2026-03-16T14:51:00,0.58665,0.58675,0.5866,0.5867,32
2026-03-16T14:52:00,0.5867,0.58685,0.5867,0.5867,25
2026-03-16T14:53:00,0.58675,0.5868,0.5867,0.58675,17
2026-03-16T14:54:00,0.58675,0.58695,0.58675,0.5869,31
2026-03-16T14:55:00,0.5869,0.58695,0.58685,0.58695,13
2026-03-16T14:56:00,0.58695,0.58695,0.5869,0.5869,14
2026-03-16T14:57:00,0.5869,0.58695,0.5869,0.5869,17
2026-03-16T14:58:00,0.58695,0.587,0.58685,0.58685,39
2026-03-16T14:59:00,0.5868,0.587,0.5868,0.587,33
2026-03-16T15:00:00,0.58695,0.587,0.5869,0.5869,83
2026-03-16T15:01:00,0.58695,0.58695,0.5869,0.5869,16
2026-03-16T15:02:00,0.5869,0.58695,0.5869,0.58695,34
2026-03-16T15:03:00,0.587,0.58705,0.58695,0.58695,18
2026-03-16T15:04:00,0.58695,0.58695,0.58685,0.58685,13
2026-03-16T15:05:00,0.58685,0.58685,0.58675,0.5868,8
2026-03-16T15:06:00,0.58675,0.58685,0.5867,0.58685,30
2026-03-16T15:07:00,0.5869,0.5869,0.5868,0.5869,13
2026-03-16T15:08:00,0.58695,0.587,0.58695,0.587,6
2026-03-16T15:09:00,0.58695,0.5871,0.58695,0.5871,5
2026-03-16T15:10:00,0.587,0.587,0.58685,0.58685,5
2026-03-16T15:11:00,0.58685,0.587,0.58685,0.587,13
2026-03-16T15:12:00,0.58695,0.58695,0.5869,0.5869,18
2026-03-16T15:13:00,0.58695,0.5871,0.58695,0.5871,9
2026-03-16T15:14:00,0.5871,0.58715,0.58705,0.5871,35
2026-03-16T15:15:00,0.58715,0.58715,0.5871,0.5871,8
2026-03-16T15:16:00,0.58695,0.587,0.58695,0.587,8
2026-03-16T15:17:00,0.58695,0.58705,0.58695,0.58705,9
2026-03-16T15:18:00,0.58705,0.5872,0.58705,0.5872,17
2026-03-16T15:19:00,0.5872,0.5872,0.58715,0.5872,16
2026-03-16T15:20:00,0.5872,0.5872,0.58715,0.5872,11
2026-03-16T15:21:00,0.5872,0.58725,0.5872,0.5872,3
2026-03-16T15:22:00,0.5872,0.5873,0.5872,0.5873,15
2026-03-16T15:23:00,0.5873,0.5873,0.58725,0.58725,18
2026-03-16T15:24:00,0.5873,0.5873,0.58725,0.58725,2
2026-03-16T15:25:00,0.5871,0.5871,0.587,0.587,25
2026-03-16T15:26:00,0.587,0.5871,0.587,0.5871,19
2026-03-16T15:27:00,0.5871,0.5871,0.587,0.587,12
2026-03-16T15:28:00,0.587,0.587,0.58685,0.58685,10
2026-03-16T15:29:00,0.58685,0.58695,0.58685,0.58695,13
2026-03-16T15:30:00,0.58695,0.5871,0.58695,0.5871,26
2026-03-16T15:31:00,0.5871,0.5871,0.58705,0.58705,8
2026-03-16T15:32:00,0.58705,0.58705,0.58705,0.58705,11
2026-03-16T15:33:00,0.5871,0.5871,0.58705,0.58705,57
2026-03-16T15:34:00,0.5871,0.58715,0.5871,0.58715,12
2026-03-16T15:35:00,0.5872,0.58725,0.58715,0.58715,52
2026-03-16T15:36:00,0.5871,0.58715,0.5871,0.58715,37
2026-03-16T15:37:00,0.5872,0.5872,0.58715,0.5872,28
2026-03-16T15:38:00,0.5872,0.58725,0.58715,0.58725,22
2026-03-16T15:39:00,0.58725,0.5873,0.58725,0.5873,13
2026-03-16T15:40:00,0.58725,0.5873,0.58725,0.5873,15
2026-03-16T15:41:00,0.58725,0.58725,0.58715,0.58715,24
2026-03-16T15:42:00,0.5872,0.58725,0.5872,0.5872,17
2026-03-16T15:43:00,0.5872,0.5872,0.5871,0.58715,23
2026-03-16T15:44:00,0.58705,0.5871,0.587,0.587,14
2026-03-16T15:45:00,0.58695,0.587,0.58685,0.587,27
2026-03-16T15:46:00,0.58705,0.5871,0.58705,0.58705,30
2026-03-16T15:47:00,0.5871,0.5871,0.5871,0.5871,26
2026-03-16T15:48:00,0.5871,0.5872,0.5871,0.5872,26
2026-03-16T15:49:00,0.5872,0.5872,0.5871,0.5871,9
2026-03-16T15:50:00,0.58705,0.58705,0.5866,0.58665,164
2026-03-16T15:51:00,0.5866,0.58665,0.5865,0.5865,15
2026-03-16T15:52:00,0.58645,0.5865,0.5863,0.5863,37
2026-03-16T15:53:00,0.5863,0.58635,0.5863,0.58635,68
2026-03-16T15:54:00,0.5864,0.58645,0.5864,0.58645,21
2026-03-16T15:55:00,0.5863,0.58635,0.5862,0.58625,34
2026-03-16T15:56:00,0.5864,0.58645,0.5864,0.58645,4
2026-03-16T15:57:00,0.58645,0.58645,0.5863,0.5863,71
2026-03-16T15:58:00,0.5863,0.58645,0.5863,0.5864,46
2026-03-16T15:59:00,0.58645,0.58645,0.58645,0.58645,33
2026-03-16T16:00:00,0.5864,0.58645,0.5864,0.5864,25
2026-03-16T16:01:00,0.5864,0.5864,0.58635,0.5864,54
2026-03-16T16:02:00,0.58635,0.58645,0.5863,0.58645,44
2026-03-16T16:03:00,0.5864,0.58665,0.5864,0.58665,11
2026-03-16T16:04:00,0.5866,0.58665,0.58645,0.58645,74
2026-03-16T16:05:00,0.5864,0.58655,0.5864,0.58655,15
2026-03-16T16:06:00,0.58655,0.58665,0.58655,0.58655,9
2026-03-16T16:07:00,0.58655,0.5868,0.58655,0.5868,30
2026-03-16T16:08:00,0.58685,0.58685,0.5868,0.5868,19
2026-03-16T16:09:00,0.58675,0.5868,0.5867,0.58675,20
2026-03-16T16:10:00,0.5868,0.5869,0.5868,0.58685,7
2026-03-16T16:11:00,0.5867,0.5867,0.5867,0.5867,7
2026-03-16T16:12:00,0.58665,0.5867,0.58665,0.5867,4
2026-03-16T16:13:00,0.5867,0.58675,0.5867,0.58675,13
2026-03-16T16:14:00,0.5866,0.58665,0.5866,0.58665,3
2026-03-16T16:15:00,0.58665,0.58675,0.58665,0.58665,16
2026-03-16T16:16:00,0.58665,0.58665,0.5866,0.5866,2
2026-03-16T16:17:00,0.58655,0.5868,0.58655,0.5868,35
2026-03-16T16:18:00,0.5868,0.5868,0.5867,0.58675,30
2026-03-16T16:19:00,0.58675,0.58675,0.5866,0.5866,26
2026-03-16T16:20:00,0.58665,0.58675,0.5865,0.5865,71
2026-03-16T16:21:00,0.5864,0.58645,0.58615,0.58615,38
2026-03-16T16:22:00,0.5862,0.5862,0.58595,0.58605,56
2026-03-16T16:23:00,0.58605,0.58615,0.58605,0.5861,33
2026-03-16T16:24:00,0.5861,0.5861,0.5859,0.5859,8
2026-03-16T16:25:00,0.58595,0.58595,0.5859,0.5859,37
2026-03-16T16:26:00,0.5859,0.58595,0.5858,0.58595,18
2026-03-16T16:27:00,0.586,0.58615,0.5859,0.5859,31
2026-03-16T16:28:00,0.5859,0.58595,0.5859,0.58595,7
2026-03-16T16:29:00,0.58595,0.58595,0.58595,0.58595,6
2026-03-16T16:30:00,0.586,0.586,0.58585,0.58585,14
2026-03-16T16:31:00,0.5858,0.58595,0.5858,0.58595,47
2026-03-16T16:32:00,0.586,0.586,0.58595,0.58595,15
2026-03-16T16:33:00,0.5859,0.58595,0.5859,0.58595,7
2026-03-16T16:34:00,0.58585,0.58585,0.5858,0.58585,51
2026-03-16T16:35:00,0.5858,0.58595,0.5858,0.5859,56
2026-03-16T16:36:00,0.58595,0.5862,0.58595,0.58615,47
2026-03-16T16:37:00,0.5861,0.5861,0.586,0.58605,31
2026-03-16T16:38:00,0.58615,0.58615,0.5861,0.5861,3
2026-03-16T16:39:00,0.5862,0.58625,0.5862,0.5862,5
2026-03-16T16:40:00,0.5864,0.5864,0.58635,0.5864,23
2026-03-16T16:41:00,0.5864,0.5865,0.5864,0.5865,7
2026-03-16T16:42:00,0.58655,0.58655,0.58655,0.58655,4
2026-03-16T16:43:00,0.5866,0.5867,0.5866,0.5867,8
2026-03-16T16:44:00,0.58665,0.58665,0.58655,0.58655,11
2026-03-16T16:45:00,0.5865,0.5865,0.58635,0.58635,25
2026-03-16T16:46:00,0.58635,0.58655,0.58635,0.58655,43
2026-03-16T16:47:00,0.58655,0.58655,0.58645,0.58645,7
2026-03-16T16:48:00,0.5864,0.5865,0.5864,0.58645,22
2026-03-16T16:49:00,0.5865,0.5865,0.5865,0.5865,8
2026-03-16T16:50:00,0.5865,0.58665,0.5865,0.58665,12
2026-03-16T16:51:00,0.58665,0.58665,0.58665,0.58665,17
2026-03-16T16:52:00,0.5867,0.5867,0.5866,0.5866,23
2026-03-16T16:53:00,0.5866,0.5866,0.5866,0.5866,8
2026-03-16T16:54:00,0.58655,0.5866,0.58655,0.58655,21
2026-03-16T16:55:00,0.5866,0.5866,0.58655,0.58655,4
2026-03-16T16:56:00,0.58655,0.58655,0.58645,0.58645,3
2026-03-16T16:57:00,0.5865,0.58655,0.5864,0.5864,69
2026-03-16T16:58:00,0.58645,0.58645,0.58635,0.58635,8
2026-03-16T16:59:00,0.58635,0.58635,0.58625,0.58625,5
2026-03-16T17:00:00,0.5864,0.58705,0.5864,0.587,316
2026-03-16T17:01:00,0.58705,0.58705,0.5867,0.58675,69
2026-03-16T17:02:00,0.58675,0.5871,0.58675,0.58695,32
2026-03-16T17:03:00,0.58695,0.587,0.58685,0.58695,60
2026-03-16T17:04:00,0.5869,0.5869,0.58675,0.58675,89
2026-03-16T17:05:00,0.58675,0.5871,0.58675,0.587,59
2026-03-16T17:06:00,0.587,0.587,0.58695,0.58695,17
2026-03-16T17:07:00,0.587,0.587,0.58695,0.587,10
2026-03-16T17:08:00,0.58695,0.587,0.5869,0.587,7
2026-03-16T17:09:00,0.587,0.587,0.5869,0.5869,8
2026-03-16T17:10:00,0.5869,0.5869,0.58685,0.5869,8
2026-03-16T17:11:00,0.58685,0.587,0.58685,0.587,41
2026-03-16T17:12:00,0.587,0.58715,0.58695,0.58715,14
2026-03-16T17:13:00,0.5872,0.58735,0.58715,0.58735,70
2026-03-16T17:14:00,0.58735,0.58735,0.58715,0.58715,21
2026-03-16T17:15:00,0.5871,0.5871,0.58705,0.58705,3
2026-03-16T17:16:00,0.587,0.587,0.58695,0.58695,8
2026-03-16T17:17:00,0.5869,0.5869,0.5868,0.5869,30
2026-03-16T17:18:00,0.5869,0.587,0.5869,0.587,3
2026-03-16T17:19:00,0.58695,0.587,0.58695,0.587,5
2026-03-16T17:20:00,0.58705,0.58705,0.587,0.58705,38
2026-03-16T17:21:00,0.58705,0.58705,0.587,0.587,11
2026-03-16T17:22:00,0.587,0.58705,0.587,0.58705,7
2026-03-16T17:23:00,0.58705,0.5871,0.58705,0.5871,5
2026-03-16T17:24:00,0.587,0.587,0.58695,0.58695,6
2026-03-16T17:25:00,0.587,0.58705,0.587,0.58705,6
2026-03-16T17:26:00,0.587,0.587,0.587,0.587,3
2026-03-16T17:27:00,0.5871,0.5871,0.5871,0.5871,2
2026-03-16T17:28:00,0.58705,0.58705,0.587,0.587,10
2026-03-16T17:29:00,0.587,0.587,0.58695,0.58695,6
2026-03-16T17:30:00,0.58695,0.58695,0.5869,0.5869,14
2026-03-16T17:31:00,0.5869,0.587,0.5869,0.58695,10
2026-03-16T17:32:00,0.58695,0.587,0.58685,0.58685,9
2026-03-16T17:33:00,0.58685,0.58685,0.58675,0.58685,15
2026-03-16T17:34:00,0.5868,0.5868,0.58675,0.5868,20
2026-03-16T17:35:00,0.5868,0.5868,0.5868,0.5868,2
2026-03-16T17:36:00,0.5868,0.58685,0.5868,0.5868,18
2026-03-16T17:37:00,0.58675,0.5868,0.5867,0.5868,23
2026-03-16T17:38:00,0.5868,0.5868,0.58675,0.58675,6
2026-03-16T17:39:00,0.58675,0.58675,0.5867,0.5867,10
2026-03-16T17:40:00,0.5867,0.58675,0.5867,0.58675,11
2026-03-16T17:41:00,0.58675,0.58685,0.58675,0.58685,27
2026-03-16T17:42:00,0.58685,0.58685,0.58685,0.58685,7
2026-03-16T17:43:00,0.58685,0.58685,0.5867,0.5867,35
2026-03-16T17:44:00,0.58675,0.58675,0.5867,0.5867,13
2026-03-16T17:45:00,0.5867,0.58695,0.5867,0.58695,18
2026-03-16T17:46:00,0.58695,0.58695,0.58685,0.58685,25
2026-03-16T17:47:00,0.58685,0.58685,0.58685,0.58685,11
2026-03-16T17:48:00,0.5868,0.5868,0.58655,0.5866,24
2026-03-16T17:49:00,0.5866,0.5867,0.5866,0.58665,33
2026-03-16T17:50:00,0.5866,0.58665,0.5865,0.5865,36
2026-03-16T17:51:00,0.58655,0.5868,0.58655,0.5868,51
2026-03-16T17:52:00,0.58675,0.5868,0.5867,0.5868,17
2026-03-16T17:53:00,0.58675,0.5868,0.58675,0.5868,25
2026-03-16T17:54:00,0.58675,0.5868,0.58675,0.58675,19
2026-03-16T17:55:00,0.58665,0.5868,0.58665,0.5868,54
2026-03-16T17:56:00,0.58675,0.58685,0.58675,0.58685,56
2026-03-16T17:57:00,0.58685,0.58685,0.58685,0.58685,8
2026-03-16T17:58:00,0.58685,0.58685,0.5868,0.5868,3
2026-03-16T17:59:00,0.5868,0.5868,0.5868,0.5868,1
2026-03-16T18:00:00,0.5868,0.5869,0.5868,0.5869,11
2026-03-16T18:01:00,0.58685,0.58695,0.5868,0.58695,54
2026-03-16T18:02:00,0.58695,0.587,0.58695,0.587,13
2026-03-16T18:03:00,0.58695,0.587,0.58695,0.587,17
2026-03-16T18:04:00,0.587,0.5871,0.587,0.5871,19
2026-03-16T18:05:00,0.5871,0.58715,0.5871,0.5871,36
2026-03-16T18:06:00,0.58715,0.58735,0.5871,0.5872,128
2026-03-16T18:07:00,0.5872,0.5875,0.5872,0.5875,68
2026-03-16T18:08:00,0.5875,0.58765,0.58745,0.58755,183
2026-03-16T18:09:00,0.5875,0.5875,0.5874,0.5875,49
2026-03-16T18:10:00,0.5875,0.5877,0.5875,0.58765,142
2026-03-16T18:11:00,0.58755,0.58755,0.58745,0.58745,19
2026-03-16T18:12:00,0.58745,0.58745,0.58735,0.58735,27
2026-03-16T18:13:00,0.5874,0.5875,0.5874,0.5875,6
2026-03-16T18:14:00,0.5875,0.5875,0.5875,0.5875,13
2026-03-16T18:15:00,0.5876,0.58765,0.58755,0.58755,5
2026-03-16T18:16:00,0.58755,0.58765,0.58755,0.58765,5
2026-03-16T18:17:00,0.58765,0.5878,0.58765,0.5878,36
2026-03-16T18:18:00,0.58775,0.5878,0.5877,0.5877,4
2026-03-16T18:19:00,0.58775,0.5878,0.58775,0.5878,9
2026-03-16T18:20:00,0.5877,0.58775,0.5877,0.58775,6
2026-03-16T18:21:00,0.58775,0.58775,0.5877,0.5877,9
2026-03-16T18:22:00,0.58775,0.58775,0.58775,0.58775,17
2026-03-16T18:23:00,0.5878,0.5879,0.5878,0.5879,20
2026-03-16T18:24:00,0.58795,0.58805,0.5879,0.5879,39
2026-03-16T18:25:00,0.5879,0.58805,0.5879,0.58805,10
2026-03-16T18:26:00,0.588,0.5882,0.588,0.58815,23
2026-03-16T18:27:00,0.5882,0.5883,0.5882,0.5883,42
2026-03-16T18:28:00,0.58825,0.58825,0.5881,0.58815,106
2026-03-16T18:29:00,0.58815,0.58825,0.5881,0.58825,27
2026-03-16T18:30:00,0.5883,0.5883,0.58815,0.58815,28
2026-03-16T18:31:00,0.58815,0.5882,0.5881,0.5882,9
2026-03-16T18:32:00,0.58815,0.58825,0.5881,0.58825,46
2026-03-16T18:33:00,0.5882,0.58825,0.5882,0.58825,27
2026-03-16T18:34:00,0.58825,0.5883,0.5882,0.58825,30
2026-03-16T18:35:00,0.5882,0.5883,0.58815,0.58825,16
2026-03-16T18:36:00,0.58825,0.58835,0.58825,0.58835,5
2026-03-16T18:37:00,0.58835,0.58845,0.5883,0.58845,55
2026-03-16T18:38:00,0.58845,0.58855,0.58845,0.5885,25
2026-03-16T18:39:00,0.5885,0.5885,0.58845,0.58845,73
2026-03-16T18:40:00,0.58845,0.5885,0.58845,0.5885,10
2026-03-16T18:41:00,0.58845,0.5885,0.5884,0.58845,12
2026-03-16T18:42:00,0.5885,0.5885,0.58845,0.5885,8
2026-03-16T18:43:00,0.58845,0.58845,0.58845,0.58845,12
2026-03-16T18:44:00,0.5885,0.58855,0.5885,0.58855,21
2026-03-16T18:45:00,0.5886,0.5886,0.58855,0.5886,43
2026-03-16T18:46:00,0.5886,0.5886,0.58845,0.58845,32
2026-03-16T18:47:00,0.58845,0.58845,0.5884,0.58845,27
2026-03-16T18:48:00,0.5885,0.5885,0.5885,0.5885,24
2026-03-16T18:49:00,0.58845,0.58845,0.5883,0.5883,33
2026-03-16T18:50:00,0.5883,0.58835,0.58815,0.5882,60
2026-03-16T18:51:00,0.58825,0.58825,0.58815,0.58825,11
2026-03-16T18:52:00,0.58825,0.58825,0.58825,0.58825,3
2026-03-16T18:53:00,0.58825,0.5883,0.58825,0.58825,27
2026-03-16T18:54:00,0.5883,0.5884,0.5883,0.5884,22
2026-03-16T18:55:00,0.5884,0.5884,0.58835,0.58835,31
2026-03-16T18:56:00,0.5883,0.5883,0.58825,0.58825,19
2026-03-16T18:57:00,0.58825,0.58825,0.5882,0.5882,14
2026-03-16T18:58:00,0.5882,0.58825,0.5882,0.5882,31
2026-03-16T18:59:00,0.5882,0.5882,0.58815,0.5882,335
2026-03-16T19:00:00,0.58825,0.58835,0.5882,0.58835,121
2026-03-16T19:01:00,0.58835,0.58835,0.58825,0.58825,52
2026-03-16T19:02:00,0.5883,0.58835,0.5883,0.58835,36
2026-03-16T19:03:00,0.5883,0.5883,0.58825,0.58825,34
2026-03-16T19:04:00,0.58825,0.58825,0.58825,0.58825,4
2026-03-16T19:05:00,0.58825,0.58825,0.5882,0.58825,17
2026-03-16T19:06:00,0.5882,0.58825,0.5882,0.58825,35
2026-03-16T19:07:00,0.5882,0.5882,0.5882,0.5882,10
2026-03-16T19:08:00,0.58815,0.58825,0.58815,0.58825,20
2026-03-16T19:09:00,0.5883,0.5887,0.5883,0.5887,61
2026-03-16T19:10:00,0.5887,0.5888,0.5885,0.5885,157
2026-03-16T19:11:00,0.58855,0.58855,0.5884,0.58845,42
2026-03-16T19:12:00,0.58845,0.58845,0.5884,0.5884,12
2026-03-16T19:13:00,0.58825,0.58825,0.58825,0.58825,16
2026-03-16T19:14:00,0.5883,0.5883,0.5883,0.5883,1
2026-03-16T19:15:00,0.5883,0.58835,0.5883,0.58835,10
2026-03-16T19:16:00,0.5884,0.5884,0.5884,0.5884,2
2026-03-16T19:17:00,0.5884,0.5884,0.5884,0.5884,1
2026-03-16T19:18:00,0.5883,0.58835,0.5883,0.58835,7
2026-03-16T19:19:00,0.5883,0.5883,0.58825,0.58825,9
2026-03-16T19:20:00,0.5882,0.58825,0.5881,0.58825,14
2026-03-16T19:21:00,0.58825,0.58835,0.58825,0.58835,15
2026-03-16T19:22:00,0.5883,0.58835,0.58825,0.58835,8
2026-03-16T19:23:00,0.58835,0.58835,0.5882,0.5882,7
2026-03-16T19:24:00,0.5882,0.5882,0.5882,0.5882,4
2026-03-16T19:25:00,0.58815,0.58815,0.58805,0.58805,21
2026-03-16T19:26:00,0.58805,0.58805,0.588,0.588,19
2026-03-16T19:27:00,0.588,0.588,0.58795,0.58795,42
2026-03-16T19:28:00,0.5879,0.58795,0.5879,0.58795,12
2026-03-16T19:29:00,0.588,0.58845,0.588,0.58805,390
2026-03-16T19:30:00,0.58815,0.5882,0.5881,0.5882,46
2026-03-16T19:31:00,0.58825,0.5883,0.5882,0.58825,9
2026-03-16T19:32:00,0.58815,0.58815,0.58815,0.58815,3
2026-03-16T19:34:00,0.5881,0.5881,0.588,0.58805,20
2026-03-16T19:35:00,0.58805,0.58805,0.588,0.588,42
2026-03-16T19:36:00,0.58805,0.5881,0.58805,0.5881,14
2026-03-16T19:37:00,0.5882,0.58825,0.58815,0.58815,27
2026-03-16T19:38:00,0.58815,0.5882,0.58815,0.5882,5
2026-03-16T19:39:00,0.58815,0.58815,0.5881,0.5881,4
2026-03-16T19:41:00,0.58805,0.58805,0.588,0.588,5
2026-03-16T19:42:00,0.588,0.588,0.5879,0.58795,77
2026-03-16T19:43:00,0.58795,0.58795,0.5879,0.5879,16
2026-03-16T19:44:00,0.5878,0.5878,0.5878,0.5878,4
2026-03-16T19:45:00,0.5878,0.58785,0.5878,0.5878,52
2026-03-16T19:46:00,0.5878,0.5878,0.58775,0.58775,5
2026-03-16T19:47:00,0.5877,0.5877,0.58765,0.5877,11
2026-03-16T19:48:00,0.5877,0.5877,0.5877,0.5877,3
2026-03-16T19:49:00,0.58765,0.58775,0.58765,0.58775,9
2026-03-16T19:50:00,0.58765,0.5878,0.58765,0.5878,5
2026-03-16T19:51:00,0.5878,0.58785,0.5878,0.58785,14
2026-03-16T19:52:00,0.5878,0.5879,0.5878,0.5878,36
2026-03-16T19:53:00,0.5878,0.5878,0.58775,0.58775,5
2026-03-16T19:54:00,0.5877,0.5878,0.58765,0.5878,22
2026-03-16T19:55:00,0.5878,0.58785,0.5878,0.58785,20
2026-03-16T19:56:00,0.5878,0.5879,0.5878,0.5879,14
2026-03-16T19:57:00,0.5879,0.58795,0.58785,0.5879,27
2026-03-16T19:58:00,0.58795,0.58795,0.58785,0.5879,34
2026-03-16T19:59:00,0.5879,0.588,0.5879,0.588,69
2026-03-16T20:00:00,0.58795,0.58805,0.58795,0.58805,60
2026-03-16T20:01:00,0.58805,0.58805,0.5879,0.58795,24
2026-03-16T20:02:00,0.588,0.588,0.58795,0.58795,20
2026-03-16T20:03:00,0.58795,0.58795,0.5879,0.5879,5
2026-03-16T20:05:00,0.58795,0.58795,0.58795,0.58795,3
2026-03-16T20:06:00,0.58805,0.58805,0.588,0.588,6
2026-03-16T20:07:00,0.588,0.5881,0.588,0.5881,10
2026-03-16T20:08:00,0.5881,0.5881,0.58805,0.58805,7
2026-03-16T20:09:00,0.58805,0.58805,0.58805,0.58805,2
2026-03-16T20:11:00,0.58805,0.58805,0.58805,0.58805,2
2026-03-16T20:12:00,0.588,0.588,0.588,0.588,4
2026-03-16T20:13:00,0.58805,0.58805,0.58805,0.58805,1
2026-03-16T20:15:00,0.58805,0.58805,0.58805,0.58805,2
2026-03-16T20:17:00,0.58805,0.58805,0.58805,0.58805,1
2026-03-16T20:18:00,0.58795,0.58795,0.58795,0.58795,2
2026-03-16T20:19:00,0.58795,0.58795,0.5879,0.5879,7
2026-03-16T20:20:00,0.58785,0.58785,0.58785,0.58785,1
2026-03-16T20:21:00,0.5879,0.5879,0.5879,0.5879,4
2026-03-16T20:22:00,0.5879,0.5879,0.5878,0.58785,17
2026-03-16T20:23:00,0.5879,0.5879,0.58775,0.58775,14
2026-03-16T20:25:00,0.5878,0.5878,0.5878,0.5878,3
2026-03-16T20:26:00,0.58785,0.58785,0.58785,0.58785,5
2026-03-16T20:29:00,0.58795,0.58795,0.58795,0.58795,6
2026-03-16T20:30:00,0.58795,0.58795,0.58795,0.58795,4
2026-03-16T20:31:00,0.58795,0.58795,0.58795,0.58795,4
2026-03-16T20:35:00,0.58795,0.58795,0.58795,0.58795,7
2026-03-16T20:36:00,0.5879,0.58795,0.5879,0.5879,85
2026-03-16T20:37:00,0.5879,0.58795,0.5879,0.5879,11
2026-03-16T20:38:00,0.58795,0.588,0.5879,0.588,47
2026-03-16T20:39:00,0.58795,0.58795,0.58795,0.58795,5
2026-03-16T20:40:00,0.588,0.588,0.588,0.588,1
2026-03-16T20:41:00,0.58795,0.588,0.58795,0.588,32
2026-03-16T20:42:00,0.58795,0.58795,0.58795,0.58795,24
2026-03-16T20:44:00,0.588,0.58805,0.58795,0.588,29
2026-03-16T20:45:00,0.58805,0.5881,0.58795,0.58795,28
2026-03-16T20:46:00,0.588,0.58805,0.588,0.58805,29
2026-03-16T20:47:00,0.5881,0.5881,0.5881,0.5881,20
2026-03-16T20:48:00,0.58805,0.58805,0.58805,0.58805,3
2026-03-16T20:49:00,0.5881,0.5881,0.58805,0.58805,14
2026-03-16T20:50:00,0.5881,0.5881,0.5881,0.5881,1
2026-03-16T20:52:00,0.5881,0.5881,0.5881,0.5881,8
2026-03-16T20:53:00,0.58805,0.58805,0.58805,0.58805,2
2026-03-16T20:55:00,0.58805,0.58805,0.58805,0.58805,3
2026-03-16T20:56:00,0.5881,0.5881,0.58805,0.58805,16
2026-03-16T20:57:00,0.58805,0.58805,0.588,0.588,22
2026-03-16T20:58:00,0.588,0.58805,0.58795,0.58795,6
2026-03-16T22:00:00,0.5879,0.58795,0.58775,0.58775,96
2026-03-16T22:01:00,0.5878,0.5878,0.58775,0.5878,31
2026-03-16T22:02:00,0.5878,0.5878,0.5878,0.5878,10
2026-03-16T22:03:00,0.5877,0.5877,0.58765,0.58765,27
2026-03-16T22:04:00,0.5877,0.5878,0.5877,0.58775,83
2026-03-16T22:05:00,0.5877,0.5877,0.5876,0.58765,97
2026-03-16T22:08:00,0.58765,0.58765,0.58765,0.58765,4
2026-03-16T22:10:00,0.5876,0.5876,0.5875,0.5875,26
2026-03-16T22:11:00,0.5875,0.58755,0.5875,0.58755,23
2026-03-16T22:12:00,0.58755,0.58755,0.58755,0.58755,9
2026-03-16T22:13:00,0.58755,0.5876,0.58755,0.5876,8
2026-03-16T22:14:00,0.58755,0.5876,0.58755,0.58755,24
2026-03-16T22:17:00,0.5875,0.5875,0.58745,0.58745,25
2026-03-16T22:18:00,0.5874,0.58745,0.5874,0.58745,43
2026-03-16T22:19:00,0.58745,0.58745,0.58745,0.58745,3
2026-03-16T22:20:00,0.58745,0.5875,0.58745,0.58745,26
2026-03-16T22:22:00,0.58745,0.5875,0.58745,0.5875,3
2026-03-16T22:24:00,0.58745,0.58745,0.58745,0.58745,6
2026-03-16T22:25:00,0.5874,0.5874,0.5874,0.5874,8
2026-03-16T22:26:00,0.5874,0.5874,0.58735,0.5874,34
2026-03-16T22:27:00,0.5874,0.5874,0.5874,0.5874,5
2026-03-16T22:28:00,0.5874,0.5874,0.5874,0.5874,7
2026-03-16T22:29:00,0.5874,0.5874,0.5874,0.5874,9
2026-03-16T22:30:00,0.5874,0.5874,0.58735,0.58735,19
2026-03-16T22:31:00,0.58735,0.58735,0.58735,0.58735,2
2026-03-16T22:32:00,0.58735,0.58735,0.58735,0.58735,15
2026-03-16T22:33:00,0.5873,0.5873,0.5873,0.5873,1
2026-03-16T22:35:00,0.5873,0.5873,0.5873,0.5873,6
2026-03-16T22:36:00,0.58725,0.58725,0.5872,0.58725,8
2026-03-16T22:37:00,0.5872,0.5872,0.5871,0.58715,98
2026-03-16T22:38:00,0.58715,0.58715,0.58715,0.58715,4
2026-03-16T22:44:00,0.58725,0.58735,0.58725,0.58735,24
2026-03-16T22:47:00,0.5873,0.5873,0.5873,0.5873,1
2026-03-16T22:49:00,0.58735,0.58735,0.5873,0.5873,15
2026-03-16T22:50:00,0.5873,0.5873,0.5873,0.5873,5
2026-03-16T22:52:00,0.58725,0.58725,0.58715,0.58715,11
2026-03-16T22:53:00,0.5871,0.5871,0.5871,0.5871,11
2026-03-16T22:54:00,0.58715,0.58715,0.58715,0.58715,8
2026-03-16T22:56:00,0.58715,0.58715,0.58715,0.58715,4
2026-03-16T22:57:00,0.5871,0.5871,0.5871,0.5871,2
2026-03-16T22:58:00,0.5871,0.5871,0.58705,0.58705,14
2026-03-16T22:59:00,0.58705,0.58705,0.58705,0.58705,2
2026-03-16T23:00:00,0.58705,0.58715,0.58705,0.58715,59
2026-03-16T23:01:00,0.5872,0.5872,0.5872,0.5872,21
2026-03-16T23:02:00,0.58715,0.58715,0.5871,0.5871,4
2026-03-16T23:03:00,0.58705,0.58705,0.58705,0.58705,3
2026-03-16T23:09:00,0.5871,0.5871,0.5871,0.5871,2
2026-03-16T23:10:00,0.58705,0.58705,0.587,0.587,5
2026-03-16T23:11:00,0.587,0.587,0.587,0.587,2
2026-03-16T23:12:00,0.587,0.587,0.58695,0.58695,17
2026-03-16T23:15:00,0.587,0.587,0.58695,0.58695,11
2026-03-16T23:16:00,0.58695,0.58695,0.58695,0.58695,2
2026-03-16T23:17:00,0.5869,0.58695,0.5869,0.58695,10
2026-03-16T23:18:00,0.587,0.587,0.587,0.587,8
2026-03-16T23:19:00,0.587,0.587,0.587,0.587,3
2026-03-16T23:22:00,0.587,0.587,0.587,0.587,5
2026-03-16T23:23:00,0.58695,0.58695,0.58695,0.58695,2
2026-03-16T23:24:00,0.58695,0.58695,0.58695,0.58695,12
2026-03-16T23:25:00,0.58695,0.58705,0.58695,0.58705,29
2026-03-16T23:28:00,0.58705,0.58705,0.58705,0.58705,2
2026-03-16T23:30:00,0.58705,0.58705,0.587,0.58705,14
2026-03-16T23:31:00,0.5871,0.5871,0.5871,0.5871,1
2026-03-16T23:32:00,0.5871,0.58715,0.5871,0.58715,8
2026-03-16T23:35:00,0.58715,0.58715,0.58715,0.58715,1
2026-03-16T23:38:00,0.5872,0.5872,0.5872,0.5872,4
2026-03-16T23:39:00,0.58725,0.58725,0.58725,0.58725,1
2026-03-16T23:40:00,0.58725,0.58725,0.58725,0.58725,7
2026-03-16T23:41:00,0.58725,0.58725,0.58725,0.58725,6
2026-03-16T23:44:00,0.58715,0.58715,0.58715,0.58715,2
2026-03-16T23:45:00,0.58715,0.58715,0.5871,0.5871,19
2026-03-16T23:46:00,0.58725,0.58725,0.58725,0.58725,2
2026-03-16T23:48:00,0.5872,0.58725,0.5872,0.58725,11
2026-03-16T23:49:00,0.5873,0.5873,0.5873,0.5873,2
2026-03-16T23:50:00,0.5873,0.58735,0.5873,0.5873,27
2026-03-16T23:51:00,0.58725,0.58725,0.58725,0.58725,3
2026-03-16T23:52:00,0.58725,0.58725,0.58725,0.58725,2
2026-03-16T23:53:00,0.5873,0.5873,0.58725,0.58725,4
2026-03-16T23:56:00,0.58725,0.58725,0.58725,0.58725,2
2026-03-16T23:57:00,0.5873,0.5873,0.58725,0.58725,3
2026-03-16T23:58:00,0.5872,0.5872,0.5872,0.5872,24
2026-03-16T23:59:00,0.5872,0.5872,0.5872,0.5872,11
2026-03-17T00:00:00,0.5872,0.5872,0.58695,0.58695,21
2026-03-17T00:01:00,0.587,0.58705,0.587,0.587,19
2026-03-17T00:02:00,0.587,0.587,0.5869,0.5869,24
2026-03-17T00:03:00,0.587,0.587,0.5869,0.58695,9
2026-03-17T00:04:00,0.58695,0.58695,0.58685,0.5869,11
2026-03-17T00:05:00,0.58685,0.5869,0.58685,0.58685,23
2026-03-17T00:06:00,0.58695,0.58705,0.58695,0.587,4
2026-03-17T00:07:00,0.58695,0.58695,0.58695,0.58695,2
2026-03-17T00:08:00,0.58685,0.58685,0.58685,0.58685,2
2026-03-17T00:09:00,0.58685,0.5869,0.58685,0.5869,10
2026-03-17T00:10:00,0.5869,0.5869,0.5869,0.5869,1
2026-03-17T00:11:00,0.58695,0.58695,0.58695,0.58695,4
2026-03-17T00:15:00,0.58695,0.58695,0.58695,0.58695,1
2026-03-17T00:16:00,0.58695,0.58695,0.58695,0.58695,2
2026-03-17T00:17:00,0.587,0.587,0.58695,0.58695,7
2026-03-17T00:18:00,0.5869,0.5869,0.5869,0.5869,3
2026-03-17T00:19:00,0.5869,0.5869,0.5869,0.5869,2
2026-03-17T00:20:00,0.5869,0.5869,0.5869,0.5869,8
2026-03-17T00:21:00,0.58695,0.58695,0.58695,0.58695,7
2026-03-17T00:25:00,0.58685,0.58685,0.5868,0.5868,7
2026-03-17T00:26:00,0.5868,0.5868,0.5868,0.5868,5
2026-03-17T00:27:00,0.5868,0.5868,0.58675,0.58675,7
2026-03-17T00:28:00,0.58675,0.58675,0.58675,0.58675,1
2026-03-17T00:29:00,0.5868,0.58685,0.5868,0.58685,10
2026-03-17T00:30:00,0.58685,0.58685,0.58685,0.58685,3
2026-03-17T00:31:00,0.58685,0.5869,0.58685,0.5869,7
2026-03-17T00:33:00,0.58695,0.58695,0.5869,0.5869,11
2026-03-17T00:34:00,0.5869,0.5869,0.5869,0.5869,6
2026-03-17T00:35:00,0.5869,0.5869,0.5869,0.5869,1
2026-03-17T00:36:00,0.5871,0.5871,0.58705,0.5871,10
2026-03-17T00:37:00,0.58705,0.58705,0.58705,0.58705,2
2026-03-17T00:38:00,0.587,0.587,0.587,0.587,18
2026-03-17T00:39:00,0.58695,0.58695,0.58685,0.58685,3
2026-03-17T00:41:00,0.5868,0.5868,0.58675,0.58675,13
2026-03-17T00:42:00,0.5867,0.5867,0.5866,0.5866,29
2026-03-17T00:43:00,0.5866,0.58665,0.5866,0.58665,6
2026-03-17T00:44:00,0.58665,0.58665,0.58665,0.58665,6
2026-03-17T00:45:00,0.5868,0.5868,0.58675,0.58675,9
2026-03-17T00:46:00,0.58675,0.58685,0.58675,0.58685,19
2026-03-17T00:47:00,0.58685,0.58685,0.58685,0.58685,3
2026-03-17T00:48:00,0.58685,0.58685,0.5868,0.5868,10
2026-03-17T00:49:00,0.5868,0.5868,0.5867,0.5867,16
2026-03-17T00:50:00,0.58665,0.58665,0.5866,0.5866,21
2026-03-17T00:51:00,0.5866,0.5866,0.58655,0.5866,12
2026-03-17T00:52:00,0.5865,0.58655,0.5865,0.58655,23
2026-03-17T00:53:00,0.5866,0.5866,0.5866,0.5866,2
2026-03-17T00:54:00,0.58665,0.58665,0.5865,0.5865,105
2026-03-17T00:55:00,0.58655,0.58655,0.58635,0.58635,141
2026-03-17T00:56:00,0.5863,0.58635,0.5863,0.5863,119
2026-03-17T00:57:00,0.5863,0.58645,0.5863,0.58645,23
2026-03-17T00:58:00,0.5864,0.58655,0.5864,0.58655,21
2026-03-17T00:59:00,0.58655,0.58655,0.58645,0.58645,9
2026-03-17T01:00:00,0.5865,0.58655,0.5864,0.5865,20
2026-03-17T01:01:00,0.5865,0.58665,0.5865,0.58655,61
2026-03-17T01:02:00,0.58655,0.5866,0.58655,0.5866,26
2026-03-17T01:03:00,0.5867,0.5867,0.5866,0.5866,21
2026-03-17T01:04:00,0.5866,0.5866,0.5866,0.5866,10
2026-03-17T01:05:00,0.5866,0.5867,0.5866,0.5867,22
2026-03-17T01:06:00,0.5867,0.5867,0.58665,0.5867,7
2026-03-17T01:07:00,0.58665,0.58675,0.58665,0.5867,19
2026-03-17T01:08:00,0.58675,0.58675,0.58675,0.58675,2
2026-03-17T01:09:00,0.58685,0.58685,0.5868,0.5868,5
2026-03-17T01:10:00,0.5868,0.58685,0.58675,0.58685,30
2026-03-17T01:11:00,0.58695,0.58695,0.5869,0.5869,8
2026-03-17T01:12:00,0.5869,0.587,0.5869,0.587,23
2026-03-17T01:13:00,0.587,0.58705,0.5869,0.5869,14
2026-03-17T01:14:00,0.5869,0.58695,0.58685,0.58685,28
2026-03-17T01:15:00,0.5869,0.58695,0.58685,0.58685,23
2026-03-17T01:16:00,0.58685,0.58685,0.5867,0.5867,8
2026-03-17T01:17:00,0.58665,0.58665,0.58655,0.58655,21
2026-03-17T01:18:00,0.5866,0.5866,0.5866,0.5866,12
2026-03-17T01:19:00,0.5866,0.5866,0.58655,0.58655,11
2026-03-17T01:20:00,0.5866,0.5866,0.5866,0.5866,9
2026-03-17T01:21:00,0.58665,0.58665,0.58665,0.58665,16
2026-03-17T01:23:00,0.5867,0.58675,0.58665,0.58665,40
2026-03-17T01:24:00,0.5867,0.5867,0.5867,0.5867,5
2026-03-17T01:25:00,0.58665,0.58665,0.5866,0.5866,8
2026-03-17T01:26:00,0.5866,0.58665,0.58655,0.58665,13
2026-03-17T01:27:00,0.58665,0.58665,0.58665,0.58665,2
2026-03-17T01:28:00,0.58665,0.58665,0.5866,0.58665,10
2026-03-17T01:30:00,0.58675,0.5868,0.58675,0.5868,15
2026-03-17T01:31:00,0.58685,0.58685,0.58685,0.58685,9
2026-03-17T01:32:00,0.5868,0.5868,0.5868,0.5868,3
2026-03-17T01:33:00,0.58675,0.58675,0.5867,0.5867,3
2026-03-17T01:34:00,0.5868,0.5868,0.5868,0.5868,10
2026-03-17T01:35:00,0.5869,0.5869,0.58685,0.58685,7
2026-03-17T01:36:00,0.5869,0.5869,0.5869,0.5869,8
2026-03-17T01:37:00,0.58695,0.58695,0.58685,0.58685,5
2026-03-17T01:38:00,0.58665,0.58665,0.5865,0.5865,54
2026-03-17T01:39:00,0.5866,0.5866,0.58655,0.5866,23
2026-03-17T01:40:00,0.58655,0.58665,0.58655,0.58655,12
2026-03-17T01:41:00,0.58645,0.58645,0.58645,0.58645,1
2026-03-17T01:42:00,0.5865,0.5865,0.58645,0.58645,20
2026-03-17T01:43:00,0.58655,0.5866,0.58655,0.5866,5
2026-03-17T01:44:00,0.5866,0.58665,0.5866,0.58665,21
2026-03-17T01:45:00,0.58655,0.5866,0.58655,0.5866,2
2026-03-17T01:46:00,0.58665,0.58675,0.58665,0.58675,25
2026-03-17T01:49:00,0.5868,0.58685,0.5868,0.5868,12
2026-03-17T01:50:00,0.58685,0.58685,0.58675,0.5868,16
2026-03-17T01:51:00,0.5868,0.5868,0.5868,0.5868,6
2026-03-17T01:52:00,0.58685,0.58685,0.58685,0.58685,14
2026-03-17T01:53:00,0.5868,0.5869,0.5868,0.5869,7
2026-03-17T01:54:00,0.5869,0.58705,0.5869,0.58705,12
2026-03-17T01:55:00,0.58705,0.58715,0.58695,0.587,36
2026-03-17T01:56:00,0.587,0.5871,0.587,0.58705,27
2026-03-17T01:57:00,0.5871,0.5871,0.58705,0.5871,17
2026-03-17T01:58:00,0.5871,0.5871,0.58705,0.5871,38
2026-03-17T01:59:00,0.58705,0.5871,0.58705,0.58705,9
2026-03-17T02:00:00,0.5871,0.58715,0.5871,0.5871,14
2026-03-17T02:01:00,0.5871,0.5871,0.58705,0.58705,9
2026-03-17T02:02:00,0.5871,0.5872,0.5871,0.5872,39
2026-03-17T02:03:00,0.5872,0.5872,0.587,0.5871,37
2026-03-17T02:04:00,0.58715,0.58715,0.5871,0.5871,19
2026-03-17T02:05:00,0.5871,0.5872,0.5871,0.5872,13
2026-03-17T02:06:00,0.58725,0.5873,0.58725,0.58725,34
2026-03-17T02:07:00,0.5872,0.5872,0.58715,0.5872,14
2026-03-17T02:08:00,0.58715,0.5872,0.58715,0.5872,6
2026-03-17T02:09:00,0.58715,0.58715,0.5871,0.58715,18
2026-03-17T02:10:00,0.5871,0.5871,0.58705,0.58705,9
2026-03-17T02:11:00,0.58695,0.5871,0.58695,0.5871,21
2026-03-17T02:12:00,0.58705,0.58705,0.587,0.587,18
2026-03-17T02:13:00,0.58695,0.58705,0.58695,0.587,10
2026-03-17T02:14:00,0.58705,0.58705,0.58705,0.58705,3
2026-03-17T02:15:00,0.58705,0.58705,0.58705,0.58705,16
2026-03-17T02:16:00,0.58715,0.58715,0.58715,0.58715,1
2026-03-17T02:17:00,0.5872,0.58725,0.5872,0.58725,17
2026-03-17T02:18:00,0.5872,0.5872,0.5872,0.5872,3
2026-03-17T02:19:00,0.5872,0.58725,0.5872,0.58725,12
2026-03-17T02:20:00,0.58725,0.58725,0.5872,0.5872,15
2026-03-17T02:21:00,0.58725,0.58725,0.58725,0.58725,7
2026-03-17T02:22:00,0.58725,0.58725,0.58715,0.5872,29
2026-03-17T02:23:00,0.58725,0.5873,0.58725,0.5873,6
2026-03-17T02:24:00,0.58725,0.58725,0.58715,0.58715,26
2026-03-17T02:25:00,0.58715,0.58715,0.58705,0.5871,6
2026-03-17T02:26:00,0.58715,0.58725,0.58715,0.58725,10
2026-03-17T02:27:00,0.5873,0.5873,0.5872,0.5873,19
2026-03-17T02:28:00,0.58725,0.58725,0.58725,0.58725,3
2026-03-17T02:30:00,0.58725,0.58725,0.5872,0.5872,7
2026-03-17T02:31:00,0.58725,0.58725,0.5872,0.58725,11
2026-03-17T02:32:00,0.5872,0.5872,0.5872,0.5872,3
2026-03-17T02:33:00,0.5872,0.5873,0.5872,0.5873,15
2026-03-17T02:34:00,0.58725,0.58725,0.58725,0.58725,3
2026-03-17T02:35:00,0.58725,0.58725,0.5872,0.5872,5
2026-03-17T02:36:00,0.5872,0.5872,0.58715,0.58715,4
2026-03-17T02:37:00,0.58715,0.58725,0.58715,0.58725,17
2026-03-17T02:38:00,0.58725,0.5873,0.58725,0.58725,14
2026-03-17T02:39:00,0.58725,0.58725,0.5872,0.5872,16
2026-03-17T02:40:00,0.5872,0.5872,0.5871,0.5871,20
2026-03-17T02:41:00,0.5871,0.5871,0.5871,0.5871,7
2026-03-17T02:42:00,0.58705,0.58705,0.58705,0.58705,12
2026-03-17T02:43:00,0.58705,0.58705,0.58705,0.58705,6
2026-03-17T02:44:00,0.587,0.58705,0.587,0.58705,9
2026-03-17T02:46:00,0.587,0.587,0.587,0.587,16
2026-03-17T02:47:00,0.58695,0.58695,0.58695,0.58695,2
2026-03-17T02:48:00,0.5869,0.5869,0.58685,0.5869,22
2026-03-17T02:49:00,0.5869,0.5869,0.5869,0.5869,3
2026-03-17T02:50:00,0.5869,0.5869,0.5869,0.5869,3
2026-03-17T02:51:00,0.5869,0.5869,0.5869,0.5869,6
2026-03-17T02:52:00,0.58685,0.58685,0.58675,0.58675,26
2026-03-17T02:53:00,0.58675,0.58685,0.58675,0.58685,11
2026-03-17T02:54:00,0.58685,0.58685,0.58685,0.58685,1
2026-03-17T02:55:00,0.58685,0.58685,0.5868,0.5868,7
2026-03-17T02:56:00,0.5868,0.5868,0.58675,0.58675,13
2026-03-17T02:57:00,0.58675,0.58675,0.5867,0.5867,11
2026-03-17T02:58:00,0.58665,0.58665,0.58665,0.58665,4
2026-03-17T02:59:00,0.5866,0.5866,0.5866,0.5866,5
2026-03-17T03:00:00,0.58655,0.5866,0.58655,0.58655,42
2026-03-17T03:01:00,0.5865,0.5865,0.5865,0.5865,5
2026-03-17T03:02:00,0.5866,0.58665,0.5866,0.5866,11
2026-03-17T03:03:00,0.5866,0.5866,0.5866,0.5866,3
2026-03-17T03:04:00,0.58665,0.58665,0.5866,0.5866,9
2026-03-17T03:05:00,0.5866,0.5866,0.5866,0.5866,37
2026-03-17T03:06:00,0.5866,0.58665,0.5866,0.58665,84
2026-03-17T03:07:00,0.5866,0.58665,0.5866,0.5866,11
2026-03-17T03:09:00,0.5866,0.5866,0.58655,0.5866,28
2026-03-17T03:10:00,0.5866,0.58665,0.5866,0.58665,4
2026-03-17T03:11:00,0.5867,0.5867,0.5867,0.5867,11
2026-03-17T03:12:00,0.5867,0.58675,0.5867,0.58675,7
2026-03-17T03:13:00,0.5867,0.5867,0.5867,0.5867,1
2026-03-17T03:15:00,0.58675,0.58675,0.58675,0.58675,4
2026-03-17T03:16:00,0.5868,0.58685,0.5868,0.58685,2
2026-03-17T03:18:00,0.58685,0.58685,0.58685,0.58685,1
2026-03-17T03:19:00,0.5869,0.5869,0.5869,0.5869,3
2026-03-17T03:20:00,0.587,0.587,0.58695,0.58695,4
2026-03-17T03:21:00,0.58695,0.58695,0.58695,0.58695,1
2026-03-17T03:22:00,0.58695,0.587,0.58695,0.58695,7
2026-03-17T03:23:00,0.587,0.58715,0.587,0.58715,7
2026-03-17T03:24:00,0.58715,0.58715,0.5871,0.5871,15
2026-03-17T03:25:00,0.587,0.587,0.5869,0.5869,17
2026-03-17T03:26:00,0.58685,0.5869,0.5868,0.5868,37
2026-03-17T03:27:00,0.5868,0.5868,0.5867,0.58675,55
2026-03-17T03:28:00,0.58675,0.58675,0.58665,0.5867,60
2026-03-17T03:29:00,0.58665,0.58675,0.58665,0.58675,42
2026-03-17T03:30:00,0.58685,0.5874,0.58625,0.58665,870
2026-03-17T03:31:00,0.58655,0.58675,0.58645,0.5866,307
2026-03-17T03:32:00,0.58655,0.58675,0.5864,0.58675,121
2026-03-17T03:33:00,0.58675,0.58695,0.5867,0.58695,132
2026-03-17T03:34:00,0.5869,0.58695,0.58675,0.58685,72
2026-03-17T03:35:00,0.5869,0.587,0.5867,0.5867,40
2026-03-17T03:36:00,0.58675,0.5868,0.58665,0.5867,30
2026-03-17T03:37:00,0.58675,0.58675,0.58665,0.58665,11
2026-03-17T03:38:00,0.58665,0.5867,0.5865,0.58655,33
2026-03-17T03:39:00,0.5866,0.58665,0.58655,0.58665,17
2026-03-17T03:40:00,0.58665,0.58665,0.58665,0.58665,10
2026-03-17T03:41:00,0.5866,0.5866,0.5864,0.58645,40
2026-03-17T03:42:00,0.58645,0.58645,0.5863,0.5864,66
2026-03-17T03:43:00,0.58645,0.5865,0.5864,0.58645,53
2026-03-17T03:44:00,0.58645,0.5865,0.58635,0.5864,102
2026-03-17T03:45:00,0.5864,0.5865,0.5864,0.5865,10
2026-03-17T03:46:00,0.58645,0.5865,0.5864,0.5865,25
2026-03-17T03:47:00,0.5864,0.58645,0.5864,0.5864,15
2026-03-17T03:48:00,0.58635,0.58635,0.5863,0.58635,16
2026-03-17T03:49:00,0.5863,0.5863,0.58625,0.5863,44
2026-03-17T03:50:00,0.5863,0.5863,0.58625,0.58625,14
2026-03-17T03:51:00,0.58635,0.58635,0.5863,0.5863,6
2026-03-17T03:52:00,0.5863,0.58645,0.5863,0.5864,11
2026-03-17T03:53:00,0.58635,0.58645,0.58635,0.58645,13
2026-03-17T03:54:00,0.5864,0.5864,0.58625,0.5863,24
2026-03-17T03:55:00,0.58635,0.58635,0.5863,0.5863,32
2026-03-17T03:56:00,0.5863,0.5863,0.58625,0.58625,10
2026-03-17T03:57:00,0.5862,0.58625,0.58615,0.5862,50
2026-03-17T03:58:00,0.58615,0.58625,0.58615,0.58625,34
2026-03-17T03:59:00,0.5862,0.58625,0.5862,0.58625,22
2026-03-17T04:00:00,0.58625,0.58625,0.58615,0.58615,9
2026-03-17T04:01:00,0.58625,0.58625,0.58615,0.58615,11
2026-03-17T04:02:00,0.5862,0.5862,0.58615,0.58615,20
2026-03-17T04:03:00,0.5861,0.5862,0.5861,0.5862,24
2026-03-17T04:04:00,0.5863,0.5863,0.5862,0.5862,20
2026-03-17T04:05:00,0.58615,0.5862,0.58615,0.58615,8
2026-03-17T04:06:00,0.58615,0.58615,0.58615,0.58615,3
2026-03-17T04:07:00,0.5861,0.58615,0.5861,0.5861,8
2026-03-17T04:08:00,0.58605,0.5861,0.58605,0.5861,2
2026-03-17T04:09:00,0.58605,0.5861,0.58605,0.58605,12
2026-03-17T04:10:00,0.5861,0.58615,0.58605,0.58605,9
2026-03-17T04:11:00,0.5861,0.5861,0.5861,0.5861,12
2026-03-17T04:13:00,0.5861,0.5861,0.5861,0.5861,3
2026-03-17T04:14:00,0.58625,0.5863,0.58625,0.58625,23
2026-03-17T04:15:00,0.5863,0.5863,0.5863,0.5863,8
2026-03-17T04:16:00,0.5864,0.58645,0.5864,0.58645,2
2026-03-17T04:17:00,0.58645,0.58645,0.5864,0.5864,2
2026-03-17T04:18:00,0.5864,0.5864,0.5864,0.5864,2
2026-03-17T04:19:00,0.5864,0.5864,0.5864,0.5864,2
2026-03-17T04:20:00,0.5864,0.5864,0.5864,0.5864,1
2026-03-17T04:21:00,0.5863,0.5863,0.5863,0.5863,3
2026-03-17T04:22:00,0.58625,0.58625,0.58625,0.58625,3
2026-03-17T04:23:00,0.5863,0.5864,0.5863,0.5864,17
2026-03-17T04:24:00,0.58635,0.58635,0.58635,0.58635,3
2026-03-17T04:27:00,0.5863,0.5863,0.5863,0.5863,4
2026-03-17T04:28:00,0.58625,0.58625,0.58625,0.58625,3
2026-03-17T04:29:00,0.5863,0.5863,0.5863,0.5863,10
2026-03-17T04:30:00,0.58625,0.5863,0.58625,0.58625,68
2026-03-17T04:31:00,0.5863,0.5865,0.5863,0.5865,62
2026-03-17T04:32:00,0.5865,0.5866,0.58645,0.5866,22
2026-03-17T04:33:00,0.58655,0.58655,0.5864,0.5864,26
2026-03-17T04:34:00,0.5864,0.5865,0.5864,0.5865,4
2026-03-17T04:35:00,0.58655,0.58655,0.58655,0.58655,5
2026-03-17T04:36:00,0.5866,0.5866,0.58655,0.58655,12
2026-03-17T04:37:00,0.58655,0.5866,0.58655,0.58655,24
2026-03-17T04:38:00,0.58655,0.58655,0.58655,0.58655,2
2026-03-17T04:39:00,0.5866,0.58665,0.58655,0.58655,8
2026-03-17T04:40:00,0.58645,0.58645,0.58645,0.58645,1
2026-03-17T04:42:00,0.5864,0.5865,0.5864,0.5865,20
2026-03-17T04:43:00,0.5865,0.58655,0.58645,0.5865,36
2026-03-17T04:44:00,0.58655,0.5867,0.58655,0.58665,32
2026-03-17T04:45:00,0.58665,0.58665,0.5866,0.58665,11
2026-03-17T04:46:00,0.58675,0.58685,0.58675,0.5868,43
2026-03-17T04:47:00,0.5867,0.58675,0.5867,0.58675,26
2026-03-17T04:48:00,0.5867,0.58675,0.5867,0.58675,27
2026-03-17T04:49:00,0.58675,0.58675,0.5866,0.5867,120
2026-03-17T04:50:00,0.5867,0.5867,0.5866,0.58665,51
2026-03-17T04:51:00,0.58665,0.58665,0.58665,0.58665,23
2026-03-17T04:52:00,0.58665,0.58665,0.58655,0.58655,7
2026-03-17T04:53:00,0.5866,0.5866,0.58655,0.5866,31
2026-03-17T04:54:00,0.58655,0.58655,0.58655,0.58655,4
2026-03-17T04:55:00,0.58655,0.58655,0.5865,0.5865,7
2026-03-17T04:56:00,0.58645,0.5865,0.5864,0.5864,42
2026-03-17T04:57:00,0.58635,0.58635,0.58625,0.58625,156
2026-03-17T04:58:00,0.58625,0.58625,0.5861,0.5861,63
2026-03-17T04:59:00,0.5862,0.5862,0.5861,0.5861,3
2026-03-17T05:00:00,0.58605,0.5861,0.58595,0.586,66
2026-03-17T05:01:00,0.58595,0.58605,0.58595,0.586,50
2026-03-17T05:02:00,0.586,0.586,0.586,0.586,3
2026-03-17T05:03:00,0.586,0.58605,0.586,0.586,20
2026-03-17T05:04:00,0.586,0.58605,0.5859,0.58605,69
2026-03-17T05:05:00,0.58605,0.58605,0.58585,0.58585,121
2026-03-17T05:06:00,0.5859,0.5859,0.58575,0.58575,138
2026-03-17T05:07:00,0.58575,0.5858,0.58565,0.5858,97
2026-03-17T05:08:00,0.58585,0.5859,0.5858,0.5859,19
2026-03-17T05:09:00,0.58585,0.58595,0.58585,0.58595,19
2026-03-17T05:10:00,0.58595,0.58595,0.58575,0.58575,11
2026-03-17T05:11:00,0.58585,0.58585,0.5857,0.58575,51
2026-03-17T05:12:00,0.58565,0.58575,0.58565,0.5857,44
2026-03-17T05:13:00,0.5857,0.58575,0.5854,0.5854,126
2026-03-17T05:14:00,0.5855,0.58565,0.5855,0.5856,24
2026-03-17T05:15:00,0.58565,0.58585,0.58565,0.58575,145
2026-03-17T05:16:00,0.5858,0.5859,0.5858,0.58585,62
2026-03-17T05:17:00,0.58585,0.58585,0.5858,0.58585,35
2026-03-17T05:18:00,0.58585,0.58585,0.5858,0.5858,21
2026-03-17T05:19:00,0.5856,0.58565,0.5856,0.58565,34
2026-03-17T05:20:00,0.58565,0.58565,0.58545,0.58555,71
2026-03-17T05:21:00,0.58555,0.58555,0.58555,0.58555,11
2026-03-17T05:22:00,0.5856,0.58565,0.58555,0.58565,35
2026-03-17T05:23:00,0.58565,0.58565,0.5856,0.5856,17
2026-03-17T05:24:00,0.5856,0.5856,0.5855,0.5856,16
2026-03-17T05:25:00,0.58565,0.5857,0.58555,0.5857,75
2026-03-17T05:26:00,0.58565,0.5857,0.5856,0.58565,39
2026-03-17T05:27:00,0.58565,0.5857,0.58565,0.5857,12
2026-03-17T05:28:00,0.5857,0.5857,0.5857,0.5857,6
2026-03-17T05:29:00,0.58565,0.58575,0.58565,0.58575,8
2026-03-17T05:30:00,0.58575,0.5858,0.58575,0.5858,18
2026-03-17T05:31:00,0.5858,0.5858,0.5858,0.5858,4
2026-03-17T05:32:00,0.5858,0.5858,0.5857,0.5857,4
2026-03-17T05:33:00,0.5856,0.5856,0.58555,0.58555,5
2026-03-17T05:34:00,0.58565,0.58565,0.58555,0.58555,5
2026-03-17T05:35:00,0.5856,0.5858,0.5856,0.5858,14
2026-03-17T05:36:00,0.5857,0.58575,0.5857,0.58575,13
2026-03-17T05:37:00,0.58575,0.58575,0.5857,0.58575,9
2026-03-17T05:38:00,0.58575,0.58575,0.58565,0.58565,15
2026-03-17T05:39:00,0.5856,0.5856,0.58555,0.5856,5
2026-03-17T05:40:00,0.5856,0.5856,0.58545,0.58545,24
2026-03-17T05:41:00,0.5855,0.5855,0.58545,0.58545,2
2026-03-17T05:42:00,0.58545,0.58545,0.5853,0.58535,29
2026-03-17T05:43:00,0.58535,0.58535,0.5853,0.5853,46
2026-03-17T05:44:00,0.5853,0.5853,0.58525,0.58525,4
2026-03-17T05:45:00,0.58525,0.58525,0.58515,0.58515,16
2026-03-17T05:46:00,0.58515,0.58515,0.58505,0.58505,13
2026-03-17T05:47:00,0.58505,0.5851,0.58505,0.5851,12
2026-03-17T05:48:00,0.5851,0.5852,0.5851,0.5852,9
2026-03-17T05:49:00,0.58525,0.58525,0.58515,0.5852,17
2026-03-17T05:50:00,0.58515,0.58515,0.58495,0.58495,14
2026-03-17T05:51:00,0.5849,0.5849,0.58485,0.58485,16
2026-03-17T05:52:00,0.5849,0.5849,0.5848,0.5848,23
2026-03-17T05:53:00,0.58485,0.58485,0.5848,0.5848,31
2026-03-17T05:54:00,0.5848,0.5848,0.5847,0.58475,68
2026-03-17T05:55:00,0.5847,0.5847,0.58455,0.5846,22
2026-03-17T05:56:00,0.58455,0.58455,0.58455,0.58455,2
2026-03-17T05:57:00,0.58455,0.58465,0.58455,0.58465,23
2026-03-17T05:58:00,0.58465,0.58475,0.58465,0.58465,34
2026-03-17T05:59:00,0.58465,0.58465,0.58455,0.58455,5
2026-03-17T06:00:00,0.58465,0.5847,0.5845,0.5845,58
2026-03-17T06:01:00,0.5845,0.5846,0.58425,0.58435,31
2026-03-17T06:02:00,0.5844,0.5844,0.584,0.584,72
2026-03-17T06:03:00,0.58405,0.58435,0.58405,0.58425,80
2026-03-17T06:04:00,0.58415,0.58435,0.58415,0.58425,19
2026-03-17T06:05:00,0.5842,0.5842,0.584,0.584,52
2026-03-17T06:06:00,0.58405,0.58405,0.5839,0.58395,40
2026-03-17T06:07:00,0.584,0.58415,0.584,0.5841,19
2026-03-17T06:08:00,0.584,0.58405,0.584,0.58405,6
2026-03-17T06:09:00,0.58395,0.58395,0.5839,0.5839,13
2026-03-17T06:10:00,0.58395,0.584,0.5838,0.5839,35
2026-03-17T06:11:00,0.5839,0.584,0.58385,0.584,27
2026-03-17T06:12:00,0.58405,0.58405,0.5838,0.5838,42
2026-03-17T06:13:00,0.58375,0.58375,0.58365,0.58365,45
2026-03-17T06:14:00,0.58365,0.58385,0.58365,0.58385,18
2026-03-17T06:15:00,0.5837,0.58375,0.58365,0.58375,13
2026-03-17T06:16:00,0.58375,0.58375,0.58375,0.58375,1
2026-03-17T06:17:00,0.5838,0.58385,0.5837,0.5837,14
2026-03-17T06:18:00,0.5838,0.5838,0.5838,0.5838,7
2026-03-17T06:19:00,0.58385,0.58385,0.58385,0.58385,3
2026-03-17T06:20:00,0.5839,0.5839,0.58385,0.58385,7
2026-03-17T06:21:00,0.5839,0.5839,0.58385,0.5839,22
2026-03-17T06:22:00,0.5839,0.58405,0.5839,0.58405,27
2026-03-17T06:23:00,0.58405,0.5841,0.58385,0.58385,17
2026-03-17T06:24:00,0.58385,0.58385,0.58375,0.5838,21
2026-03-17T06:25:00,0.5837,0.5837,0.58365,0.58365,17
2026-03-17T06:26:00,0.58365,0.5837,0.58365,0.58365,9
2026-03-17T06:27:00,0.58375,0.58375,0.5837,0.58375,7
2026-03-17T06:28:00,0.5838,0.58395,0.5838,0.58395,21
2026-03-17T06:30:00,0.58395,0.58405,0.5838,0.584,58
2026-03-17T06:31:00,0.584,0.58415,0.584,0.5841,40
2026-03-17T06:32:00,0.5841,0.5841,0.58395,0.58395,11
2026-03-17T06:33:00,0.58395,0.58395,0.58395,0.58395,3
2026-03-17T06:34:00,0.58395,0.584,0.5839,0.5839,6
2026-03-17T06:35:00,0.584,0.58405,0.584,0.584,21
2026-03-17T06:36:00,0.584,0.58405,0.58395,0.58395,13
2026-03-17T06:37:00,0.58385,0.5839,0.58385,0.5839,4
2026-03-17T06:38:00,0.5839,0.58395,0.5839,0.58395,5
2026-03-17T06:39:00,0.58395,0.58415,0.58395,0.58415,10
2026-03-17T06:40:00,0.58415,0.58415,0.58405,0.5841,26
2026-03-17T06:41:00,0.58405,0.58405,0.58405,0.58405,2
2026-03-17T06:42:00,0.5841,0.5842,0.5841,0.5842,13
2026-03-17T06:43:00,0.58415,0.58415,0.58415,0.58415,14
2026-03-17T06:44:00,0.58415,0.58415,0.58395,0.58405,70
2026-03-17T06:45:00,0.584,0.58405,0.5839,0.58395,57
2026-03-17T06:46:00,0.5839,0.58395,0.5839,0.5839,11
2026-03-17T06:47:00,0.58385,0.584,0.58385,0.584,5
2026-03-17T06:48:00,0.58395,0.58395,0.5839,0.5839,16
2026-03-17T06:49:00,0.5839,0.5839,0.58375,0.58375,11
2026-03-17T06:50:00,0.5837,0.5837,0.5837,0.5837,14
2026-03-17T06:51:00,0.58375,0.5838,0.58375,0.5838,7
2026-03-17T06:52:00,0.58385,0.584,0.58385,0.584,37
2026-03-17T06:53:00,0.58395,0.58395,0.58395,0.58395,26
2026-03-17T06:54:00,0.58395,0.58405,0.58395,0.58405,6
2026-03-17T06:55:00,0.584,0.5841,0.584,0.5841,13
2026-03-17T06:56:00,0.5841,0.5842,0.5841,0.58415,16
2026-03-17T06:57:00,0.5842,0.5842,0.5842,0.5842,5
2026-03-17T06:58:00,0.5842,0.5843,0.5842,0.5843,9
2026-03-17T06:59:00,0.58435,0.58435,0.58435,0.58435,23
2026-03-17T07:00:00,0.5844,0.5844,0.5842,0.5842,97
2026-03-17T07:01:00,0.58415,0.58415,0.58395,0.5841,29
2026-03-17T07:02:00,0.5841,0.5843,0.5841,0.5843,14
2026-03-17T07:03:00,0.58425,0.5843,0.58425,0.58425,20
2026-03-17T07:04:00,0.58425,0.58425,0.58425,0.58425,1
2026-03-17T07:05:00,0.5843,0.5845,0.5843,0.5845,28
2026-03-17T07:06:00,0.58445,0.58445,0.5844,0.5844,9
2026-03-17T07:07:00,0.5844,0.5844,0.58435,0.58435,8
2026-03-17T07:08:00,0.5843,0.58435,0.5843,0.5843,9
2026-03-17T07:09:00,0.58435,0.58435,0.58435,0.58435,4
2026-03-17T07:10:00,0.58435,0.58435,0.58435,0.58435,2
2026-03-17T07:11:00,0.5843,0.5844,0.5843,0.5844,11
2026-03-17T07:12:00,0.5844,0.5844,0.58435,0.58435,11
2026-03-17T07:13:00,0.5844,0.58445,0.5843,0.5843,18
2026-03-17T07:14:00,0.5843,0.58435,0.5843,0.5843,5
2026-03-17T07:15:00,0.58425,0.5843,0.5842,0.5842,12
2026-03-17T07:16:00,0.58415,0.58415,0.58405,0.5841,12
2026-03-17T07:19:00,0.5841,0.58415,0.5841,0.58415,9
2026-03-17T07:20:00,0.58415,0.58425,0.5841,0.58425,21
2026-03-17T07:21:00,0.58415,0.58415,0.58415,0.58415,3
2026-03-17T07:22:00,0.5842,0.58435,0.5842,0.58435,4
2026-03-17T07:23:00,0.5843,0.5843,0.58425,0.58425,16
2026-03-17T07:24:00,0.58425,0.58425,0.5842,0.58425,10
2026-03-17T07:25:00,0.5843,0.5843,0.5843,0.5843,2
2026-03-17T07:26:00,0.58435,0.5845,0.58435,0.5845,8
2026-03-17T07:27:00,0.58445,0.5845,0.58445,0.5845,5
2026-03-17T07:28:00,0.58445,0.5845,0.58445,0.58445,14
2026-03-17T07:29:00,0.58445,0.5845,0.58445,0.5845,11
2026-03-17T07:30:00,0.58455,0.5847,0.58455,0.5847,18
2026-03-17T07:31:00,0.5847,0.5847,0.58455,0.5846,18
2026-03-17T07:32:00,0.5846,0.5846,0.5846,0.5846,7
2026-03-17T07:33:00,0.58465,0.5847,0.5846,0.5847,19
2026-03-17T07:34:00,0.5847,0.5847,0.5846,0.5846,11
2026-03-17T07:35:00,0.58465,0.58465,0.58455,0.58455,8
2026-03-17T07:36:00,0.58455,0.58465,0.58455,0.58465,3
2026-03-17T07:37:00,0.5846,0.5846,0.5845,0.5845,19
2026-03-17T07:38:00,0.58455,0.58455,0.58455,0.58455,6
2026-03-17T07:39:00,0.58455,0.58465,0.58455,0.58465,7
2026-03-17T07:40:00,0.58465,0.5847,0.58465,0.58465,12
2026-03-17T07:41:00,0.58465,0.58465,0.5846,0.5846,3
2026-03-17T07:42:00,0.5845,0.5845,0.5844,0.5844,9
2026-03-17T07:43:00,0.58435,0.58435,0.5843,0.5843,10
2026-03-17T07:44:00,0.5843,0.5843,0.58425,0.58425,6
2026-03-17T07:45:00,0.58425,0.58425,0.5842,0.5842,30
2026-03-17T07:46:00,0.5842,0.58425,0.5842,0.58425,12
2026-03-17T07:47:00,0.5843,0.5843,0.5843,0.5843,3
2026-03-17T07:48:00,0.58435,0.58435,0.58435,0.58435,4
2026-03-17T07:49:00,0.5844,0.5844,0.5844,0.5844,11
2026-03-17T07:50:00,0.58435,0.5844,0.58435,0.5844,5
2026-03-17T07:51:00,0.5844,0.58455,0.5844,0.58455,10
2026-03-17T07:52:00,0.58455,0.58455,0.5845,0.5845,22
2026-03-17T07:53:00,0.58445,0.58445,0.58445,0.58445,17
2026-03-17T07:54:00,0.58445,0.58445,0.58445,0.58445,2
2026-03-17T07:55:00,0.58445,0.58445,0.58435,0.58435,14
2026-03-17T07:56:00,0.5844,0.5844,0.5844,0.5844,1
2026-03-17T07:57:00,0.58435,0.58435,0.58435,0.58435,2
2026-03-17T07:58:00,0.5843,0.5843,0.5843,0.5843,1
2026-03-17T07:59:00,0.58435,0.5844,0.58435,0.58435,9
2026-03-17T08:00:00,0.58445,0.58455,0.58445,0.58455,19
2026-03-17T08:01:00,0.5846,0.5846,0.5846,0.5846,8
2026-03-17T08:02:00,0.5845,0.5845,0.5844,0.5844,14
2026-03-17T08:03:00,0.58455,0.5846,0.5845,0.5845,38
2026-03-17T08:04:00,0.58435,0.58435,0.5842,0.5843,16
2026-03-17T08:05:00,0.58425,0.58435,0.58425,0.58435,22
2026-03-17T08:06:00,0.58435,0.5844,0.5843,0.5843,12
2026-03-17T08:07:00,0.58425,0.5843,0.58425,0.5843,21
2026-03-17T08:08:00,0.58435,0.5844,0.5842,0.58425,13
2026-03-17T08:09:00,0.58405,0.5841,0.58405,0.5841,6
2026-03-17T08:10:00,0.58415,0.5842,0.58405,0.58415,17
2026-03-17T08:11:00,0.5841,0.58415,0.58395,0.584,20
2026-03-17T08:12:00,0.58395,0.584,0.5838,0.58385,19
2026-03-17T08:13:00,0.5839,0.58395,0.5839,0.58395,21
2026-03-17T08:14:00,0.58395,0.584,0.5839,0.584,21
2026-03-17T08:15:00,0.584,0.584,0.5838,0.5839,15
2026-03-17T08:16:00,0.58385,0.58395,0.58385,0.58395,32
2026-03-17T08:17:00,0.58395,0.584,0.5839,0.5839,16
2026-03-17T08:18:00,0.58395,0.58395,0.58395,0.58395,9
2026-03-17T08:19:00,0.58405,0.58425,0.58405,0.58425,34
2026-03-17T08:20:00,0.58425,0.58425,0.5841,0.5841,7
2026-03-17T08:21:00,0.58415,0.58425,0.58415,0.58425,5
2026-03-17T08:22:00,0.58425,0.58425,0.58425,0.58425,1
2026-03-17T08:23:00,0.58415,0.58415,0.5841,0.5841,6
2026-03-17T08:24:00,0.5841,0.5841,0.58405,0.58405,3
2026-03-17T08:25:00,0.5841,0.58435,0.5841,0.58435,18
2026-03-17T08:26:00,0.5844,0.58455,0.5844,0.5845,23
2026-03-17T08:27:00,0.58455,0.58455,0.5845,0.58455,32
2026-03-17T08:28:00,0.5845,0.58455,0.5845,0.58455,62
2026-03-17T08:29:00,0.58455,0.5847,0.58455,0.5847,65
2026-03-17T08:30:00,0.5847,0.58475,0.5846,0.5846,43
2026-03-17T08:31:00,0.58455,0.58465,0.58455,0.5846,14
2026-03-17T08:32:00,0.58465,0.58465,0.5846,0.58465,34
2026-03-17T08:33:00,0.5847,0.58475,0.5847,0.58475,7
2026-03-17T08:34:00,0.58465,0.58465,0.58455,0.58455,10
2026-03-17T08:35:00,0.58455,0.5846,0.58435,0.58435,26
2026-03-17T08:36:00,0.58445,0.58445,0.58435,0.5844,16
2026-03-17T08:37:00,0.5844,0.5845,0.5844,0.5845,16
2026-03-17T08:38:00,0.58455,0.5846,0.58455,0.5846,5
2026-03-17T08:39:00,0.5847,0.5849,0.5847,0.58485,20
2026-03-17T08:40:00,0.5849,0.5851,0.5849,0.5851,48
2026-03-17T08:41:00,0.58515,0.58515,0.5851,0.58515,15
2026-03-17T08:42:00,0.58505,0.58505,0.585,0.58505,34
2026-03-17T08:43:00,0.5851,0.58525,0.5851,0.58515,67
2026-03-17T08:44:00,0.5851,0.5853,0.5851,0.58525,36
2026-03-17T08:45:00,0.5852,0.5852,0.58515,0.58515,22
2026-03-17T08:46:00,0.58515,0.58525,0.5851,0.5851,21
2026-03-17T08:47:00,0.5851,0.58515,0.58505,0.5851,25
2026-03-17T08:48:00,0.58515,0.58535,0.5851,0.5853,47
2026-03-17T08:49:00,0.5853,0.5854,0.5853,0.58535,25
2026-03-17T08:50:00,0.58535,0.5854,0.58535,0.5854,10
2026-03-17T08:51:00,0.58545,0.5855,0.58535,0.58535,113
2026-03-17T08:52:00,0.58535,0.58545,0.5853,0.5853,64
2026-03-17T08:53:00,0.5853,0.58535,0.58525,0.5853,124
2026-03-17T08:54:00,0.58535,0.5854,0.58535,0.5854,52
2026-03-17T08:55:00,0.5854,0.5855,0.5853,0.5853,30
2026-03-17T08:56:00,0.58535,0.5855,0.5853,0.5853,42
2026-03-17T08:57:00,0.58535,0.5855,0.58525,0.58545,39
2026-03-17T08:58:00,0.5855,0.5855,0.5854,0.5855,40
2026-03-17T08:59:00,0.5855,0.5857,0.5855,0.58565,37
2026-03-17T09:00:00,0.5857,0.5858,0.5857,0.5858,34
2026-03-17T09:01:00,0.58575,0.586,0.58575,0.586,80
2026-03-17T09:02:00,0.58595,0.586,0.5859,0.58595,31
2026-03-17T09:03:00,0.586,0.586,0.5859,0.586,66
2026-03-17T09:04:00,0.58595,0.58595,0.5858,0.5858,39
2026-03-17T09:05:00,0.5858,0.58585,0.5858,0.58585,27
2026-03-17T09:06:00,0.58585,0.58585,0.58585,0.58585,16
2026-03-17T09:07:00,0.58585,0.58585,0.58565,0.58565,32
2026-03-17T09:08:00,0.5857,0.5858,0.5857,0.5857,35
2026-03-17T09:09:00,0.58565,0.5858,0.58565,0.58575,18
2026-03-17T09:10:00,0.58575,0.5858,0.58575,0.5858,13
2026-03-17T09:11:00,0.58575,0.58575,0.58565,0.5857,8
2026-03-17T09:12:00,0.58575,0.58575,0.58575,0.58575,6
2026-03-17T09:13:00,0.58565,0.58565,0.5856,0.5856,10
2026-03-17T09:14:00,0.58565,0.5857,0.58565,0.58565,22
2026-03-17T09:15:00,0.5857,0.58575,0.5857,0.58575,12
2026-03-17T09:16:00,0.58565,0.58565,0.5856,0.58565,9
2026-03-17T09:17:00,0.58565,0.58565,0.58555,0.58555,20
2026-03-17T09:18:00,0.58555,0.58555,0.58545,0.58555,14
2026-03-17T09:19:00,0.5855,0.5856,0.5855,0.5856,7
2026-03-17T09:20:00,0.5856,0.5856,0.5856,0.5856,3
2026-03-17T09:21:00,0.5856,0.5856,0.5856,0.5856,17
2026-03-17T09:22:00,0.5856,0.5857,0.5856,0.58565,31
2026-03-17T09:23:00,0.5857,0.5857,0.5855,0.58565,246
2026-03-17T09:24:00,0.58565,0.5858,0.58565,0.5858,41
2026-03-17T09:25:00,0.58585,0.58615,0.58585,0.5861,123
2026-03-17T09:26:00,0.58615,0.58625,0.58615,0.5862,41
2026-03-17T09:27:00,0.58625,0.58635,0.58625,0.58635,94
2026-03-17T09:28:00,0.58635,0.58635,0.58625,0.58625,15
2026-03-17T09:29:00,0.5863,0.58635,0.58615,0.58615,70
2026-03-17T09:30:00,0.5862,0.58625,0.5862,0.58625,10
2026-03-17T09:31:00,0.5863,0.5863,0.58605,0.58605,16
2026-03-17T09:32:00,0.58605,0.58605,0.58595,0.58595,22
2026-03-17T09:33:00,0.5859,0.5859,0.5859,0.5859,3
2026-03-17T09:34:00,0.5859,0.58595,0.5859,0.58595,17
2026-03-17T09:35:00,0.5859,0.5859,0.58585,0.5859,11
2026-03-17T09:36:00,0.5859,0.5859,0.5859,0.5859,13
2026-03-17T09:37:00,0.58595,0.58595,0.58595,0.58595,27
2026-03-17T09:38:00,0.586,0.586,0.586,0.586,18
2026-03-17T09:39:00,0.58595,0.58595,0.5858,0.5858,17
2026-03-17T09:40:00,0.5858,0.58585,0.5858,0.58585,22
2026-03-17T09:41:00,0.58585,0.5859,0.58585,0.5859,16
2026-03-17T09:42:00,0.5859,0.5859,0.5859,0.5859,16
2026-03-17T09:43:00,0.5859,0.5859,0.58585,0.5859,22
2026-03-17T09:44:00,0.5859,0.586,0.5859,0.586,22
2026-03-17T09:45:00,0.5859,0.5859,0.58585,0.58585,4
2026-03-17T09:46:00,0.5859,0.58595,0.58585,0.58595,14
2026-03-17T09:47:00,0.5859,0.58605,0.5859,0.58605,11
2026-03-17T09:48:00,0.58595,0.58595,0.58595,0.58595,3
2026-03-17T09:49:00,0.5859,0.5859,0.58585,0.58585,3
2026-03-17T09:50:00,0.5859,0.5859,0.5859,0.5859,14
2026-03-17T09:51:00,0.58585,0.58595,0.58585,0.58595,12
2026-03-17T09:53:00,0.58585,0.58595,0.58585,0.58595,10
2026-03-17T09:54:00,0.586,0.586,0.58595,0.586,12
2026-03-17T09:55:00,0.586,0.586,0.586,0.586,18
2026-03-17T09:56:00,0.58605,0.58605,0.586,0.586,29
2026-03-17T09:57:00,0.58605,0.5861,0.58605,0.5861,11
2026-03-17T09:58:00,0.5861,0.5861,0.5861,0.5861,1
2026-03-17T09:59:00,0.58615,0.5862,0.58615,0.5862,35
2026-03-17T10:00:00,0.58615,0.58615,0.58605,0.58615,90
2026-03-17T10:01:00,0.58615,0.5862,0.5861,0.5862,47
2026-03-17T10:02:00,0.58625,0.58635,0.58625,0.58625,58
2026-03-17T10:03:00,0.58625,0.58625,0.5861,0.58615,25
2026-03-17T10:04:00,0.5862,0.5862,0.5862,0.5862,6
2026-03-17T10:05:00,0.58615,0.5863,0.5861,0.58625,14
2026-03-17T10:06:00,0.5863,0.5863,0.58615,0.58625,73
2026-03-17T10:07:00,0.58625,0.58625,0.58625,0.58625,12
2026-03-17T10:08:00,0.5862,0.58625,0.58615,0.58615,10
2026-03-17T10:10:00,0.5861,0.5862,0.58605,0.5862,19
2026-03-17T10:11:00,0.58615,0.5862,0.58615,0.5862,18
2026-03-17T10:12:00,0.58615,0.58615,0.58605,0.58605,16
2026-03-17T10:14:00,0.586,0.586,0.586,0.586,2
2026-03-17T10:15:00,0.5858,0.5858,0.5858,0.5858,6
2026-03-17T10:16:00,0.58575,0.58575,0.58565,0.58575,17
2026-03-17T10:17:00,0.5857,0.5857,0.58555,0.58555,18
2026-03-17T10:18:00,0.5856,0.5857,0.5856,0.5856,23
2026-03-17T10:19:00,0.5856,0.5857,0.5856,0.5857,29
2026-03-17T10:20:00,0.58575,0.5858,0.58575,0.5858,8
2026-03-17T10:21:00,0.5858,0.5858,0.5858,0.5858,6
2026-03-17T10:22:00,0.5858,0.58585,0.5858,0.58585,11
2026-03-17T10:23:00,0.5859,0.5859,0.5859,0.5859,5
2026-03-17T10:24:00,0.5858,0.5858,0.5858,0.5858,3
2026-03-17T10:25:00,0.5858,0.5858,0.5858,0.5858,5
2026-03-17T10:26:00,0.58585,0.5859,0.58585,0.58585,9
2026-03-17T10:27:00,0.5859,0.5859,0.5859,0.5859,3
2026-03-17T10:28:00,0.58595,0.58595,0.58595,0.58595,3
2026-03-17T10:29:00,0.586,0.5861,0.586,0.586,53
2026-03-17T10:30:00,0.5859,0.5859,0.5859,0.5859,4
2026-03-17T10:31:00,0.5859,0.5859,0.58575,0.58575,81
2026-03-17T10:32:00,0.5858,0.5859,0.5858,0.5859,30
2026-03-17T10:33:00,0.58585,0.58585,0.58585,0.58585,6
2026-03-17T10:34:00,0.5859,0.58605,0.5859,0.58595,23
2026-03-17T10:35:00,0.58595,0.58595,0.58595,0.58595,4
2026-03-17T10:36:00,0.58595,0.586,0.58595,0.586,6
2026-03-17T10:37:00,0.58605,0.5861,0.58605,0.58605,13
2026-03-17T10:38:00,0.58595,0.58595,0.5859,0.5859,6
2026-03-17T10:39:00,0.58585,0.58585,0.5858,0.5858,37
2026-03-17T10:40:00,0.58575,0.58575,0.5857,0.5857,8
2026-03-17T10:41:00,0.58575,0.58575,0.58575,0.58575,6
2026-03-17T10:42:00,0.5858,0.5858,0.58565,0.58565,16
2026-03-17T10:43:00,0.58565,0.58565,0.5856,0.58565,37
2026-03-17T10:44:00,0.5857,0.5857,0.5857,0.5857,28
2026-03-17T10:45:00,0.5857,0.58575,0.5857,0.5857,21
2026-03-17T10:46:00,0.5858,0.5858,0.5858,0.5858,5
2026-03-17T10:47:00,0.58575,0.58575,0.5857,0.5857,5
2026-03-17T10:48:00,0.5856,0.5856,0.5855,0.5855,20
2026-03-17T10:49:00,0.5855,0.5855,0.5855,0.5855,6
2026-03-17T10:50:00,0.5855,0.5855,0.58545,0.5855,10
2026-03-17T10:51:00,0.58555,0.58565,0.58555,0.58555,39
2026-03-17T10:52:00,0.5856,0.5856,0.5856,0.5856,7
2026-03-17T10:53:00,0.5855,0.58555,0.5855,0.58555,8
2026-03-17T10:54:00,0.5856,0.5856,0.5856,0.5856,1
2026-03-17T10:55:00,0.58565,0.58565,0.58565,0.58565,8
2026-03-17T10:56:00,0.5857,0.58575,0.5857,0.58575,7
2026-03-17T10:57:00,0.58565,0.58565,0.58565,0.58565,16
2026-03-17T10:58:00,0.5856,0.5856,0.5856,0.5856,15
2026-03-17T10:59:00,0.58565,0.5857,0.58565,0.5857,25
2026-03-17T11:01:00,0.5856,0.58565,0.58555,0.58565,10
2026-03-17T11:02:00,0.5856,0.58575,0.5856,0.58575,11
2026-03-17T11:03:00,0.5857,0.5857,0.58565,0.58565,7
2026-03-17T11:04:00,0.5857,0.5857,0.58565,0.5857,17
2026-03-17T11:05:00,0.58575,0.5858,0.58575,0.5858,14
2026-03-17T11:06:00,0.5857,0.5857,0.5857,0.5857,2
2026-03-17T11:07:00,0.58585,0.586,0.58585,0.586,40
2026-03-17T11:08:00,0.58605,0.58605,0.58605,0.58605,40
2026-03-17T11:09:00,0.58605,0.5861,0.58605,0.5861,40
2026-03-17T11:10:00,0.5861,0.5862,0.5861,0.5862,12
2026-03-17T11:11:00,0.58625,0.58625,0.5862,0.5862,18
2026-03-17T11:12:00,0.58615,0.5862,0.58615,0.5862,16
2026-03-17T11:13:00,0.58615,0.58615,0.58605,0.58605,15
2026-03-17T11:14:00,0.58605,0.5862,0.58605,0.5862,19
2026-03-17T11:15:00,0.58625,0.5863,0.5862,0.5863,38
2026-03-17T11:16:00,0.5863,0.5863,0.58625,0.58625,8
2026-03-17T11:17:00,0.58625,0.58625,0.5861,0.5861,7
2026-03-17T11:18:00,0.58615,0.5863,0.58615,0.5863,50
2026-03-17T11:19:00,0.58635,0.58635,0.58625,0.58625,3
2026-03-17T11:20:00,0.58625,0.5863,0.58625,0.5863,3
2026-03-17T11:21:00,0.5863,0.58635,0.5863,0.58635,13
2026-03-17T11:22:00,0.5864,0.5864,0.58635,0.58635,16
2026-03-17T11:23:00,0.5864,0.5864,0.5864,0.5864,1
2026-03-17T11:24:00,0.5864,0.58655,0.5864,0.58655,40
2026-03-17T11:25:00,0.5865,0.5865,0.5865,0.5865,1
2026-03-17T11:26:00,0.5864,0.5864,0.58635,0.58635,8
2026-03-17T11:27:00,0.58635,0.58635,0.5863,0.5863,3
2026-03-17T11:29:00,0.58625,0.58625,0.58625,0.58625,4
2026-03-17T11:30:00,0.58625,0.58625,0.58625,0.58625,42
2026-03-17T11:31:00,0.5863,0.5863,0.5863,0.5863,41
2026-03-17T11:32:00,0.58625,0.5863,0.58625,0.58625,12
2026-03-17T11:33:00,0.5862,0.5863,0.5862,0.5863,7
2026-03-17T11:34:00,0.5863,0.5863,0.58625,0.58625,6
2026-03-17T11:35:00,0.5862,0.5863,0.5862,0.5863,15
2026-03-17T11:36:00,0.58635,0.5864,0.58635,0.5864,33
2026-03-17T11:37:00,0.5864,0.5864,0.58635,0.58635,13
2026-03-17T11:38:00,0.58635,0.5864,0.58635,0.5864,11
2026-03-17T11:39:00,0.58635,0.5865,0.58635,0.58645,26
2026-03-17T11:40:00,0.5864,0.58645,0.5864,0.58645,11
2026-03-17T11:41:00,0.58645,0.58645,0.58645,0.58645,1
2026-03-17T11:42:00,0.58645,0.5865,0.5864,0.5865,18
2026-03-17T11:43:00,0.58645,0.58645,0.58645,0.58645,8
2026-03-17T11:44:00,0.58645,0.58645,0.58645,0.58645,1
2026-03-17T11:45:00,0.5865,0.5866,0.5865,0.5866,9
2026-03-17T11:46:00,0.58655,0.58655,0.58645,0.58655,28
2026-03-17T11:47:00,0.58655,0.58655,0.58645,0.58645,9
2026-03-17T11:48:00,0.58645,0.58645,0.5864,0.5864,5
2026-03-17T11:49:00,0.5863,0.58635,0.58625,0.58635,46
2026-03-17T11:50:00,0.58635,0.5864,0.58635,0.5864,23
2026-03-17T11:51:00,0.5864,0.5864,0.58635,0.58635,10
2026-03-17T11:52:00,0.5863,0.5863,0.58625,0.58625,14
2026-03-17T11:53:00,0.58625,0.58625,0.5862,0.5862,7
2026-03-17T11:54:00,0.58615,0.58615,0.5861,0.58615,19
2026-03-17T11:55:00,0.58605,0.58615,0.586,0.58615,16
2026-03-17T11:56:00,0.58615,0.58615,0.58615,0.58615,5
2026-03-17T11:57:00,0.58605,0.58605,0.58595,0.58595,4
2026-03-17T11:58:00,0.586,0.586,0.586,0.586,8
2026-03-17T11:59:00,0.586,0.586,0.58585,0.58585,12
2026-03-17T12:00:00,0.58585,0.58585,0.58575,0.58575,30
2026-03-17T12:01:00,0.5858,0.58585,0.5857,0.5857,18
2026-03-17T12:02:00,0.58575,0.5858,0.58575,0.5858,18
2026-03-17T12:03:00,0.5858,0.58585,0.5858,0.58585,31
2026-03-17T12:04:00,0.58585,0.5862,0.58585,0.5862,64
2026-03-17T12:05:00,0.5862,0.5864,0.5862,0.5864,56
2026-03-17T12:06:00,0.5863,0.5864,0.5863,0.58635,10
2026-03-17T12:07:00,0.58635,0.58645,0.58635,0.5864,25
2026-03-17T12:08:00,0.5865,0.5867,0.58645,0.5867,12
2026-03-17T12:09:00,0.58675,0.58675,0.5867,0.5867,44
2026-03-17T12:10:00,0.58665,0.58675,0.58665,0.5867,13
2026-03-17T12:11:00,0.5867,0.58675,0.5867,0.58675,7
2026-03-17T12:12:00,0.5867,0.58675,0.5867,0.58675,5
2026-03-17T12:13:00,0.5868,0.58685,0.5868,0.58685,19
2026-03-17T12:14:00,0.58675,0.58685,0.58675,0.5868,23
2026-03-17T12:15:00,0.5868,0.58685,0.5868,0.5868,22
2026-03-17T12:16:00,0.58665,0.5867,0.58665,0.5867,5
2026-03-17T12:17:00,0.58675,0.58675,0.58675,0.58675,5
2026-03-17T12:18:00,0.58675,0.58675,0.58655,0.58655,16
2026-03-17T12:19:00,0.58655,0.5866,0.58655,0.5866,21
2026-03-17T12:20:00,0.5866,0.58665,0.58655,0.5866,27
2026-03-17T12:21:00,0.58665,0.58665,0.58655,0.58655,8
2026-03-17T12:22:00,0.5866,0.58665,0.58655,0.58665,32
2026-03-17T12:23:00,0.58665,0.5867,0.5866,0.5867,16
2026-03-17T12:24:00,0.58655,0.58655,0.58655,0.58655,1
2026-03-17T12:25:00,0.5866,0.58665,0.5866,0.58665,13
2026-03-17T12:26:00,0.58655,0.5866,0.58655,0.5866,7
2026-03-17T12:28:00,0.5864,0.5864,0.5864,0.5864,3
2026-03-17T12:29:00,0.5864,0.58645,0.5863,0.58645,45
2026-03-17T12:30:00,0.5865,0.58655,0.58645,0.58655,43
2026-03-17T12:31:00,0.5866,0.5866,0.58655,0.5866,22
2026-03-17T12:32:00,0.58665,0.58675,0.58665,0.58675,14
2026-03-17T12:33:00,0.5867,0.5868,0.5867,0.5868,20
2026-03-17T12:34:00,0.58685,0.58685,0.58685,0.58685,13
2026-03-17T12:35:00,0.5868,0.5868,0.5867,0.5867,12
2026-03-17T12:36:00,0.58675,0.58675,0.5867,0.5867,6
2026-03-17T12:37:00,0.5867,0.58675,0.58665,0.58665,8
2026-03-17T12:38:00,0.5867,0.5867,0.58665,0.58665,13
2026-03-17T12:39:00,0.58665,0.5867,0.5866,0.5866,12
2026-03-17T12:40:00,0.58665,0.58665,0.5866,0.5866,7
2026-03-17T12:41:00,0.58665,0.5867,0.58655,0.58655,28
2026-03-17T12:42:00,0.5866,0.58665,0.5866,0.58665,10
2026-03-17T12:43:00,0.5866,0.5867,0.5866,0.5867,8
2026-03-17T12:44:00,0.5867,0.58675,0.5867,0.58675,13
2026-03-17T12:45:00,0.5867,0.5867,0.5867,0.5867,32
2026-03-17T12:46:00,0.5867,0.5867,0.58665,0.58665,3
2026-03-17T12:47:00,0.5867,0.58675,0.5867,0.58675,32
2026-03-17T12:48:00,0.58675,0.5868,0.5867,0.5868,22
2026-03-17T12:49:00,0.5868,0.5868,0.5867,0.5867,38
2026-03-17T12:50:00,0.5867,0.58675,0.5867,0.5867,65
2026-03-17T12:51:00,0.58665,0.5867,0.5866,0.5867,37
2026-03-17T12:52:00,0.5867,0.5868,0.5867,0.5868,61
2026-03-17T12:53:00,0.58685,0.5869,0.58685,0.5869,9
2026-03-17T12:54:00,0.58685,0.5869,0.58685,0.5869,31
2026-03-17T12:55:00,0.5868,0.58685,0.5868,0.58685,19
2026-03-17T12:56:00,0.58685,0.58685,0.5868,0.5868,16
2026-03-17T12:57:00,0.5868,0.5868,0.5867,0.5867,14
2026-03-17T12:58:00,0.5867,0.5868,0.5867,0.5868,13
2026-03-17T12:59:00,0.5868,0.58705,0.5868,0.58705,36
2026-03-17T13:00:00,0.587,0.58705,0.5869,0.587,32
2026-03-17T13:01:00,0.5871,0.58725,0.58705,0.58725,109
2026-03-17T13:02:00,0.58725,0.58735,0.58715,0.5873,102
2026-03-17T13:03:00,0.58735,0.58745,0.5873,0.58745,114
2026-03-17T13:04:00,0.5874,0.5874,0.5873,0.5874,66
2026-03-17T13:05:00,0.58735,0.58735,0.5873,0.5873,31
2026-03-17T13:06:00,0.58725,0.5873,0.58715,0.5873,62
2026-03-17T13:07:00,0.5874,0.58765,0.5874,0.5876,141
2026-03-17T13:08:00,0.5875,0.58755,0.5874,0.5874,52
2026-03-17T13:09:00,0.5874,0.58745,0.5874,0.58745,17
2026-03-17T13:10:00,0.58745,0.58745,0.5874,0.58745,21
2026-03-17T13:11:00,0.58745,0.5876,0.58745,0.5876,19
2026-03-17T13:12:00,0.58755,0.58765,0.58755,0.58765,40
2026-03-17T13:13:00,0.5876,0.5876,0.5875,0.58755,32
2026-03-17T13:14:00,0.58745,0.58765,0.58745,0.58765,38
2026-03-17T13:15:00,0.5876,0.5876,0.5876,0.5876,8
2026-03-17T13:16:00,0.5876,0.58765,0.5876,0.58765,7
2026-03-17T13:17:00,0.58765,0.5877,0.5876,0.5877,16
2026-03-17T13:18:00,0.5877,0.58775,0.58765,0.58775,16
2026-03-17T13:19:00,0.5877,0.588,0.5877,0.588,48
2026-03-17T13:20:00,0.5879,0.5881,0.58785,0.5881,53
2026-03-17T13:21:00,0.588,0.58805,0.58795,0.58805,50
2026-03-17T13:22:00,0.58805,0.58805,0.588,0.58805,34
2026-03-17T13:23:00,0.58805,0.58835,0.58805,0.5883,101
2026-03-17T13:24:00,0.58825,0.5883,0.5881,0.5881,132
2026-03-17T13:25:00,0.5881,0.58815,0.58805,0.58815,36
2026-03-17T13:26:00,0.58815,0.5882,0.58805,0.5881,26
2026-03-17T13:27:00,0.5881,0.58815,0.58805,0.58805,33
2026-03-17T13:28:00,0.588,0.588,0.58795,0.58795,19
2026-03-17T13:29:00,0.58795,0.58795,0.5879,0.58795,20
2026-03-17T13:30:00,0.58795,0.588,0.5878,0.5879,124
2026-03-17T13:31:00,0.5879,0.58795,0.5879,0.58795,24
2026-03-17T13:32:00,0.58795,0.58825,0.58795,0.58825,54
2026-03-17T13:33:00,0.5883,0.5883,0.5882,0.58825,33
2026-03-17T13:34:00,0.5883,0.58835,0.58825,0.58825,43
2026-03-17T13:35:00,0.58825,0.58835,0.58825,0.5883,37
2026-03-17T13:36:00,0.58835,0.5884,0.58835,0.58835,46
2026-03-17T13:37:00,0.58835,0.58835,0.5882,0.5882,25
2026-03-17T13:38:00,0.5883,0.5883,0.5882,0.5883,30
2026-03-17T13:39:00,0.5883,0.5884,0.5883,0.58835,32
2026-03-17T13:40:00,0.5883,0.5883,0.58795,0.58795,59
2026-03-17T13:41:00,0.58795,0.5882,0.58795,0.58815,74
2026-03-17T13:42:00,0.5881,0.58815,0.5881,0.5881,36
2026-03-17T13:43:00,0.5881,0.58825,0.5881,0.58825,47
2026-03-17T13:44:00,0.5882,0.5882,0.58805,0.5881,16
2026-03-17T13:45:00,0.5881,0.58825,0.58805,0.58825,17
2026-03-17T13:46:00,0.5883,0.5883,0.5882,0.5882,28
2026-03-17T13:47:00,0.58815,0.5882,0.58815,0.5882,15
2026-03-17T13:48:00,0.58825,0.5883,0.5882,0.5882,27
2026-03-17T13:49:00,0.58815,0.5882,0.58815,0.58815,11
2026-03-17T13:50:00,0.58805,0.58805,0.5879,0.5879,15
2026-03-17T13:51:00,0.5879,0.58795,0.58785,0.5879,17
2026-03-17T13:52:00,0.58785,0.58785,0.5877,0.58775,34
2026-03-17T13:53:00,0.58775,0.58775,0.5876,0.5876,31
2026-03-17T13:54:00,0.58765,0.58785,0.58765,0.58785,58
2026-03-17T13:55:00,0.5878,0.5878,0.5878,0.5878,21
2026-03-17T13:56:00,0.5878,0.5878,0.58765,0.58775,50
2026-03-17T13:57:00,0.5878,0.5878,0.5878,0.5878,10
2026-03-17T13:58:00,0.5878,0.58785,0.5878,0.58785,18
2026-03-17T13:59:00,0.58785,0.5879,0.5878,0.5878,15
2026-03-17T14:00:00,0.5878,0.5878,0.5875,0.58755,83
2026-03-17T14:01:00,0.5876,0.58765,0.58745,0.58765,148
2026-03-17T14:02:00,0.5876,0.5876,0.58745,0.5875,287
2026-03-17T14:03:00,0.58745,0.58755,0.58745,0.58755,72
2026-03-17T14:04:00,0.58755,0.5877,0.58755,0.5877,39
2026-03-17T14:05:00,0.5877,0.5879,0.5877,0.5879,43
2026-03-17T14:06:00,0.5879,0.588,0.5879,0.588,35
2026-03-17T14:07:00,0.58805,0.5881,0.58795,0.588,41
2026-03-17T14:08:00,0.58795,0.58815,0.58795,0.58805,26
2026-03-17T14:09:00,0.588,0.58805,0.58795,0.58805,23
2026-03-17T14:10:00,0.58805,0.5881,0.58785,0.58785,61
2026-03-17T14:11:00,0.5878,0.5878,0.58765,0.58775,25
2026-03-17T14:12:00,0.58775,0.58775,0.58765,0.5877,16
2026-03-17T14:13:00,0.58765,0.58775,0.5876,0.58775,14
2026-03-17T14:14:00,0.58775,0.5878,0.5876,0.5876,25
2026-03-17T14:15:00,0.58755,0.58755,0.58745,0.5875,54
2026-03-17T14:16:00,0.58755,0.58755,0.5875,0.58755,36
2026-03-17T14:17:00,0.5875,0.58755,0.5873,0.5873,15
2026-03-17T14:18:00,0.5873,0.58745,0.5873,0.58735,13
2026-03-17T14:19:00,0.58745,0.5875,0.58735,0.5874,17
2026-03-17T14:20:00,0.5874,0.58745,0.5874,0.58745,13
2026-03-17T14:21:00,0.58735,0.5874,0.58735,0.58735,3
2026-03-17T14:22:00,0.5874,0.5874,0.5873,0.5873,36
2026-03-17T14:23:00,0.5873,0.58735,0.58725,0.5873,60
2026-03-17T14:24:00,0.5873,0.58735,0.58725,0.58725,11
2026-03-17T14:25:00,0.58725,0.5873,0.5871,0.5871,18
2026-03-17T14:26:00,0.5872,0.5873,0.5872,0.5873,8
2026-03-17T14:27:00,0.5873,0.58735,0.58725,0.58725,38
2026-03-17T14:28:00,0.58725,0.5875,0.58725,0.58745,40
2026-03-17T14:29:00,0.58735,0.58735,0.5873,0.5873,5
2026-03-17T14:30:00,0.58735,0.5874,0.5872,0.5872,29
2026-03-17T14:31:00,0.5872,0.5873,0.5871,0.5873,24
2026-03-17T14:32:00,0.58725,0.58725,0.58725,0.58725,5
2026-03-17T14:33:00,0.58725,0.58735,0.5872,0.58735,32
2026-03-17T14:34:00,0.58735,0.58745,0.58735,0.58745,21
2026-03-17T14:35:00,0.58745,0.58765,0.58745,0.5876,22
2026-03-17T14:36:00,0.58755,0.58755,0.5874,0.5874,34
2026-03-17T14:37:00,0.5873,0.5874,0.5873,0.5874,21
2026-03-17T14:38:00,0.58735,0.58735,0.5872,0.58725,18
2026-03-17T14:39:00,0.5872,0.58725,0.5872,0.5872,8
2026-03-17T14:40:00,0.58725,0.58725,0.5872,0.5872,4
2026-03-17T14:41:00,0.5872,0.5874,0.5872,0.5874,16
2026-03-17T14:42:00,0.58735,0.58755,0.58735,0.58755,127
2026-03-17T14:43:00,0.58755,0.58775,0.58755,0.58775,72
2026-03-17T14:44:00,0.58775,0.58785,0.58775,0.58775,31
2026-03-17T14:45:00,0.58775,0.58785,0.58775,0.5878,25
2026-03-17T14:46:00,0.58775,0.58775,0.58765,0.58765,31
2026-03-17T14:47:00,0.58765,0.5878,0.5876,0.5878,17
2026-03-17T14:48:00,0.5878,0.5878,0.58775,0.5878,19
2026-03-17T14:49:00,0.58785,0.58795,0.58785,0.58785,13
2026-03-17T14:50:00,0.5879,0.5879,0.58775,0.58775,29
2026-03-17T14:51:00,0.5877,0.5878,0.5877,0.5878,17
2026-03-17T14:52:00,0.5877,0.58775,0.58765,0.5877,23
2026-03-17T14:53:00,0.58765,0.58765,0.5876,0.58765,24
2026-03-17T14:54:00,0.58765,0.58765,0.5876,0.5876,16
2026-03-17T14:55:00,0.58765,0.5877,0.58765,0.5877,23
2026-03-17T14:56:00,0.5877,0.58775,0.5877,0.58775,13
2026-03-17T14:57:00,0.58765,0.58765,0.58765,0.58765,16
2026-03-17T14:58:00,0.5876,0.58765,0.5876,0.58765,19
2026-03-17T14:59:00,0.5876,0.5876,0.5875,0.5876,49
2026-03-17T15:00:00,0.5876,0.58765,0.5876,0.58765,54
2026-03-17T15:01:00,0.58765,0.5877,0.58765,0.58765,20
2026-03-17T15:02:00,0.58765,0.5878,0.58765,0.5878,34
2026-03-17T15:03:00,0.5877,0.58775,0.5877,0.5877,22
2026-03-17T15:04:00,0.58775,0.5878,0.5876,0.5876,27
2026-03-17T15:05:00,0.5877,0.5877,0.58745,0.58755,36
2026-03-17T15:06:00,0.58755,0.5876,0.58755,0.58755,13
2026-03-17T15:07:00,0.5875,0.58755,0.58745,0.58745,30
2026-03-17T15:08:00,0.5873,0.5873,0.58725,0.58725,57
2026-03-17T15:09:00,0.58725,0.58725,0.58715,0.5872,14
2026-03-17T15:10:00,0.58715,0.58715,0.58705,0.5871,10
2026-03-17T15:11:00,0.5872,0.58725,0.58705,0.58705,29
2026-03-17T15:12:00,0.5871,0.5872,0.5871,0.5872,13
2026-03-17T15:13:00,0.58715,0.58715,0.58715,0.58715,4
2026-03-17T15:14:00,0.5872,0.5872,0.5871,0.5871,47
2026-03-17T15:15:00,0.58705,0.5873,0.58705,0.5873,15
2026-03-17T15:16:00,0.58725,0.5874,0.58725,0.5874,12
2026-03-17T15:17:00,0.5874,0.5874,0.58735,0.5874,8
2026-03-17T15:18:00,0.58735,0.5875,0.58715,0.5872,72
2026-03-17T15:19:00,0.5872,0.5872,0.5871,0.58715,11
2026-03-17T15:20:00,0.58725,0.5874,0.5872,0.5872,255
2026-03-17T15:21:00,0.58715,0.58715,0.58675,0.58675,80
2026-03-17T15:22:00,0.5868,0.58705,0.5868,0.58705,40
2026-03-17T15:23:00,0.58715,0.58735,0.58715,0.5873,37
2026-03-17T15:24:00,0.58725,0.5873,0.58725,0.5873,6
2026-03-17T15:25:00,0.58745,0.58755,0.5874,0.5874,62
2026-03-17T15:26:00,0.5874,0.58745,0.58735,0.58735,22
2026-03-17T15:27:00,0.5874,0.5874,0.58735,0.58735,2
2026-03-17T15:28:00,0.58725,0.58725,0.58715,0.5872,21
2026-03-17T15:29:00,0.58715,0.58715,0.587,0.587,26
2026-03-17T15:30:00,0.587,0.5872,0.58695,0.5872,48
2026-03-17T15:31:00,0.5872,0.5873,0.5871,0.58715,34
2026-03-17T15:32:00,0.5872,0.5872,0.58705,0.58705,34
2026-03-17T15:33:00,0.58705,0.58705,0.58695,0.58695,9
2026-03-17T15:34:00,0.587,0.587,0.5868,0.58685,51
2026-03-17T15:35:00,0.5869,0.58695,0.5868,0.5868,35
2026-03-17T15:36:00,0.5868,0.58685,0.58665,0.58665,84
2026-03-17T15:37:00,0.5866,0.5868,0.58655,0.58675,122
2026-03-17T15:38:00,0.5868,0.58685,0.58675,0.5868,63
2026-03-17T15:39:00,0.5868,0.58685,0.5867,0.5867,56
2026-03-17T15:40:00,0.58665,0.58675,0.58665,0.58675,33
2026-03-17T15:41:00,0.58675,0.58675,0.5867,0.5867,5
2026-03-17T15:42:00,0.5867,0.5867,0.58665,0.5867,39
2026-03-17T15:43:00,0.5867,0.58685,0.58665,0.5868,14
2026-03-17T15:44:00,0.5869,0.587,0.5869,0.587,25
2026-03-17T15:45:00,0.587,0.587,0.58695,0.587,4
2026-03-17T15:46:00,0.587,0.58715,0.587,0.58715,5
2026-03-17T15:47:00,0.58715,0.58725,0.5871,0.58725,78
2026-03-17T15:48:00,0.5872,0.5872,0.58705,0.5871,28
2026-03-17T15:49:00,0.5871,0.5871,0.58705,0.58705,24
2026-03-17T15:50:00,0.58705,0.58715,0.58705,0.58715,37
2026-03-17T15:51:00,0.58715,0.58725,0.58715,0.58725,28
2026-03-17T15:52:00,0.58725,0.58725,0.58715,0.5872,16
2026-03-17T15:53:00,0.5872,0.58745,0.58715,0.58745,158
2026-03-17T15:54:00,0.5874,0.5875,0.58735,0.5874,167
2026-03-17T15:55:00,0.58745,0.5876,0.58735,0.58755,150
2026-03-17T15:56:00,0.5875,0.58765,0.5874,0.58745,143
2026-03-17T15:57:00,0.58745,0.5876,0.58745,0.5876,131
2026-03-17T15:58:00,0.58755,0.58755,0.5875,0.58755,80
2026-03-17T15:59:00,0.5876,0.58765,0.58755,0.58765,113
2026-03-17T16:00:00,0.5876,0.58765,0.5875,0.5875,126
2026-03-17T16:01:00,0.5875,0.5875,0.58745,0.58745,52
2026-03-17T16:02:00,0.58745,0.58745,0.58715,0.58715,98
2026-03-17T16:03:00,0.5871,0.58725,0.5871,0.58715,90
2026-03-17T16:04:00,0.58715,0.58725,0.58715,0.5872,28
2026-03-17T16:05:00,0.5872,0.58745,0.5872,0.58725,373
2026-03-17T16:06:00,0.58735,0.58745,0.5873,0.5873,11
2026-03-17T16:07:00,0.58725,0.58725,0.5871,0.58725,42
2026-03-17T16:08:00,0.5874,0.5876,0.58735,0.58745,66
2026-03-17T16:09:00,0.5874,0.5876,0.5873,0.58755,33
2026-03-17T16:10:00,0.5876,0.58775,0.5876,0.58765,94
2026-03-17T16:11:00,0.5876,0.5879,0.5876,0.5879,69
2026-03-17T16:12:00,0.58785,0.58785,0.58765,0.58765,22
2026-03-17T16:13:00,0.58765,0.5877,0.5876,0.5876,31
2026-03-17T16:14:00,0.5875,0.58755,0.58745,0.58745,30
2026-03-17T16:15:00,0.58745,0.5875,0.5874,0.5874,20
2026-03-17T16:16:00,0.5874,0.58745,0.5873,0.58745,15
2026-03-17T16:17:00,0.58745,0.58765,0.58745,0.58765,23
2026-03-17T16:18:00,0.5877,0.58785,0.5877,0.5878,26
2026-03-17T16:19:00,0.5878,0.5879,0.58775,0.5879,20
2026-03-17T16:20:00,0.5879,0.5879,0.5878,0.58785,21
2026-03-17T16:21:00,0.58785,0.58785,0.58775,0.58775,18
2026-03-17T16:22:00,0.5878,0.5878,0.58775,0.5878,24
2026-03-17T16:23:00,0.5878,0.58785,0.5878,0.58785,9
2026-03-17T16:24:00,0.58785,0.58795,0.58785,0.5879,13
2026-03-17T16:25:00,0.5879,0.58795,0.58785,0.58795,25
2026-03-17T16:26:00,0.58795,0.588,0.58795,0.58795,18
2026-03-17T16:27:00,0.588,0.588,0.58785,0.58785,43
2026-03-17T16:28:00,0.58785,0.58785,0.5878,0.58785,36
2026-03-17T16:29:00,0.58785,0.58795,0.58785,0.5879,13
2026-03-17T16:30:00,0.58785,0.588,0.58785,0.5879,28
2026-03-17T16:31:00,0.58785,0.58785,0.5878,0.58785,28
2026-03-17T16:32:00,0.5879,0.5879,0.58785,0.5879,16
2026-03-17T16:33:00,0.58795,0.58805,0.5879,0.5879,30
2026-03-17T16:34:00,0.58785,0.58795,0.58785,0.58795,6
2026-03-17T16:35:00,0.58795,0.58795,0.58785,0.58785,28
2026-03-17T16:36:00,0.5879,0.5879,0.5878,0.5878,3
2026-03-17T16:37:00,0.5878,0.5878,0.58775,0.58775,15
2026-03-17T16:38:00,0.58775,0.5878,0.58775,0.5878,9
2026-03-17T16:39:00,0.5877,0.5878,0.5877,0.5878,8
2026-03-17T16:40:00,0.58785,0.5879,0.58785,0.5879,11
2026-03-17T16:41:00,0.5878,0.5879,0.5878,0.5879,25
2026-03-17T16:42:00,0.58785,0.58785,0.58785,0.58785,25
2026-03-17T16:43:00,0.5879,0.58795,0.5878,0.5878,14
2026-03-17T16:44:00,0.58785,0.58795,0.58785,0.58795,23
2026-03-17T16:45:00,0.588,0.58805,0.588,0.58805,13
2026-03-17T16:46:00,0.5881,0.5881,0.58805,0.58805,6
2026-03-17T16:47:00,0.58805,0.58805,0.58795,0.58795,23
2026-03-17T16:48:00,0.58795,0.58795,0.58795,0.58795,1
2026-03-17T16:49:00,0.5879,0.58795,0.5879,0.58795,9
2026-03-17T16:50:00,0.5879,0.58795,0.5879,0.5879,13
2026-03-17T16:51:00,0.588,0.588,0.588,0.588,5
2026-03-17T16:52:00,0.58795,0.58795,0.5879,0.58795,9
2026-03-17T16:53:00,0.5879,0.5879,0.58785,0.5879,13
2026-03-17T16:54:00,0.5879,0.58795,0.5879,0.58795,15
2026-03-17T16:55:00,0.58795,0.58795,0.5879,0.58795,23
2026-03-17T16:56:00,0.58795,0.58795,0.58795,0.58795,6
2026-03-17T16:57:00,0.58795,0.58795,0.5878,0.58785,38
2026-03-17T16:58:00,0.58785,0.58785,0.58785,0.58785,16
2026-03-17T16:59:00,0.58785,0.58785,0.5878,0.58785,3
2026-03-17T17:00:00,0.5878,0.58785,0.5878,0.58785,12
2026-03-17T17:01:00,0.58785,0.58785,0.58785,0.58785,2
2026-03-17T17:02:00,0.58785,0.588,0.58785,0.588,18
2026-03-17T17:03:00,0.588,0.58805,0.588,0.58805,9
2026-03-17T17:04:00,0.58805,0.58805,0.58805,0.58805,1
2026-03-17T17:05:00,0.588,0.58805,0.588,0.58805,9
2026-03-17T17:06:00,0.58795,0.58795,0.58795,0.58795,4
2026-03-17T17:07:00,0.588,0.588,0.588,0.588,7
2026-03-17T17:08:00,0.588,0.5881,0.588,0.5881,18
2026-03-17T17:09:00,0.58805,0.5881,0.58805,0.5881,6
2026-03-17T17:10:00,0.5881,0.5881,0.58805,0.58805,18
2026-03-17T17:11:00,0.5879,0.588,0.5879,0.58795,10
2026-03-17T17:12:00,0.58795,0.58795,0.58795,0.58795,5
2026-03-17T17:13:00,0.58795,0.58795,0.58795,0.58795,4
2026-03-17T17:14:00,0.5879,0.58795,0.5879,0.58795,11
2026-03-17T17:15:00,0.5879,0.5879,0.5877,0.5878,76
2026-03-17T17:16:00,0.5878,0.58795,0.5878,0.58795,49
2026-03-17T17:17:00,0.58795,0.58795,0.5879,0.58795,13
2026-03-17T17:18:00,0.58795,0.588,0.58795,0.58795,21
2026-03-17T17:19:00,0.5879,0.588,0.58785,0.588,29
2026-03-17T17:20:00,0.5879,0.5879,0.5879,0.5879,4
2026-03-17T17:21:00,0.5879,0.58795,0.5879,0.5879,11
2026-03-17T17:22:00,0.58785,0.588,0.58785,0.588,3
2026-03-17T17:23:00,0.588,0.5881,0.588,0.5881,8
2026-03-17T17:24:00,0.5881,0.5881,0.588,0.588,11
2026-03-17T17:25:00,0.58795,0.58795,0.58795,0.58795,5
2026-03-17T17:26:00,0.5879,0.58795,0.5879,0.58795,7
2026-03-17T17:27:00,0.58795,0.58795,0.58795,0.58795,8
2026-03-17T17:28:00,0.5879,0.58795,0.5879,0.58795,3
2026-03-17T17:29:00,0.58795,0.588,0.58795,0.588,10
2026-03-17T17:30:00,0.58795,0.588,0.58795,0.58795,15
2026-03-17T17:31:00,0.588,0.58805,0.588,0.58805,28
2026-03-17T17:32:00,0.5881,0.5881,0.5881,0.5881,5
2026-03-17T17:33:00,0.58805,0.58805,0.58805,0.58805,5
2026-03-17T17:34:00,0.58805,0.5881,0.58805,0.5881,5
2026-03-17T17:35:00,0.5881,0.58815,0.5881,0.5881,12
2026-03-17T17:36:00,0.58815,0.58815,0.58815,0.58815,2
2026-03-17T17:37:00,0.5882,0.58825,0.5882,0.58825,22
2026-03-17T17:39:00,0.58825,0.58835,0.58825,0.58835,24
2026-03-17T17:40:00,0.5883,0.5883,0.5883,0.5883,4
2026-03-17T17:41:00,0.58825,0.5884,0.58825,0.58835,37
2026-03-17T17:42:00,0.5883,0.5884,0.5883,0.5884,28
2026-03-17T17:43:00,0.58835,0.58835,0.58815,0.58815,27
2026-03-17T17:44:00,0.58815,0.5882,0.58815,0.5882,7
2026-03-17T17:45:00,0.58825,0.58825,0.58825,0.58825,4
2026-03-17T17:46:00,0.5882,0.5882,0.58815,0.58815,5
2026-03-17T17:47:00,0.5882,0.5882,0.58815,0.58815,10
2026-03-17T17:48:00,0.5882,0.58825,0.5882,0.58825,14
2026-03-17T17:49:00,0.5883,0.58835,0.58825,0.5883,22
2026-03-17T17:50:00,0.5883,0.58835,0.5883,0.5883,10
2026-03-17T17:51:00,0.58825,0.5883,0.58825,0.5883,12
2026-03-17T17:52:00,0.5884,0.58845,0.5884,0.5884,39
2026-03-17T17:53:00,0.58845,0.58845,0.58845,0.58845,12
2026-03-17T17:54:00,0.5885,0.58855,0.5885,0.5885,56
2026-03-17T17:55:00,0.5885,0.5885,0.58845,0.58845,24
2026-03-17T17:56:00,0.5885,0.5885,0.5885,0.5885,5
2026-03-17T17:57:00,0.58845,0.5885,0.58845,0.5885,4
2026-03-17T17:58:00,0.58845,0.58845,0.58845,0.58845,15
2026-03-17T17:59:00,0.58845,0.58845,0.5884,0.5884,62
2026-03-17T18:00:00,0.58845,0.5885,0.58845,0.58845,45
2026-03-17T18:01:00,0.58845,0.58845,0.5884,0.58845,20
2026-03-17T18:02:00,0.58845,0.5885,0.58845,0.5885,5
2026-03-17T18:03:00,0.5886,0.5886,0.5886,0.5886,4
2026-03-17T18:04:00,0.5886,0.58865,0.5886,0.58865,24
2026-03-17T18:05:00,0.5887,0.5887,0.58855,0.58855,33
2026-03-17T18:06:00,0.58855,0.5886,0.58855,0.5886,13
2026-03-17T18:07:00,0.5887,0.5887,0.58865,0.5887,14
2026-03-17T18:08:00,0.58865,0.5887,0.5886,0.5887,8
2026-03-17T18:09:00,0.58875,0.58875,0.5887,0.5887,4
2026-03-17T18:10:00,0.5887,0.58875,0.58865,0.58875,17
2026-03-17T18:11:00,0.58875,0.58875,0.5887,0.58875,3
2026-03-17T18:12:00,0.58875,0.5888,0.58875,0.58875,119
2026-03-17T18:13:00,0.5887,0.58875,0.58865,0.58865,20
2026-03-17T18:14:00,0.5887,0.58875,0.5887,0.5887,14
2026-03-17T18:15:00,0.58875,0.58875,0.5887,0.5887,12
2026-03-17T18:16:00,0.58865,0.5887,0.58865,0.5887,11
2026-03-17T18:17:00,0.5887,0.5887,0.58865,0.58865,8
2026-03-17T18:18:00,0.58865,0.58865,0.58865,0.58865,7
2026-03-17T18:19:00,0.5886,0.5886,0.5886,0.5886,36
2026-03-17T18:20:00,0.58855,0.58855,0.58855,0.58855,1
2026-03-17T18:21:00,0.58855,0.58855,0.58855,0.58855,8
2026-03-17T18:23:00,0.58855,0.58855,0.58845,0.58845,23
2026-03-17T18:24:00,0.58845,0.58845,0.58835,0.58835,9
2026-03-17T18:25:00,0.5883,0.5884,0.5883,0.5883,39
2026-03-17T18:26:00,0.5883,0.5883,0.5883,0.5883,1
2026-03-17T18:27:00,0.5884,0.5884,0.58825,0.58825,10
2026-03-17T18:28:00,0.58825,0.5883,0.58825,0.58825,15
2026-03-17T18:29:00,0.58825,0.58825,0.5882,0.5882,5
2026-03-17T18:30:00,0.58815,0.5882,0.58815,0.5882,4
2026-03-17T18:31:00,0.5882,0.5882,0.5882,0.5882,8
2026-03-17T18:32:00,0.5882,0.58825,0.5882,0.58825,5
2026-03-17T18:33:00,0.58825,0.58825,0.58825,0.58825,3
2026-03-17T18:34:00,0.5882,0.58825,0.5882,0.5882,26
2026-03-17T18:35:00,0.5882,0.5882,0.5882,0.5882,1
2026-03-17T18:36:00,0.58815,0.58825,0.58815,0.5882,30
2026-03-17T18:37:00,0.58815,0.58815,0.5881,0.5881,13
2026-03-17T18:39:00,0.5881,0.58815,0.5881,0.5881,36
2026-03-17T18:40:00,0.5881,0.58815,0.5881,0.5881,16
2026-03-17T18:41:00,0.58805,0.5881,0.58805,0.5881,10
2026-03-17T18:42:00,0.5881,0.5881,0.5881,0.5881,15
2026-03-17T18:43:00,0.5881,0.5881,0.58805,0.58805,31
2026-03-17T18:44:00,0.5881,0.5881,0.58805,0.5881,12
2026-03-17T18:45:00,0.58805,0.58805,0.58805,0.58805,12
2026-03-17T18:46:00,0.588,0.5882,0.588,0.5882,54
2026-03-17T18:47:00,0.5882,0.5882,0.5882,0.5882,24
2026-03-17T18:48:00,0.5882,0.5882,0.58815,0.58815,15
2026-03-17T18:49:00,0.58815,0.58815,0.5881,0.58815,9
2026-03-17T18:50:00,0.5881,0.5881,0.58805,0.58805,12
2026-03-17T18:51:00,0.588,0.5881,0.588,0.5881,21
2026-03-17T18:52:00,0.5881,0.5881,0.5881,0.5881,9
2026-03-17T18:53:00,0.5881,0.5881,0.5881,0.5881,27
2026-03-17T18:54:00,0.5881,0.58815,0.5881,0.58815,29
2026-03-17T18:55:00,0.5881,0.5881,0.58805,0.58805,38
2026-03-17T18:56:00,0.588,0.588,0.58795,0.58795,21
2026-03-17T18:57:00,0.588,0.588,0.58795,0.58795,21
2026-03-17T18:58:00,0.58795,0.588,0.58795,0.588,15
2026-03-17T18:59:00,0.588,0.588,0.58795,0.588,141
2026-03-17T19:00:00,0.58795,0.58795,0.58785,0.58785,110
2026-03-17T19:01:00,0.5879,0.58795,0.5879,0.58795,17
2026-03-17T19:02:00,0.58795,0.58795,0.58795,0.58795,8
2026-03-17T19:03:00,0.58785,0.58785,0.58785,0.58785,8
2026-03-17T19:04:00,0.58785,0.58785,0.5878,0.5878,13
2026-03-17T19:05:00,0.58785,0.5879,0.58785,0.5879,18
2026-03-17T19:06:00,0.5879,0.5879,0.58785,0.58785,15
2026-03-17T19:07:00,0.58785,0.58785,0.58785,0.58785,4
2026-03-17T19:08:00,0.5879,0.5879,0.5879,0.5879,8
2026-03-17T19:10:00,0.58785,0.5879,0.58785,0.5879,14
2026-03-17T19:11:00,0.5879,0.5879,0.5879,0.5879,9
2026-03-17T19:12:00,0.5879,0.5879,0.5879,0.5879,10
2026-03-17T19:13:00,0.5879,0.58795,0.5879,0.58795,9
2026-03-17T19:14:00,0.58795,0.58795,0.58795,0.58795,7
2026-03-17T19:15:00,0.58795,0.588,0.58795,0.588,15
2026-03-17T19:16:00,0.588,0.588,0.588,0.588,10
2026-03-17T19:17:00,0.588,0.588,0.588,0.588,1
2026-03-17T19:18:00,0.588,0.58805,0.588,0.58805,7
2026-03-17T19:19:00,0.58805,0.58805,0.58805,0.58805,6
2026-03-17T19:20:00,0.58805,0.58805,0.588,0.588,8
2026-03-17T19:21:00,0.588,0.588,0.588,0.588,2
2026-03-17T19:22:00,0.588,0.588,0.58795,0.58795,10
2026-03-17T19:23:00,0.58795,0.58795,0.58795,0.58795,2
2026-03-17T19:24:00,0.588,0.588,0.588,0.588,13
2026-03-17T19:25:00,0.588,0.588,0.58795,0.58795,6
2026-03-17T19:26:00,0.58795,0.58795,0.58795,0.58795,2
2026-03-17T19:27:00,0.58795,0.58795,0.58795,0.58795,4
2026-03-17T19:28:00,0.58795,0.58795,0.58785,0.58785,19
2026-03-17T19:30:00,0.58785,0.5879,0.58785,0.5879,5
2026-03-17T19:31:00,0.58785,0.58785,0.58785,0.58785,10
2026-03-17T19:32:00,0.5878,0.5878,0.5877,0.58775,72
2026-03-17T19:33:00,0.5877,0.5877,0.5877,0.5877,12
2026-03-17T19:34:00,0.5877,0.5877,0.58765,0.58765,38
2026-03-17T19:35:00,0.5877,0.58775,0.5877,0.58775,36
2026-03-17T19:36:00,0.5877,0.5877,0.5877,0.5877,3
2026-03-17T19:38:00,0.5877,0.5877,0.5877,0.5877,1
2026-03-17T19:39:00,0.58765,0.58765,0.58765,0.58765,20
2026-03-17T19:40:00,0.58765,0.58765,0.58765,0.58765,15
2026-03-17T19:41:00,0.58775,0.5878,0.58775,0.58775,37
2026-03-17T19:42:00,0.5877,0.5877,0.58765,0.58765,28
2026-03-17T19:43:00,0.5877,0.5877,0.58765,0.58765,32
2026-03-17T19:44:00,0.5876,0.58765,0.5876,0.58765,36
2026-03-17T19:45:00,0.5877,0.5877,0.5877,0.5877,6
2026-03-17T19:46:00,0.5877,0.5877,0.5877,0.5877,7
2026-03-17T19:47:00,0.5877,0.5877,0.58765,0.58765,6
2026-03-17T19:48:00,0.58765,0.58765,0.5876,0.58765,27
2026-03-17T19:49:00,0.5876,0.58765,0.5876,0.58765,29
2026-03-17T19:50:00,0.58765,0.58765,0.5876,0.5876,7
2026-03-17T19:51:00,0.5876,0.58765,0.58755,0.58765,56
2026-03-17T19:52:00,0.58765,0.58765,0.5876,0.5876,19
2026-03-17T19:53:00,0.5876,0.5876,0.58755,0.5876,38
2026-03-17T19:54:00,0.58755,0.58755,0.58755,0.58755,1
2026-03-17T19:55:00,0.5876,0.5876,0.5875,0.5875,35
2026-03-17T19:56:00,0.58755,0.58755,0.5875,0.5875,2
2026-03-17T19:57:00,0.5875,0.5875,0.58745,0.5875,26
2026-03-17T19:58:00,0.5875,0.5875,0.5875,0.5875,16
2026-03-17T19:59:00,0.5875,0.5876,0.5875,0.5876,47
2026-03-17T20:00:00,0.5876,0.5876,0.5876,0.5876,7
2026-03-17T20:01:00,0.58765,0.58765,0.5876,0.5876,22
2026-03-17T20:02:00,0.5876,0.5876,0.5876,0.5876,4
2026-03-17T20:03:00,0.58765,0.5877,0.58765,0.5877,7
2026-03-17T20:04:00,0.58775,0.58785,0.58775,0.58785,40
2026-03-17T20:05:00,0.58785,0.58785,0.58785,0.58785,7
2026-03-17T20:06:00,0.5878,0.5878,0.5878,0.5878,6
2026-03-17T20:07:00,0.5878,0.5878,0.5878,0.5878,5
2026-03-17T20:08:00,0.58775,0.58775,0.58775,0.58775,13
2026-03-17T20:09:00,0.58775,0.58775,0.58775,0.58775,9
2026-03-17T20:10:00,0.58775,0.58775,0.58775,0.58775,16
2026-03-17T20:11:00,0.58775,0.58775,0.58765,0.58765,15
2026-03-17T20:13:00,0.58765,0.5877,0.58765,0.5877,7
2026-03-17T20:15:00,0.5877,0.5877,0.5877,0.5877,7
2026-03-17T20:17:00,0.5877,0.5877,0.5877,0.5877,1
2026-03-17T20:23:00,0.5877,0.5877,0.5877,0.5877,58
2026-03-17T20:24:00,0.5877,0.5877,0.5877,0.5877,35
2026-03-17T20:25:00,0.5877,0.5877,0.5877,0.5877,2
2026-03-17T20:26:00,0.58765,0.58765,0.58765,0.58765,5
2026-03-17T20:27:00,0.58765,0.58765,0.5876,0.5876,6
2026-03-17T20:31:00,0.5877,0.5877,0.5877,0.5877,3
2026-03-17T20:32:00,0.58775,0.58775,0.58775,0.58775,17
2026-03-17T20:33:00,0.5878,0.5878,0.5878,0.5878,5
2026-03-17T20:34:00,0.5878,0.5878,0.5878,0.5878,3
2026-03-17T20:35:00,0.58785,0.58785,0.58785,0.58785,5
2026-03-17T20:36:00,0.58775,0.58775,0.58775,0.58775,1
2026-03-17T20:38:00,0.58775,0.58775,0.58775,0.58775,4
2026-03-17T20:40:00,0.5878,0.5878,0.5878,0.5878,4
2026-03-17T20:41:00,0.5878,0.5878,0.58775,0.58775,30
2026-03-17T20:42:00,0.5878,0.5878,0.5878,0.5878,6
2026-03-17T20:43:00,0.58785,0.58785,0.58785,0.58785,2
2026-03-17T20:44:00,0.5878,0.58785,0.58775,0.58775,13
2026-03-17T20:45:00,0.58775,0.58775,0.58775,0.58775,2
2026-03-17T20:46:00,0.5877,0.5877,0.5877,0.5877,1
2026-03-17T20:47:00,0.58775,0.58775,0.58775,0.58775,2
2026-03-17T20:50:00,0.5877,0.5877,0.5877,0.5877,2
2026-03-17T20:51:00,0.58775,0.58775,0.5877,0.5877,3
2026-03-17T20:55:00,0.5877,0.5877,0.5877,0.5877,4
2026-03-17T20:57:00,0.58775,0.5878,0.58775,0.58775,10
2026-03-17T20:58:00,0.58775,0.58775,0.58765,0.5877,29
2026-03-17T20:59:00,0.5877,0.58775,0.5877,0.5877,10
2026-03-17T22:00:00,0.5876,0.5876,0.5876,0.5876,5
2026-03-17T22:02:00,0.58765,0.58775,0.5876,0.5876,72
2026-03-17T22:03:00,0.58765,0.5877,0.58765,0.5877,6
2026-03-17T22:04:00,0.58765,0.58765,0.58765,0.58765,5
2026-03-17T22:05:00,0.58775,0.5878,0.5876,0.5877,93
2026-03-17T22:06:00,0.58775,0.58775,0.58775,0.58775,2
2026-03-17T22:07:00,0.5877,0.58775,0.58765,0.58775,7
2026-03-17T22:08:00,0.5878,0.5879,0.5878,0.5878,24
2026-03-17T22:09:00,0.58785,0.588,0.58785,0.58795,23
2026-03-17T22:10:00,0.58795,0.58795,0.58785,0.58785,16
2026-03-17T22:11:00,0.58785,0.58785,0.58775,0.58775,17
2026-03-17T22:12:00,0.58775,0.5879,0.58775,0.58785,47
2026-03-17T22:13:00,0.58795,0.58795,0.58795,0.58795,4
2026-03-17T22:14:00,0.588,0.58805,0.588,0.58805,10
2026-03-17T22:15:00,0.588,0.58805,0.588,0.58805,6
2026-03-17T22:16:00,0.588,0.588,0.588,0.588,16
2026-03-17T22:17:00,0.58805,0.58805,0.58805,0.58805,18
2026-03-17T22:19:00,0.58805,0.58805,0.58805,0.58805,1
2026-03-17T22:21:00,0.588,0.588,0.588,0.588,1
2026-03-17T22:23:00,0.588,0.588,0.588,0.588,1
2026-03-17T22:25:00,0.58795,0.58795,0.58795,0.58795,1
2026-03-17T22:26:00,0.588,0.588,0.588,0.588,1
2026-03-17T22:33:00,0.58795,0.58795,0.58795,0.58795,4
2026-03-17T22:35:00,0.588,0.588,0.588,0.588,3
2026-03-17T22:38:00,0.58795,0.58795,0.58795,0.58795,1
2026-03-17T22:41:00,0.58785,0.58785,0.58785,0.58785,1
2026-03-17T22:49:00,0.5878,0.5878,0.5878,0.5878,2
2026-03-17T22:50:00,0.5878,0.5878,0.5878,0.5878,2
2026-03-17T22:51:00,0.5878,0.5878,0.5878,0.5878,2
2026-03-17T22:53:00,0.58785,0.58785,0.58785,0.58785,3
2026-03-17T22:55:00,0.5878,0.5878,0.58775,0.58775,14
2026-03-17T22:56:00,0.58775,0.58775,0.58765,0.58765,22
2026-03-17T22:57:00,0.58765,0.58765,0.58765,0.58765,7
2026-03-17T22:58:00,0.5877,0.5877,0.5877,0.5877,2
2026-03-17T23:00:00,0.5878,0.5878,0.58775,0.58775,10
2026-03-17T23:01:00,0.58775,0.5878,0.58775,0.58775,27
2026-03-17T23:02:00,0.5877,0.5877,0.58755,0.58755,29
2026-03-17T23:03:00,0.5876,0.5876,0.5876,0.5876,11
2026-03-17T23:04:00,0.5876,0.5876,0.5876,0.5876,8
2026-03-17T23:06:00,0.5876,0.5876,0.5876,0.5876,3
2026-03-17T23:07:00,0.5876,0.5876,0.5876,0.5876,11
2026-03-17T23:10:00,0.58755,0.58755,0.58755,0.58755,55
2026-03-17T23:12:00,0.5875,0.5875,0.5875,0.5875,27
2026-03-17T23:14:00,0.5875,0.5875,0.5875,0.5875,3
2026-03-17T23:15:00,0.58745,0.58745,0.58745,0.58745,4
2026-03-17T23:16:00,0.58745,0.58745,0.58745,0.58745,1
2026-03-17T23:18:00,0.5875,0.58755,0.5875,0.58755,5
2026-03-17T23:19:00,0.58755,0.58755,0.58755,0.58755,3
2026-03-17T23:20:00,0.5876,0.58765,0.5876,0.58765,12
2026-03-17T23:21:00,0.58765,0.58765,0.58765,0.58765,12
2026-03-17T23:22:00,0.58765,0.58765,0.58765,0.58765,1
2026-03-17T23:23:00,0.5876,0.58765,0.5876,0.58765,9
2026-03-17T23:24:00,0.58765,0.5877,0.58765,0.5877,14
2026-03-17T23:26:00,0.5877,0.5877,0.5877,0.5877,1
2026-03-17T23:28:00,0.58765,0.58765,0.58765,0.58765,6
2026-03-17T23:30:00,0.58765,0.58765,0.58765,0.58765,1
2026-03-17T23:31:00,0.58765,0.58765,0.58765,0.58765,3
2026-03-17T23:32:00,0.58765,0.58765,0.58765,0.58765,2
2026-03-17T23:33:00,0.5877,0.5877,0.5877,0.5877,2
2026-03-17T23:34:00,0.5877,0.58775,0.5877,0.58775,5
2026-03-17T23:37:00,0.5878,0.5878,0.5878,0.5878,2
2026-03-17T23:38:00,0.5878,0.5878,0.5878,0.5878,3
2026-03-17T23:39:00,0.58775,0.58775,0.5877,0.58775,10
2026-03-17T23:41:00,0.58775,0.58785,0.58775,0.58785,7
2026-03-17T23:42:00,0.5878,0.5878,0.5878,0.5878,2
2026-03-17T23:43:00,0.5878,0.5878,0.5878,0.5878,4
2026-03-17T23:45:00,0.5878,0.5878,0.5878,0.5878,4
2026-03-17T23:46:00,0.58785,0.58785,0.58785,0.58785,2
2026-03-17T23:47:00,0.58785,0.58785,0.5878,0.5878,9
2026-03-17T23:48:00,0.5878,0.5878,0.5878,0.5878,2
2026-03-17T23:50:00,0.5879,0.5879,0.58785,0.58785,15
2026-03-17T23:51:00,0.5879,0.58795,0.5879,0.5879,6
2026-03-17T23:53:00,0.5879,0.5879,0.5879,0.5879,6
2026-03-17T23:54:00,0.58795,0.58795,0.58795,0.58795,3
2026-03-17T23:55:00,0.58795,0.58795,0.58795,0.58795,2
2026-03-17T23:56:00,0.5878,0.5878,0.5878,0.5878,3
2026-03-17T23:58:00,0.58775,0.58775,0.5877,0.5877,32
2026-03-17T23:59:00,0.5877,0.5877,0.5877,0.5877,9
2026-03-18T00:00:00,0.5877,0.58775,0.58765,0.58765,27
2026-03-18T00:01:00,0.58765,0.58785,0.58765,0.58785,13
2026-03-18T00:02:00,0.5878,0.5878,0.58775,0.58775,6
2026-03-18T00:03:00,0.58775,0.5878,0.58775,0.5878,7
2026-03-18T00:04:00,0.58785,0.58785,0.58785,0.58785,6
2026-03-18T00:05:00,0.5879,0.5879,0.5879,0.5879,6
2026-03-18T00:06:00,0.588,0.58805,0.588,0.58805,12
2026-03-18T00:07:00,0.58805,0.58805,0.58805,0.58805,4
2026-03-18T00:08:00,0.588,0.588,0.588,0.588,5
2026-03-18T00:09:00,0.58805,0.5881,0.58805,0.5881,20
2026-03-18T00:10:00,0.58815,0.58825,0.58815,0.5882,18
2026-03-18T00:11:00,0.58815,0.5882,0.58815,0.58815,14
2026-03-18T00:12:00,0.58815,0.58815,0.58815,0.58815,3
2026-03-18T00:13:00,0.58815,0.58815,0.58815,0.58815,2
2026-03-18T00:14:00,0.5881,0.5881,0.5881,0.5881,3
2026-03-18T00:15:00,0.58815,0.58815,0.5881,0.5881,4
2026-03-18T00:16:00,0.58805,0.5881,0.58805,0.5881,4
2026-03-18T00:17:00,0.58805,0.58805,0.58805,0.58805,4
2026-03-18T00:18:00,0.588,0.588,0.58795,0.58795,3
2026-03-18T00:19:00,0.58795,0.58795,0.58785,0.58785,19
2026-03-18T00:21:00,0.58785,0.58785,0.58785,0.58785,2
2026-03-18T00:24:00,0.58785,0.58785,0.58785,0.58785,2
2026-03-18T00:25:00,0.58785,0.5879,0.58785,0.5879,5
2026-03-18T00:26:00,0.5879,0.5879,0.5879,0.5879,1
2026-03-18T00:27:00,0.58785,0.58785,0.58785,0.58785,3
2026-03-18T00:29:00,0.58785,0.58785,0.5878,0.5878,5
2026-03-18T00:30:00,0.5878,0.5878,0.58765,0.58775,10
2026-03-18T00:31:00,0.5878,0.5878,0.5878,0.5878,1
2026-03-18T00:32:00,0.58765,0.58765,0.58755,0.5876,5
2026-03-18T00:33:00,0.58755,0.58755,0.58755,0.58755,4
2026-03-18T00:34:00,0.58755,0.58765,0.58755,0.58765,3
2026-03-18T00:35:00,0.58755,0.58755,0.5875,0.58755,6
2026-03-18T00:36:00,0.58755,0.58755,0.58755,0.58755,1
2026-03-18T00:40:00,0.58755,0.58755,0.5875,0.5875,4
2026-03-18T00:41:00,0.5875,0.5875,0.5874,0.5874,9
2026-03-18T00:42:00,0.5875,0.5875,0.58745,0.58745,5
2026-03-18T00:43:00,0.5875,0.5875,0.5875,0.5875,1
2026-03-18T00:44:00,0.5875,0.58755,0.5875,0.58755,4
2026-03-18T00:45:00,0.5876,0.5876,0.5876,0.5876,2
2026-03-18T00:46:00,0.5877,0.58775,0.5877,0.58775,4
2026-03-18T00:47:00,0.58775,0.58775,0.5877,0.5877,16
2026-03-18T00:49:00,0.58775,0.58775,0.58775,0.58775,13
2026-03-18T00:51:00,0.5877,0.5878,0.5877,0.5878,20
2026-03-18T00:52:00,0.5878,0.58785,0.5878,0.58785,6
2026-03-18T00:54:00,0.58775,0.58775,0.58775,0.58775,3
2026-03-18T00:55:00,0.58775,0.58775,0.5877,0.5877,12
2026-03-18T00:56:00,0.58775,0.58775,0.58775,0.58775,1
2026-03-18T00:57:00,0.5878,0.58785,0.5878,0.5878,16
2026-03-18T00:58:00,0.58775,0.5878,0.58775,0.58775,10
2026-03-18T00:59:00,0.5878,0.5878,0.58775,0.58775,29
2026-03-18T01:00:00,0.58785,0.58805,0.58785,0.58805,81
2026-03-18T01:01:00,0.58805,0.5883,0.58805,0.58825,158
2026-03-18T01:02:00,0.5883,0.5883,0.58825,0.5883,29
2026-03-18T01:03:00,0.5883,0.5884,0.5883,0.5884,16
2026-03-18T01:04:00,0.58845,0.58845,0.58845,0.58845,1
2026-03-18T01:05:00,0.5885,0.5885,0.58845,0.5885,6
2026-03-18T01:06:00,0.5885,0.5885,0.5885,0.5885,1
2026-03-18T01:07:00,0.58845,0.58845,0.58835,0.58835,14
2026-03-18T01:08:00,0.5884,0.5884,0.58835,0.58835,62
2026-03-18T01:09:00,0.58835,0.5884,0.58835,0.5884,11
2026-03-18T01:10:00,0.58845,0.58845,0.58845,0.58845,4
2026-03-18T01:11:00,0.58835,0.58835,0.5883,0.5883,3
2026-03-18T01:12:00,0.58825,0.58825,0.58825,0.58825,1
2026-03-18T01:13:00,0.5883,0.5883,0.5882,0.5882,6
2026-03-18T01:14:00,0.5882,0.5882,0.5882,0.5882,1
2026-03-18T01:15:00,0.58815,0.5882,0.5881,0.5881,19
2026-03-18T01:16:00,0.58815,0.58815,0.588,0.58805,12
2026-03-18T01:19:00,0.58815,0.58815,0.5881,0.5881,4
2026-03-18T01:21:00,0.5882,0.5882,0.5882,0.5882,4
2026-03-18T01:24:00,0.58815,0.58815,0.58815,0.58815,3
2026-03-18T01:27:00,0.58825,0.58825,0.58825,0.58825,2
2026-03-18T01:28:00,0.58825,0.58825,0.58825,0.58825,1
2026-03-18T01:29:00,0.5882,0.5882,0.5882,0.5882,4
2026-03-18T01:30:00,0.5882,0.5882,0.58815,0.58815,4
2026-03-18T01:31:00,0.58805,0.5881,0.58805,0.5881,13
2026-03-18T01:33:00,0.5881,0.58815,0.5881,0.58815,4
2026-03-18T01:34:00,0.5882,0.5882,0.5882,0.5882,5
2026-03-18T01:35:00,0.5882,0.5882,0.5882,0.5882,2
2026-03-18T01:36:00,0.58815,0.58815,0.58815,0.58815,1
2026-03-18T01:37:00,0.58815,0.58815,0.58815,0.58815,3
2026-03-18T01:39:00,0.5882,0.5882,0.58815,0.58815,4
2026-03-18T01:40:00,0.58815,0.58815,0.58815,0.58815,1
2026-03-18T01:41:00,0.5882,0.5882,0.5882,0.5882,1
2026-03-18T01:44:00,0.58805,0.58805,0.58805,0.58805,14
2026-03-18T01:45:00,0.58805,0.5881,0.58805,0.5881,4
2026-03-18T01:46:00,0.58805,0.58805,0.58805,0.58805,8
2026-03-18T01:47:00,0.588,0.588,0.588,0.588,6
2026-03-18T01:48:00,0.58795,0.58795,0.58795,0.58795,1
2026-03-18T01:49:00,0.588,0.588,0.5879,0.5879,14
2026-03-18T01:50:00,0.5879,0.58795,0.5879,0.5879,34
2026-03-18T01:51:00,0.58785,0.58785,0.58775,0.58775,5
2026-03-18T01:53:00,0.58785,0.5879,0.58785,0.5879,3
2026-03-18T01:55:00,0.5879,0.5879,0.5879,0.5879,2
2026-03-18T01:56:00,0.588,0.588,0.588,0.588,2
2026-03-18T01:57:00,0.588,0.588,0.588,0.588,3
2026-03-18T01:59:00,0.588,0.58805,0.588,0.58805,5
2026-03-18T02:00:00,0.5881,0.58815,0.5881,0.5881,4
2026-03-18T02:02:00,0.58815,0.58815,0.58805,0.58805,8
2026-03-18T02:03:00,0.58805,0.5881,0.58805,0.58805,6
2026-03-18T02:04:00,0.5879,0.5879,0.5879,0.5879,3
2026-03-18T02:05:00,0.5879,0.5879,0.5879,0.5879,3
2026-03-18T02:06:00,0.58795,0.58795,0.58785,0.58785,11
2026-03-18T02:07:00,0.58785,0.5879,0.58785,0.58785,3
2026-03-18T02:08:00,0.5878,0.58785,0.5878,0.58785,3
2026-03-18T02:09:00,0.58785,0.5879,0.58785,0.5879,6
2026-03-18T02:10:00,0.58785,0.58785,0.5877,0.5877,36
2026-03-18T02:12:00,0.58775,0.58775,0.5877,0.5877,4
2026-03-18T02:13:00,0.5877,0.5877,0.5877,0.5877,8
2026-03-18T02:14:00,0.5877,0.5877,0.5877,0.5877,3
2026-03-18T02:16:00,0.58765,0.58765,0.58765,0.58765,13
2026-03-18T02:17:00,0.58775,0.58785,0.58775,0.5878,5
2026-03-18T02:22:00,0.58795,0.588,0.58795,0.588,9
2026-03-18T02:24:00,0.588,0.588,0.588,0.588,1
2026-03-18T02:26:00,0.588,0.588,0.588,0.588,1
2026-03-18T02:29:00,0.58805,0.58805,0.58805,0.58805,4
2026-03-18T02:30:00,0.5881,0.5881,0.58805,0.5881,5
2026-03-18T02:32:00,0.5882,0.5882,0.5882,0.5882,1
2026-03-18T02:33:00,0.58815,0.58815,0.58815,0.58815,5
2026-03-18T02:34:00,0.5882,0.58825,0.5882,0.58825,16
2026-03-18T02:35:00,0.5882,0.58825,0.58815,0.58825,25
2026-03-18T02:36:00,0.58825,0.58825,0.58815,0.58815,7
2026-03-18T02:37:00,0.5881,0.5881,0.5881,0.5881,3
2026-03-18T02:39:00,0.588,0.588,0.588,0.588,2
2026-03-18T02:40:00,0.588,0.588,0.588,0.588,12
2026-03-18T02:42:00,0.588,0.588,0.588,0.588,4
2026-03-18T02:43:00,0.588,0.588,0.58795,0.58795,7
2026-03-18T02:44:00,0.588,0.588,0.5879,0.5879,29
2026-03-18T02:45:00,0.58795,0.58795,0.58795,0.58795,3
2026-03-18T02:46:00,0.58795,0.58795,0.5879,0.5879,19
2026-03-18T02:48:00,0.5879,0.5879,0.5878,0.5878,19
2026-03-18T02:49:00,0.58775,0.5878,0.58775,0.58775,40
2026-03-18T02:50:00,0.58775,0.58775,0.5877,0.58775,37
2026-03-18T02:51:00,0.5877,0.5877,0.5876,0.58765,40
2026-03-18T02:52:00,0.58765,0.58775,0.58765,0.5877,16
2026-03-18T02:53:00,0.58775,0.58775,0.5877,0.5877,7
2026-03-18T02:54:00,0.58775,0.58775,0.58775,0.58775,1
2026-03-18T02:56:00,0.5877,0.5877,0.5876,0.58765,6
2026-03-18T02:57:00,0.58755,0.58755,0.58745,0.58745,13
2026-03-18T02:58:00,0.5874,0.5874,0.58735,0.5874,34
2026-03-18T02:59:00,0.5874,0.5874,0.58735,0.58735,7
2026-03-18T03:00:00,0.58735,0.58735,0.58725,0.58725,82
2026-03-18T03:01:00,0.58735,0.58735,0.58735,0.58735,1
2026-03-18T03:02:00,0.5873,0.5873,0.5873,0.5873,4
2026-03-18T03:03:00,0.58735,0.58735,0.58735,0.58735,1
2026-03-18T03:04:00,0.5873,0.5873,0.58725,0.58725,8
2026-03-18T03:05:00,0.58725,0.58735,0.58725,0.58735,12
2026-03-18T03:06:00,0.5873,0.5873,0.5872,0.5872,3
2026-03-18T03:07:00,0.58725,0.58725,0.58725,0.58725,6
2026-03-18T03:08:00,0.58725,0.58725,0.58725,0.58725,1
2026-03-18T03:09:00,0.5873,0.5873,0.58725,0.58725,6
2026-03-18T03:10:00,0.5873,0.5873,0.5873,0.5873,12
2026-03-18T03:11:00,0.58735,0.5874,0.5873,0.5873,19
2026-03-18T03:12:00,0.5874,0.58745,0.5874,0.58745,2
2026-03-18T03:17:00,0.58735,0.58735,0.58735,0.58735,10
2026-03-18T03:18:00,0.58735,0.58735,0.58735,0.58735,1
2026-03-18T03:20:00,0.5874,0.5874,0.58735,0.58735,8
2026-03-18T03:21:00,0.58735,0.58735,0.58735,0.58735,14
2026-03-18T03:22:00,0.5874,0.58745,0.5874,0.58745,9
2026-03-18T03:24:00,0.5874,0.5874,0.58735,0.58735,5
2026-03-18T03:25:00,0.5874,0.5874,0.5874,0.5874,1
2026-03-18T03:26:00,0.58745,0.58745,0.58735,0.58735,3
2026-03-18T03:28:00,0.58735,0.58735,0.58735,0.58735,15
2026-03-18T03:31:00,0.58735,0.58735,0.58735,0.58735,1
2026-03-18T03:33:00,0.58745,0.58745,0.58745,0.58745,6
2026-03-18T03:35:00,0.5874,0.5874,0.58735,0.5874,4
2026-03-18T03:36:00,0.5874,0.5874,0.5874,0.5874,1
2026-03-18T03:37:00,0.5874,0.5874,0.5874,0.5874,6
2026-03-18T03:39:00,0.58735,0.58735,0.58735,0.58735,3
2026-03-18T03:40:00,0.5874,0.5874,0.5874,0.5874,6
2026-03-18T03:41:00,0.58745,0.58745,0.58745,0.58745,2
2026-03-18T03:42:00,0.58745,0.58745,0.58745,0.58745,1
2026-03-18T03:43:00,0.58745,0.58745,0.58745,0.58745,2
2026-03-18T03:44:00,0.5875,0.58755,0.5875,0.5875,17
2026-03-18T03:45:00,0.58755,0.58755,0.58755,0.58755,4
2026-03-18T03:46:00,0.5876,0.58765,0.5876,0.58765,4
2026-03-18T03:48:00,0.5877,0.58775,0.5877,0.58775,4
2026-03-18T03:49:00,0.58765,0.58765,0.58765,0.58765,4
2026-03-18T03:50:00,0.58765,0.58765,0.58765,0.58765,5
2026-03-18T03:51:00,0.5877,0.5877,0.5877,0.5877,7
2026-03-18T03:53:00,0.5877,0.5877,0.5877,0.5877,11
2026-03-18T03:54:00,0.5877,0.5877,0.58765,0.58765,6
2026-03-18T03:55:00,0.58765,0.58765,0.58765,0.58765,1
2026-03-18T03:56:00,0.5877,0.58775,0.5877,0.58775,7
2026-03-18T03:57:00,0.5878,0.58785,0.5878,0.5878,9
2026-03-18T04:00:00,0.58795,0.588,0.58795,0.58795,39
2026-03-18T04:02:00,0.58795,0.588,0.58795,0.588,9
2026-03-18T04:03:00,0.58805,0.58805,0.58795,0.58795,10
2026-03-18T04:04:00,0.58795,0.58795,0.58795,0.58795,4
2026-03-18T04:05:00,0.5879,0.5879,0.5879,0.5879,4
2026-03-18T04:06:00,0.58795,0.58795,0.5879,0.5879,2
2026-03-18T04:07:00,0.58785,0.58785,0.5878,0.5878,5
2026-03-18T04:08:00,0.58775,0.58775,0.58775,0.58775,3
2026-03-18T04:09:00,0.5877,0.58775,0.5876,0.58775,17
2026-03-18T04:11:00,0.58775,0.58775,0.58775,0.58775,1
2026-03-18T04:12:00,0.58775,0.58775,0.5877,0.5877,3
2026-03-18T04:13:00,0.58765,0.58765,0.5876,0.5876,7
2026-03-18T04:15:00,0.58775,0.58775,0.58775,0.58775,1
2026-03-18T04:16:00,0.58785,0.58785,0.58775,0.58775,5
2026-03-18T04:18:00,0.58775,0.58775,0.58775,0.58775,4
2026-03-18T04:21:00,0.5878,0.5878,0.5878,0.5878,1
2026-03-18T04:22:00,0.58785,0.58785,0.58785,0.58785,2
2026-03-18T04:23:00,0.5879,0.5879,0.5879,0.5879,3
2026-03-18T04:26:00,0.58795,0.58795,0.5879,0.5879,7
2026-03-18T04:27:00,0.58785,0.5879,0.5878,0.5879,6
2026-03-18T04:28:00,0.5879,0.588,0.5879,0.588,11
2026-03-18T04:29:00,0.588,0.58805,0.588,0.58805,8
2026-03-18T04:30:00,0.5881,0.58815,0.5881,0.58815,9
2026-03-18T04:31:00,0.58815,0.58815,0.58815,0.58815,1
2026-03-18T04:32:00,0.58815,0.58815,0.5881,0.5881,6
2026-03-18T04:33:00,0.58815,0.58815,0.5881,0.5881,4
2026-03-18T04:34:00,0.5881,0.58815,0.5881,0.58815,6
2026-03-18T04:35:00,0.5881,0.58815,0.5881,0.58815,2
2026-03-18T04:36:00,0.58815,0.58815,0.58815,0.58815,1
2026-03-18T04:37:00,0.5882,0.5882,0.58815,0.58815,3
2026-03-18T04:38:00,0.58815,0.58815,0.5881,0.5881,4
2026-03-18T04:39:00,0.58805,0.58805,0.58805,0.58805,4
2026-03-18T04:41:00,0.58795,0.58795,0.58795,0.58795,3
2026-03-18T04:42:00,0.58795,0.58795,0.58795,0.58795,1
2026-03-18T04:43:00,0.5879,0.58795,0.5879,0.58795,15
2026-03-18T04:44:00,0.58795,0.588,0.58795,0.58795,4
2026-03-18T04:46:00,0.58795,0.58795,0.5879,0.5879,3
2026-03-18T04:47:00,0.58795,0.58795,0.58795,0.58795,1
2026-03-18T04:49:00,0.58805,0.58805,0.58805,0.58805,4
2026-03-18T04:50:00,0.5882,0.5882,0.5882,0.5882,3
2026-03-18T04:51:00,0.5882,0.5882,0.5882,0.5882,1
2026-03-18T04:56:00,0.5881,0.5881,0.58805,0.58805,4
2026-03-18T04:57:00,0.58805,0.58805,0.58805,0.58805,3
2026-03-18T04:59:00,0.58805,0.58815,0.58805,0.58815,11
2026-03-18T05:00:00,0.58815,0.58815,0.58815,0.58815,7
2026-03-18T05:01:00,0.5882,0.5882,0.5882,0.5882,1
2026-03-18T05:02:00,0.58825,0.58825,0.58825,0.58825,5
2026-03-18T05:04:00,0.58825,0.58825,0.58825,0.58825,1
2026-03-18T05:05:00,0.58825,0.5883,0.58825,0.5883,3
2026-03-18T05:06:00,0.5883,0.5884,0.5883,0.5884,31
2026-03-18T05:07:00,0.5884,0.5884,0.5884,0.5884,7
2026-03-18T05:08:00,0.5883,0.58835,0.58825,0.58835,9
2026-03-18T05:10:00,0.58835,0.58845,0.58835,0.58845,5
2026-03-18T05:11:00,0.5884,0.58855,0.5884,0.5885,35
2026-03-18T05:12:00,0.58845,0.58845,0.5883,0.58835,15
2026-03-18T05:13:00,0.58835,0.5884,0.58835,0.5884,11
2026-03-18T05:14:00,0.58845,0.58845,0.58845,0.58845,2
2026-03-18T05:15:00,0.58845,0.58845,0.58845,0.58845,7
2026-03-18T05:16:00,0.5885,0.5885,0.58845,0.58845,2
2026-03-18T05:18:00,0.5884,0.5884,0.5884,0.5884,6
2026-03-18T05:19:00,0.5884,0.5884,0.5884,0.5884,8
2026-03-18T05:20:00,0.5883,0.5883,0.5883,0.5883,7
2026-03-18T05:21:00,0.5883,0.58835,0.5883,0.58835,2
2026-03-18T05:22:00,0.5884,0.5884,0.5884,0.5884,3
2026-03-18T05:26:00,0.58835,0.58835,0.58835,0.58835,2
2026-03-18T05:27:00,0.5882,0.5882,0.5882,0.5882,1
2026-03-18T05:33:00,0.58825,0.58825,0.58825,0.58825,1
2026-03-18T05:34:00,0.5883,0.5883,0.58825,0.58825,5
2026-03-18T05:35:00,0.5883,0.5883,0.5883,0.5883,5
2026-03-18T05:36:00,0.58835,0.58835,0.58835,0.58835,3
2026-03-18T05:37:00,0.5884,0.58845,0.58835,0.58845,16
2026-03-18T05:39:00,0.5884,0.5884,0.5884,0.5884,3
2026-03-18T05:40:00,0.58835,0.5884,0.58835,0.58835,9
2026-03-18T05:41:00,0.58835,0.5885,0.58835,0.5885,51
2026-03-18T05:42:00,0.58855,0.5886,0.58855,0.5886,11
2026-03-18T05:43:00,0.58865,0.58865,0.58855,0.58855,7
2026-03-18T05:44:00,0.5886,0.5886,0.58855,0.58855,11
2026-03-18T05:45:00,0.58855,0.58855,0.5885,0.5885,8
2026-03-18T05:46:00,0.5886,0.58865,0.58855,0.58855,8
2026-03-18T05:47:00,0.58855,0.58855,0.5885,0.58855,4
2026-03-18T05:48:00,0.58855,0.58855,0.58855,0.58855,4
2026-03-18T05:49:00,0.5886,0.5886,0.5886,0.5886,2
2026-03-18T05:50:00,0.58855,0.58855,0.58855,0.58855,4
2026-03-18T05:51:00,0.5886,0.5886,0.5886,0.5886,1
2026-03-18T05:54:00,0.58865,0.5887,0.5886,0.58865,17
2026-03-18T05:55:00,0.5886,0.5886,0.5886,0.5886,5
2026-03-18T05:56:00,0.5886,0.5886,0.5886,0.5886,1
2026-03-18T05:59:00,0.58865,0.58865,0.58865,0.58865,1
2026-03-18T06:00:00,0.58865,0.58865,0.5886,0.58865,36
2026-03-18T06:01:00,0.5887,0.5887,0.5887,0.5887,2
2026-03-18T06:02:00,0.58865,0.58875,0.5886,0.5887,82
2026-03-18T06:03:00,0.5887,0.5887,0.58865,0.58865,13
2026-03-18T06:04:00,0.5886,0.58865,0.5886,0.58865,10
2026-03-18T06:05:00,0.5887,0.58875,0.58865,0.58865,13
2026-03-18T06:06:00,0.5887,0.5887,0.5887,0.5887,5
2026-03-18T06:07:00,0.58875,0.58875,0.58875,0.58875,13
2026-03-18T06:08:00,0.5887,0.5889,0.5887,0.5889,118
2026-03-18T06:09:00,0.5889,0.58905,0.5889,0.589,190
2026-03-18T06:10:00,0.58905,0.5891,0.589,0.58905,32
2026-03-18T06:12:00,0.58905,0.58905,0.5889,0.5889,38
2026-03-18T06:13:00,0.5889,0.58895,0.5889,0.58895,14
2026-03-18T06:14:00,0.5889,0.58895,0.5889,0.5889,8
2026-03-18T06:15:00,0.58895,0.589,0.5889,0.589,26
2026-03-18T06:16:00,0.589,0.589,0.58895,0.58895,18
2026-03-18T06:17:00,0.589,0.589,0.589,0.589,10
2026-03-18T06:18:00,0.58905,0.58905,0.58905,0.58905,4
2026-03-18T06:19:00,0.589,0.5891,0.589,0.58905,30
2026-03-18T06:20:00,0.5891,0.5891,0.5891,0.5891,5
2026-03-18T06:21:00,0.5891,0.5891,0.589,0.589,7
2026-03-18T06:22:00,0.589,0.5891,0.589,0.5891,3
2026-03-18T06:23:00,0.589,0.589,0.589,0.589,1
2026-03-18T06:24:00,0.58905,0.58905,0.58905,0.58905,22
2026-03-18T06:25:00,0.5891,0.5891,0.58905,0.58905,5
2026-03-18T06:26:00,0.589,0.589,0.58895,0.58895,13
2026-03-18T06:27:00,0.58895,0.58905,0.58895,0.58905,49
2026-03-18T06:28:00,0.5891,0.5891,0.58905,0.58905,10
2026-03-18T06:29:00,0.58915,0.58915,0.58915,0.58915,5
2026-03-18T06:30:00,0.58915,0.58915,0.5891,0.5891,22
2026-03-18T06:31:00,0.58905,0.5891,0.589,0.589,24
2026-03-18T06:32:00,0.58905,0.58905,0.58885,0.58885,16
2026-03-18T06:33:00,0.5889,0.5889,0.58885,0.58885,3
2026-03-18T06:34:00,0.58885,0.58885,0.58875,0.5888,10
2026-03-18T06:35:00,0.58875,0.5888,0.58875,0.5888,3
2026-03-18T06:36:00,0.5888,0.5888,0.58875,0.5888,3
2026-03-18T06:37:00,0.58875,0.58875,0.5887,0.58875,6
2026-03-18T06:38:00,0.5887,0.5887,0.58865,0.58865,6
2026-03-18T06:39:00,0.5886,0.5886,0.5885,0.58855,11
2026-03-18T06:41:00,0.5886,0.5887,0.5886,0.58865,7
2026-03-18T06:42:00,0.5887,0.5887,0.58865,0.58865,2
2026-03-18T06:43:00,0.58865,0.58865,0.58865,0.58865,1
2026-03-18T06:44:00,0.5887,0.58875,0.5887,0.58875,6
2026-03-18T06:45:00,0.58875,0.58875,0.5887,0.5887,6
2026-03-18T06:47:00,0.58865,0.5887,0.58865,0.5887,10
2026-03-18T06:48:00,0.58865,0.58865,0.58865,0.58865,3
2026-03-18T06:49:00,0.5887,0.5887,0.58865,0.58865,25
2026-03-18T06:50:00,0.5886,0.5886,0.58855,0.58855,55
2026-03-18T06:51:00,0.58855,0.58855,0.58855,0.58855,4
2026-03-18T06:52:00,0.58855,0.58855,0.58855,0.58855,1
2026-03-18T06:54:00,0.58845,0.58845,0.58845,0.58845,1
2026-03-18T06:55:00,0.58855,0.58855,0.58855,0.58855,1
2026-03-18T06:56:00,0.58855,0.58855,0.58855,0.58855,1
2026-03-18T06:57:00,0.58855,0.58855,0.58855,0.58855,1
2026-03-18T06:59:00,0.5886,0.5886,0.5886,0.5886,3
2026-03-18T07:00:00,0.5886,0.58865,0.58855,0.58855,16
2026-03-18T07:01:00,0.5886,0.5886,0.5886,0.5886,2
2026-03-18T07:02:00,0.5887,0.5887,0.58865,0.58865,25
2026-03-18T07:03:00,0.58875,0.5888,0.5886,0.5886,22
2026-03-18T07:04:00,0.58865,0.58865,0.58865,0.58865,23
2026-03-18T07:05:00,0.58865,0.58865,0.58865,0.58865,4
2026-03-18T07:06:00,0.58855,0.58855,0.58855,0.58855,1
2026-03-18T07:07:00,0.5885,0.58855,0.5885,0.5885,16
2026-03-18T07:08:00,0.5885,0.5885,0.58845,0.5885,26
2026-03-18T07:09:00,0.5885,0.5886,0.5885,0.5885,25
2026-03-18T07:10:00,0.58845,0.58845,0.5882,0.5883,51
2026-03-18T07:11:00,0.5883,0.58835,0.5883,0.58835,5
2026-03-18T07:12:00,0.5883,0.5884,0.5883,0.5884,17
2026-03-18T07:13:00,0.5884,0.5884,0.5884,0.5884,1
2026-03-18T07:14:00,0.5884,0.5884,0.5884,0.5884,3
2026-03-18T07:15:00,0.58835,0.58835,0.58815,0.58815,12
2026-03-18T07:16:00,0.58825,0.58825,0.58825,0.58825,8
2026-03-18T07:17:00,0.5882,0.5882,0.5882,0.5882,18
2026-03-18T07:18:00,0.5882,0.5882,0.5882,0.5882,6
2026-03-18T07:20:00,0.5882,0.5882,0.58815,0.58815,2
2026-03-18T07:21:00,0.5882,0.5882,0.58815,0.5882,6
2026-03-18T07:22:00,0.58815,0.58825,0.58815,0.58815,9
2026-03-18T07:23:00,0.58815,0.58815,0.5881,0.5881,7
2026-03-18T07:25:00,0.5881,0.5881,0.588,0.588,32
2026-03-18T07:26:00,0.588,0.58805,0.58795,0.58795,13
2026-03-18T07:27:00,0.588,0.588,0.588,0.588,4
2026-03-18T07:28:00,0.58795,0.58795,0.5879,0.5879,24
2026-03-18T07:29:00,0.5879,0.58795,0.5879,0.5879,45
2026-03-18T07:30:00,0.5879,0.5879,0.58785,0.58785,11
2026-03-18T07:31:00,0.5879,0.5879,0.5879,0.5879,23
2026-03-18T07:32:00,0.58785,0.58785,0.58785,0.58785,6
2026-03-18T07:33:00,0.5878,0.58785,0.5877,0.5877,47
2026-03-18T07:34:00,0.58775,0.58775,0.5877,0.5877,8
2026-03-18T07:35:00,0.5877,0.5877,0.58765,0.5877,7
2026-03-18T07:36:00,0.58775,0.58775,0.58765,0.58765,16
2026-03-18T07:37:00,0.5876,0.5876,0.5876,0.5876,7
2026-03-18T07:38:00,0.58755,0.58775,0.58755,0.58775,17
2026-03-18T07:39:00,0.58775,0.5878,0.58775,0.5878,19
2026-03-18T07:41:00,0.5878,0.5878,0.58775,0.58775,2
2026-03-18T07:43:00,0.5878,0.5878,0.5878,0.5878,10
2026-03-18T07:44:00,0.58775,0.58785,0.58775,0.58785,19
2026-03-18T07:45:00,0.58775,0.58775,0.5877,0.5877,24
2026-03-18T07:46:00,0.58765,0.58765,0.58765,0.58765,2
2026-03-18T07:47:00,0.5875,0.58765,0.5875,0.58765,5
2026-03-18T07:48:00,0.5877,0.58775,0.5877,0.58775,20
2026-03-18T07:49:00,0.58775,0.58775,0.58765,0.58765,11
2026-03-18T07:50:00,0.5877,0.5877,0.5876,0.58765,5
2026-03-18T07:51:00,0.5877,0.5878,0.5877,0.5878,11
2026-03-18T07:52:00,0.5878,0.58785,0.5878,0.58785,4
2026-03-18T07:53:00,0.58785,0.58785,0.5878,0.5878,10
2026-03-18T07:54:00,0.5878,0.58785,0.5878,0.58785,17
2026-03-18T07:55:00,0.58775,0.58775,0.58775,0.58775,2
2026-03-18T07:56:00,0.58775,0.58775,0.58775,0.58775,4
2026-03-18T07:57:00,0.5878,0.5878,0.5878,0.5878,10
2026-03-18T07:58:00,0.58775,0.58775,0.5877,0.5877,7
2026-03-18T07:59:00,0.58765,0.5877,0.5876,0.5877,18
2026-03-18T08:00:00,0.5877,0.5877,0.5876,0.5876,22
2026-03-18T08:01:00,0.5877,0.5877,0.58765,0.58765,14
2026-03-18T08:02:00,0.5876,0.5876,0.5875,0.5875,32
2026-03-18T08:03:00,0.58755,0.5876,0.58755,0.5876,24
2026-03-18T08:04:00,0.58765,0.58765,0.58755,0.58765,27
2026-03-18T08:05:00,0.58755,0.58755,0.5875,0.58755,20
2026-03-18T08:06:00,0.58755,0.58755,0.5875,0.58755,15
2026-03-18T08:07:00,0.58765,0.58765,0.5875,0.5875,4
2026-03-18T08:08:00,0.5874,0.5874,0.58735,0.5874,16
2026-03-18T08:09:00,0.5874,0.5875,0.5874,0.58745,60
2026-03-18T08:10:00,0.58745,0.5876,0.58745,0.5876,30
2026-03-18T08:11:00,0.58755,0.58765,0.58755,0.58765,13
2026-03-18T08:12:00,0.58765,0.5877,0.58765,0.5877,13
2026-03-18T08:13:00,0.58765,0.58765,0.58755,0.58755,29
2026-03-18T08:14:00,0.5875,0.5876,0.5875,0.5876,2
2026-03-18T08:15:00,0.5876,0.5877,0.5876,0.5877,17
2026-03-18T08:16:00,0.58775,0.58775,0.5875,0.5875,13
2026-03-18T08:17:00,0.5875,0.5876,0.5875,0.5876,19
2026-03-18T08:18:00,0.5876,0.5876,0.5875,0.5875,15
2026-03-18T08:19:00,0.5875,0.58755,0.58745,0.58755,28
2026-03-18T08:20:00,0.58755,0.58755,0.58755,0.58755,16
2026-03-18T08:21:00,0.5875,0.5875,0.58745,0.58745,15
2026-03-18T08:22:00,0.58755,0.5876,0.5875,0.5876,28
2026-03-18T08:23:00,0.58755,0.58755,0.5875,0.5875,6
2026-03-18T08:24:00,0.5875,0.5875,0.5874,0.58745,16
2026-03-18T08:25:00,0.5874,0.5874,0.5872,0.5872,29
2026-03-18T08:26:00,0.58725,0.5873,0.58725,0.58725,23
2026-03-18T08:27:00,0.5873,0.58735,0.5873,0.58735,27
2026-03-18T08:28:00,0.5874,0.58745,0.5874,0.58745,30
2026-03-18T08:29:00,0.58735,0.58735,0.58735,0.58735,6
2026-03-18T08:30:00,0.58735,0.5874,0.58725,0.5874,34
2026-03-18T08:31:00,0.5874,0.5875,0.5874,0.5875,25
2026-03-18T08:32:00,0.58745,0.5875,0.58745,0.5875,15
2026-03-18T08:33:00,0.58755,0.5876,0.58755,0.58755,32
2026-03-18T08:34:00,0.5875,0.58755,0.5875,0.58755,28
2026-03-18T08:35:00,0.58755,0.5876,0.58755,0.5876,10
2026-03-18T08:36:00,0.58745,0.58745,0.58745,0.58745,5
2026-03-18T08:37:00,0.58745,0.5875,0.5874,0.5874,6
2026-03-18T08:38:00,0.5874,0.58755,0.58735,0.58755,15
2026-03-18T08:39:00,0.58755,0.58755,0.58755,0.58755,12
2026-03-18T08:40:00,0.58755,0.58755,0.58745,0.5875,13
2026-03-18T08:41:00,0.5875,0.58755,0.5875,0.58755,25
2026-03-18T08:42:00,0.5875,0.5876,0.5875,0.5876,18
2026-03-18T08:43:00,0.58765,0.58765,0.5876,0.5876,18
2026-03-18T08:44:00,0.5876,0.58765,0.5876,0.58765,59
2026-03-18T08:45:00,0.58765,0.58765,0.5876,0.5876,22
2026-03-18T08:46:00,0.58755,0.5876,0.58755,0.5876,19
2026-03-18T08:47:00,0.5876,0.5878,0.5876,0.5878,32
2026-03-18T08:48:00,0.5878,0.5878,0.5878,0.5878,4
2026-03-18T08:49:00,0.58775,0.58775,0.5877,0.5877,11
2026-03-18T08:50:00,0.58775,0.58775,0.58775,0.58775,4
2026-03-18T08:51:00,0.58785,0.58795,0.58785,0.5879,47
2026-03-18T08:52:00,0.58785,0.58795,0.58785,0.58795,10
2026-03-18T08:53:00,0.588,0.58805,0.58795,0.58795,27
2026-03-18T08:54:00,0.588,0.58805,0.58795,0.588,48
2026-03-18T08:55:00,0.588,0.5881,0.588,0.5881,7
2026-03-18T08:56:00,0.58805,0.5881,0.588,0.58805,14
2026-03-18T08:57:00,0.588,0.5881,0.588,0.5881,7
2026-03-18T08:58:00,0.5881,0.5881,0.58805,0.58805,7
2026-03-18T08:59:00,0.58805,0.58805,0.58805,0.58805,2
2026-03-18T09:00:00,0.58805,0.58805,0.58795,0.58795,29
2026-03-18T09:01:00,0.58795,0.58795,0.5879,0.5879,13
2026-03-18T09:02:00,0.5878,0.5878,0.5878,0.5878,6
2026-03-18T09:03:00,0.5878,0.58785,0.5878,0.5878,7
2026-03-18T09:04:00,0.58785,0.58795,0.58785,0.58795,16
2026-03-18T09:05:00,0.58785,0.58785,0.5878,0.5878,9
2026-03-18T09:06:00,0.5878,0.5878,0.58775,0.5878,13
2026-03-18T09:07:00,0.58785,0.58785,0.5878,0.5878,12
2026-03-18T09:08:00,0.58785,0.58785,0.5878,0.5878,14
2026-03-18T09:09:00,0.5879,0.58795,0.5879,0.58795,14
2026-03-18T09:10:00,0.5878,0.5878,0.5878,0.5878,8
2026-03-18T09:12:00,0.58785,0.58785,0.5877,0.5877,6
2026-03-18T09:13:00,0.5877,0.5877,0.5877,0.5877,3
2026-03-18T09:14:00,0.5876,0.5876,0.5876,0.5876,9
2026-03-18T09:15:00,0.5876,0.58765,0.5876,0.58765,11
2026-03-18T09:16:00,0.5877,0.5877,0.5876,0.5876,10
2026-03-18T09:17:00,0.5877,0.5877,0.58765,0.58765,3
2026-03-18T09:18:00,0.5877,0.5877,0.5877,0.5877,10
2026-03-18T09:19:00,0.58775,0.58785,0.58775,0.58785,25
2026-03-18T09:20:00,0.588,0.58805,0.588,0.58805,8
2026-03-18T09:21:00,0.5881,0.5881,0.58805,0.58805,14
2026-03-18T09:22:00,0.588,0.58805,0.58795,0.58805,29
2026-03-18T09:23:00,0.588,0.58805,0.588,0.588,18
2026-03-18T09:24:00,0.58805,0.58805,0.58805,0.58805,5
2026-03-18T09:25:00,0.5881,0.5882,0.5881,0.58815,11
2026-03-18T09:26:00,0.5881,0.5881,0.588,0.588,16
2026-03-18T09:27:00,0.58795,0.58795,0.58785,0.58785,19
2026-03-18T09:28:00,0.5879,0.58795,0.5879,0.58795,7
2026-03-18T09:29:00,0.58795,0.58805,0.58795,0.58805,24
2026-03-18T09:31:00,0.588,0.588,0.58795,0.58795,5
2026-03-18T09:32:00,0.588,0.588,0.588,0.588,1
2026-03-18T09:33:00,0.588,0.588,0.588,0.588,3
2026-03-18T09:34:00,0.588,0.58805,0.588,0.588,8
2026-03-18T09:36:00,0.5881,0.58815,0.5881,0.5881,7
2026-03-18T09:38:00,0.5881,0.58815,0.5881,0.58815,16
2026-03-18T09:39:00,0.5882,0.5882,0.58815,0.58815,33
2026-03-18T09:40:00,0.58815,0.58815,0.5881,0.5881,3
2026-03-18T09:41:00,0.58815,0.5882,0.58815,0.5882,13
2026-03-18T09:42:00,0.5882,0.58825,0.5882,0.58825,22
2026-03-18T09:43:00,0.58825,0.5883,0.58825,0.5883,3
2026-03-18T09:44:00,0.5883,0.5883,0.5882,0.58825,9
2026-03-18T09:45:00,0.58825,0.58825,0.58825,0.58825,6
2026-03-18T09:46:00,0.58825,0.58825,0.5882,0.5882,17
2026-03-18T09:47:00,0.5882,0.5882,0.58815,0.58815,2
2026-03-18T09:48:00,0.5881,0.58815,0.58805,0.58815,40
2026-03-18T09:49:00,0.58815,0.5882,0.58815,0.5882,17
2026-03-18T09:50:00,0.58825,0.5883,0.58825,0.5883,11
2026-03-18T09:51:00,0.5883,0.5883,0.5882,0.5882,6
2026-03-18T09:52:00,0.5882,0.5882,0.58815,0.58815,14
2026-03-18T09:53:00,0.58815,0.58815,0.58815,0.58815,17
2026-03-18T09:55:00,0.5882,0.58825,0.5882,0.5882,14
2026-03-18T09:56:00,0.5882,0.5882,0.5882,0.5882,2
2026-03-18T09:57:00,0.58825,0.58825,0.58825,0.58825,2
2026-03-18T09:58:00,0.58825,0.58825,0.58825,0.58825,2
2026-03-18T09:59:00,0.58825,0.58825,0.58825,0.58825,4
2026-03-18T10:00:00,0.58825,0.58825,0.58825,0.58825,4
2026-03-18T10:01:00,0.58825,0.58825,0.58815,0.5882,11
2026-03-18T10:03:00,0.58825,0.58825,0.5882,0.5882,3
2026-03-18T10:04:00,0.58815,0.5882,0.58815,0.58815,14
2026-03-18T10:06:00,0.5881,0.5881,0.58805,0.5881,24
2026-03-18T10:07:00,0.5882,0.58825,0.5882,0.5882,23
2026-03-18T10:08:00,0.5883,0.5883,0.5883,0.5883,1
2026-03-18T10:09:00,0.5883,0.5883,0.5883,0.5883,5
2026-03-18T10:10:00,0.5883,0.5883,0.5883,0.5883,5
2026-03-18T10:12:00,0.58825,0.58825,0.58825,0.58825,7
2026-03-18T10:13:00,0.58825,0.5883,0.58825,0.5883,22
2026-03-18T10:14:00,0.5882,0.5882,0.5882,0.5882,5
2026-03-18T10:15:00,0.5882,0.5882,0.58815,0.58815,4
2026-03-18T10:16:00,0.5882,0.5882,0.5881,0.5881,7
2026-03-18T10:17:00,0.58815,0.58815,0.5881,0.5881,8
2026-03-18T10:18:00,0.5881,0.5881,0.5881,0.5881,5
2026-03-18T10:19:00,0.5881,0.5881,0.5881,0.5881,1
2026-03-18T10:20:00,0.5881,0.5881,0.5881,0.5881,2
2026-03-18T10:21:00,0.5881,0.5881,0.58805,0.58805,4
2026-03-18T10:22:00,0.58805,0.58805,0.58805,0.58805,1
2026-03-18T10:23:00,0.588,0.588,0.588,0.588,15
2026-03-18T10:24:00,0.58795,0.58795,0.58795,0.58795,6
2026-03-18T10:25:00,0.58795,0.58795,0.58785,0.5879,17
2026-03-18T10:26:00,0.58785,0.58785,0.58785,0.58785,1
2026-03-18T10:27:00,0.5878,0.5879,0.5878,0.5879,54
2026-03-18T10:28:00,0.5879,0.5879,0.58785,0.58785,7
2026-03-18T10:30:00,0.5878,0.5878,0.5878,0.5878,5
2026-03-18T10:31:00,0.58775,0.5878,0.5877,0.58775,15
2026-03-18T10:32:00,0.58775,0.58775,0.5877,0.5877,6
2026-03-18T10:33:00,0.5877,0.58775,0.5877,0.58775,28
2026-03-18T10:34:00,0.5878,0.5878,0.5878,0.5878,14
2026-03-18T10:35:00,0.58775,0.58775,0.5877,0.58775,9
2026-03-18T10:36:00,0.58775,0.5878,0.5877,0.58775,17
2026-03-18T10:37:00,0.58775,0.58775,0.58775,0.58775,3
2026-03-18T10:38:00,0.58775,0.58775,0.58775,0.58775,3
2026-03-18T10:39:00,0.5878,0.5878,0.5878,0.5878,4
2026-03-18T10:40:00,0.5878,0.5878,0.58775,0.5878,13
2026-03-18T10:41:00,0.58775,0.58775,0.5877,0.5877,3
2026-03-18T10:42:00,0.58775,0.58775,0.58775,0.58775,1
2026-03-18T10:43:00,0.58775,0.58775,0.58775,0.58775,2
2026-03-18T10:44:00,0.58775,0.58785,0.58775,0.5878,15
2026-03-18T10:45:00,0.5878,0.58785,0.5878,0.58785,12
2026-03-18T10:46:00,0.5879,0.5879,0.5879,0.5879,20
2026-03-18T10:47:00,0.5878,0.58785,0.5878,0.58785,9
2026-03-18T10:48:00,0.5878,0.58785,0.58775,0.58775,20
2026-03-18T10:49:00,0.5878,0.5878,0.5878,0.5878,2
2026-03-18T10:51:00,0.58785,0.58785,0.58785,0.58785,2
2026-03-18T10:52:00,0.58775,0.58775,0.58775,0.58775,1
2026-03-18T10:53:00,0.5877,0.5877,0.5876,0.5876,13
2026-03-18T10:54:00,0.5876,0.58765,0.5876,0.58765,7
2026-03-18T10:56:00,0.5877,0.5877,0.5877,0.5877,9
2026-03-18T10:57:00,0.5877,0.5877,0.5877,0.5877,1
2026-03-18T11:00:00,0.58765,0.58765,0.58755,0.58755,53
2026-03-18T11:01:00,0.58765,0.5877,0.58755,0.5877,10
2026-03-18T11:02:00,0.5877,0.58775,0.5877,0.58775,20
2026-03-18T11:03:00,0.5878,0.5878,0.58775,0.58775,14
2026-03-18T11:04:00,0.5877,0.58775,0.5877,0.5877,20
2026-03-18T11:05:00,0.5877,0.58775,0.5877,0.58775,4
2026-03-18T11:06:00,0.58775,0.58775,0.5877,0.5877,13
2026-03-18T11:07:00,0.5877,0.5877,0.5877,0.5877,4
2026-03-18T11:08:00,0.58775,0.58775,0.5877,0.58775,28
2026-03-18T11:09:00,0.5878,0.5878,0.5878,0.5878,4
2026-03-18T11:10:00,0.58785,0.58795,0.58785,0.58795,17
2026-03-18T11:13:00,0.5879,0.58795,0.5879,0.5879,10
2026-03-18T11:14:00,0.588,0.588,0.588,0.588,4
2026-03-18T11:15:00,0.588,0.588,0.58795,0.58795,4
2026-03-18T11:16:00,0.588,0.5881,0.588,0.5881,6
2026-03-18T11:17:00,0.588,0.5881,0.588,0.5881,27
2026-03-18T11:18:00,0.58815,0.58815,0.5881,0.5881,11
2026-03-18T11:19:00,0.58815,0.58815,0.58815,0.58815,15
2026-03-18T11:20:00,0.58815,0.58815,0.58805,0.58805,20
2026-03-18T11:22:00,0.5881,0.5881,0.5881,0.5881,6
2026-03-18T11:23:00,0.58805,0.58805,0.58805,0.58805,2
2026-03-18T11:24:00,0.58805,0.58805,0.588,0.588,9
2026-03-18T11:25:00,0.58795,0.58795,0.58785,0.58785,39
2026-03-18T11:26:00,0.58785,0.5879,0.58735,0.5874,59
2026-03-18T11:27:00,0.5873,0.58735,0.5869,0.5871,140
2026-03-18T11:28:00,0.5871,0.58715,0.587,0.587,31
2026-03-18T11:29:00,0.58695,0.587,0.5868,0.5869,63
2026-03-18T11:30:00,0.58685,0.5871,0.5867,0.587,112
2026-03-18T11:31:00,0.58705,0.58725,0.58705,0.5872,51
2026-03-18T11:32:00,0.5872,0.5873,0.58715,0.5873,87
2026-03-18T11:33:00,0.5873,0.5873,0.58725,0.58725,35
2026-03-18T11:34:00,0.5873,0.5874,0.58715,0.5872,63
2026-03-18T11:35:00,0.58715,0.58715,0.5869,0.5869,25
2026-03-18T11:36:00,0.5869,0.58695,0.5868,0.5868,61
2026-03-18T11:37:00,0.5868,0.5868,0.5867,0.5868,47
2026-03-18T11:38:00,0.5868,0.58695,0.58675,0.58695,89
2026-03-18T11:39:00,0.58695,0.58695,0.5868,0.5868,34
2026-03-18T11:40:00,0.58675,0.58695,0.5867,0.58695,63
2026-03-18T11:41:00,0.58695,0.5871,0.5869,0.5871,86
2026-03-18T11:42:00,0.58715,0.58715,0.5871,0.5871,14
2026-03-18T11:43:00,0.58715,0.5873,0.58715,0.5873,60
2026-03-18T11:44:00,0.5872,0.5872,0.5871,0.58715,42
2026-03-18T11:45:00,0.58715,0.58715,0.5871,0.58715,24
2026-03-18T11:46:00,0.58715,0.58715,0.58695,0.587,42
2026-03-18T11:47:00,0.5869,0.58695,0.58685,0.5869,34
2026-03-18T11:48:00,0.58695,0.587,0.58685,0.58695,41
2026-03-18T11:49:00,0.587,0.5871,0.587,0.5871,29
2026-03-18T11:50:00,0.58715,0.58715,0.58705,0.58705,41
2026-03-18T11:51:00,0.5871,0.5873,0.5871,0.5873,61
2026-03-18T11:52:00,0.58735,0.5875,0.58735,0.5874,57
2026-03-18T11:53:00,0.5874,0.58745,0.58735,0.58745,50
2026-03-18T11:54:00,0.58745,0.58745,0.58735,0.58735,30
2026-03-18T11:55:00,0.5873,0.58745,0.5872,0.5873,117
2026-03-18T11:56:00,0.5873,0.5873,0.58725,0.5873,45
2026-03-18T11:57:00,0.5874,0.5874,0.5873,0.58735,18
2026-03-18T11:58:00,0.5874,0.58745,0.5873,0.58735,23
2026-03-18T11:59:00,0.5873,0.5873,0.5873,0.5873,4
2026-03-18T12:00:00,0.58725,0.58725,0.5872,0.58725,46
2026-03-18T12:01:00,0.5872,0.58725,0.58715,0.5872,16
2026-03-18T12:02:00,0.5872,0.58735,0.5872,0.58735,28
2026-03-18T12:03:00,0.58735,0.58735,0.58715,0.5872,48
2026-03-18T12:04:00,0.58725,0.58725,0.5871,0.5871,33
2026-03-18T12:05:00,0.5871,0.58715,0.58705,0.5871,11
2026-03-18T12:06:00,0.587,0.5871,0.587,0.5871,30
2026-03-18T12:07:00,0.58685,0.58685,0.58655,0.58655,57
2026-03-18T12:08:00,0.5865,0.5866,0.5863,0.5864,47
2026-03-18T12:09:00,0.5864,0.5864,0.5862,0.5862,23
2026-03-18T12:10:00,0.5862,0.5863,0.5862,0.5863,39
2026-03-18T12:11:00,0.5863,0.5864,0.5863,0.5864,51
2026-03-18T12:12:00,0.58635,0.58635,0.58615,0.58615,13
2026-03-18T12:13:00,0.5862,0.5862,0.586,0.58605,105
2026-03-18T12:14:00,0.586,0.5863,0.586,0.5863,29
2026-03-18T12:15:00,0.5862,0.5862,0.58615,0.5862,16
2026-03-18T12:16:00,0.586,0.586,0.5858,0.58585,190
2026-03-18T12:17:00,0.5858,0.58585,0.58575,0.58585,166
2026-03-18T12:18:00,0.5859,0.5859,0.5856,0.5856,15
2026-03-18T12:19:00,0.5856,0.5858,0.5856,0.58565,95
2026-03-18T12:20:00,0.5856,0.5859,0.5856,0.5857,80
2026-03-18T12:21:00,0.58575,0.5859,0.58575,0.58575,51
2026-03-18T12:22:00,0.5858,0.5858,0.5857,0.58575,71
2026-03-18T12:23:00,0.5857,0.5859,0.5856,0.5859,46
2026-03-18T12:24:00,0.58595,0.58595,0.58565,0.58565,23
2026-03-18T12:25:00,0.58565,0.5857,0.58545,0.58545,28
2026-03-18T12:26:00,0.58545,0.5855,0.58545,0.58545,29
2026-03-18T12:27:00,0.5855,0.58555,0.5855,0.5855,30
2026-03-18T12:28:00,0.58545,0.5855,0.58545,0.58545,9
2026-03-18T12:29:00,0.5855,0.58565,0.5855,0.58555,76
2026-03-18T12:30:00,0.58555,0.58555,0.58505,0.58525,270
2026-03-18T12:31:00,0.58525,0.58525,0.5851,0.5851,50
2026-03-18T12:32:00,0.58515,0.5852,0.58505,0.5852,41
2026-03-18T12:33:00,0.58525,0.58525,0.58515,0.5852,68
2026-03-18T12:34:00,0.5852,0.58535,0.5852,0.5853,56
2026-03-18T12:35:00,0.58535,0.5855,0.58535,0.5854,70
2026-03-18T12:36:00,0.5853,0.58545,0.58525,0.58545,62
2026-03-18T12:37:00,0.5855,0.5855,0.5852,0.58525,31
2026-03-18T12:38:00,0.5852,0.58535,0.58515,0.58535,36
2026-03-18T12:39:00,0.58545,0.58565,0.58545,0.5856,20
2026-03-18T12:40:00,0.58565,0.58575,0.5856,0.58565,30
2026-03-18T12:41:00,0.58565,0.58575,0.58565,0.5857,44
2026-03-18T12:42:00,0.5857,0.58575,0.58515,0.58515,313
2026-03-18T12:43:00,0.5852,0.58535,0.58485,0.5849,149
2026-03-18T12:44:00,0.5849,0.58505,0.5848,0.585,110
2026-03-18T12:45:00,0.585,0.58515,0.58495,0.585,123
2026-03-18T12:46:00,0.58495,0.585,0.5848,0.58495,99
2026-03-18T12:47:00,0.58485,0.58505,0.5848,0.58485,38
2026-03-18T12:48:00,0.5849,0.585,0.58465,0.58485,126
2026-03-18T12:49:00,0.5847,0.58485,0.58465,0.58465,49
2026-03-18T12:50:00,0.5846,0.5847,0.58445,0.58455,112
2026-03-18T12:51:00,0.58455,0.58485,0.58455,0.5848,110
2026-03-18T12:52:00,0.5848,0.5849,0.5848,0.5848,32
2026-03-18T12:53:00,0.58485,0.58485,0.58445,0.58445,52
2026-03-18T12:54:00,0.5845,0.5845,0.58425,0.58435,119
2026-03-18T12:55:00,0.58435,0.58475,0.5843,0.5847,239
2026-03-18T12:56:00,0.58465,0.5847,0.58455,0.5846,72
2026-03-18T12:57:00,0.5846,0.58465,0.58425,0.58425,60
2026-03-18T12:58:00,0.58425,0.58435,0.58405,0.5841,71
2026-03-18T12:59:00,0.58405,0.5842,0.584,0.5841,30
2026-03-18T13:00:00,0.58415,0.58425,0.58405,0.58405,109
2026-03-18T13:01:00,0.58405,0.5841,0.5839,0.5839,81
2026-03-18T13:02:00,0.58395,0.58425,0.58395,0.58415,48
2026-03-18T13:03:00,0.5841,0.58415,0.58395,0.5841,59
2026-03-18T13:04:00,0.58405,0.5842,0.58395,0.58395,36
2026-03-18T13:05:00,0.58395,0.584,0.5839,0.5839,21
2026-03-18T13:06:00,0.5839,0.5839,0.58365,0.5837,110
2026-03-18T13:07:00,0.5838,0.58415,0.5838,0.58415,47
2026-03-18T13:08:00,0.5841,0.5841,0.5838,0.5838,52
2026-03-18T13:09:00,0.58385,0.5839,0.58375,0.58375,26
2026-03-18T13:10:00,0.5837,0.5838,0.58365,0.58365,35
2026-03-18T13:11:00,0.5836,0.58385,0.58355,0.5838,43
2026-03-18T13:12:00,0.5837,0.5837,0.58345,0.5835,78
2026-03-18T13:13:00,0.58355,0.58375,0.58355,0.58365,102
2026-03-18T13:14:00,0.5836,0.58365,0.58355,0.5836,54
2026-03-18T13:15:00,0.5836,0.58365,0.58335,0.58335,96
2026-03-18T13:16:00,0.58335,0.58335,0.5832,0.58325,63
2026-03-18T13:17:00,0.58325,0.5836,0.58325,0.5836,48
2026-03-18T13:18:00,0.5835,0.58355,0.58345,0.5835,38
2026-03-18T13:19:00,0.58355,0.58385,0.58355,0.5838,39
2026-03-18T13:20:00,0.5837,0.58395,0.5837,0.5839,38
2026-03-18T13:21:00,0.5839,0.584,0.58385,0.5839,34
2026-03-18T13:22:00,0.5839,0.58395,0.5838,0.5838,45
2026-03-18T13:23:00,0.58375,0.5839,0.5837,0.5839,58
2026-03-18T13:24:00,0.5838,0.58385,0.58375,0.5838,17
2026-03-18T13:25:00,0.58385,0.584,0.58385,0.58395,33
2026-03-18T13:26:00,0.584,0.584,0.5839,0.5839,6
2026-03-18T13:27:00,0.5839,0.584,0.5839,0.584,15
2026-03-18T13:28:00,0.58395,0.58395,0.5839,0.5839,50
2026-03-18T13:29:00,0.5839,0.58405,0.5839,0.58405,18
2026-03-18T13:30:00,0.58405,0.58425,0.584,0.584,326
2026-03-18T13:31:00,0.58405,0.5841,0.58395,0.5841,61
2026-03-18T13:32:00,0.5841,0.58425,0.584,0.58415,49
2026-03-18T13:33:00,0.5841,0.5841,0.5839,0.5839,64
2026-03-18T13:34:00,0.58395,0.58405,0.58395,0.58405,73
2026-03-18T13:35:00,0.584,0.58425,0.584,0.58415,62
2026-03-18T13:36:00,0.5842,0.58425,0.58395,0.58415,57
2026-03-18T13:37:00,0.5842,0.5844,0.5842,0.5843,72
2026-03-18T13:38:00,0.5843,0.5846,0.58425,0.5846,172
2026-03-18T13:39:00,0.58445,0.58455,0.5844,0.5845,52
2026-03-18T13:40:00,0.5845,0.58455,0.5843,0.5843,53
2026-03-18T13:41:00,0.58445,0.58445,0.5842,0.5842,10
2026-03-18T13:42:00,0.5842,0.5844,0.5842,0.5844,59
2026-03-18T13:43:00,0.5844,0.5844,0.58405,0.58405,34
2026-03-18T13:44:00,0.58405,0.5841,0.58405,0.5841,14
2026-03-18T13:45:00,0.5843,0.58445,0.5843,0.58445,135
2026-03-18T13:46:00,0.5845,0.58475,0.5843,0.58475,150
2026-03-18T13:47:00,0.58475,0.58475,0.5846,0.58475,85
2026-03-18T13:48:00,0.5847,0.5847,0.5845,0.5845,30
2026-03-18T13:49:00,0.58445,0.58465,0.58445,0.5846,73
2026-03-18T13:50:00,0.5846,0.5846,0.58445,0.58445,29
2026-03-18T13:51:00,0.5844,0.58445,0.5843,0.58435,47
2026-03-18T13:52:00,0.5843,0.58455,0.5843,0.58455,16
2026-03-18T13:53:00,0.58445,0.5845,0.5844,0.5845,25
2026-03-18T13:54:00,0.5845,0.58455,0.58435,0.58455,33
2026-03-18T13:55:00,0.58455,0.5846,0.5845,0.58455,31
2026-03-18T13:56:00,0.58455,0.58455,0.5844,0.58445,24
2026-03-18T13:57:00,0.5845,0.58455,0.5844,0.5844,14
2026-03-18T13:58:00,0.58445,0.5847,0.58445,0.5847,10
2026-03-18T13:59:00,0.5847,0.58505,0.5847,0.5849,215
2026-03-18T14:00:00,0.58495,0.58495,0.58485,0.58485,58
2026-03-18T14:01:00,0.58485,0.58505,0.58485,0.58495,24
2026-03-18T14:02:00,0.58495,0.58505,0.58495,0.58495,252
2026-03-18T14:03:00,0.585,0.5852,0.585,0.58515,37
2026-03-18T14:04:00,0.5852,0.58545,0.5852,0.5854,104
2026-03-18T14:05:00,0.5853,0.5856,0.5853,0.58545,67
2026-03-18T14:06:00,0.5854,0.5854,0.5853,0.5854,67
2026-03-18T14:07:00,0.5853,0.5856,0.5853,0.5856,51
2026-03-18T14:08:00,0.58555,0.58565,0.58545,0.5856,62
2026-03-18T14:09:00,0.58555,0.58555,0.58535,0.58535,9
2026-03-18T14:10:00,0.5853,0.5853,0.58515,0.58515,161
2026-03-18T14:11:00,0.58515,0.5852,0.58495,0.58505,55
2026-03-18T14:12:00,0.58505,0.5851,0.58495,0.585,109
2026-03-18T14:13:00,0.58505,0.5851,0.5849,0.58495,193
2026-03-18T14:14:00,0.585,0.58515,0.585,0.5851,55
2026-03-18T14:15:00,0.5851,0.5853,0.5851,0.58525,76
2026-03-18T14:16:00,0.58515,0.5852,0.5851,0.5851,69
2026-03-18T14:17:00,0.58505,0.58515,0.58495,0.58515,41
2026-03-18T14:18:00,0.58515,0.58515,0.5851,0.58515,6
2026-03-18T14:19:00,0.5851,0.5852,0.5851,0.58515,32
2026-03-18T14:20:00,0.585,0.58505,0.58495,0.585,22
2026-03-18T14:21:00,0.585,0.58515,0.585,0.58505,15
2026-03-18T14:22:00,0.585,0.5852,0.585,0.58505,9
2026-03-18T14:23:00,0.58505,0.5851,0.58505,0.58505,41
2026-03-18T14:24:00,0.58505,0.58505,0.58495,0.585,27
2026-03-18T14:25:00,0.58505,0.58505,0.5848,0.5848,34
2026-03-18T14:26:00,0.5848,0.58485,0.5847,0.5847,260
2026-03-18T14:27:00,0.5847,0.5848,0.5847,0.58475,65
2026-03-18T14:28:00,0.5847,0.58475,0.5846,0.58475,109
2026-03-18T14:29:00,0.58475,0.5849,0.58475,0.58485,59
2026-03-18T14:30:00,0.58485,0.58495,0.5848,0.58485,76
2026-03-18T14:31:00,0.58495,0.58505,0.5849,0.58495,92
2026-03-18T14:32:00,0.58495,0.585,0.5849,0.5849,47
2026-03-18T14:33:00,0.5849,0.58515,0.5849,0.58515,37
2026-03-18T14:34:00,0.5851,0.5851,0.5849,0.58495,36
2026-03-18T14:35:00,0.5849,0.58505,0.5849,0.58495,25
2026-03-18T14:36:00,0.585,0.58505,0.58495,0.58505,37
2026-03-18T14:37:00,0.58505,0.5851,0.585,0.5851,69
2026-03-18T14:38:00,0.5851,0.5854,0.5851,0.58535,46
2026-03-18T14:39:00,0.58535,0.58535,0.58515,0.58515,37
2026-03-18T14:40:00,0.58515,0.58515,0.5851,0.5851,15
2026-03-18T14:41:00,0.5852,0.58525,0.58515,0.58515,74
2026-03-18T14:42:00,0.58515,0.58525,0.5851,0.58515,159
2026-03-18T14:43:00,0.58505,0.58505,0.58495,0.58505,17
2026-03-18T14:44:00,0.5851,0.5853,0.5851,0.5853,29
2026-03-18T14:45:00,0.58535,0.5855,0.58535,0.58545,16
2026-03-18T14:46:00,0.5854,0.58545,0.58535,0.58545,18
2026-03-18T14:47:00,0.58545,0.5855,0.5854,0.5855,22
2026-03-18T14:48:00,0.58545,0.5855,0.5854,0.5855,71
2026-03-18T14:49:00,0.58545,0.5855,0.5854,0.5855,382
2026-03-18T14:50:00,0.5855,0.5856,0.58545,0.58555,118
2026-03-18T14:51:00,0.5856,0.5857,0.5856,0.58565,236
2026-03-18T14:52:00,0.58565,0.5857,0.58535,0.58535,115
2026-03-18T14:53:00,0.58535,0.5855,0.58535,0.5854,26
2026-03-18T14:54:00,0.58545,0.5856,0.58545,0.5855,41
2026-03-18T14:55:00,0.5855,0.5856,0.5855,0.58555,21
2026-03-18T14:56:00,0.58565,0.58565,0.58555,0.58565,43
2026-03-18T14:57:00,0.5857,0.5858,0.58565,0.5857,30
2026-03-18T14:58:00,0.5857,0.58585,0.5857,0.58585,32
2026-03-18T14:59:00,0.5858,0.5861,0.5858,0.58605,109
2026-03-18T15:00:00,0.58605,0.58645,0.58605,0.58645,156
2026-03-18T15:01:00,0.58645,0.5865,0.58635,0.58635,152
2026-03-18T15:02:00,0.58635,0.58635,0.5861,0.58625,57
2026-03-18T15:03:00,0.58625,0.58645,0.5862,0.58645,32
2026-03-18T15:04:00,0.58645,0.5866,0.58645,0.5865,98
2026-03-18T15:05:00,0.5865,0.5867,0.58645,0.5867,12
2026-03-18T15:06:00,0.58665,0.58685,0.5866,0.58685,63
2026-03-18T15:07:00,0.58685,0.58695,0.5867,0.5868,85
2026-03-18T15:08:00,0.5868,0.5868,0.58665,0.58665,19
2026-03-18T15:09:00,0.5866,0.5867,0.5866,0.58665,33
2026-03-18T15:10:00,0.5866,0.5866,0.5864,0.5864,20
2026-03-18T15:11:00,0.58645,0.58655,0.5864,0.58655,38
2026-03-18T15:12:00,0.58645,0.58645,0.58635,0.5864,7
2026-03-18T15:13:00,0.5864,0.58645,0.58625,0.5864,101
2026-03-18T15:14:00,0.5864,0.58645,0.5864,0.5864,27
2026-03-18T15:15:00,0.58635,0.5864,0.58635,0.58635,14
2026-03-18T15:16:00,0.5864,0.5864,0.5863,0.5863,23
2026-03-18T15:17:00,0.58635,0.5864,0.58635,0.5864,11
2026-03-18T15:18:00,0.5864,0.58645,0.58615,0.58615,11
2026-03-18T15:19:00,0.58615,0.5862,0.5861,0.5862,31
2026-03-18T15:20:00,0.5862,0.5862,0.58605,0.5861,39
2026-03-18T15:21:00,0.5861,0.5861,0.58595,0.58605,46
2026-03-18T15:22:00,0.58605,0.58605,0.58585,0.586,42
2026-03-18T15:23:00,0.586,0.58625,0.586,0.58625,33
2026-03-18T15:24:00,0.58625,0.5863,0.5862,0.5863,32
2026-03-18T15:25:00,0.5863,0.58635,0.58625,0.5863,54
2026-03-18T15:26:00,0.5863,0.58645,0.5863,0.5864,40
2026-03-18T15:27:00,0.58635,0.58635,0.58635,0.58635,17
2026-03-18T15:28:00,0.5863,0.5863,0.58625,0.5863,36
2026-03-18T15:29:00,0.58625,0.5863,0.5862,0.5862,33
2026-03-18T15:30:00,0.58615,0.58635,0.58615,0.58625,22
2026-03-18T15:31:00,0.58625,0.58625,0.58615,0.5862,26
2026-03-18T15:32:00,0.5862,0.58635,0.5862,0.58635,16
2026-03-18T15:33:00,0.5864,0.58645,0.5863,0.58645,45
2026-03-18T15:34:00,0.58645,0.5865,0.5863,0.5863,69
2026-03-18T15:35:00,0.5863,0.5864,0.5863,0.5864,34
2026-03-18T15:36:00,0.58645,0.5865,0.58645,0.58645,16
2026-03-18T15:37:00,0.58645,0.58655,0.58645,0.58655,13
2026-03-18T15:38:00,0.5866,0.58665,0.58655,0.58665,10
2026-03-18T15:39:00,0.58665,0.58665,0.58655,0.5866,20
2026-03-18T15:40:00,0.5865,0.5865,0.58645,0.58645,11
2026-03-18T15:41:00,0.58655,0.58655,0.5863,0.5863,41
2026-03-18T15:42:00,0.58635,0.58635,0.5863,0.5863,13
2026-03-18T15:43:00,0.5864,0.58645,0.5864,0.58645,7
2026-03-18T15:44:00,0.5865,0.5865,0.5864,0.58645,18
2026-03-18T15:45:00,0.5864,0.5864,0.5864,0.5864,8
2026-03-18T15:46:00,0.58645,0.58645,0.5863,0.5863,12
2026-03-18T15:47:00,0.58635,0.5864,0.5863,0.5864,25
2026-03-18T15:48:00,0.58645,0.5865,0.58645,0.5865,4
2026-03-18T15:49:00,0.5863,0.5863,0.5862,0.5862,19
2026-03-18T15:50:00,0.58625,0.5863,0.58625,0.5863,8
2026-03-18T15:51:00,0.58625,0.58625,0.5862,0.5862,59
2026-03-18T15:52:00,0.5861,0.5863,0.5861,0.5862,46
2026-03-18T15:53:00,0.58625,0.58625,0.58615,0.58615,39
2026-03-18T15:54:00,0.5861,0.5861,0.586,0.5861,137
2026-03-18T15:55:00,0.5861,0.58615,0.586,0.586,139
2026-03-18T15:56:00,0.58605,0.5862,0.586,0.5861,29
2026-03-18T15:57:00,0.5861,0.58615,0.58585,0.58585,138
2026-03-18T15:58:00,0.58585,0.58585,0.58575,0.5858,272
2026-03-18T15:59:00,0.5858,0.58585,0.58575,0.5858,159
2026-03-18T16:00:00,0.5858,0.5858,0.5858,0.5858,136
2026-03-18T16:01:00,0.5858,0.58585,0.58575,0.5858,38
2026-03-18T16:02:00,0.5858,0.5859,0.5858,0.58585,46
2026-03-18T16:03:00,0.58595,0.58605,0.58595,0.58605,7
2026-03-18T16:04:00,0.5861,0.5861,0.5859,0.5859,55
2026-03-18T16:05:00,0.58585,0.58585,0.58585,0.58585,7
2026-03-18T16:06:00,0.58585,0.58585,0.5858,0.58585,57
2026-03-18T16:07:00,0.5859,0.58595,0.58585,0.58585,23
2026-03-18T16:08:00,0.58585,0.58595,0.58585,0.58585,35
2026-03-18T16:09:00,0.5859,0.58595,0.58585,0.5859,56
2026-03-18T16:10:00,0.58595,0.58595,0.5858,0.5859,19
2026-03-18T16:11:00,0.5859,0.5859,0.5859,0.5859,2
2026-03-18T16:12:00,0.586,0.58605,0.586,0.58605,4
2026-03-18T16:13:00,0.58605,0.5861,0.58605,0.5861,8
2026-03-18T16:14:00,0.5862,0.58625,0.5862,0.58625,18
2026-03-18T16:15:00,0.5862,0.5862,0.58595,0.58595,14
2026-03-18T16:16:00,0.5859,0.58595,0.5859,0.58595,24
2026-03-18T16:17:00,0.586,0.586,0.58595,0.58595,5
2026-03-18T16:18:00,0.586,0.58605,0.586,0.58605,8
2026-03-18T16:19:00,0.58605,0.58605,0.58605,0.58605,4
2026-03-18T16:20:00,0.5862,0.5863,0.5862,0.5863,10
2026-03-18T16:21:00,0.5863,0.5863,0.5863,0.5863,2
2026-03-18T16:22:00,0.5863,0.5863,0.58625,0.58625,2
2026-03-18T16:23:00,0.5864,0.58645,0.5864,0.58645,9
2026-03-18T16:25:00,0.58645,0.58645,0.5863,0.5863,31
2026-03-18T16:26:00,0.5863,0.58635,0.5863,0.58635,3
2026-03-18T16:27:00,0.5863,0.5863,0.58625,0.58625,5
2026-03-18T16:29:00,0.58635,0.5864,0.58635,0.58635,12
2026-03-18T16:30:00,0.58635,0.58635,0.58625,0.58625,5
2026-03-18T16:31:00,0.58625,0.58625,0.5862,0.5862,4
2026-03-18T16:32:00,0.5862,0.5862,0.5861,0.5862,14
2026-03-18T16:33:00,0.58615,0.58615,0.58605,0.58605,10
2026-03-18T16:34:00,0.5861,0.5861,0.5859,0.58595,30
2026-03-18T16:35:00,0.5858,0.5858,0.58565,0.58565,32
2026-03-18T16:36:00,0.58565,0.58575,0.58565,0.58575,6
2026-03-18T16:37:00,0.58575,0.5858,0.58575,0.5858,12
2026-03-18T16:38:00,0.58575,0.5858,0.5857,0.5858,5
2026-03-18T16:39:00,0.58585,0.58595,0.58585,0.5859,85
2026-03-18T16:41:00,0.58585,0.5859,0.58585,0.5859,3
2026-03-18T16:42:00,0.586,0.58605,0.58595,0.58595,10
2026-03-18T16:43:00,0.5859,0.58595,0.5859,0.58595,13
2026-03-18T16:44:00,0.58595,0.58595,0.58595,0.58595,4
2026-03-18T16:45:00,0.58585,0.5859,0.58585,0.5859,2
2026-03-18T16:46:00,0.5859,0.5859,0.5858,0.58585,32
2026-03-18T16:47:00,0.5858,0.5858,0.5858,0.5858,7
2026-03-18T16:48:00,0.5858,0.58585,0.58575,0.5858,15
2026-03-18T16:49:00,0.58575,0.58575,0.5857,0.5857,51
2026-03-18T16:50:00,0.5857,0.5857,0.5856,0.5856,14
2026-03-18T16:51:00,0.58575,0.58575,0.5857,0.5857,3
2026-03-18T16:52:00,0.58565,0.58585,0.58565,0.58585,16
2026-03-18T16:53:00,0.5859,0.58595,0.5859,0.58595,7
2026-03-18T16:54:00,0.58595,0.58595,0.5859,0.5859,3
2026-03-18T16:55:00,0.58595,0.58595,0.58595,0.58595,1
2026-03-18T16:56:00,0.5859,0.5859,0.58585,0.58585,23
2026-03-18T16:57:00,0.58595,0.58595,0.5858,0.5859,74
2026-03-18T16:58:00,0.58595,0.58595,0.58585,0.58595,70
2026-03-18T16:59:00,0.58595,0.58595,0.5859,0.5859,16
2026-03-18T17:00:00,0.58595,0.58595,0.58585,0.5859,20
2026-03-18T17:01:00,0.5858,0.5858,0.5857,0.5857,25
2026-03-18T17:02:00,0.58575,0.58575,0.5857,0.5857,12
2026-03-18T17:03:00,0.58575,0.5858,0.58575,0.5858,19
2026-03-18T17:04:00,0.58585,0.58585,0.58585,0.58585,17
2026-03-18T17:05:00,0.5858,0.5858,0.58565,0.58565,9
2026-03-18T17:06:00,0.5857,0.5857,0.58565,0.5857,14
2026-03-18T17:07:00,0.58575,0.58575,0.5857,0.5857,6
2026-03-18T17:08:00,0.58575,0.58575,0.5855,0.5855,2
2026-03-18T17:09:00,0.58555,0.58555,0.58555,0.58555,2
2026-03-18T17:10:00,0.58555,0.58555,0.58555,0.58555,7
2026-03-18T17:11:00,0.5855,0.5855,0.5853,0.5853,9
2026-03-18T17:12:00,0.5853,0.5854,0.5853,0.5854,8
2026-03-18T17:13:00,0.5854,0.5854,0.5854,0.5854,11
2026-03-18T17:14:00,0.58535,0.58535,0.58535,0.58535,2
2026-03-18T17:15:00,0.58525,0.58525,0.58525,0.58525,5
2026-03-18T17:16:00,0.58525,0.5853,0.58525,0.5853,16
2026-03-18T17:17:00,0.58535,0.58535,0.58535,0.58535,3
2026-03-18T17:19:00,0.5855,0.58565,0.5855,0.5856,11
2026-03-18T17:20:00,0.58555,0.58555,0.58555,0.58555,7
2026-03-18T17:21:00,0.5856,0.5856,0.5856,0.5856,6
2026-03-18T17:22:00,0.58555,0.58555,0.58555,0.58555,7
2026-03-18T17:23:00,0.58555,0.5856,0.58555,0.5856,6
2026-03-18T17:24:00,0.5856,0.5856,0.5856,0.5856,4
2026-03-18T17:25:00,0.5856,0.5856,0.5855,0.5855,18
2026-03-18T17:26:00,0.58555,0.58555,0.58555,0.58555,1
2026-03-18T17:27:00,0.5855,0.5855,0.5855,0.5855,13
2026-03-18T17:28:00,0.58555,0.58555,0.58545,0.5855,24
2026-03-18T17:29:00,0.5855,0.5855,0.58545,0.58545,13
2026-03-18T17:30:00,0.58545,0.58545,0.58535,0.58535,10
2026-03-18T17:31:00,0.5853,0.5853,0.58525,0.5853,32
2026-03-18T17:32:00,0.58535,0.58545,0.58535,0.5854,15
2026-03-18T17:33:00,0.5855,0.5855,0.5855,0.5855,5
2026-03-18T17:34:00,0.5856,0.5856,0.5856,0.5856,4
2026-03-18T17:35:00,0.5856,0.5857,0.5856,0.5857,8
2026-03-18T17:36:00,0.58565,0.58565,0.58565,0.58565,50
2026-03-18T17:37:00,0.5857,0.5857,0.58565,0.5857,12
2026-03-18T17:38:00,0.58565,0.5857,0.58565,0.5857,3
2026-03-18T17:39:00,0.5857,0.5857,0.5857,0.5857,4
2026-03-18T17:40:00,0.5857,0.5857,0.58565,0.58565,6
2026-03-18T17:41:00,0.58565,0.58565,0.58565,0.58565,1
2026-03-18T17:42:00,0.5856,0.5856,0.5855,0.58555,15
2026-03-18T17:43:00,0.5856,0.58565,0.5856,0.5856,20
2026-03-18T17:44:00,0.58565,0.5857,0.58565,0.58565,15
2026-03-18T17:45:00,0.58565,0.5858,0.58565,0.5858,11
2026-03-18T17:46:00,0.5858,0.5859,0.5858,0.5859,10
2026-03-18T17:47:00,0.58595,0.58595,0.58585,0.58595,14
2026-03-18T17:48:00,0.5859,0.5859,0.5859,0.5859,1
2026-03-18T17:49:00,0.5859,0.5859,0.58565,0.5857,24
2026-03-18T17:50:00,0.5857,0.58575,0.5857,0.5857,20
2026-03-18T17:51:00,0.58575,0.58585,0.5857,0.58585,23
2026-03-18T17:52:00,0.58585,0.58585,0.5858,0.5858,12
2026-03-18T17:53:00,0.58575,0.58575,0.5857,0.5857,14
2026-03-18T17:54:00,0.5858,0.5859,0.5858,0.5859,13
2026-03-18T17:55:00,0.5859,0.5859,0.5858,0.5859,27
2026-03-18T17:56:00,0.5859,0.5859,0.5858,0.58585,11
2026-03-18T17:57:00,0.58585,0.5859,0.5858,0.5858,16
2026-03-18T17:58:00,0.5858,0.5859,0.5858,0.5859,15
2026-03-18T17:59:00,0.58595,0.5861,0.58585,0.5861,89
2026-03-18T18:00:00,0.58605,0.58675,0.5858,0.58655,276
2026-03-18T18:01:00,0.5866,0.58675,0.5863,0.58645,222
2026-03-18T18:02:00,0.58645,0.58655,0.58625,0.58625,69
2026-03-18T18:03:00,0.5862,0.58645,0.58605,0.58635,79
2026-03-18T18:04:00,0.5864,0.5865,0.58635,0.58645,21
2026-03-18T18:05:00,0.58645,0.5865,0.5862,0.58625,99
2026-03-18T18:06:00,0.58615,0.58635,0.58615,0.58625,39
2026-03-18T18:07:00,0.58625,0.58635,0.58615,0.58615,52
2026-03-18T18:08:00,0.5862,0.5862,0.5861,0.58615,14
2026-03-18T18:09:00,0.58625,0.58625,0.5861,0.5861,21
2026-03-18T18:10:00,0.5861,0.5862,0.58595,0.58595,16
2026-03-18T18:11:00,0.58605,0.58615,0.586,0.586,21
2026-03-18T18:12:00,0.5861,0.5863,0.5861,0.5863,12
2026-03-18T18:13:00,0.58625,0.58625,0.5862,0.5862,2
2026-03-18T18:14:00,0.58625,0.58625,0.58605,0.58615,21
2026-03-18T18:15:00,0.58605,0.58605,0.58545,0.5855,180
2026-03-18T18:16:00,0.58555,0.58585,0.58555,0.58585,79
2026-03-18T18:17:00,0.5859,0.58605,0.58575,0.58575,40
2026-03-18T18:18:00,0.5857,0.5857,0.58555,0.58565,44
2026-03-18T18:19:00,0.58575,0.58575,0.58565,0.5857,12
2026-03-18T18:20:00,0.5857,0.58585,0.58565,0.58575,30
2026-03-18T18:21:00,0.5857,0.58575,0.5857,0.58575,6
2026-03-18T18:22:00,0.5857,0.58575,0.5857,0.5857,15
2026-03-18T18:23:00,0.5858,0.5858,0.5856,0.58565,36
2026-03-18T18:24:00,0.5857,0.5857,0.58555,0.58565,31
2026-03-18T18:25:00,0.5857,0.5857,0.58555,0.58565,37
2026-03-18T18:26:00,0.58565,0.58575,0.58565,0.58575,21
2026-03-18T18:27:00,0.58575,0.58575,0.5856,0.5856,8
2026-03-18T18:28:00,0.58575,0.5858,0.58575,0.5858,33
2026-03-18T18:29:00,0.58585,0.58585,0.58575,0.58575,10
2026-03-18T18:30:00,0.58575,0.58585,0.58565,0.5858,64
2026-03-18T18:31:00,0.5858,0.58585,0.58555,0.5856,51
2026-03-18T18:32:00,0.58555,0.58555,0.58525,0.58525,25
2026-03-18T18:33:00,0.58525,0.5853,0.5852,0.58525,32
2026-03-18T18:34:00,0.5853,0.5853,0.5849,0.5852,185
2026-03-18T18:35:00,0.58535,0.5856,0.5852,0.5854,197
2026-03-18T18:36:00,0.58555,0.58565,0.58525,0.5855,38
2026-03-18T18:37:00,0.5857,0.58585,0.5853,0.5853,136
2026-03-18T18:38:00,0.58525,0.5853,0.5848,0.5849,58
2026-03-18T18:39:00,0.585,0.5852,0.58485,0.5849,60
2026-03-18T18:40:00,0.5849,0.585,0.58475,0.585,36
2026-03-18T18:41:00,0.5849,0.58515,0.5849,0.58505,30
2026-03-18T18:42:00,0.585,0.5852,0.585,0.5851,24
2026-03-18T18:43:00,0.5852,0.5852,0.5849,0.5849,18
2026-03-18T18:44:00,0.58495,0.58495,0.5848,0.5848,94
2026-03-18T18:45:00,0.58475,0.58485,0.58465,0.58475,36
2026-03-18T18:46:00,0.5847,0.5847,0.58455,0.5846,39
2026-03-18T18:47:00,0.58465,0.5848,0.5846,0.58465,67
2026-03-18T18:48:00,0.5847,0.58475,0.58465,0.5847,16
2026-03-18T18:49:00,0.5847,0.5847,0.5846,0.5846,27
2026-03-18T18:50:00,0.5846,0.5846,0.5844,0.5844,29
2026-03-18T18:51:00,0.5844,0.58445,0.5843,0.58435,344
2026-03-18T18:52:00,0.58435,0.58435,0.584,0.584,58
2026-03-18T18:53:00,0.584,0.5842,0.584,0.58405,104
2026-03-18T18:54:00,0.58415,0.58415,0.5839,0.5839,125
2026-03-18T18:55:00,0.5839,0.5839,0.58365,0.58375,149
2026-03-18T18:56:00,0.5839,0.58395,0.58345,0.5835,306
2026-03-18T18:57:00,0.58355,0.5837,0.58355,0.5836,74
2026-03-18T18:58:00,0.58365,0.58365,0.5833,0.5835,461
2026-03-18T18:59:00,0.5835,0.58355,0.58325,0.58335,556
2026-03-18T19:00:00,0.58335,0.58345,0.58325,0.58345,217
2026-03-18T19:01:00,0.5835,0.5835,0.58335,0.5834,57
2026-03-18T19:02:00,0.58345,0.5836,0.58335,0.58355,101
2026-03-18T19:03:00,0.58355,0.58355,0.58345,0.5835,14
2026-03-18T19:04:00,0.5837,0.58385,0.5837,0.58385,35
2026-03-18T19:05:00,0.5838,0.5838,0.58375,0.58375,35
2026-03-18T19:06:00,0.58375,0.58385,0.5837,0.5838,14
2026-03-18T19:07:00,0.58365,0.5837,0.5835,0.58355,24
2026-03-18T19:08:00,0.58355,0.58375,0.5835,0.5835,103
2026-03-18T19:09:00,0.5835,0.5838,0.58345,0.5837,294
2026-03-18T19:10:00,0.58365,0.58365,0.58305,0.5831,163
2026-03-18T19:11:00,0.58315,0.5833,0.5829,0.58295,155
2026-03-18T19:12:00,0.58305,0.58315,0.58305,0.58305,72
2026-03-18T19:13:00,0.5831,0.5832,0.58305,0.58305,37
2026-03-18T19:14:00,0.58305,0.5831,0.583,0.5831,5
2026-03-18T19:15:00,0.5831,0.5832,0.5831,0.5832,22
2026-03-18T19:16:00,0.5832,0.5833,0.5831,0.5831,31
2026-03-18T19:17:00,0.58305,0.58315,0.58305,0.58305,20
2026-03-18T19:18:00,0.58305,0.58325,0.58305,0.58325,118
2026-03-18T19:19:00,0.58325,0.58325,0.58305,0.58305,15
2026-03-18T19:20:00,0.58305,0.58315,0.58305,0.5831,57
2026-03-18T19:21:00,0.58315,0.58315,0.583,0.58305,8
2026-03-18T19:22:00,0.58305,0.5832,0.58305,0.5831,13
2026-03-18T19:23:00,0.58295,0.58295,0.5827,0.58275,39
2026-03-18T19:24:00,0.58295,0.58295,0.5827,0.58275,63
2026-03-18T19:25:00,0.58275,0.5828,0.5827,0.58275,55
2026-03-18T19:26:00,0.5828,0.58285,0.5828,0.5828,24
2026-03-18T19:27:00,0.5828,0.5828,0.58275,0.5828,9
2026-03-18T19:28:00,0.5828,0.58295,0.5828,0.58295,16
2026-03-18T19:29:00,0.58295,0.583,0.58285,0.58285,10
2026-03-18T19:30:00,0.58285,0.58295,0.5828,0.58295,30
2026-03-18T19:31:00,0.58295,0.58295,0.5829,0.5829,12
2026-03-18T19:32:00,0.58295,0.5832,0.58295,0.5832,61
2026-03-18T19:33:00,0.5832,0.58325,0.58315,0.58315,39
2026-03-18T19:34:00,0.5831,0.58325,0.5831,0.58325,17
2026-03-18T19:35:00,0.5833,0.5833,0.5832,0.5832,7
2026-03-18T19:36:00,0.5832,0.5832,0.5831,0.5831,6
2026-03-18T19:37:00,0.58315,0.58325,0.58315,0.5832,19
2026-03-18T19:38:00,0.5832,0.5832,0.58315,0.58315,12
2026-03-18T19:39:00,0.58315,0.58315,0.58315,0.58315,14
2026-03-18T19:40:00,0.58315,0.58315,0.5831,0.58315,32
2026-03-18T19:41:00,0.58315,0.58315,0.58305,0.58305,30
2026-03-18T19:42:00,0.5831,0.5831,0.58305,0.5831,14
2026-03-18T19:43:00,0.5831,0.5831,0.58295,0.58295,38
2026-03-18T19:44:00,0.583,0.583,0.5829,0.583,95
2026-03-18T19:45:00,0.58295,0.58295,0.58285,0.58285,17
2026-03-18T19:46:00,0.5829,0.5829,0.5827,0.58275,52
2026-03-18T19:47:00,0.58275,0.58275,0.58265,0.5827,48
2026-03-18T19:48:00,0.58275,0.5828,0.58275,0.58275,15
2026-03-18T19:49:00,0.5828,0.58285,0.58275,0.58275,11
2026-03-18T19:50:00,0.5828,0.5828,0.5827,0.58275,18
2026-03-18T19:51:00,0.5827,0.5827,0.5826,0.5826,104
2026-03-18T19:52:00,0.5826,0.58275,0.5826,0.5826,69
2026-03-18T19:53:00,0.58265,0.5828,0.5826,0.5828,34
2026-03-18T19:54:00,0.5827,0.5827,0.5826,0.5826,28
2026-03-18T19:55:00,0.5826,0.5826,0.5825,0.5826,65
2026-03-18T19:56:00,0.5826,0.5826,0.5825,0.58255,9
2026-03-18T19:57:00,0.58255,0.58255,0.58255,0.58255,35
2026-03-18T19:58:00,0.58255,0.58255,0.5825,0.5825,13
2026-03-18T19:59:00,0.5825,0.5825,0.5824,0.58245,42
2026-03-18T20:00:00,0.5824,0.5824,0.58225,0.58225,73
2026-03-18T20:01:00,0.58225,0.58225,0.5822,0.5822,68
2026-03-18T20:02:00,0.5823,0.58235,0.5823,0.58235,31
2026-03-18T20:03:00,0.5823,0.5823,0.5823,0.5823,15
2026-03-18T20:04:00,0.58235,0.58235,0.58225,0.58225,21
2026-03-18T20:05:00,0.58225,0.58225,0.58215,0.58215,20
2026-03-18T20:06:00,0.5821,0.58215,0.5821,0.58215,3
2026-03-18T20:07:00,0.58215,0.58215,0.5821,0.58215,7
2026-03-18T20:08:00,0.58215,0.58225,0.5821,0.58225,52
2026-03-18T20:09:00,0.5823,0.5823,0.58225,0.58225,6
2026-03-18T20:10:00,0.5822,0.58225,0.5822,0.5822,8
2026-03-18T20:11:00,0.5822,0.5822,0.58195,0.58195,17
2026-03-18T20:12:00,0.5819,0.5819,0.58185,0.58185,25
2026-03-18T20:13:00,0.58185,0.5819,0.58185,0.5819,5
2026-03-18T20:14:00,0.58195,0.582,0.58185,0.58185,9
2026-03-18T20:15:00,0.58185,0.58185,0.58175,0.5818,26
2026-03-18T20:16:00,0.5818,0.5818,0.58175,0.58175,19
2026-03-18T20:17:00,0.5817,0.58175,0.58165,0.58175,23
2026-03-18T20:18:00,0.58175,0.58175,0.5817,0.5817,6
2026-03-18T20:19:00,0.58165,0.5817,0.58165,0.5817,2
2026-03-18T20:20:00,0.58155,0.58155,0.58155,0.58155,3
2026-03-18T20:21:00,0.5817,0.5817,0.5817,0.5817,5
2026-03-18T20:22:00,0.5816,0.5816,0.58155,0.58155,5
2026-03-18T20:23:00,0.58155,0.58155,0.58145,0.58145,5
2026-03-18T20:24:00,0.5814,0.5814,0.581,0.581,477
2026-03-18T20:25:00,0.581,0.58105,0.5809,0.5809,176
2026-03-18T20:26:00,0.5809,0.5809,0.58075,0.58085,80
2026-03-18T20:27:00,0.58095,0.58095,0.5808,0.58095,24
2026-03-18T20:28:00,0.58095,0.5811,0.5809,0.58095,24
2026-03-18T20:29:00,0.58105,0.58105,0.58095,0.58095,26
2026-03-18T20:30:00,0.581,0.5811,0.581,0.5811,24
2026-03-18T20:31:00,0.58105,0.58105,0.581,0.58105,19
2026-03-18T20:32:00,0.581,0.581,0.581,0.581,1
2026-03-18T20:34:00,0.581,0.581,0.581,0.581,2
2026-03-18T20:35:00,0.58095,0.58105,0.58095,0.58105,11
2026-03-18T20:36:00,0.581,0.581,0.581,0.581,5
2026-03-18T20:37:00,0.581,0.581,0.581,0.581,1
2026-03-18T20:38:00,0.581,0.5811,0.581,0.58105,17
2026-03-18T20:39:00,0.581,0.581,0.581,0.581,8
2026-03-18T20:40:00,0.58105,0.5811,0.58105,0.58105,8
2026-03-18T20:41:00,0.5811,0.5811,0.5811,0.5811,4
2026-03-18T20:42:00,0.58115,0.58115,0.58115,0.58115,5
2026-03-18T20:43:00,0.5811,0.5811,0.5811,0.5811,2
2026-03-18T20:44:00,0.58115,0.58115,0.58115,0.58115,1
2026-03-18T20:45:00,0.5812,0.58125,0.5812,0.58125,3
2026-03-18T20:46:00,0.58125,0.5814,0.58125,0.5814,59
2026-03-18T20:47:00,0.5814,0.5814,0.58135,0.58135,30
2026-03-18T20:48:00,0.58135,0.58135,0.5813,0.5813,2
2026-03-18T20:49:00,0.58135,0.58135,0.58135,0.58135,3
2026-03-18T20:50:00,0.58135,0.58135,0.5813,0.5813,11
2026-03-18T20:51:00,0.58125,0.58125,0.5812,0.5812,10
2026-03-18T20:52:00,0.5813,0.5813,0.58125,0.58125,5
2026-03-18T20:53:00,0.58125,0.58125,0.58115,0.58115,15
2026-03-18T20:54:00,0.5812,0.5814,0.5812,0.5814,65
2026-03-18T20:55:00,0.58125,0.58135,0.58125,0.58135,28
2026-03-18T20:56:00,0.58135,0.58135,0.58135,0.58135,10
2026-03-18T20:57:00,0.5813,0.5813,0.58125,0.58125,7
2026-03-18T20:58:00,0.5813,0.58135,0.5813,0.58135,8
2026-03-18T20:59:00,0.58135,0.5814,0.5813,0.5813,17
2026-03-18T22:00:00,0.5814,0.58165,0.5812,0.58135,165
2026-03-18T22:01:00,0.58125,0.58125,0.5811,0.58115,109
2026-03-18T22:02:00,0.5811,0.58115,0.581,0.58105,66
2026-03-18T22:03:00,0.5811,0.5811,0.58095,0.58095,97
2026-03-18T22:04:00,0.581,0.581,0.5807,0.58075,243
2026-03-18T22:05:00,0.58075,0.58075,0.58065,0.58065,75
2026-03-18T22:06:00,0.5807,0.581,0.5807,0.5809,134
2026-03-18T22:07:00,0.58095,0.58095,0.58085,0.58085,16
2026-03-18T22:08:00,0.58075,0.58075,0.5807,0.5807,13
2026-03-18T22:09:00,0.58075,0.58075,0.58075,0.58075,24
2026-03-18T22:10:00,0.5807,0.5807,0.58065,0.58065,9
2026-03-18T22:11:00,0.58065,0.58065,0.58065,0.58065,31
2026-03-18T22:12:00,0.58065,0.5807,0.58055,0.58055,28
2026-03-18T22:13:00,0.58055,0.58055,0.58055,0.58055,10
2026-03-18T22:14:00,0.58055,0.58055,0.5805,0.58055,21
2026-03-18T22:15:00,0.58045,0.58055,0.58035,0.58055,35
2026-03-18T22:16:00,0.5805,0.5805,0.5805,0.5805,9
2026-03-18T22:17:00,0.58055,0.58055,0.58055,0.58055,12
2026-03-18T22:18:00,0.58055,0.58055,0.58055,0.58055,6
2026-03-18T22:19:00,0.5806,0.5806,0.5805,0.58055,74
2026-03-18T22:20:00,0.58065,0.58065,0.58055,0.58055,26
2026-03-18T22:21:00,0.5805,0.5805,0.5804,0.5804,16
2026-03-18T22:23:00,0.58045,0.5805,0.5804,0.5804,73
2026-03-18T22:26:00,0.58045,0.5805,0.58045,0.5805,17
2026-03-18T22:27:00,0.5805,0.5805,0.5805,0.5805,3
2026-03-18T22:28:00,0.58045,0.58065,0.58045,0.58065,13
2026-03-18T22:29:00,0.5806,0.5807,0.5806,0.5806,83
2026-03-18T22:30:00,0.58045,0.58055,0.58045,0.58055,44
2026-03-18T22:31:00,0.5805,0.5805,0.58045,0.58045,53
2026-03-18T22:32:00,0.5804,0.5804,0.5804,0.5804,21
2026-03-18T22:33:00,0.5804,0.58045,0.5804,0.58045,14
2026-03-18T22:34:00,0.58045,0.58045,0.58045,0.58045,11
2026-03-18T22:35:00,0.5805,0.5805,0.58045,0.5805,13
2026-03-18T22:36:00,0.58055,0.58055,0.5805,0.58055,9
2026-03-18T22:37:00,0.58045,0.58055,0.58045,0.5805,18
2026-03-18T22:38:00,0.58045,0.58045,0.58045,0.58045,3
2026-03-18T22:39:00,0.5805,0.5806,0.5805,0.5806,6
2026-03-18T22:40:00,0.5806,0.5806,0.5806,0.5806,13
2026-03-18T22:41:00,0.5805,0.5806,0.5805,0.5806,8
2026-03-18T22:42:00,0.5806,0.58065,0.58055,0.5806,8
2026-03-18T22:43:00,0.58065,0.58065,0.58065,0.58065,8
2026-03-18T22:44:00,0.5807,0.5807,0.5807,0.5807,16
2026-03-18T22:45:00,0.58065,0.5807,0.58065,0.5807,4
2026-03-18T22:46:00,0.5807,0.5807,0.5806,0.5806,73
2026-03-18T22:47:00,0.5806,0.58065,0.5806,0.5806,10
2026-03-18T22:48:00,0.58065,0.58075,0.58065,0.58065,21
2026-03-18T22:49:00,0.5807,0.5807,0.5807,0.5807,1
2026-03-18T22:50:00,0.5807,0.58075,0.5807,0.58075,4
2026-03-18T22:51:00,0.58075,0.58075,0.58075,0.58075,5
2026-03-18T22:52:00,0.5808,0.5808,0.58075,0.58075,5
2026-03-18T22:54:00,0.58075,0.58075,0.58075,0.58075,9
2026-03-18T22:56:00,0.58075,0.58075,0.5807,0.5807,8
2026-03-18T22:57:00,0.5807,0.5808,0.58065,0.5808,34
2026-03-18T22:59:00,0.58075,0.58075,0.5807,0.5807,16
2026-03-18T23:00:00,0.58065,0.58065,0.58055,0.58055,36
2026-03-18T23:01:00,0.5806,0.5806,0.58055,0.58055,14
2026-03-18T23:02:00,0.58055,0.5807,0.58055,0.5807,45
2026-03-18T23:03:00,0.58065,0.5807,0.58065,0.5807,16
2026-03-18T23:04:00,0.5807,0.58075,0.5807,0.58075,5
2026-03-18T23:05:00,0.58075,0.58075,0.58065,0.5807,25
2026-03-18T23:06:00,0.58075,0.58075,0.58065,0.58065,38
2026-03-18T23:07:00,0.58065,0.58065,0.58065,0.58065,1
2026-03-18T23:08:00,0.5806,0.5806,0.5806,0.5806,4
2026-03-18T23:09:00,0.5806,0.5806,0.5806,0.5806,10
2026-03-18T23:10:00,0.5806,0.5806,0.5806,0.5806,3
2026-03-18T23:11:00,0.5806,0.5806,0.5806,0.5806,1
2026-03-18T23:12:00,0.5807,0.5807,0.5806,0.5806,34
2026-03-18T23:13:00,0.5806,0.5806,0.5806,0.5806,24
2026-03-18T23:14:00,0.58065,0.58065,0.5806,0.58065,25
2026-03-18T23:15:00,0.5807,0.58075,0.5807,0.58075,22
2026-03-18T23:16:00,0.5807,0.5807,0.58065,0.58065,13
2026-03-18T23:17:00,0.5807,0.5807,0.58065,0.58065,29
2026-03-18T23:18:00,0.5807,0.5807,0.58065,0.58065,7
2026-03-18T23:19:00,0.5806,0.5806,0.5806,0.5806,4
2026-03-18T23:20:00,0.58065,0.5807,0.58065,0.5807,20
2026-03-18T23:21:00,0.5807,0.5807,0.5807,0.5807,4
2026-03-18T23:22:00,0.5807,0.5807,0.5807,0.5807,3
2026-03-18T23:23:00,0.58075,0.58075,0.58075,0.58075,3
2026-03-18T23:24:00,0.58075,0.58075,0.5807,0.58075,38
2026-03-18T23:26:00,0.5808,0.58085,0.5808,0.58085,60
2026-03-18T23:27:00,0.58095,0.58095,0.58095,0.58095,18
2026-03-18T23:28:00,0.581,0.581,0.58095,0.58095,7
2026-03-18T23:29:00,0.58095,0.581,0.58095,0.581,15
2026-03-18T23:30:00,0.581,0.58105,0.581,0.581,7
2026-03-18T23:31:00,0.581,0.581,0.58085,0.5809,45
2026-03-18T23:32:00,0.58095,0.58105,0.58095,0.581,39
2026-03-18T23:33:00,0.581,0.581,0.581,0.581,13
2026-03-18T23:34:00,0.581,0.581,0.581,0.581,27
2026-03-18T23:35:00,0.58105,0.58105,0.5809,0.5809,38
2026-03-18T23:36:00,0.58095,0.58095,0.58095,0.58095,1
2026-03-18T23:37:00,0.58095,0.581,0.58095,0.581,34
2026-03-18T23:38:00,0.58105,0.5811,0.581,0.5811,49
2026-03-18T23:39:00,0.58105,0.58105,0.58105,0.58105,7
2026-03-18T23:40:00,0.58115,0.58115,0.58115,0.58115,3
2026-03-18T23:41:00,0.5812,0.58125,0.5812,0.58125,12
2026-03-18T23:42:00,0.5813,0.58135,0.5813,0.58135,19
2026-03-18T23:43:00,0.5813,0.5813,0.58125,0.58125,21
2026-03-18T23:44:00,0.5813,0.5813,0.58095,0.5811,160
2026-03-18T23:45:00,0.5811,0.5813,0.58085,0.58125,109
2026-03-18T23:46:00,0.58125,0.5815,0.58125,0.5814,140
2026-03-18T23:47:00,0.5814,0.5814,0.5812,0.58125,49
2026-03-18T23:48:00,0.58125,0.5813,0.58125,0.5813,9
2026-03-18T23:49:00,0.5813,0.58135,0.5813,0.58135,20
2026-03-18T23:50:00,0.58135,0.58135,0.58135,0.58135,3
2026-03-18T23:51:00,0.58125,0.58125,0.58125,0.58125,15
2026-03-18T23:52:00,0.58135,0.5814,0.58135,0.5814,16
2026-03-18T23:53:00,0.5814,0.5814,0.58135,0.5814,13
2026-03-18T23:55:00,0.5814,0.5814,0.58135,0.58135,15
2026-03-18T23:56:00,0.58125,0.58125,0.58125,0.58125,3
2026-03-18T23:57:00,0.5813,0.5813,0.58125,0.58125,8
2026-03-18T23:58:00,0.5813,0.5813,0.5813,0.5813,14
2026-03-18T23:59:00,0.58135,0.58135,0.58135,0.58135,8
2026-03-19T00:00:00,0.58135,0.5815,0.58135,0.5815,22
2026-03-19T00:01:00,0.5815,0.5815,0.5815,0.5815,1
2026-03-19T00:02:00,0.58155,0.58155,0.5815,0.58155,16
2026-03-19T00:03:00,0.5816,0.5817,0.5816,0.5817,46
2026-03-19T00:04:00,0.5817,0.5819,0.5817,0.5819,29
2026-03-19T00:05:00,0.58195,0.5821,0.58195,0.5821,101
2026-03-19T00:06:00,0.58205,0.58215,0.58205,0.58205,50
2026-03-19T00:07:00,0.582,0.58215,0.582,0.58215,10
2026-03-19T00:08:00,0.58215,0.58215,0.58215,0.58215,8
2026-03-19T00:09:00,0.58205,0.58205,0.582,0.582,22
2026-03-19T00:10:00,0.58195,0.58205,0.58185,0.58185,56
2026-03-19T00:11:00,0.5819,0.58195,0.5819,0.58195,18
2026-03-19T00:12:00,0.582,0.58225,0.582,0.58225,127
2026-03-19T00:13:00,0.5823,0.5824,0.58225,0.58235,167
2026-03-19T00:14:00,0.58235,0.5824,0.5823,0.5823,25
2026-03-19T00:15:00,0.58225,0.5824,0.58225,0.58235,47
2026-03-19T00:16:00,0.58235,0.5824,0.58235,0.5824,22
2026-03-19T00:17:00,0.58235,0.5824,0.58235,0.5824,27
2026-03-19T00:18:00,0.5824,0.58245,0.5824,0.5824,36
2026-03-19T00:19:00,0.5824,0.5824,0.5824,0.5824,16
2026-03-19T00:20:00,0.5824,0.58285,0.5824,0.58285,607
2026-03-19T00:21:00,0.5828,0.58285,0.5826,0.5826,143
2026-03-19T00:22:00,0.58255,0.58265,0.58255,0.58265,29
2026-03-19T00:23:00,0.5827,0.58275,0.5827,0.58275,8
2026-03-19T00:24:00,0.58265,0.58275,0.58255,0.5826,32
2026-03-19T00:25:00,0.58265,0.5828,0.5826,0.5828,59
2026-03-19T00:26:00,0.58275,0.58285,0.58275,0.58285,13
2026-03-19T00:27:00,0.58285,0.583,0.5828,0.583,60
2026-03-19T00:28:00,0.58305,0.5832,0.583,0.58315,155
2026-03-19T00:29:00,0.5831,0.5832,0.5831,0.58315,69
2026-03-19T00:30:00,0.5831,0.58335,0.58295,0.58325,402
2026-03-19T00:31:00,0.58325,0.58325,0.58285,0.58285,157
2026-03-19T00:32:00,0.58295,0.58305,0.5829,0.58305,70
2026-03-19T00:33:00,0.58305,0.58305,0.5828,0.5829,82
2026-03-19T00:34:00,0.5828,0.58305,0.58275,0.58295,88
2026-03-19T00:35:00,0.583,0.583,0.5829,0.5829,13
2026-03-19T00:36:00,0.583,0.58325,0.583,0.5832,41
2026-03-19T00:37:00,0.5832,0.58335,0.5832,0.5833,53
2026-03-19T00:38:00,0.5833,0.5833,0.58315,0.58315,18
2026-03-19T00:39:00,0.5831,0.5831,0.58305,0.5831,26
2026-03-19T00:40:00,0.5831,0.5831,0.583,0.5831,3
2026-03-19T00:41:00,0.5832,0.5832,0.5831,0.5831,7
2026-03-19T00:42:00,0.58315,0.58315,0.58305,0.5831,5
2026-03-19T00:43:00,0.58305,0.58325,0.58305,0.58315,31
2026-03-19T00:44:00,0.58315,0.58315,0.5831,0.5831,2
2026-03-19T00:45:00,0.58315,0.58315,0.58305,0.58305,11
2026-03-19T00:46:00,0.5831,0.5832,0.5831,0.5832,11
2026-03-19T00:47:00,0.58325,0.5833,0.5832,0.5833,15
2026-03-19T00:48:00,0.5834,0.5835,0.5834,0.5835,55
2026-03-19T00:49:00,0.58345,0.58355,0.5834,0.5835,24
2026-03-19T00:50:00,0.5835,0.5835,0.58335,0.58335,21
2026-03-19T00:51:00,0.5833,0.58335,0.5833,0.5833,19
2026-03-19T00:52:00,0.5834,0.5834,0.58315,0.58315,40
2026-03-19T00:53:00,0.58305,0.58315,0.58305,0.58315,4
2026-03-19T00:54:00,0.5833,0.5833,0.58325,0.5833,18
2026-03-19T00:55:00,0.58325,0.58325,0.5832,0.58325,11
2026-03-19T00:57:00,0.5832,0.5832,0.5832,0.5832,3
2026-03-19T00:58:00,0.5832,0.5833,0.58315,0.5833,16
2026-03-19T00:59:00,0.58335,0.58345,0.5833,0.58345,11
2026-03-19T01:00:00,0.5835,0.58365,0.5835,0.58365,25
2026-03-19T01:01:00,0.5836,0.5836,0.5834,0.5834,16
2026-03-19T01:02:00,0.58345,0.58345,0.58335,0.58335,26
2026-03-19T01:03:00,0.5833,0.5833,0.5833,0.5833,5
2026-03-19T01:04:00,0.5833,0.58335,0.5833,0.58335,3
2026-03-19T01:05:00,0.58325,0.5833,0.58325,0.5833,11
2026-03-19T01:06:00,0.5834,0.5835,0.5834,0.5835,8
2026-03-19T01:07:00,0.5835,0.58355,0.5835,0.58355,7
2026-03-19T01:08:00,0.5836,0.58365,0.5836,0.58365,6
2026-03-19T01:09:00,0.5836,0.5836,0.58355,0.5836,18
2026-03-19T01:10:00,0.5836,0.5837,0.5836,0.5837,10
2026-03-19T01:11:00,0.5836,0.58365,0.5835,0.5835,7
2026-03-19T01:12:00,0.5835,0.5835,0.5835,0.5835,3
2026-03-19T01:13:00,0.58345,0.58345,0.58345,0.58345,1
2026-03-19T01:14:00,0.58345,0.58345,0.58345,0.58345,10
2026-03-19T01:15:00,0.5834,0.58345,0.58325,0.58345,21
2026-03-19T01:16:00,0.58355,0.5836,0.58355,0.5836,20
2026-03-19T01:17:00,0.5836,0.5837,0.58355,0.5837,17
2026-03-19T01:18:00,0.5837,0.5837,0.5836,0.5837,21
2026-03-19T01:19:00,0.5836,0.5836,0.5835,0.5835,2
2026-03-19T01:20:00,0.58355,0.5836,0.58355,0.5836,3
2026-03-19T01:22:00,0.58365,0.58365,0.58365,0.58365,1
2026-03-19T01:23:00,0.58355,0.58355,0.5835,0.58355,11
2026-03-19T01:24:00,0.58355,0.58365,0.58355,0.58365,4
2026-03-19T01:26:00,0.58365,0.5837,0.58365,0.5837,2
2026-03-19T01:27:00,0.58365,0.58375,0.58365,0.58375,8
2026-03-19T01:28:00,0.5837,0.5838,0.5837,0.5838,12
2026-03-19T01:29:00,0.5838,0.5838,0.5838,0.5838,1
2026-03-19T01:30:00,0.5839,0.58395,0.58385,0.5839,11
2026-03-19T01:31:00,0.5839,0.58395,0.58385,0.58385,20
2026-03-19T01:32:00,0.5838,0.5838,0.58375,0.58375,3
2026-03-19T01:33:00,0.5837,0.5837,0.5837,0.5837,2
2026-03-19T01:34:00,0.5838,0.5839,0.58375,0.5839,6
2026-03-19T01:35:00,0.58385,0.58385,0.58385,0.58385,8
2026-03-19T01:36:00,0.58375,0.58375,0.58375,0.58375,3
2026-03-19T01:37:00,0.58385,0.584,0.58385,0.584,9
2026-03-19T01:38:00,0.584,0.584,0.58395,0.584,9
2026-03-19T01:39:00,0.58395,0.58395,0.58395,0.58395,1
2026-03-19T01:40:00,0.58385,0.58385,0.5838,0.5838,8
2026-03-19T01:41:00,0.58385,0.58385,0.58375,0.58375,10
2026-03-19T01:42:00,0.58375,0.5838,0.58375,0.58375,3
2026-03-19T01:43:00,0.5838,0.5838,0.58375,0.58375,4
2026-03-19T01:44:00,0.5837,0.5837,0.58365,0.58365,2
2026-03-19T01:45:00,0.5837,0.5837,0.58365,0.5837,5
2026-03-19T01:46:00,0.58365,0.5837,0.58365,0.58365,6
2026-03-19T01:47:00,0.5836,0.5836,0.5836,0.5836,3
2026-03-19T01:48:00,0.5836,0.5836,0.5835,0.58355,19
2026-03-19T01:49:00,0.58355,0.58365,0.58355,0.5836,44
2026-03-19T01:50:00,0.58355,0.58355,0.58345,0.5835,41
2026-03-19T01:51:00,0.5835,0.5835,0.5835,0.5835,1
2026-03-19T01:52:00,0.5835,0.5835,0.5834,0.5834,8
2026-03-19T01:53:00,0.58345,0.58345,0.58345,0.58345,6
2026-03-19T01:54:00,0.5835,0.58355,0.5835,0.5835,21
2026-03-19T01:55:00,0.5836,0.5836,0.5836,0.5836,2
2026-03-19T01:56:00,0.58355,0.5836,0.58355,0.58355,20
2026-03-19T01:57:00,0.58355,0.58355,0.5835,0.5835,15
2026-03-19T01:58:00,0.58345,0.58345,0.58335,0.58335,36
2026-03-19T01:59:00,0.58335,0.58335,0.58325,0.58325,7
2026-03-19T02:00:00,0.5832,0.5832,0.58305,0.5831,39
2026-03-19T02:01:00,0.58305,0.5831,0.58305,0.58305,28
2026-03-19T02:02:00,0.5831,0.5831,0.5831,0.5831,1
2026-03-19T02:03:00,0.58305,0.5831,0.58305,0.5831,3
2026-03-19T02:04:00,0.58315,0.58315,0.5831,0.5831,13
2026-03-19T02:05:00,0.58305,0.58305,0.5829,0.5829,70
2026-03-19T02:06:00,0.58295,0.58335,0.58295,0.58335,27
2026-03-19T02:07:00,0.58335,0.5839,0.58335,0.5839,56
2026-03-19T02:08:00,0.58375,0.58405,0.58375,0.58405,45
2026-03-19T02:09:00,0.584,0.584,0.5838,0.58385,35
2026-03-19T02:10:00,0.5838,0.584,0.5838,0.584,27
2026-03-19T02:11:00,0.58405,0.5841,0.584,0.5841,24
2026-03-19T02:12:00,0.5841,0.58415,0.58405,0.5841,18
2026-03-19T02:13:00,0.584,0.584,0.58395,0.58395,19
2026-03-19T02:14:00,0.584,0.5841,0.584,0.58405,41
2026-03-19T02:15:00,0.58405,0.58405,0.58395,0.584,28
2026-03-19T02:16:00,0.58395,0.584,0.58385,0.58385,13
2026-03-19T02:17:00,0.584,0.58405,0.58385,0.58405,93
2026-03-19T02:18:00,0.58405,0.58425,0.58405,0.58415,115
2026-03-19T02:19:00,0.58415,0.58435,0.58415,0.58435,4
2026-03-19T02:20:00,0.5844,0.58445,0.58435,0.58435,11
2026-03-19T02:21:00,0.58435,0.58445,0.58435,0.58435,15
2026-03-19T02:22:00,0.58435,0.58435,0.58425,0.58425,2
2026-03-19T02:23:00,0.5843,0.5843,0.58415,0.5843,46
2026-03-19T02:24:00,0.58435,0.58435,0.58435,0.58435,1
2026-03-19T02:25:00,0.58435,0.5845,0.58435,0.5845,18
2026-03-19T02:26:00,0.58445,0.58455,0.58445,0.58455,14
2026-03-19T02:27:00,0.58455,0.58455,0.58445,0.58445,9
2026-03-19T02:28:00,0.58445,0.5845,0.58445,0.58445,11
2026-03-19T02:29:00,0.5845,0.58465,0.5845,0.5846,13
2026-03-19T02:30:00,0.58445,0.58445,0.58435,0.58435,39
2026-03-19T02:31:00,0.58435,0.58435,0.58435,0.58435,2
2026-03-19T02:32:00,0.5844,0.5844,0.58435,0.58435,2
2026-03-19T02:33:00,0.58435,0.58435,0.58435,0.58435,4
2026-03-19T02:34:00,0.58435,0.58435,0.58435,0.58435,10
2026-03-19T02:35:00,0.58435,0.58435,0.5843,0.5843,11
2026-03-19T02:36:00,0.5844,0.58445,0.5844,0.5844,21
2026-03-19T02:37:00,0.5844,0.5844,0.5844,0.5844,12
2026-03-19T02:38:00,0.58435,0.58435,0.5843,0.5843,3
2026-03-19T02:39:00,0.58435,0.58435,0.58435,0.58435,1
2026-03-19T02:40:00,0.58435,0.58435,0.58435,0.58435,1
2026-03-19T02:41:00,0.58435,0.58435,0.5843,0.5843,4
2026-03-19T02:42:00,0.5843,0.5843,0.5843,0.5843,14
2026-03-19T02:43:00,0.5843,0.58435,0.5843,0.58435,14
2026-03-19T02:45:00,0.5843,0.5843,0.58425,0.58425,7
2026-03-19T02:46:00,0.58415,0.58425,0.58405,0.58425,24
2026-03-19T02:47:00,0.5842,0.5842,0.5842,0.5842,2
2026-03-19T02:48:00,0.5842,0.5842,0.58415,0.58415,5
2026-03-19T02:49:00,0.5842,0.5842,0.58415,0.5842,10
2026-03-19T02:50:00,0.58405,0.58405,0.584,0.58405,38
2026-03-19T02:51:00,0.584,0.584,0.5839,0.58395,15
2026-03-19T02:52:00,0.58395,0.584,0.5839,0.58395,42
2026-03-19T02:54:00,0.58395,0.58395,0.58395,0.58395,4
2026-03-19T02:55:00,0.5839,0.5839,0.58385,0.58385,31
2026-03-19T02:56:00,0.5838,0.5838,0.5837,0.58375,34
2026-03-19T02:57:00,0.5837,0.58375,0.5837,0.58375,5
2026-03-19T02:58:00,0.58375,0.58375,0.58375,0.58375,8
2026-03-19T02:59:00,0.58365,0.58365,0.5836,0.58365,11
2026-03-19T03:00:00,0.5837,0.5837,0.5837,0.5837,6
2026-03-19T03:01:00,0.58375,0.5838,0.58375,0.5838,11
2026-03-19T03:02:00,0.58375,0.58375,0.58375,0.58375,19
2026-03-19T03:03:00,0.5837,0.5837,0.5837,0.5837,3
2026-03-19T03:04:00,0.5838,0.58385,0.5838,0.58385,6
2026-03-19T03:05:00,0.5839,0.58395,0.5839,0.58395,2
2026-03-19T03:06:00,0.58395,0.58395,0.5839,0.5839,3
2026-03-19T03:07:00,0.5839,0.5839,0.58385,0.5839,19
2026-03-19T03:09:00,0.584,0.584,0.584,0.584,1
2026-03-19T03:10:00,0.584,0.584,0.58395,0.58395,8
2026-03-19T03:11:00,0.584,0.584,0.584,0.584,1
2026-03-19T03:14:00,0.5841,0.58415,0.5841,0.58415,2
2026-03-19T03:15:00,0.5841,0.58415,0.5841,0.58415,4
2026-03-19T03:16:00,0.58415,0.58415,0.58415,0.58415,1
2026-03-19T03:17:00,0.5841,0.5841,0.58405,0.58405,10
2026-03-19T03:18:00,0.5841,0.58415,0.5841,0.58415,5
2026-03-19T03:20:00,0.58415,0.58415,0.58415,0.58415,3
2026-03-19T03:21:00,0.58415,0.5842,0.58415,0.5842,6
2026-03-19T03:23:00,0.58405,0.5841,0.58405,0.5841,6
2026-03-19T03:25:00,0.58405,0.58405,0.58395,0.58395,19
2026-03-19T03:27:00,0.5839,0.5839,0.5839,0.5839,2
2026-03-19T03:28:00,0.584,0.584,0.584,0.584,6
2026-03-19T03:29:00,0.584,0.584,0.584,0.584,8
2026-03-19T03:30:00,0.58395,0.58395,0.58395,0.58395,6
2026-03-19T03:31:00,0.58395,0.58395,0.58385,0.5839,17
2026-03-19T03:32:00,0.5839,0.5839,0.5839,0.5839,1
2026-03-19T03:33:00,0.5839,0.5839,0.5839,0.5839,1
2026-03-19T03:34:00,0.58395,0.58395,0.5839,0.5839,6
2026-03-19T03:35:00,0.5839,0.5839,0.5839,0.5839,3
2026-03-19T03:36:00,0.5838,0.5838,0.5838,0.5838,6
2026-03-19T03:37:00,0.58385,0.58385,0.5838,0.5838,6
2026-03-19T03:38:00,0.58375,0.58375,0.58375,0.58375,4
2026-03-19T03:39:00,0.5838,0.5839,0.5838,0.5839,3
2026-03-19T03:42:00,0.5839,0.5839,0.5839,0.5839,5
2026-03-19T03:43:00,0.5839,0.5839,0.5839,0.5839,1
2026-03-19T03:44:00,0.5839,0.58395,0.5839,0.5839,46
2026-03-19T03:45:00,0.58395,0.58395,0.58395,0.58395,9
2026-03-19T03:46:00,0.58385,0.58385,0.58385,0.58385,1
2026-03-19T03:47:00,0.5839,0.5839,0.5839,0.5839,2
2026-03-19T03:48:00,0.58395,0.58395,0.58395,0.58395,1
2026-03-19T03:49:00,0.58395,0.58395,0.58395,0.58395,1
2026-03-19T03:50:00,0.58395,0.58395,0.58395,0.58395,1
2026-03-19T03:51:00,0.58385,0.58385,0.5838,0.5838,3
2026-03-19T03:52:00,0.58375,0.5838,0.58375,0.58375,8
2026-03-19T03:53:00,0.5838,0.58385,0.5838,0.58385,4
2026-03-19T03:54:00,0.5839,0.5839,0.5839,0.5839,5
2026-03-19T03:55:00,0.5839,0.5839,0.5839,0.5839,2
2026-03-19T03:57:00,0.5839,0.5839,0.5839,0.5839,3
2026-03-19T03:59:00,0.58385,0.58385,0.58385,0.58385,1
2026-03-19T04:00:00,0.5837,0.5837,0.5837,0.5837,4
2026-03-19T04:01:00,0.5837,0.5837,0.5837,0.5837,4
2026-03-19T04:03:00,0.58375,0.58375,0.58375,0.58375,2
2026-03-19T04:06:00,0.5836,0.5836,0.58355,0.58355,3
2026-03-19T04:07:00,0.5835,0.58355,0.5835,0.58355,9
2026-03-19T04:08:00,0.58355,0.58355,0.58355,0.58355,10
2026-03-19T04:09:00,0.58355,0.58355,0.58355,0.58355,6
2026-03-19T04:10:00,0.5835,0.5835,0.5835,0.5835,3
2026-03-19T04:11:00,0.58355,0.58355,0.5835,0.58355,22
2026-03-19T04:12:00,0.5836,0.58365,0.5836,0.5836,9
2026-03-19T04:13:00,0.5836,0.5836,0.5836,0.5836,4
2026-03-19T04:14:00,0.58365,0.58365,0.58365,0.58365,2
2026-03-19T04:15:00,0.5837,0.5837,0.5837,0.5837,1
2026-03-19T04:16:00,0.5836,0.5836,0.58355,0.58355,6
2026-03-19T04:17:00,0.5836,0.5836,0.5836,0.5836,3
2026-03-19T04:18:00,0.58355,0.58355,0.58355,0.58355,1
2026-03-19T04:19:00,0.5835,0.5835,0.5835,0.5835,3
2026-03-19T04:25:00,0.58345,0.5835,0.5834,0.5835,15
2026-03-19T04:27:00,0.5836,0.5836,0.5835,0.58355,15
2026-03-19T04:29:00,0.58355,0.58355,0.58355,0.58355,1
2026-03-19T04:30:00,0.58355,0.58355,0.5835,0.5835,6
2026-03-19T04:31:00,0.5835,0.5835,0.5835,0.5835,1
2026-03-19T04:32:00,0.5835,0.5835,0.5835,0.5835,1
2026-03-19T04:33:00,0.5836,0.58365,0.5836,0.58365,25
2026-03-19T04:34:00,0.5837,0.58375,0.5837,0.58375,46
2026-03-19T04:35:00,0.5837,0.5838,0.5837,0.58375,11
2026-03-19T04:36:00,0.58375,0.58375,0.5837,0.5837,38
2026-03-19T04:37:00,0.5837,0.5837,0.5837,0.5837,12
2026-03-19T04:38:00,0.5837,0.58375,0.58365,0.58375,18
2026-03-19T04:40:00,0.58365,0.58365,0.5836,0.5836,37
2026-03-19T04:41:00,0.5836,0.5836,0.58355,0.58355,2
2026-03-19T04:42:00,0.58355,0.58355,0.58355,0.58355,6
2026-03-19T04:43:00,0.5836,0.58375,0.5836,0.58375,9
2026-03-19T04:44:00,0.58375,0.58375,0.58375,0.58375,2
2026-03-19T04:45:00,0.5837,0.5837,0.58365,0.58365,11
2026-03-19T04:46:00,0.5837,0.5837,0.58365,0.58365,4
2026-03-19T04:47:00,0.58355,0.58355,0.5835,0.5835,13
2026-03-19T04:48:00,0.58355,0.58355,0.58355,0.58355,9
2026-03-19T04:49:00,0.5835,0.5835,0.5835,0.5835,2
2026-03-19T04:50:00,0.5836,0.5836,0.58355,0.58355,5
2026-03-19T04:51:00,0.5836,0.58365,0.5836,0.58365,11
2026-03-19T04:52:00,0.58365,0.58365,0.58365,0.58365,2
2026-03-19T04:53:00,0.5836,0.5836,0.5836,0.5836,2
2026-03-19T04:54:00,0.5836,0.5836,0.5836,0.5836,1
2026-03-19T04:55:00,0.58365,0.5837,0.58365,0.5837,4
2026-03-19T04:56:00,0.58375,0.58375,0.5837,0.5837,5
2026-03-19T04:57:00,0.58365,0.58365,0.58365,0.58365,2
2026-03-19T04:59:00,0.5836,0.5836,0.5836,0.5836,1
2026-03-19T05:00:00,0.5836,0.5837,0.5836,0.58365,5
2026-03-19T05:01:00,0.5837,0.5837,0.5836,0.5836,2
2026-03-19T05:07:00,0.5836,0.5836,0.5836,0.5836,1
2026-03-19T05:08:00,0.58355,0.58365,0.58355,0.58365,11
2026-03-19T05:09:00,0.58365,0.58365,0.58365,0.58365,1
2026-03-19T05:10:00,0.58365,0.58365,0.58365,0.58365,4
2026-03-19T05:11:00,0.5836,0.5836,0.5834,0.5834,11
2026-03-19T05:12:00,0.5835,0.58355,0.5835,0.58355,4
2026-03-19T05:13:00,0.58355,0.58355,0.58355,0.58355,6
2026-03-19T05:14:00,0.5836,0.5836,0.5836,0.5836,1
2026-03-19T05:16:00,0.58365,0.58365,0.5836,0.5836,6
2026-03-19T05:17:00,0.5836,0.5836,0.5836,0.5836,2
2026-03-19T05:18:00,0.58365,0.58365,0.58365,0.58365,5
2026-03-19T05:19:00,0.5837,0.58375,0.5837,0.58375,4
2026-03-19T05:20:00,0.5838,0.5838,0.58375,0.5838,5
2026-03-19T05:21:00,0.5838,0.58385,0.5837,0.58385,22
2026-03-19T05:22:00,0.58385,0.58385,0.58385,0.58385,1
2026-03-19T05:24:00,0.5838,0.58385,0.58375,0.58385,7
2026-03-19T05:25:00,0.58385,0.58385,0.58375,0.58375,15
2026-03-19T05:26:00,0.5838,0.5838,0.5838,0.5838,2
2026-03-19T05:28:00,0.5838,0.5838,0.58375,0.58375,4
2026-03-19T05:29:00,0.58375,0.58375,0.58375,0.58375,8
2026-03-19T05:30:00,0.58375,0.58375,0.5837,0.5837,7
2026-03-19T05:31:00,0.58365,0.58365,0.58365,0.58365,1
2026-03-19T05:32:00,0.58365,0.58365,0.58365,0.58365,10
2026-03-19T05:33:00,0.5837,0.5837,0.58365,0.58365,4
2026-03-19T05:34:00,0.5836,0.5836,0.5836,0.5836,4
2026-03-19T05:35:00,0.58365,0.58365,0.58365,0.58365,13
2026-03-19T05:37:00,0.58355,0.58355,0.5835,0.5835,9
2026-03-19T05:38:00,0.58355,0.58355,0.58345,0.58345,5
2026-03-19T05:39:00,0.58345,0.58345,0.58335,0.58335,13
2026-03-19T05:40:00,0.5834,0.5834,0.5833,0.5833,7
2026-03-19T05:41:00,0.58325,0.58325,0.58315,0.5832,42
2026-03-19T05:42:00,0.5832,0.5832,0.58315,0.58315,7
2026-03-19T05:43:00,0.58325,0.58325,0.58325,0.58325,8
2026-03-19T05:44:00,0.5832,0.5832,0.58305,0.58305,27
2026-03-19T05:45:00,0.5831,0.58325,0.5831,0.58325,14
2026-03-19T05:46:00,0.5833,0.5834,0.5833,0.5833,16
2026-03-19T05:47:00,0.58325,0.5833,0.58325,0.5833,12
2026-03-19T05:48:00,0.5833,0.58335,0.5833,0.5833,11
2026-03-19T05:49:00,0.58325,0.5833,0.58325,0.58325,8
2026-03-19T05:50:00,0.58325,0.5833,0.58325,0.58325,8
2026-03-19T05:51:00,0.5833,0.5833,0.5833,0.5833,6
2026-03-19T05:52:00,0.58335,0.58335,0.58335,0.58335,2
2026-03-19T05:53:00,0.58335,0.5834,0.58335,0.5834,3
2026-03-19T05:54:00,0.58345,0.58345,0.58345,0.58345,1
2026-03-19T05:55:00,0.5834,0.58345,0.5834,0.58345,5
2026-03-19T05:56:00,0.5834,0.5834,0.5834,0.5834,5
2026-03-19T05:57:00,0.58335,0.58335,0.5833,0.58335,3
2026-03-19T05:58:00,0.58335,0.58335,0.58325,0.5833,15
2026-03-19T05:59:00,0.58325,0.58325,0.5831,0.5831,9
2026-03-19T06:00:00,0.58315,0.58315,0.58295,0.5831,32
2026-03-19T06:01:00,0.5831,0.5831,0.58305,0.5831,23
2026-03-19T06:02:00,0.5831,0.5831,0.58305,0.5831,12
2026-03-19T06:03:00,0.58315,0.5833,0.58315,0.58325,29
2026-03-19T06:04:00,0.58325,0.58345,0.58325,0.5834,17
2026-03-19T06:05:00,0.5834,0.58345,0.5834,0.58345,6
2026-03-19T06:06:00,0.5835,0.5835,0.58345,0.58345,10
2026-03-19T06:07:00,0.5834,0.58345,0.5834,0.58345,2
2026-03-19T06:08:00,0.58345,0.58345,0.58335,0.5834,17
2026-03-19T06:09:00,0.5834,0.5834,0.5834,0.5834,1
2026-03-19T06:10:00,0.5834,0.5835,0.5834,0.5835,7
2026-03-19T06:11:00,0.58355,0.58355,0.58355,0.58355,4
2026-03-19T06:12:00,0.58365,0.58365,0.58365,0.58365,3
2026-03-19T06:13:00,0.58375,0.58375,0.58375,0.58375,2
2026-03-19T06:14:00,0.5838,0.58385,0.5838,0.5838,29
2026-03-19T06:15:00,0.58375,0.5838,0.58375,0.5838,2
2026-03-19T06:16:00,0.58375,0.58385,0.58375,0.58385,5
2026-03-19T06:17:00,0.5838,0.58395,0.5838,0.58395,3
2026-03-19T06:18:00,0.584,0.584,0.58395,0.584,21
2026-03-19T06:19:00,0.58395,0.58395,0.5839,0.58395,14
2026-03-19T06:20:00,0.5839,0.5839,0.5839,0.5839,1
2026-03-19T06:21:00,0.58385,0.58385,0.58385,0.58385,1
2026-03-19T06:23:00,0.5838,0.58385,0.58375,0.58375,14
2026-03-19T06:24:00,0.5838,0.58385,0.5838,0.5838,14
2026-03-19T06:25:00,0.5839,0.5839,0.5838,0.5838,19
2026-03-19T06:26:00,0.58385,0.58385,0.5838,0.5838,23
2026-03-19T06:27:00,0.58375,0.58375,0.5837,0.5837,4
2026-03-19T06:29:00,0.58365,0.58365,0.58365,0.58365,1
2026-03-19T06:30:00,0.58355,0.58355,0.5835,0.5835,8
2026-03-19T06:32:00,0.58345,0.58345,0.58345,0.58345,1
2026-03-19T06:33:00,0.58335,0.58335,0.58335,0.58335,1
2026-03-19T06:34:00,0.5833,0.58335,0.5833,0.5833,16
2026-03-19T06:35:00,0.5833,0.5833,0.58305,0.58305,74
2026-03-19T06:36:00,0.58325,0.58335,0.58325,0.58335,4
2026-03-19T06:37:00,0.5833,0.5833,0.58325,0.58325,2
2026-03-19T06:38:00,0.58325,0.58325,0.5832,0.58325,91
2026-03-19T06:39:00,0.58335,0.5834,0.58335,0.5834,2
2026-03-19T06:40:00,0.5834,0.5834,0.58335,0.58335,6
2026-03-19T06:41:00,0.58335,0.58335,0.58335,0.58335,4
2026-03-19T06:42:00,0.5834,0.58345,0.5834,0.5834,4
2026-03-19T06:43:00,0.58345,0.5835,0.58345,0.5835,7
2026-03-19T06:44:00,0.5835,0.5835,0.5835,0.5835,17
2026-03-19T06:45:00,0.58355,0.58355,0.58355,0.58355,11
2026-03-19T06:46:00,0.58335,0.5834,0.5833,0.5834,8
2026-03-19T06:47:00,0.58335,0.5834,0.58335,0.5834,14
2026-03-19T06:48:00,0.5834,0.5834,0.5834,0.5834,1
2026-03-19T06:49:00,0.5833,0.5833,0.5833,0.5833,5
2026-03-19T06:50:00,0.58325,0.58325,0.5832,0.5832,9
2026-03-19T06:51:00,0.58315,0.58315,0.58315,0.58315,1
2026-03-19T06:52:00,0.5832,0.5832,0.5832,0.5832,8
2026-03-19T06:53:00,0.5832,0.5833,0.5832,0.5833,8
2026-03-19T06:54:00,0.58335,0.58335,0.58325,0.58325,11
2026-03-19T06:55:00,0.58325,0.58325,0.58325,0.58325,1
2026-03-19T06:56:00,0.5833,0.58335,0.5833,0.5833,11
2026-03-19T06:57:00,0.5833,0.58335,0.5833,0.58335,3
2026-03-19T06:58:00,0.5834,0.5834,0.5834,0.5834,2
2026-03-19T06:59:00,0.58345,0.58355,0.58345,0.58355,9
2026-03-19T07:00:00,0.5835,0.5838,0.5835,0.5838,78
2026-03-19T07:01:00,0.5837,0.5837,0.58335,0.58335,44
2026-03-19T07:02:00,0.58335,0.58335,0.5831,0.58315,49
2026-03-19T07:03:00,0.5832,0.5832,0.5831,0.5831,7
2026-03-19T07:04:00,0.58315,0.5833,0.5831,0.5833,19
2026-03-19T07:05:00,0.58325,0.58325,0.5831,0.58315,18
2026-03-19T07:06:00,0.58315,0.5833,0.5831,0.5833,14
2026-03-19T07:07:00,0.58335,0.5835,0.58335,0.5835,43
2026-03-19T07:08:00,0.5836,0.5838,0.58355,0.58375,104
2026-03-19T07:09:00,0.5837,0.5837,0.58355,0.58355,33
2026-03-19T07:10:00,0.5835,0.5836,0.58345,0.58345,17
2026-03-19T07:11:00,0.5833,0.5833,0.5831,0.5831,35
2026-03-19T07:12:00,0.58315,0.5833,0.58315,0.5833,16
2026-03-19T07:13:00,0.5832,0.58325,0.5832,0.58325,9
2026-03-19T07:14:00,0.5832,0.58335,0.58315,0.58335,8
2026-03-19T07:15:00,0.5834,0.5836,0.58335,0.5836,27
2026-03-19T07:16:00,0.58365,0.58375,0.58365,0.5837,31
2026-03-19T07:17:00,0.58375,0.5838,0.58375,0.5838,17
2026-03-19T07:18:00,0.58375,0.58385,0.58375,0.58385,12
2026-03-19T07:19:00,0.58385,0.58385,0.5838,0.5838,8
2026-03-19T07:20:00,0.5838,0.5838,0.5838,0.5838,9
2026-03-19T07:21:00,0.5837,0.5837,0.58365,0.58365,8
2026-03-19T07:22:00,0.58375,0.58375,0.58355,0.58355,17
2026-03-19T07:23:00,0.5835,0.58355,0.58345,0.58355,46
2026-03-19T07:24:00,0.58355,0.5837,0.58355,0.5837,24
2026-03-19T07:25:00,0.5837,0.5837,0.58355,0.58355,10
2026-03-19T07:26:00,0.5835,0.5835,0.58335,0.58335,14
2026-03-19T07:27:00,0.58335,0.58335,0.5833,0.58335,14
2026-03-19T07:28:00,0.58335,0.5834,0.58335,0.5834,19
2026-03-19T07:29:00,0.5834,0.58345,0.58335,0.5834,17
2026-03-19T07:30:00,0.58335,0.5834,0.58335,0.5834,10
2026-03-19T07:31:00,0.5834,0.5835,0.58335,0.5834,27
2026-03-19T07:32:00,0.5834,0.5834,0.58325,0.58325,56
2026-03-19T07:33:00,0.5832,0.5834,0.5832,0.5833,31
2026-03-19T07:34:00,0.58335,0.58335,0.58315,0.58315,9
2026-03-19T07:35:00,0.5831,0.58315,0.5829,0.58315,37
2026-03-19T07:36:00,0.58315,0.58315,0.58305,0.58315,22
2026-03-19T07:37:00,0.5831,0.5831,0.583,0.58305,38
2026-03-19T07:38:00,0.583,0.583,0.58295,0.583,4
2026-03-19T07:39:00,0.58305,0.5832,0.58305,0.58315,29
2026-03-19T07:40:00,0.5832,0.5832,0.583,0.58305,22
2026-03-19T07:41:00,0.5831,0.5831,0.5829,0.5829,19
2026-03-19T07:42:00,0.58295,0.58295,0.58285,0.5829,12
2026-03-19T07:43:00,0.583,0.5831,0.5829,0.5829,60
2026-03-19T07:44:00,0.5829,0.5829,0.58265,0.58275,24
2026-03-19T07:45:00,0.58275,0.5828,0.5826,0.5826,27
2026-03-19T07:46:00,0.58275,0.58285,0.58275,0.58285,12
2026-03-19T07:47:00,0.5829,0.583,0.5829,0.583,23
2026-03-19T07:48:00,0.58305,0.5831,0.58305,0.5831,12
2026-03-19T07:49:00,0.58315,0.58315,0.58315,0.58315,1
2026-03-19T07:50:00,0.5831,0.58315,0.5831,0.58315,14
2026-03-19T07:51:00,0.5831,0.5831,0.583,0.583,8
2026-03-19T07:52:00,0.58305,0.58305,0.583,0.583,13
2026-03-19T07:53:00,0.583,0.583,0.5829,0.5829,19
2026-03-19T07:54:00,0.58285,0.58285,0.5828,0.5828,2
2026-03-19T07:55:00,0.5828,0.58285,0.58275,0.58275,29
2026-03-19T07:56:00,0.5826,0.5826,0.58255,0.58255,5
2026-03-19T07:57:00,0.5825,0.5825,0.5824,0.5824,17
2026-03-19T07:58:00,0.5824,0.5825,0.5824,0.5825,13
2026-03-19T07:59:00,0.5825,0.5826,0.58245,0.58255,41
2026-03-19T08:00:00,0.58265,0.5828,0.58255,0.5827,57
2026-03-19T08:01:00,0.5827,0.5828,0.5826,0.5826,36
2026-03-19T08:02:00,0.5826,0.5826,0.58245,0.5825,43
2026-03-19T08:03:00,0.5825,0.58265,0.58245,0.5825,46
2026-03-19T08:04:00,0.5825,0.5825,0.58245,0.58245,5
2026-03-19T08:05:00,0.58245,0.58245,0.58235,0.58235,17
2026-03-19T08:06:00,0.5825,0.5825,0.5823,0.5823,19
2026-03-19T08:07:00,0.5824,0.58255,0.5824,0.58255,18
2026-03-19T08:08:00,0.5826,0.58265,0.58255,0.5826,41
2026-03-19T08:09:00,0.5825,0.58255,0.58245,0.58245,62
2026-03-19T08:10:00,0.58255,0.58255,0.5824,0.5824,136
2026-03-19T08:11:00,0.58235,0.58245,0.58235,0.58245,108
2026-03-19T08:12:00,0.58245,0.58255,0.58245,0.58255,20
2026-03-19T08:13:00,0.58265,0.58265,0.58255,0.58265,18
2026-03-19T08:14:00,0.58265,0.58265,0.58255,0.58265,74
2026-03-19T08:15:00,0.5827,0.58285,0.5827,0.58285,13
2026-03-19T08:16:00,0.58285,0.58295,0.58285,0.58295,4
2026-03-19T08:17:00,0.58295,0.5831,0.58295,0.5831,67
2026-03-19T08:18:00,0.58315,0.58315,0.58305,0.5831,15
2026-03-19T08:19:00,0.5831,0.5831,0.58305,0.5831,31
2026-03-19T08:20:00,0.58315,0.58335,0.5831,0.5833,27
2026-03-19T08:21:00,0.58335,0.58335,0.58305,0.58305,31
2026-03-19T08:22:00,0.583,0.5831,0.583,0.5831,18
2026-03-19T08:23:00,0.58315,0.58315,0.58305,0.58305,10
2026-03-19T08:24:00,0.58295,0.5832,0.58295,0.58315,26
2026-03-19T08:25:00,0.5831,0.5831,0.58295,0.58295,27
2026-03-19T08:26:00,0.5829,0.58295,0.58275,0.5828,47
2026-03-19T08:27:00,0.58275,0.58275,0.5827,0.5827,23
2026-03-19T08:28:00,0.5827,0.58285,0.5827,0.5828,18
2026-03-19T08:29:00,0.5828,0.58295,0.5828,0.5829,47
2026-03-19T08:30:00,0.58295,0.583,0.5829,0.58295,48
2026-03-19T08:31:00,0.58295,0.5831,0.5829,0.58295,26
2026-03-19T08:32:00,0.583,0.58305,0.583,0.583,28
2026-03-19T08:33:00,0.58295,0.58315,0.58285,0.58315,41
2026-03-19T08:34:00,0.58315,0.58315,0.58305,0.58315,20
2026-03-19T08:35:00,0.5831,0.5832,0.5831,0.58315,25
2026-03-19T08:36:00,0.5832,0.5832,0.5831,0.5831,9
2026-03-19T08:37:00,0.5832,0.5833,0.5832,0.58325,17
2026-03-19T08:38:00,0.58325,0.58335,0.58325,0.5833,9
2026-03-19T08:39:00,0.58315,0.58315,0.5831,0.5831,24
2026-03-19T08:40:00,0.58295,0.58295,0.58295,0.58295,4
2026-03-19T08:41:00,0.58305,0.58315,0.58295,0.58295,63
2026-03-19T08:42:00,0.5829,0.5829,0.58265,0.58265,24
2026-03-19T08:43:00,0.5827,0.58285,0.5827,0.58285,24
2026-03-19T08:44:00,0.5828,0.5828,0.58275,0.58275,17
2026-03-19T08:45:00,0.5828,0.583,0.5828,0.583,32
2026-03-19T08:46:00,0.58295,0.58295,0.5829,0.5829,3
2026-03-19T08:47:00,0.583,0.58315,0.583,0.58315,7
2026-03-19T08:48:00,0.5832,0.5832,0.58315,0.58315,4
2026-03-19T08:49:00,0.5832,0.58325,0.5831,0.5831,20
2026-03-19T08:50:00,0.58305,0.58305,0.58305,0.58305,21
2026-03-19T08:51:00,0.5831,0.58315,0.58295,0.58295,30
2026-03-19T08:52:00,0.583,0.5831,0.583,0.583,25
2026-03-19T08:53:00,0.583,0.5832,0.583,0.58315,44
2026-03-19T08:54:00,0.58315,0.58325,0.58295,0.58295,61
2026-03-19T08:55:00,0.58295,0.58295,0.58295,0.58295,10
2026-03-19T08:56:00,0.5829,0.58295,0.5829,0.5829,10
2026-03-19T08:57:00,0.5829,0.583,0.5829,0.58295,13
2026-03-19T08:58:00,0.5829,0.58295,0.5829,0.58295,22
2026-03-19T08:59:00,0.583,0.5831,0.583,0.5831,9
2026-03-19T09:00:00,0.58315,0.58335,0.58315,0.58335,29
2026-03-19T09:01:00,0.58335,0.58365,0.58335,0.58365,32
2026-03-19T09:02:00,0.5836,0.5838,0.58355,0.5837,18
2026-03-19T09:03:00,0.5837,0.5839,0.5837,0.58375,26
2026-03-19T09:04:00,0.58385,0.58385,0.5837,0.5837,6
2026-03-19T09:05:00,0.58385,0.58385,0.58375,0.58375,17
2026-03-19T09:06:00,0.5837,0.58375,0.58365,0.5837,18
2026-03-19T09:07:00,0.58365,0.58375,0.58365,0.5837,24
2026-03-19T09:08:00,0.5837,0.5837,0.5836,0.5836,22
2026-03-19T09:09:00,0.5836,0.5837,0.5836,0.5837,21
2026-03-19T09:10:00,0.5837,0.5837,0.58355,0.58355,9
2026-03-19T09:11:00,0.58355,0.5836,0.5834,0.5834,87
2026-03-19T09:12:00,0.58335,0.5835,0.5833,0.58345,80
2026-03-19T09:13:00,0.58345,0.58345,0.5833,0.5833,17
2026-03-19T09:14:00,0.5833,0.58355,0.5833,0.58355,63
2026-03-19T09:15:00,0.5835,0.5836,0.5835,0.5836,24
2026-03-19T09:16:00,0.5836,0.58365,0.58355,0.5836,36
2026-03-19T09:17:00,0.58365,0.5837,0.58355,0.58365,59
2026-03-19T09:18:00,0.5837,0.5838,0.5837,0.5837,27
2026-03-19T09:19:00,0.5837,0.58385,0.5837,0.58385,29
2026-03-19T09:20:00,0.58385,0.5839,0.58375,0.5839,31
2026-03-19T09:21:00,0.58395,0.58435,0.58395,0.5843,135
2026-03-19T09:22:00,0.5843,0.5843,0.58415,0.58415,50
2026-03-19T09:23:00,0.5841,0.5841,0.584,0.584,40
2026-03-19T09:24:00,0.5839,0.58395,0.58375,0.58375,31
2026-03-19T09:25:00,0.5838,0.5839,0.58335,0.58355,645
2026-03-19T09:26:00,0.58345,0.5835,0.583,0.5832,147
2026-03-19T09:27:00,0.5832,0.5835,0.58315,0.58315,136
2026-03-19T09:28:00,0.58315,0.5832,0.5831,0.5831,29
2026-03-19T09:29:00,0.5832,0.5833,0.5829,0.58315,134
2026-03-19T09:30:00,0.5831,0.5834,0.58305,0.5834,92
2026-03-19T09:31:00,0.58335,0.5835,0.58325,0.5834,116
2026-03-19T09:32:00,0.5834,0.5835,0.5833,0.58345,56
2026-03-19T09:33:00,0.5835,0.5836,0.58335,0.58335,36
2026-03-19T09:34:00,0.5834,0.58355,0.5834,0.58345,34
2026-03-19T09:35:00,0.5835,0.5837,0.5834,0.5834,38
2026-03-19T09:36:00,0.5834,0.5836,0.5834,0.5835,36
2026-03-19T09:37:00,0.58345,0.5836,0.5832,0.5833,95
2026-03-19T09:38:00,0.5833,0.5836,0.5833,0.5836,30
2026-03-19T09:39:00,0.5836,0.5839,0.5836,0.58365,32
2026-03-19T09:40:00,0.58355,0.58395,0.5835,0.58395,54
2026-03-19T09:41:00,0.5839,0.5839,0.5837,0.58375,55
2026-03-19T09:42:00,0.58375,0.58375,0.58355,0.58365,14
2026-03-19T09:43:00,0.58365,0.5837,0.5836,0.5836,17
2026-03-19T09:44:00,0.58355,0.5836,0.5834,0.58345,24
2026-03-19T09:45:00,0.58345,0.58365,0.5834,0.5834,49
2026-03-19T09:46:00,0.58335,0.58365,0.58335,0.58365,72
2026-03-19T09:47:00,0.58365,0.58395,0.58365,0.58385,36
2026-03-19T09:48:00,0.58385,0.58395,0.58385,0.5839,10
2026-03-19T09:49:00,0.58385,0.5841,0.5837,0.58405,688
2026-03-19T09:50:00,0.58405,0.5842,0.58395,0.58405,150
2026-03-19T09:51:00,0.58405,0.5846,0.5839,0.5843,153
2026-03-19T09:52:00,0.58425,0.58435,0.58415,0.58415,64
2026-03-19T09:53:00,0.5841,0.5842,0.58405,0.5841,36
2026-03-19T09:54:00,0.5841,0.5841,0.5839,0.5839,60
2026-03-19T09:55:00,0.58395,0.5841,0.58395,0.5841,30
2026-03-19T09:56:00,0.58415,0.58415,0.58405,0.5841,12
2026-03-19T09:57:00,0.5842,0.58435,0.5842,0.58435,10
2026-03-19T09:58:00,0.5843,0.58435,0.58415,0.58415,27
2026-03-19T09:59:00,0.5841,0.58415,0.5841,0.58415,13
2026-03-19T10:00:00,0.58395,0.58405,0.5839,0.584,47
2026-03-19T10:01:00,0.584,0.58405,0.58395,0.58405,35
2026-03-19T10:02:00,0.58405,0.58405,0.584,0.584,31
2026-03-19T10:03:00,0.584,0.584,0.5839,0.5839,14
2026-03-19T10:04:00,0.58385,0.58405,0.58385,0.58405,26
2026-03-19T10:05:00,0.58405,0.58405,0.58395,0.58405,27
2026-03-19T10:06:00,0.58405,0.58405,0.58395,0.58395,7
2026-03-19T10:07:00,0.58405,0.5841,0.58405,0.5841,11
2026-03-19T10:08:00,0.58415,0.5842,0.58405,0.58405,36
2026-03-19T10:09:00,0.58405,0.58405,0.584,0.584,21
2026-03-19T10:10:00,0.584,0.5841,0.584,0.5841,16
2026-03-19T10:11:00,0.58405,0.5841,0.584,0.584,23
2026-03-19T10:12:00,0.584,0.58405,0.584,0.58405,4
2026-03-19T10:13:00,0.58395,0.58395,0.58375,0.58385,26
2026-03-19T10:14:00,0.58385,0.58385,0.58385,0.58385,12
2026-03-19T10:15:00,0.58385,0.5839,0.58375,0.58375,17
2026-03-19T10:16:00,0.58385,0.58385,0.5838,0.5838,14
2026-03-19T10:17:00,0.5838,0.5839,0.5838,0.58385,12
2026-03-19T10:18:00,0.5839,0.58405,0.5839,0.58405,12
2026-03-19T10:19:00,0.5839,0.58395,0.5839,0.58395,9
2026-03-19T10:20:00,0.58395,0.58395,0.58355,0.5836,16
2026-03-19T10:21:00,0.5836,0.58365,0.5836,0.58365,7
2026-03-19T10:22:00,0.58355,0.58355,0.58355,0.58355,6
2026-03-19T10:23:00,0.5835,0.5836,0.5835,0.5836,12
2026-03-19T10:24:00,0.58355,0.58355,0.58355,0.58355,4
2026-03-19T10:25:00,0.58355,0.58355,0.5835,0.5835,13
2026-03-19T10:26:00,0.58365,0.58365,0.5836,0.5836,30
2026-03-19T10:27:00,0.5836,0.5836,0.5836,0.5836,2
2026-03-19T10:28:00,0.58365,0.58365,0.58365,0.58365,3
2026-03-19T10:29:00,0.58365,0.5837,0.5836,0.5836,9
2026-03-19T10:30:00,0.58355,0.58355,0.58355,0.58355,5
2026-03-19T10:31:00,0.58355,0.58355,0.58355,0.58355,4
2026-03-19T10:32:00,0.5836,0.5836,0.58355,0.58355,7
2026-03-19T10:33:00,0.58375,0.58375,0.5837,0.5837,4
2026-03-19T10:34:00,0.58365,0.58365,0.58365,0.58365,5
2026-03-19T10:35:00,0.5837,0.5837,0.58355,0.5836,6
2026-03-19T10:36:00,0.5836,0.5836,0.5836,0.5836,21
2026-03-19T10:37:00,0.5836,0.5837,0.58355,0.5837,16
2026-03-19T10:38:00,0.58365,0.58365,0.58355,0.5836,5
2026-03-19T10:39:00,0.5836,0.5836,0.5835,0.5836,14
2026-03-19T10:40:00,0.5836,0.5836,0.5836,0.5836,5
2026-03-19T10:41:00,0.5836,0.5837,0.5836,0.5837,3
2026-03-19T10:42:00,0.58365,0.58365,0.58365,0.58365,2
2026-03-19T10:43:00,0.5836,0.5836,0.58355,0.58355,8
2026-03-19T10:44:00,0.58355,0.58355,0.58355,0.58355,12
2026-03-19T10:45:00,0.5836,0.5836,0.58355,0.58355,4
2026-03-19T10:46:00,0.58355,0.5836,0.58355,0.58355,12
2026-03-19T10:47:00,0.58355,0.58355,0.58355,0.58355,6
2026-03-19T10:48:00,0.5836,0.58365,0.58355,0.58365,15
2026-03-19T10:49:00,0.5837,0.58375,0.5837,0.58375,7
2026-03-19T10:50:00,0.5837,0.5837,0.5837,0.5837,3
2026-03-19T10:51:00,0.58385,0.5839,0.58385,0.58385,19
2026-03-19T10:52:00,0.58375,0.58375,0.58355,0.58355,12
2026-03-19T10:53:00,0.5835,0.5835,0.5834,0.58345,35
2026-03-19T10:54:00,0.5835,0.5835,0.58335,0.58345,22
2026-03-19T10:55:00,0.5834,0.58345,0.5834,0.5834,20
2026-03-19T10:56:00,0.5834,0.5834,0.5834,0.5834,29
2026-03-19T10:57:00,0.5834,0.5835,0.58335,0.5835,20
2026-03-19T10:58:00,0.5835,0.58355,0.58345,0.58345,14
2026-03-19T10:59:00,0.58345,0.58345,0.5834,0.5834,23
2026-03-19T11:00:00,0.5834,0.5835,0.58335,0.5834,14
2026-03-19T11:01:00,0.5834,0.58345,0.5834,0.58345,18
2026-03-19T11:02:00,0.58355,0.58365,0.58355,0.5836,29
2026-03-19T11:03:00,0.58355,0.58355,0.58345,0.5835,48
2026-03-19T11:04:00,0.5835,0.58355,0.5835,0.5835,14
2026-03-19T11:05:00,0.5835,0.5835,0.5834,0.5834,30
2026-03-19T11:06:00,0.58335,0.58345,0.58335,0.58335,30
2026-03-19T11:07:00,0.5834,0.5834,0.58335,0.58335,2
2026-03-19T11:08:00,0.58335,0.58335,0.5833,0.58335,7
2026-03-19T11:09:00,0.5834,0.58345,0.5834,0.5834,33
2026-03-19T11:10:00,0.5833,0.5833,0.58325,0.5833,16
2026-03-19T11:11:00,0.5833,0.5833,0.5832,0.5832,12
2026-03-19T11:12:00,0.58315,0.5833,0.58315,0.58325,18
2026-03-19T11:13:00,0.58335,0.5834,0.58335,0.5834,7
2026-03-19T11:14:00,0.58335,0.5834,0.58315,0.58315,25
2026-03-19T11:15:00,0.5831,0.58315,0.58295,0.58295,38
2026-03-19T11:16:00,0.583,0.583,0.5829,0.58295,8
2026-03-19T11:17:00,0.5831,0.5831,0.58285,0.58285,14
2026-03-19T11:18:00,0.58285,0.58285,0.5828,0.58285,15
2026-03-19T11:19:00,0.5829,0.58295,0.58285,0.58285,18
2026-03-19T11:20:00,0.58285,0.583,0.58285,0.58285,9
2026-03-19T11:21:00,0.58285,0.58285,0.58285,0.58285,1
2026-03-19T11:22:00,0.58275,0.5828,0.58275,0.58275,8
2026-03-19T11:23:00,0.5827,0.5827,0.58265,0.58265,8
2026-03-19T11:24:00,0.5827,0.5827,0.58265,0.58265,3
2026-03-19T11:25:00,0.5826,0.5826,0.58255,0.58255,18
2026-03-19T11:26:00,0.5825,0.58255,0.5825,0.58255,12
2026-03-19T11:27:00,0.58265,0.5827,0.5826,0.58265,17
2026-03-19T11:28:00,0.5827,0.58275,0.5827,0.58275,12
2026-03-19T11:29:00,0.58275,0.5828,0.58275,0.5828,5
2026-03-19T11:30:00,0.58285,0.58285,0.58275,0.58275,13
2026-03-19T11:31:00,0.5828,0.5828,0.5828,0.5828,2
2026-03-19T11:32:00,0.5829,0.5829,0.58285,0.58285,31
2026-03-19T11:33:00,0.58285,0.5829,0.58285,0.5829,9
2026-03-19T11:34:00,0.5828,0.5828,0.58275,0.58275,11
2026-03-19T11:35:00,0.5828,0.5828,0.5827,0.5827,20
2026-03-19T11:36:00,0.5827,0.5827,0.5827,0.5827,11
2026-03-19T11:37:00,0.58265,0.58275,0.58265,0.58275,23
2026-03-19T11:38:00,0.58285,0.58285,0.5828,0.5828,18
2026-03-19T11:39:00,0.5828,0.5828,0.5828,0.5828,9
2026-03-19T11:40:00,0.58285,0.58285,0.58275,0.5828,12
2026-03-19T11:41:00,0.58275,0.58275,0.58275,0.58275,3
2026-03-19T11:42:00,0.5827,0.58275,0.58265,0.58265,21
2026-03-19T11:43:00,0.58275,0.58275,0.58275,0.58275,6
2026-03-19T11:44:00,0.5828,0.58285,0.5828,0.58285,9
2026-03-19T11:45:00,0.58275,0.58285,0.58275,0.58285,8
2026-03-19T11:46:00,0.58275,0.58275,0.58275,0.58275,23
2026-03-19T11:47:00,0.58285,0.58285,0.58285,0.58285,1
2026-03-19T11:48:00,0.58285,0.58285,0.5828,0.58285,14
2026-03-19T11:49:00,0.5828,0.5828,0.5828,0.5828,8
2026-03-19T11:50:00,0.58285,0.58295,0.58285,0.58295,7
2026-03-19T11:51:00,0.5831,0.5832,0.58305,0.5832,33
2026-03-19T11:52:00,0.58315,0.58315,0.58315,0.58315,14
2026-03-19T11:53:00,0.58315,0.5832,0.58315,0.5832,6
2026-03-19T11:55:00,0.5831,0.5831,0.58305,0.5831,19
2026-03-19T11:56:00,0.58315,0.58315,0.58315,0.58315,2
2026-03-19T11:57:00,0.5831,0.5832,0.5831,0.5832,54
2026-03-19T11:58:00,0.58325,0.58325,0.58325,0.58325,12
2026-03-19T11:59:00,0.58325,0.5833,0.58325,0.5833,21
2026-03-19T12:00:00,0.5833,0.5834,0.58315,0.5833,184
2026-03-19T12:01:00,0.58325,0.58325,0.5831,0.58315,178
2026-03-19T12:02:00,0.58315,0.5832,0.5829,0.583,87
2026-03-19T12:03:00,0.583,0.583,0.5827,0.5828,50
2026-03-19T12:04:00,0.58275,0.5829,0.5827,0.5829,38
2026-03-19T12:05:00,0.5829,0.58295,0.58275,0.5829,33
2026-03-19T12:06:00,0.5829,0.58305,0.58285,0.583,97
2026-03-19T12:07:00,0.58295,0.5833,0.5829,0.58325,46
2026-03-19T12:08:00,0.5832,0.58325,0.5829,0.58305,62
2026-03-19T12:09:00,0.58305,0.58305,0.5828,0.583,28
2026-03-19T12:10:00,0.583,0.58305,0.5828,0.5829,27
2026-03-19T12:11:00,0.58295,0.58295,0.5829,0.58295,12
2026-03-19T12:12:00,0.58295,0.58295,0.58285,0.58285,16
2026-03-19T12:13:00,0.58285,0.58295,0.58285,0.5829,28
2026-03-19T12:14:00,0.58285,0.58285,0.58265,0.58265,34
2026-03-19T12:15:00,0.5827,0.5828,0.5827,0.5828,47
2026-03-19T12:16:00,0.5828,0.5829,0.5828,0.5829,17
2026-03-19T12:17:00,0.58295,0.583,0.58285,0.5829,45
2026-03-19T12:18:00,0.58295,0.58305,0.58285,0.58285,76
2026-03-19T12:19:00,0.5828,0.58285,0.5826,0.5826,67
2026-03-19T12:20:00,0.5826,0.5827,0.58255,0.58255,12
2026-03-19T12:21:00,0.5826,0.5827,0.5826,0.5827,23
2026-03-19T12:22:00,0.58265,0.5827,0.5825,0.58255,50
2026-03-19T12:23:00,0.58245,0.5825,0.58215,0.58215,43
2026-03-19T12:24:00,0.58215,0.5822,0.5821,0.5822,203
2026-03-19T12:25:00,0.5822,0.5822,0.58195,0.58195,53
2026-03-19T12:26:00,0.582,0.582,0.58175,0.58175,40
2026-03-19T12:27:00,0.5818,0.58185,0.5817,0.58185,146
2026-03-19T12:28:00,0.58185,0.5819,0.58175,0.58185,92
2026-03-19T12:29:00,0.58185,0.582,0.58185,0.582,113
2026-03-19T12:30:00,0.5819,0.582,0.5817,0.58195,163
2026-03-19T12:31:00,0.58195,0.58205,0.5819,0.58195,99
2026-03-19T12:32:00,0.582,0.5823,0.58195,0.58225,40
2026-03-19T12:33:00,0.58225,0.58235,0.5822,0.5822,58
2026-03-19T12:34:00,0.58215,0.5822,0.582,0.582,59
2026-03-19T12:35:00,0.58215,0.5823,0.5821,0.58215,39
2026-03-19T12:36:00,0.58215,0.58225,0.5821,0.5821,22
2026-03-19T12:37:00,0.58215,0.58225,0.58205,0.58215,69
2026-03-19T12:38:00,0.58215,0.58225,0.582,0.582,111
2026-03-19T12:39:00,0.58205,0.58215,0.58195,0.58195,48
2026-03-19T12:40:00,0.58195,0.58215,0.5819,0.5821,70
2026-03-19T12:41:00,0.58215,0.5823,0.58205,0.5822,52
2026-03-19T12:42:00,0.58225,0.5826,0.5822,0.5825,43
2026-03-19T12:43:00,0.58255,0.5827,0.58245,0.5826,71
2026-03-19T12:44:00,0.5825,0.5825,0.5823,0.58235,45
2026-03-19T12:45:00,0.58235,0.5824,0.5822,0.5824,59
2026-03-19T12:46:00,0.58245,0.5825,0.58235,0.58245,66
2026-03-19T12:47:00,0.58245,0.58245,0.58225,0.58225,40
2026-03-19T12:48:00,0.5823,0.58235,0.5822,0.58225,75
2026-03-19T12:49:00,0.5823,0.58255,0.5823,0.58255,37
2026-03-19T12:50:00,0.5826,0.5826,0.5825,0.5825,34
2026-03-19T12:51:00,0.58255,0.58255,0.58235,0.58245,61
2026-03-19T12:52:00,0.5825,0.58255,0.58235,0.58235,35
2026-03-19T12:53:00,0.58225,0.5824,0.58225,0.5824,28
2026-03-19T12:54:00,0.5826,0.58275,0.5826,0.58275,48
2026-03-19T12:55:00,0.5827,0.58275,0.58265,0.58275,29
2026-03-19T12:56:00,0.58265,0.58275,0.5826,0.5827,72
2026-03-19T12:57:00,0.58275,0.5829,0.58275,0.5829,131
2026-03-19T12:58:00,0.5829,0.5829,0.58275,0.58285,76
2026-03-19T12:59:00,0.58275,0.58275,0.58255,0.58255,89
2026-03-19T13:00:00,0.58255,0.58265,0.58235,0.58235,128
2026-03-19T13:01:00,0.58235,0.58235,0.58195,0.58195,84
2026-03-19T13:02:00,0.58195,0.5822,0.58195,0.58215,22
2026-03-19T13:03:00,0.58225,0.58225,0.58205,0.5822,28
2026-03-19T13:04:00,0.5822,0.5824,0.5822,0.58235,136
2026-03-19T13:05:00,0.58235,0.58255,0.58225,0.5823,66
2026-03-19T13:06:00,0.5823,0.5823,0.582,0.582,46
2026-03-19T13:07:00,0.58205,0.5821,0.5819,0.5821,40
2026-03-19T13:08:00,0.5821,0.58225,0.58205,0.58225,59
2026-03-19T13:09:00,0.58225,0.58225,0.582,0.5821,112
2026-03-19T13:10:00,0.5821,0.5821,0.5819,0.58195,72
2026-03-19T13:11:00,0.5819,0.582,0.58185,0.58195,46
2026-03-19T13:12:00,0.5819,0.5819,0.58185,0.5819,20
2026-03-19T13:13:00,0.58195,0.582,0.5819,0.582,43
2026-03-19T13:14:00,0.582,0.582,0.5819,0.58195,25
2026-03-19T13:15:00,0.58195,0.5821,0.58185,0.5821,142
2026-03-19T13:16:00,0.5821,0.5825,0.5821,0.5825,274
2026-03-19T13:17:00,0.58255,0.58295,0.58255,0.58285,84
2026-03-19T13:18:00,0.58295,0.58325,0.58275,0.58325,116
2026-03-19T13:19:00,0.58325,0.5834,0.58325,0.5834,74
2026-03-19T13:20:00,0.5833,0.58385,0.5833,0.58375,213
2026-03-19T13:21:00,0.58365,0.58365,0.58325,0.58325,118
2026-03-19T13:22:00,0.5833,0.58345,0.58315,0.58315,116
2026-03-19T13:23:00,0.5832,0.5832,0.58275,0.5829,112
2026-03-19T13:24:00,0.58275,0.58285,0.5827,0.58275,46
2026-03-19T13:25:00,0.5827,0.5828,0.5825,0.58265,38
2026-03-19T13:26:00,0.58265,0.5827,0.5826,0.5827,80
2026-03-19T13:27:00,0.5827,0.5827,0.5826,0.58265,88
2026-03-19T13:28:00,0.58275,0.5829,0.5827,0.5827,35
2026-03-19T13:29:00,0.58275,0.583,0.58275,0.5829,39
2026-03-19T13:30:00,0.5829,0.5829,0.5824,0.5827,137
2026-03-19T13:31:00,0.5827,0.5829,0.5825,0.58285,111
2026-03-19T13:32:00,0.5829,0.58295,0.5826,0.5826,82
2026-03-19T13:33:00,0.58255,0.5827,0.58245,0.5826,70
2026-03-19T13:34:00,0.58265,0.58275,0.58245,0.58275,40
2026-03-19T13:35:00,0.58275,0.5829,0.58255,0.5826,46
2026-03-19T13:36:00,0.58265,0.58285,0.5825,0.58285,77
2026-03-19T13:37:00,0.5829,0.58305,0.5828,0.583,37
2026-03-19T13:38:00,0.5831,0.5833,0.5831,0.58315,33
2026-03-19T13:39:00,0.5831,0.5832,0.58285,0.58285,56
2026-03-19T13:40:00,0.58285,0.5832,0.5826,0.5826,126
2026-03-19T13:41:00,0.58265,0.5832,0.5826,0.58315,111
2026-03-19T13:42:00,0.58305,0.5831,0.58285,0.5831,107
2026-03-19T13:43:00,0.58285,0.5829,0.5828,0.58285,35
2026-03-19T13:44:00,0.5829,0.58305,0.5828,0.5828,66
2026-03-19T13:45:00,0.58275,0.58295,0.5826,0.58265,58
2026-03-19T13:46:00,0.58285,0.583,0.5828,0.5828,100
2026-03-19T13:47:00,0.58275,0.583,0.58275,0.5829,80
2026-03-19T13:48:00,0.58295,0.5832,0.5829,0.58315,104
2026-03-19T13:49:00,0.5832,0.58355,0.58315,0.5835,70
2026-03-19T13:50:00,0.58355,0.5842,0.58355,0.5842,93
2026-03-19T13:51:00,0.58425,0.58435,0.58405,0.58425,175
2026-03-19T13:52:00,0.5842,0.58425,0.5838,0.5839,140
2026-03-19T13:53:00,0.58405,0.58445,0.58405,0.5844,137
2026-03-19T13:54:00,0.5844,0.5852,0.58435,0.5852,500
2026-03-19T13:55:00,0.5851,0.58515,0.58475,0.58485,175
2026-03-19T13:56:00,0.58495,0.58535,0.58495,0.5851,95
2026-03-19T13:57:00,0.5851,0.58525,0.585,0.585,82
2026-03-19T13:58:00,0.585,0.5851,0.585,0.5851,39
2026-03-19T13:59:00,0.58515,0.5853,0.585,0.5853,94
2026-03-19T14:00:00,0.58535,0.58585,0.58515,0.58585,482
2026-03-19T14:01:00,0.5858,0.58635,0.5857,0.586,960
2026-03-19T14:02:00,0.58605,0.5863,0.58585,0.58625,165
2026-03-19T14:03:00,0.5863,0.58655,0.5861,0.58625,96
2026-03-19T14:04:00,0.5862,0.58625,0.58565,0.5857,156
2026-03-19T14:05:00,0.5857,0.58615,0.5856,0.58615,101
2026-03-19T14:06:00,0.5861,0.58645,0.58585,0.58585,231
2026-03-19T14:07:00,0.58585,0.5862,0.5857,0.58585,62
2026-03-19T14:08:00,0.5858,0.58595,0.5857,0.5857,25
2026-03-19T14:09:00,0.58575,0.5859,0.58565,0.5859,58
2026-03-19T14:10:00,0.586,0.586,0.58555,0.5858,111
2026-03-19T14:11:00,0.5858,0.5864,0.5858,0.5864,107
2026-03-19T14:12:00,0.58635,0.58635,0.58585,0.58585,67
2026-03-19T14:13:00,0.5858,0.58585,0.5855,0.5856,92
2026-03-19T14:14:00,0.5856,0.5857,0.58545,0.58565,91
2026-03-19T14:15:00,0.58555,0.58565,0.5852,0.58535,79
2026-03-19T14:16:00,0.58535,0.5856,0.5852,0.5853,51
2026-03-19T14:17:00,0.58535,0.5855,0.58535,0.5854,35
2026-03-19T14:18:00,0.5854,0.5855,0.5853,0.58535,88
2026-03-19T14:19:00,0.58525,0.58545,0.5851,0.58545,38
2026-03-19T14:20:00,0.58545,0.58565,0.58535,0.5856,43
2026-03-19T14:21:00,0.5856,0.58565,0.58535,0.5854,54
2026-03-19T14:22:00,0.5854,0.5856,0.5854,0.58545,35
2026-03-19T14:23:00,0.58545,0.5855,0.5852,0.5852,270
2026-03-19T14:24:00,0.5852,0.5854,0.5851,0.58515,174
2026-03-19T14:25:00,0.58515,0.5853,0.58505,0.5851,128
2026-03-19T14:26:00,0.5851,0.5851,0.58495,0.58495,38
2026-03-19T14:27:00,0.5849,0.5849,0.58465,0.5848,88
2026-03-19T14:28:00,0.5848,0.5848,0.58465,0.5847,86
2026-03-19T14:29:00,0.58475,0.5849,0.5847,0.58475,40
2026-03-19T14:30:00,0.58475,0.58495,0.5847,0.5847,69
2026-03-19T14:31:00,0.5847,0.58485,0.5846,0.58485,51
2026-03-19T14:32:00,0.5848,0.58505,0.5848,0.58495,48
2026-03-19T14:33:00,0.5849,0.58505,0.58485,0.58505,29
2026-03-19T14:34:00,0.5852,0.58545,0.5852,0.58545,36
2026-03-19T14:35:00,0.5856,0.5859,0.58555,0.58585,83
2026-03-19T14:36:00,0.58585,0.5859,0.5857,0.5859,59
2026-03-19T14:37:00,0.58595,0.586,0.5858,0.5858,123
2026-03-19T14:38:00,0.5857,0.58575,0.5856,0.5857,55
2026-03-19T14:39:00,0.58565,0.5858,0.58545,0.5857,46
2026-03-19T14:40:00,0.58565,0.58595,0.5856,0.5859,20
2026-03-19T14:41:00,0.58585,0.58595,0.5858,0.58585,55
2026-03-19T14:42:00,0.58585,0.58595,0.5857,0.5857,65
2026-03-19T14:43:00,0.5857,0.5859,0.5856,0.58565,31
2026-03-19T14:44:00,0.5857,0.5859,0.58565,0.5858,39
2026-03-19T14:45:00,0.5858,0.58585,0.5856,0.5856,22
2026-03-19T14:46:00,0.58565,0.5859,0.58555,0.58585,57
2026-03-19T14:47:00,0.58585,0.58585,0.58545,0.58555,32
2026-03-19T14:48:00,0.5856,0.5858,0.5856,0.5856,23
2026-03-19T14:49:00,0.58585,0.58595,0.58585,0.5859,30
2026-03-19T14:50:00,0.5859,0.586,0.58575,0.586,25
2026-03-19T14:51:00,0.58605,0.58635,0.586,0.58635,52
2026-03-19T14:52:00,0.5863,0.5863,0.58605,0.5861,110
2026-03-19T14:53:00,0.5861,0.58615,0.58605,0.5861,13
2026-03-19T14:54:00,0.5861,0.5861,0.58595,0.586,22
2026-03-19T14:55:00,0.58605,0.58605,0.58575,0.58585,21
2026-03-19T14:56:00,0.5859,0.5859,0.5857,0.5858,13
2026-03-19T14:57:00,0.58575,0.5859,0.58565,0.5859,45
2026-03-19T14:58:00,0.5858,0.5859,0.5858,0.5858,56
2026-03-19T14:59:00,0.58575,0.5858,0.5857,0.5857,94
2026-03-19T15:00:00,0.5856,0.58575,0.58545,0.58565,127
2026-03-19T15:01:00,0.5856,0.58575,0.5856,0.58565,35
2026-03-19T15:02:00,0.5856,0.5858,0.58555,0.5858,40
2026-03-19T15:03:00,0.5859,0.586,0.58585,0.58585,51
2026-03-19T15:04:00,0.5858,0.58615,0.5858,0.58615,19
2026-03-19T15:05:00,0.5862,0.58675,0.5862,0.58675,62
2026-03-19T15:06:00,0.5867,0.58685,0.5867,0.58675,89
2026-03-19T15:07:00,0.5867,0.58675,0.58635,0.58635,66
2026-03-19T15:08:00,0.5863,0.58635,0.58625,0.58635,46
2026-03-19T15:09:00,0.58625,0.5863,0.58615,0.5863,24
2026-03-19T15:10:00,0.58635,0.58635,0.5862,0.58625,9
2026-03-19T15:11:00,0.5862,0.5862,0.5862,0.5862,17
2026-03-19T15:12:00,0.58625,0.58645,0.58625,0.5864,51
2026-03-19T15:13:00,0.5864,0.5865,0.58625,0.5865,51
2026-03-19T15:14:00,0.5865,0.5866,0.5864,0.5865,123
2026-03-19T15:15:00,0.5866,0.5866,0.58635,0.5864,35
2026-03-19T15:16:00,0.5864,0.5865,0.5863,0.5864,35
2026-03-19T15:17:00,0.5864,0.5864,0.58605,0.5861,40
2026-03-19T15:18:00,0.586,0.5861,0.586,0.5861,4
2026-03-19T15:19:00,0.586,0.586,0.58585,0.58585,28
2026-03-19T15:20:00,0.58585,0.58585,0.5855,0.5856,30
2026-03-19T15:21:00,0.5856,0.5856,0.58545,0.58545,36
2026-03-19T15:22:00,0.58545,0.5856,0.58545,0.58545,35
2026-03-19T15:23:00,0.58545,0.58565,0.58545,0.58565,24
2026-03-19T15:24:00,0.58565,0.58565,0.5853,0.58535,66
2026-03-19T15:25:00,0.5853,0.5854,0.58505,0.5851,111
2026-03-19T15:26:00,0.5852,0.58525,0.5851,0.5851,21
2026-03-19T15:27:00,0.585,0.58515,0.585,0.58515,38
2026-03-19T15:28:00,0.5852,0.5852,0.58505,0.5851,27
2026-03-19T15:29:00,0.5851,0.5851,0.58505,0.5851,7
2026-03-19T15:30:00,0.5851,0.5851,0.58485,0.58485,45
2026-03-19T15:31:00,0.58485,0.58485,0.5846,0.5846,46
2026-03-19T15:32:00,0.58475,0.585,0.5847,0.585,47
2026-03-19T15:33:00,0.5849,0.5849,0.5847,0.5847,14
2026-03-19T15:34:00,0.5847,0.5848,0.58465,0.58465,18
2026-03-19T15:35:00,0.5846,0.58475,0.5846,0.5846,40
2026-03-19T15:36:00,0.5847,0.5847,0.5844,0.5844,35
2026-03-19T15:37:00,0.58445,0.5845,0.5844,0.58445,52
2026-03-19T15:38:00,0.58445,0.58455,0.58445,0.58445,23
2026-03-19T15:39:00,0.5845,0.5846,0.5844,0.5846,68
2026-03-19T15:40:00,0.5846,0.58465,0.5845,0.5846,32
2026-03-19T15:41:00,0.5846,0.58465,0.5844,0.5844,28
2026-03-19T15:42:00,0.58435,0.58445,0.5843,0.58445,56
2026-03-19T15:43:00,0.58445,0.5847,0.58445,0.5845,53
2026-03-19T15:44:00,0.58455,0.5846,0.58445,0.58445,36
2026-03-19T15:45:00,0.58435,0.5844,0.58425,0.5844,26
2026-03-19T15:46:00,0.58435,0.58435,0.58415,0.58435,47
2026-03-19T15:47:00,0.5843,0.5846,0.5843,0.58445,44
2026-03-19T15:48:00,0.58445,0.5848,0.5844,0.5847,104
2026-03-19T15:49:00,0.5848,0.585,0.5848,0.58495,121
2026-03-19T15:50:00,0.585,0.58505,0.58485,0.58485,123
2026-03-19T15:51:00,0.58495,0.58505,0.58485,0.58485,87
2026-03-19T15:52:00,0.58485,0.58505,0.5848,0.58505,105
2026-03-19T15:53:00,0.58495,0.58515,0.5849,0.58505,83
2026-03-19T15:54:00,0.585,0.585,0.5849,0.5849,32
2026-03-19T15:55:00,0.58495,0.58505,0.5847,0.58505,193
2026-03-19T15:56:00,0.5851,0.58545,0.5851,0.5852,218
2026-03-19T15:57:00,0.58515,0.58515,0.5848,0.58485,285
2026-03-19T15:58:00,0.58485,0.58495,0.5848,0.58495,149
2026-03-19T15:59:00,0.58495,0.585,0.58495,0.58495,45
2026-03-19T16:00:00,0.58495,0.58515,0.5849,0.58515,109
2026-03-19T16:01:00,0.58515,0.5852,0.58515,0.58515,97
2026-03-19T16:02:00,0.5852,0.5856,0.58515,0.58555,104
2026-03-19T16:03:00,0.5857,0.5859,0.58565,0.5859,80
2026-03-19T16:04:00,0.58585,0.5859,0.5856,0.58565,187
2026-03-19T16:05:00,0.58565,0.58595,0.5856,0.5859,21
2026-03-19T16:06:00,0.586,0.586,0.5856,0.5856,22
2026-03-19T16:07:00,0.58575,0.58615,0.58575,0.5861,62
2026-03-19T16:08:00,0.58615,0.58615,0.5858,0.5858,26
2026-03-19T16:09:00,0.5859,0.5859,0.58555,0.5859,156
2026-03-19T16:10:00,0.58595,0.58615,0.5855,0.5856,226
2026-03-19T16:11:00,0.58555,0.586,0.5855,0.58585,45
2026-03-19T16:12:00,0.5859,0.586,0.5859,0.5859,37
2026-03-19T16:13:00,0.5859,0.5859,0.5856,0.5856,27
2026-03-19T16:14:00,0.5856,0.58575,0.58555,0.5856,54
2026-03-19T16:15:00,0.5857,0.58575,0.5854,0.5854,50
2026-03-19T16:16:00,0.58545,0.5857,0.58545,0.58555,25
2026-03-19T16:17:00,0.58545,0.58545,0.58535,0.58545,29
2026-03-19T16:18:00,0.58565,0.5857,0.58545,0.58545,42
2026-03-19T16:19:00,0.58575,0.58575,0.5856,0.58565,23
2026-03-19T16:20:00,0.5856,0.5859,0.58555,0.5859,33
2026-03-19T16:21:00,0.5858,0.5859,0.5858,0.5858,20
2026-03-19T16:22:00,0.58575,0.58585,0.58565,0.58565,46
2026-03-19T16:23:00,0.58555,0.5856,0.5855,0.5856,15
2026-03-19T16:24:00,0.58575,0.58595,0.58575,0.5858,66
2026-03-19T16:25:00,0.58595,0.58605,0.58595,0.586,37
2026-03-19T16:26:00,0.58605,0.58605,0.58595,0.58605,18
2026-03-19T16:27:00,0.58605,0.5861,0.586,0.586,22
2026-03-19T16:28:00,0.58595,0.58605,0.58595,0.586,55
2026-03-19T16:29:00,0.58595,0.5862,0.58595,0.58605,16
2026-03-19T16:30:00,0.58615,0.5862,0.58605,0.58605,31
2026-03-19T16:31:00,0.58605,0.5861,0.5859,0.586,49
2026-03-19T16:32:00,0.5862,0.58625,0.586,0.586,60
2026-03-19T16:33:00,0.58595,0.586,0.58595,0.58595,48
2026-03-19T16:34:00,0.58605,0.5861,0.58605,0.58605,9
2026-03-19T16:35:00,0.58595,0.58595,0.58565,0.58565,36
2026-03-19T16:36:00,0.58555,0.5857,0.58555,0.5857,22
2026-03-19T16:37:00,0.5857,0.5858,0.5857,0.5857,22
2026-03-19T16:38:00,0.5857,0.58585,0.5857,0.58585,2
2026-03-19T16:39:00,0.5859,0.58595,0.58585,0.5859,30
2026-03-19T16:40:00,0.58595,0.58615,0.5859,0.58615,24
2026-03-19T16:41:00,0.5861,0.5861,0.586,0.58605,33
2026-03-19T16:42:00,0.58605,0.5862,0.58605,0.5861,28
2026-03-19T16:43:00,0.58605,0.58605,0.58585,0.58585,50
2026-03-19T16:44:00,0.58585,0.58595,0.58585,0.5859,14
2026-03-19T16:45:00,0.586,0.586,0.58575,0.58575,15
2026-03-19T16:46:00,0.58565,0.5858,0.58565,0.5857,18
2026-03-19T16:47:00,0.58575,0.58575,0.58565,0.58565,43
2026-03-19T16:48:00,0.5857,0.5857,0.5856,0.58565,13
2026-03-19T16:49:00,0.58565,0.58565,0.5855,0.5855,10
2026-03-19T16:50:00,0.5855,0.5856,0.58545,0.58545,25
2026-03-19T16:51:00,0.5853,0.5853,0.58515,0.5852,30
2026-03-19T16:52:00,0.58505,0.5851,0.58505,0.5851,6
2026-03-19T16:53:00,0.58505,0.58515,0.58505,0.58515,10
2026-03-19T16:54:00,0.58515,0.58535,0.58515,0.58535,5
2026-03-19T16:55:00,0.5855,0.5855,0.58545,0.58545,10
2026-03-19T16:56:00,0.5854,0.58555,0.5854,0.58555,16
2026-03-19T16:57:00,0.58565,0.5857,0.58565,0.5857,8
2026-03-19T16:58:00,0.5856,0.58565,0.5856,0.58565,7
2026-03-19T17:01:00,0.5858,0.5858,0.5857,0.5857,30
2026-03-19T17:02:00,0.58585,0.586,0.58585,0.586,42
2026-03-19T17:03:00,0.58605,0.58605,0.58595,0.58595,14
2026-03-19T17:04:00,0.58595,0.586,0.58575,0.58575,36
2026-03-19T17:05:00,0.5858,0.5859,0.58575,0.5858,18
2026-03-19T17:06:00,0.58575,0.58585,0.58565,0.58585,32
2026-03-19T17:07:00,0.58575,0.5858,0.58575,0.58575,21
2026-03-19T17:08:00,0.58575,0.58575,0.58545,0.58545,18
2026-03-19T17:09:00,0.5854,0.58555,0.5854,0.58555,42
2026-03-19T17:10:00,0.58555,0.58555,0.58545,0.58555,20
2026-03-19T17:11:00,0.58555,0.58565,0.58555,0.58565,27
2026-03-19T17:12:00,0.5857,0.5858,0.5857,0.5858,24
2026-03-19T17:13:00,0.58575,0.5858,0.5857,0.5857,24
2026-03-19T17:14:00,0.5857,0.5858,0.5857,0.5858,13
2026-03-19T17:15:00,0.58585,0.5859,0.58575,0.5858,24
2026-03-19T17:16:00,0.5858,0.586,0.5858,0.586,33
2026-03-19T17:17:00,0.586,0.5861,0.586,0.5861,13
2026-03-19T17:18:00,0.58605,0.5863,0.58605,0.5863,26
2026-03-19T17:19:00,0.5863,0.5864,0.5863,0.58635,47
2026-03-19T17:20:00,0.5864,0.5864,0.58635,0.58635,45
2026-03-19T17:21:00,0.58635,0.58655,0.58635,0.5865,26
2026-03-19T17:22:00,0.5866,0.58665,0.58655,0.58655,23
2026-03-19T17:23:00,0.5866,0.5867,0.5866,0.5867,31
2026-03-19T17:24:00,0.5867,0.5867,0.58665,0.58665,8
2026-03-19T17:25:00,0.58665,0.5867,0.5866,0.58665,11
2026-03-19T17:26:00,0.5867,0.5869,0.58665,0.5869,45
2026-03-19T17:27:00,0.5869,0.58705,0.5869,0.587,156
2026-03-19T17:28:00,0.58705,0.58705,0.58695,0.58695,49
2026-03-19T17:29:00,0.58695,0.58695,0.58685,0.5869,27
2026-03-19T17:30:00,0.58695,0.587,0.5869,0.587,29
2026-03-19T17:31:00,0.587,0.587,0.5869,0.58695,12
2026-03-19T17:32:00,0.58685,0.5869,0.58685,0.5869,87
2026-03-19T17:33:00,0.58685,0.58685,0.58665,0.58665,237
2026-03-19T17:34:00,0.5866,0.5867,0.5866,0.5867,19
2026-03-19T17:35:00,0.5867,0.5867,0.5866,0.58665,29
2026-03-19T17:36:00,0.5867,0.58675,0.5866,0.58675,23
2026-03-19T17:37:00,0.5868,0.5869,0.5868,0.58685,15
2026-03-19T17:38:00,0.5868,0.58685,0.5867,0.5867,34
2026-03-19T17:39:00,0.5867,0.5867,0.5866,0.5866,41
2026-03-19T17:40:00,0.58655,0.5866,0.58645,0.58645,65
2026-03-19T17:41:00,0.5864,0.5866,0.5864,0.5866,66
2026-03-19T17:42:00,0.5866,0.58675,0.5866,0.58665,71
2026-03-19T17:43:00,0.5865,0.58655,0.58645,0.5865,29
2026-03-19T17:44:00,0.58675,0.5868,0.5867,0.5867,41
2026-03-19T17:45:00,0.58675,0.58675,0.5867,0.58675,18
2026-03-19T17:46:00,0.5867,0.58685,0.5867,0.58685,14
2026-03-19T17:47:00,0.5867,0.58675,0.5866,0.5866,7
2026-03-19T17:48:00,0.5866,0.58675,0.5866,0.58665,6
2026-03-19T17:49:00,0.5866,0.5866,0.5866,0.5866,1
2026-03-19T17:50:00,0.58655,0.58675,0.58655,0.58675,54
2026-03-19T17:51:00,0.5868,0.5868,0.58675,0.58675,10
2026-03-19T17:52:00,0.5868,0.58705,0.5868,0.58705,8
2026-03-19T17:53:00,0.58705,0.58705,0.58695,0.58695,7
2026-03-19T17:54:00,0.58695,0.58705,0.5869,0.58705,23
2026-03-19T17:55:00,0.587,0.58715,0.587,0.58705,61
2026-03-19T17:56:00,0.5869,0.5869,0.58675,0.58675,28
2026-03-19T17:57:00,0.5868,0.58685,0.5868,0.58685,7
2026-03-19T17:58:00,0.5869,0.5869,0.5868,0.5868,13
2026-03-19T18:00:00,0.5868,0.5868,0.5866,0.5867,145
2026-03-19T18:01:00,0.5867,0.5867,0.58665,0.5867,3
2026-03-19T18:02:00,0.58675,0.58675,0.5865,0.5865,12
2026-03-19T18:03:00,0.5865,0.5865,0.5864,0.58645,12
2026-03-19T18:04:00,0.58645,0.5865,0.58645,0.58645,9
2026-03-19T18:05:00,0.5866,0.58665,0.5866,0.58665,4
2026-03-19T18:06:00,0.5867,0.58675,0.5867,0.5867,9
2026-03-19T18:07:00,0.58665,0.5867,0.58655,0.5867,20
2026-03-19T18:08:00,0.58675,0.5868,0.5867,0.5868,6
2026-03-19T18:09:00,0.5867,0.5867,0.5867,0.5867,8
2026-03-19T18:10:00,0.5867,0.58675,0.5867,0.58675,25
2026-03-19T18:11:00,0.5867,0.5868,0.58665,0.5867,21
2026-03-19T18:12:00,0.5868,0.5869,0.58675,0.5869,7
2026-03-19T18:13:00,0.5869,0.587,0.58685,0.587,11
2026-03-19T18:14:00,0.587,0.587,0.5869,0.587,18
2026-03-19T18:15:00,0.58705,0.58705,0.587,0.587,14
2026-03-19T18:16:00,0.58685,0.58685,0.58665,0.5868,27
2026-03-19T18:17:00,0.5867,0.5867,0.5867,0.5867,1
2026-03-19T18:18:00,0.5866,0.58665,0.58655,0.58665,11
2026-03-19T18:19:00,0.5867,0.58675,0.5867,0.58675,7
2026-03-19T18:20:00,0.5868,0.58685,0.58675,0.58685,73
2026-03-19T18:21:00,0.58675,0.58685,0.58675,0.58685,14
2026-03-19T18:22:00,0.5869,0.5869,0.58675,0.58685,13
2026-03-19T18:23:00,0.5868,0.5868,0.5868,0.5868,5
2026-03-19T18:24:00,0.58685,0.58685,0.5868,0.5868,5
2026-03-19T18:26:00,0.5869,0.5869,0.5869,0.5869,1
2026-03-19T18:27:00,0.58695,0.58695,0.58685,0.58685,4
2026-03-19T18:28:00,0.5869,0.5869,0.58685,0.58685,4
2026-03-19T18:29:00,0.5868,0.5868,0.5867,0.5867,20
2026-03-19T18:30:00,0.5867,0.5867,0.58665,0.58665,10
2026-03-19T18:31:00,0.58665,0.5868,0.58665,0.5867,11
2026-03-19T18:32:00,0.58675,0.58675,0.58675,0.58675,16
2026-03-19T18:33:00,0.58675,0.58675,0.5867,0.5867,7
2026-03-19T18:34:00,0.58665,0.5867,0.58665,0.5867,12
2026-03-19T18:35:00,0.5867,0.58675,0.5867,0.58675,33
2026-03-19T18:36:00,0.5868,0.5868,0.5866,0.5866,27
2026-03-19T18:37:00,0.58655,0.58655,0.58655,0.58655,9
2026-03-19T18:38:00,0.5866,0.5866,0.5866,0.5866,4
2026-03-19T18:39:00,0.58665,0.58665,0.5866,0.5866,4
2026-03-19T18:40:00,0.58655,0.58655,0.58645,0.58645,9
2026-03-19T18:41:00,0.58645,0.5865,0.58645,0.58645,7
2026-03-19T18:42:00,0.5865,0.58655,0.5865,0.58655,6
2026-03-19T18:43:00,0.58655,0.58655,0.5865,0.5865,5
2026-03-19T18:44:00,0.5865,0.5865,0.58645,0.58645,5
2026-03-19T18:45:00,0.58645,0.58655,0.5864,0.58655,72
2026-03-19T18:46:00,0.5866,0.5867,0.58655,0.5867,37
2026-03-19T18:47:00,0.5867,0.5867,0.5866,0.5867,6
2026-03-19T18:48:00,0.58665,0.58665,0.5866,0.5866,11
2026-03-19T18:49:00,0.5866,0.5866,0.5866,0.5866,2
2026-03-19T18:50:00,0.5866,0.5867,0.5866,0.5866,20
2026-03-19T18:51:00,0.58665,0.5867,0.58665,0.5867,4
2026-03-19T18:52:00,0.58685,0.5869,0.58685,0.5869,31
2026-03-19T18:53:00,0.58695,0.58695,0.5869,0.5869,65
2026-03-19T18:54:00,0.5869,0.5871,0.5869,0.5871,131
2026-03-19T18:55:00,0.5871,0.58725,0.5871,0.5872,24
2026-03-19T18:56:00,0.58725,0.58765,0.58725,0.5875,280
2026-03-19T18:57:00,0.5875,0.5878,0.5875,0.5878,33
2026-03-19T18:58:00,0.5878,0.588,0.5878,0.588,225
2026-03-19T18:59:00,0.588,0.58805,0.58785,0.588,1199
2026-03-19T19:00:00,0.58805,0.58845,0.58805,0.5884,642
2026-03-19T19:01:00,0.5884,0.5889,0.5884,0.5889,119
2026-03-19T19:02:00,0.5889,0.5892,0.58885,0.58915,200
2026-03-19T19:03:00,0.58905,0.5894,0.5889,0.58925,391
2026-03-19T19:04:00,0.58925,0.5897,0.58925,0.5897,397
2026-03-19T19:05:00,0.5897,0.5901,0.5897,0.58985,207
2026-03-19T19:06:00,0.5898,0.5906,0.58975,0.59055,251
2026-03-19T19:07:00,0.59055,0.59075,0.5902,0.5902,144
2026-03-19T19:08:00,0.59015,0.59105,0.59015,0.5907,429
2026-03-19T19:09:00,0.59065,0.59085,0.59025,0.59035,240
2026-03-19T19:10:00,0.59035,0.5909,0.59005,0.59085,302
2026-03-19T19:11:00,0.59085,0.59105,0.59055,0.5909,233
2026-03-19T19:12:00,0.59095,0.591,0.59015,0.5902,193
2026-03-19T19:13:00,0.5903,0.5904,0.5901,0.5901,151
2026-03-19T19:14:00,0.5904,0.5908,0.5904,0.5906,185
2026-03-19T19:15:00,0.59055,0.591,0.59055,0.5908,394
2026-03-19T19:16:00,0.5909,0.59095,0.5905,0.5906,151
2026-03-19T19:17:00,0.59055,0.5909,0.59055,0.5906,65
2026-03-19T19:18:00,0.59055,0.59065,0.59035,0.5905,92
2026-03-19T19:19:00,0.59035,0.59065,0.5902,0.59065,98
2026-03-19T19:20:00,0.5906,0.5906,0.59025,0.59025,63
2026-03-19T19:21:00,0.5902,0.59045,0.59015,0.59025,75
2026-03-19T19:22:00,0.5903,0.59035,0.59015,0.59035,112
2026-03-19T19:23:00,0.5903,0.5903,0.59,0.59,64
2026-03-19T19:24:00,0.59,0.59005,0.58985,0.58985,23
2026-03-19T19:25:00,0.5899,0.58995,0.58955,0.58955,69
2026-03-19T19:26:00,0.58955,0.58965,0.5895,0.5895,122
2026-03-19T19:27:00,0.58955,0.58965,0.5894,0.5894,145
2026-03-19T19:28:00,0.58935,0.5894,0.5891,0.5891,49
2026-03-19T19:29:00,0.58925,0.58945,0.58925,0.5894,45
2026-03-19T19:30:00,0.58945,0.5895,0.58915,0.5892,17
2026-03-19T19:31:00,0.5894,0.58955,0.5894,0.58945,21
2026-03-19T19:32:00,0.58945,0.58945,0.5891,0.5892,55
2026-03-19T19:33:00,0.58925,0.5897,0.58925,0.5897,77
2026-03-19T19:34:00,0.5897,0.5898,0.5894,0.58945,75
2026-03-19T19:35:00,0.5895,0.58955,0.58895,0.58895,86
2026-03-19T19:36:00,0.58895,0.58905,0.5889,0.589,39
2026-03-19T19:37:00,0.5891,0.58925,0.5891,0.58925,13
2026-03-19T19:38:00,0.58925,0.58925,0.58915,0.58915,67
2026-03-19T19:39:00,0.58915,0.58945,0.58915,0.58945,61
2026-03-19T19:40:00,0.5894,0.5896,0.5894,0.5896,13
2026-03-19T19:41:00,0.58955,0.58955,0.5893,0.58945,48
2026-03-19T19:42:00,0.5894,0.58955,0.5893,0.58955,35
2026-03-19T19:43:00,0.58955,0.5896,0.5894,0.58945,54
2026-03-19T19:44:00,0.58945,0.58945,0.5893,0.5893,48
2026-03-19T19:45:00,0.58925,0.58925,0.5891,0.58925,42
2026-03-19T19:46:00,0.5892,0.58925,0.58915,0.58915,35
2026-03-19T19:47:00,0.5891,0.58935,0.5891,0.5893,36
2026-03-19T19:48:00,0.5892,0.58925,0.5892,0.5892,24
2026-03-19T19:49:00,0.5892,0.5892,0.5891,0.5891,11
2026-03-19T19:50:00,0.58915,0.58915,0.58895,0.58895,43
2026-03-19T19:51:00,0.58905,0.5891,0.58895,0.58905,34
2026-03-19T19:52:00,0.589,0.5892,0.589,0.5891,28
2026-03-19T19:53:00,0.589,0.58905,0.589,0.589,18
2026-03-19T19:54:00,0.589,0.5891,0.58895,0.5891,14
2026-03-19T19:55:00,0.58915,0.5892,0.5889,0.58905,64
2026-03-19T19:56:00,0.58905,0.5892,0.58905,0.58915,95
2026-03-19T19:57:00,0.58915,0.5893,0.58915,0.5893,34
2026-03-19T19:58:00,0.5893,0.5893,0.58925,0.5893,17
2026-03-19T19:59:00,0.5893,0.58935,0.58915,0.58915,67
2026-03-19T20:00:00,0.58915,0.58915,0.5891,0.5891,50
2026-03-19T20:01:00,0.5891,0.5891,0.589,0.589,10
2026-03-19T20:02:00,0.58905,0.58905,0.589,0.589,15
2026-03-19T20:03:00,0.58905,0.58905,0.58905,0.58905,5
2026-03-19T20:04:00,0.5891,0.58925,0.5891,0.58925,5
2026-03-19T20:05:00,0.5893,0.5893,0.58925,0.58925,37
2026-03-19T20:06:00,0.58925,0.5893,0.58925,0.5893,3
2026-03-19T20:07:00,0.5893,0.5893,0.5892,0.5892,3
2026-03-19T20:08:00,0.58915,0.5892,0.5891,0.5892,21
2026-03-19T20:09:00,0.5893,0.5893,0.58925,0.5893,42
2026-03-19T20:10:00,0.5892,0.5892,0.5891,0.5891,7
2026-03-19T20:11:00,0.5891,0.5891,0.58905,0.58905,7
2026-03-19T20:13:00,0.58915,0.58915,0.58915,0.58915,1
2026-03-19T20:14:00,0.5892,0.5892,0.5892,0.5892,5
2026-03-19T20:15:00,0.58925,0.58925,0.58925,0.58925,6
2026-03-19T20:16:00,0.5891,0.5891,0.5891,0.5891,1
2026-03-19T20:17:00,0.58905,0.5891,0.58905,0.5891,3
2026-03-19T20:18:00,0.58915,0.58915,0.58915,0.58915,4
2026-03-19T20:19:00,0.58915,0.58915,0.58915,0.58915,3
2026-03-19T20:21:00,0.58915,0.58915,0.58915,0.58915,4
2026-03-19T20:23:00,0.58925,0.58925,0.5892,0.58925,7
2026-03-19T20:24:00,0.58925,0.58925,0.5892,0.5892,12
2026-03-19T20:25:00,0.58925,0.5893,0.58925,0.58925,36
2026-03-19T20:26:00,0.5893,0.5893,0.58925,0.58925,9
2026-03-19T20:27:00,0.58925,0.5893,0.58925,0.58925,14
2026-03-19T20:28:00,0.58925,0.58925,0.5892,0.5892,6
2026-03-19T20:29:00,0.5893,0.5893,0.58925,0.58925,5
2026-03-19T20:30:00,0.5893,0.5893,0.5893,0.5893,1
2026-03-19T20:31:00,0.58925,0.58925,0.58915,0.58915,107
2026-03-19T20:32:00,0.5891,0.58915,0.5891,0.58915,12
2026-03-19T20:33:00,0.5891,0.5891,0.5891,0.5891,3
2026-03-19T20:34:00,0.58905,0.5891,0.58905,0.5891,9
2026-03-19T20:35:00,0.5891,0.5892,0.5891,0.5892,9
2026-03-19T20:38:00,0.58915,0.58925,0.58915,0.58925,7
2026-03-19T20:39:00,0.58925,0.5893,0.5892,0.5892,16
2026-03-19T20:40:00,0.58915,0.58915,0.58915,0.58915,10
2026-03-19T20:41:00,0.58915,0.58915,0.58915,0.58915,3
2026-03-19T20:42:00,0.5891,0.5891,0.5891,0.5891,1
2026-03-19T20:44:00,0.58915,0.58915,0.58915,0.58915,16
2026-03-19T20:45:00,0.58915,0.58915,0.58915,0.58915,2
2026-03-19T20:46:00,0.5892,0.5892,0.5892,0.5892,1
2026-03-19T20:47:00,0.58925,0.58925,0.58925,0.58925,2
2026-03-19T20:49:00,0.58915,0.58915,0.5891,0.5891,5
2026-03-19T20:50:00,0.58905,0.58905,0.58905,0.58905,1
2026-03-19T20:51:00,0.58905,0.58915,0.58905,0.58915,4
2026-03-19T20:52:00,0.5892,0.5892,0.5892,0.5892,2
2026-03-19T20:53:00,0.5891,0.5891,0.5891,0.5891,1
2026-03-19T20:54:00,0.5891,0.58915,0.58905,0.58915,46
2026-03-19T20:55:00,0.58915,0.5892,0.58915,0.5892,21
2026-03-19T20:56:00,0.5892,0.58925,0.5892,0.5892,8
2026-03-19T20:58:00,0.58935,0.58935,0.5893,0.5893,3
2026-03-19T20:59:00,0.5893,0.5893,0.58925,0.58925,3
2026-03-19T22:00:00,0.5892,0.5896,0.5892,0.58945,40
2026-03-19T22:01:00,0.5895,0.58955,0.5895,0.58955,5
2026-03-19T22:02:00,0.58965,0.5897,0.5896,0.5897,44
2026-03-19T22:03:00,0.5896,0.5896,0.5895,0.5895,25
2026-03-19T22:04:00,0.5895,0.5895,0.58945,0.58945,35
2026-03-19T22:05:00,0.5894,0.5895,0.5894,0.5895,25
2026-03-19T22:06:00,0.58945,0.5895,0.58945,0.5895,10
2026-03-19T22:07:00,0.5895,0.5895,0.5895,0.5895,4
2026-03-19T22:08:00,0.5895,0.5895,0.5895,0.5895,1
2026-03-19T22:09:00,0.5895,0.5895,0.5895,0.5895,2
2026-03-19T22:10:00,0.58945,0.5895,0.5894,0.5895,18
2026-03-19T22:12:00,0.5894,0.58945,0.5894,0.58945,14
2026-03-19T22:13:00,0.5895,0.5895,0.58945,0.58945,21
2026-03-19T22:14:00,0.5895,0.5895,0.5895,0.5895,1
2026-03-19T22:16:00,0.58945,0.58945,0.5894,0.5894,3
2026-03-19T22:17:00,0.58935,0.58935,0.58935,0.58935,2
2026-03-19T22:18:00,0.58935,0.58935,0.58935,0.58935,1
2026-03-19T22:19:00,0.5893,0.5893,0.5893,0.5893,23
2026-03-19T22:20:00,0.58935,0.58935,0.58935,0.58935,12
2026-03-19T22:21:00,0.58935,0.58935,0.58935,0.58935,7
2026-03-19T22:22:00,0.58935,0.58935,0.58925,0.58925,38
2026-03-19T22:23:00,0.5892,0.5892,0.5892,0.5892,5
2026-03-19T22:24:00,0.5892,0.5892,0.5892,0.5892,2
2026-03-19T22:25:00,0.58915,0.58915,0.5891,0.5891,3
2026-03-19T22:26:00,0.58915,0.58915,0.5891,0.5891,13
2026-03-19T22:27:00,0.58915,0.58915,0.58915,0.58915,1
2026-03-19T22:29:00,0.58915,0.58915,0.58915,0.58915,15
2026-03-19T22:30:00,0.5891,0.5891,0.5889,0.5889,108
2026-03-19T22:31:00,0.58885,0.58885,0.5888,0.58885,63
2026-03-19T22:32:00,0.5889,0.5889,0.58885,0.58885,15
2026-03-19T22:33:00,0.5889,0.5889,0.58875,0.58885,85
2026-03-19T22:34:00,0.5888,0.5888,0.58865,0.5887,80
2026-03-19T22:35:00,0.58865,0.5887,0.58865,0.5887,6
2026-03-19T22:36:00,0.58865,0.58865,0.58855,0.58865,28
2026-03-19T22:37:00,0.5887,0.5887,0.58865,0.5887,42
2026-03-19T22:38:00,0.5887,0.5887,0.5887,0.5887,5
2026-03-19T22:39:00,0.58865,0.5887,0.58865,0.5887,9
2026-03-19T22:40:00,0.58865,0.58865,0.58855,0.58855,12
2026-03-19T22:41:00,0.5886,0.5886,0.58855,0.58855,17
2026-03-19T22:42:00,0.5886,0.5887,0.5886,0.5887,17
2026-03-19T22:43:00,0.58875,0.58875,0.58865,0.58865,20
2026-03-19T22:44:00,0.5886,0.5886,0.5885,0.5885,14
2026-03-19T22:45:00,0.5885,0.58855,0.58845,0.5885,31
2026-03-19T22:46:00,0.58845,0.58845,0.58845,0.58845,9
2026-03-19T22:48:00,0.5885,0.5885,0.5885,0.5885,10
2026-03-19T22:49:00,0.5885,0.5885,0.58845,0.58845,7
2026-03-19T22:50:00,0.58845,0.5885,0.58845,0.5885,56
2026-03-19T22:51:00,0.5885,0.5886,0.5885,0.58855,41
2026-03-19T22:52:00,0.5885,0.5885,0.5885,0.5885,5
2026-03-19T22:54:00,0.5885,0.5885,0.5885,0.5885,4
2026-03-19T22:55:00,0.5886,0.5886,0.5886,0.5886,13
2026-03-19T22:56:00,0.5886,0.5886,0.5886,0.5886,15
2026-03-19T22:57:00,0.5885,0.5885,0.5885,0.5885,3
2026-03-19T22:58:00,0.58855,0.58855,0.58855,0.58855,1
2026-03-19T22:59:00,0.58855,0.58855,0.58855,0.58855,11
2026-03-19T23:00:00,0.58865,0.58875,0.58865,0.58875,11
2026-03-19T23:01:00,0.58885,0.58885,0.58875,0.58875,16
2026-03-19T23:02:00,0.5888,0.5888,0.5888,0.5888,5
2026-03-19T23:03:00,0.58885,0.5889,0.58885,0.58885,6
2026-03-19T23:04:00,0.58885,0.58885,0.58885,0.58885,24
2026-03-19T23:05:00,0.58885,0.58885,0.5888,0.5888,8
2026-03-19T23:06:00,0.5888,0.5888,0.58865,0.58865,30
2026-03-19T23:07:00,0.5887,0.58885,0.5887,0.58885,32
2026-03-19T23:08:00,0.58885,0.5889,0.5888,0.5888,23
2026-03-19T23:09:00,0.5888,0.58885,0.58875,0.58875,17
2026-03-19T23:10:00,0.58885,0.58885,0.5888,0.5888,10
2026-03-19T23:12:00,0.58865,0.58865,0.58865,0.58865,3
2026-03-19T23:13:00,0.5887,0.5887,0.5887,0.5887,13
2026-03-19T23:15:00,0.58865,0.5887,0.58865,0.5887,36
2026-03-19T23:16:00,0.5887,0.5887,0.5887,0.5887,27
2026-03-19T23:17:00,0.5887,0.58875,0.5887,0.58875,43
2026-03-19T23:18:00,0.58865,0.58865,0.5886,0.5886,12
2026-03-19T23:19:00,0.5886,0.5886,0.5886,0.5886,6
2026-03-19T23:20:00,0.58855,0.58865,0.58855,0.58865,37
2026-03-19T23:21:00,0.5887,0.5887,0.5887,0.5887,8
2026-03-19T23:22:00,0.58865,0.58865,0.58865,0.58865,1
2026-03-19T23:23:00,0.58865,0.58865,0.5886,0.5886,12
2026-03-19T23:24:00,0.5885,0.5885,0.5885,0.5885,1
2026-03-19T23:27:00,0.58865,0.58865,0.58865,0.58865,8
2026-03-19T23:28:00,0.5887,0.58875,0.5887,0.58875,7
2026-03-19T23:30:00,0.5888,0.5889,0.5888,0.5889,26
2026-03-19T23:31:00,0.5889,0.5889,0.58885,0.58885,10
2026-03-19T23:32:00,0.5888,0.5889,0.5888,0.58885,62
2026-03-19T23:33:00,0.58885,0.58885,0.5887,0.5887,10
2026-03-19T23:34:00,0.5887,0.5887,0.5887,0.5887,1
2026-03-19T23:35:00,0.58875,0.58875,0.58875,0.58875,1
2026-03-19T23:37:00,0.58875,0.58875,0.58875,0.58875,3
2026-03-19T23:39:00,0.5886,0.58865,0.5886,0.58865,8
2026-03-19T23:40:00,0.5887,0.5887,0.58865,0.58865,16
2026-03-19T23:41:00,0.58865,0.5887,0.58865,0.5887,48
2026-03-19T23:42:00,0.58875,0.58875,0.58875,0.58875,3
2026-03-19T23:43:00,0.58875,0.58875,0.58875,0.58875,4
2026-03-19T23:44:00,0.58875,0.5888,0.58875,0.58875,22
2026-03-19T23:45:00,0.58875,0.58885,0.58875,0.5888,35
2026-03-19T23:46:00,0.5888,0.5888,0.58875,0.5888,14
2026-03-19T23:47:00,0.5888,0.5888,0.58875,0.58875,5
2026-03-19T23:48:00,0.5888,0.5888,0.58875,0.58875,5
2026-03-19T23:49:00,0.58875,0.58875,0.58865,0.58865,5
2026-03-19T23:50:00,0.5887,0.5887,0.5887,0.5887,6
2026-03-19T23:51:00,0.58865,0.58865,0.5886,0.5886,9
2026-03-19T23:52:00,0.5886,0.5886,0.5886,0.5886,5
2026-03-19T23:53:00,0.5887,0.58875,0.5887,0.5887,5
2026-03-19T23:54:00,0.58875,0.5888,0.58875,0.5888,7
2026-03-19T23:55:00,0.5888,0.5888,0.58875,0.58875,37
2026-03-19T23:56:00,0.5887,0.5887,0.5886,0.58865,56
2026-03-19T23:57:00,0.58865,0.58875,0.58865,0.58865,42
2026-03-19T23:58:00,0.58855,0.58855,0.58845,0.58855,80
2026-03-19T23:59:00,0.58855,0.58855,0.5885,0.5885,31
2026-03-20T00:00:00,0.5885,0.58895,0.5885,0.5889,91
2026-03-20T00:01:00,0.5888,0.5889,0.5888,0.5889,28
2026-03-20T00:02:00,0.5889,0.58905,0.5889,0.58895,37
2026-03-20T00:03:00,0.58895,0.589,0.58875,0.58875,29
2026-03-20T00:04:00,0.5888,0.5888,0.5887,0.5888,64
2026-03-20T00:05:00,0.58875,0.58885,0.5887,0.58885,76
2026-03-20T00:06:00,0.5888,0.58895,0.5888,0.58895,3
2026-03-20T00:07:00,0.589,0.589,0.589,0.589,10
2026-03-20T00:08:00,0.58885,0.589,0.58885,0.589,12
2026-03-20T00:10:00,0.58905,0.5892,0.58905,0.58915,89
2026-03-20T00:11:00,0.5891,0.5891,0.5891,0.5891,11
2026-03-20T00:12:00,0.5891,0.5891,0.5891,0.5891,4
2026-03-20T00:13:00,0.58905,0.58905,0.589,0.589,4
2026-03-20T00:14:00,0.58905,0.58915,0.58905,0.5891,16
2026-03-20T00:15:00,0.5891,0.5892,0.5891,0.5892,81
2026-03-20T00:16:00,0.58925,0.5894,0.58925,0.58935,48
2026-03-20T00:17:00,0.5894,0.5894,0.5893,0.58935,83
2026-03-20T00:18:00,0.58925,0.58925,0.5892,0.5892,6
2026-03-20T00:19:00,0.5891,0.5892,0.5891,0.5892,17
2026-03-20T00:20:00,0.5892,0.5892,0.58905,0.58905,16
2026-03-20T00:21:00,0.58905,0.5892,0.58905,0.5892,7
2026-03-20T00:22:00,0.5893,0.5894,0.58915,0.58915,91
2026-03-20T00:23:00,0.58915,0.58915,0.5891,0.5891,18
2026-03-20T00:24:00,0.589,0.58915,0.589,0.5891,52
2026-03-20T00:25:00,0.5891,0.5892,0.5891,0.5892,17
2026-03-20T00:27:00,0.58925,0.58925,0.58925,0.58925,4
2026-03-20T00:28:00,0.58915,0.58915,0.58915,0.58915,13
2026-03-20T00:29:00,0.58915,0.58915,0.58915,0.58915,3
2026-03-20T00:30:00,0.58915,0.58915,0.58915,0.58915,24
2026-03-20T00:31:00,0.5891,0.58925,0.58905,0.5892,75
2026-03-20T00:32:00,0.58925,0.58925,0.58915,0.5892,13
2026-03-20T00:33:00,0.58915,0.58915,0.58915,0.58915,1
2026-03-20T00:34:00,0.58905,0.58915,0.58905,0.58915,15
2026-03-20T00:35:00,0.5892,0.5892,0.5892,0.5892,7
2026-03-20T00:36:00,0.5892,0.5892,0.58915,0.58915,5
2026-03-20T00:37:00,0.58915,0.5892,0.58915,0.5892,8
2026-03-20T00:38:00,0.58925,0.58925,0.5892,0.58925,8
2026-03-20T00:39:00,0.58925,0.58925,0.58925,0.58925,5
2026-03-20T00:40:00,0.5893,0.5894,0.5893,0.5894,15
2026-03-20T00:41:00,0.58935,0.5895,0.58935,0.58945,84
2026-03-20T00:42:00,0.58945,0.58965,0.58945,0.5896,112
2026-03-20T00:43:00,0.58965,0.58965,0.5896,0.58965,37
2026-03-20T00:44:00,0.58965,0.5897,0.58965,0.5897,20
2026-03-20T00:45:00,0.58975,0.58985,0.58975,0.5898,37
2026-03-20T00:46:00,0.58975,0.5898,0.58975,0.5898,39
2026-03-20T00:47:00,0.5898,0.58985,0.5898,0.58985,15
2026-03-20T00:48:00,0.58985,0.5899,0.58985,0.5899,15
2026-03-20T00:49:00,0.58995,0.59,0.58995,0.59,86
2026-03-20T00:50:00,0.59005,0.59015,0.5899,0.59015,98
2026-03-20T00:51:00,0.5901,0.5901,0.59,0.59,20
2026-03-20T00:52:00,0.59,0.59,0.58995,0.58995,8
2026-03-20T00:53:00,0.5899,0.58995,0.5899,0.58995,6
2026-03-20T00:54:00,0.58995,0.58995,0.5899,0.58995,28
2026-03-20T00:55:00,0.5899,0.5899,0.58985,0.58985,15
2026-03-20T00:56:00,0.58985,0.58985,0.5898,0.5898,7
2026-03-20T00:57:00,0.58985,0.58985,0.58985,0.58985,4
2026-03-20T00:58:00,0.5898,0.59,0.5898,0.59,122
2026-03-20T00:59:00,0.59,0.5901,0.59,0.5901,14
2026-03-20T01:00:00,0.59015,0.5907,0.5901,0.5907,236
2026-03-20T01:01:00,0.59065,0.59075,0.59045,0.59055,63
2026-03-20T01:02:00,0.59055,0.5909,0.59055,0.59075,53
2026-03-20T01:03:00,0.5908,0.5909,0.5908,0.59085,34
2026-03-20T01:04:00,0.5908,0.5909,0.5908,0.59085,27
2026-03-20T01:05:00,0.5909,0.5909,0.59075,0.59075,53
2026-03-20T01:06:00,0.5908,0.5908,0.59075,0.59075,7
2026-03-20T01:07:00,0.59065,0.59085,0.5906,0.59085,13
2026-03-20T01:08:00,0.5908,0.59085,0.59075,0.59085,10
2026-03-20T01:09:00,0.59085,0.5909,0.59085,0.5909,11
2026-03-20T01:10:00,0.5908,0.5908,0.5907,0.5907,17
2026-03-20T01:11:00,0.59075,0.59075,0.59065,0.59065,16
2026-03-20T01:12:00,0.5906,0.5907,0.59055,0.5907,12
2026-03-20T01:13:00,0.5907,0.5908,0.5907,0.5908,11
2026-03-20T01:14:00,0.59075,0.59075,0.59075,0.59075,21
2026-03-20T01:15:00,0.59065,0.59075,0.59065,0.59075,10
2026-03-20T01:16:00,0.5908,0.5908,0.59075,0.59075,8
2026-03-20T01:17:00,0.59075,0.59075,0.5907,0.5907,5
2026-03-20T01:18:00,0.59065,0.59065,0.5905,0.5905,12
2026-03-20T01:19:00,0.5904,0.5904,0.59035,0.5904,19
2026-03-20T01:20:00,0.59025,0.59025,0.5901,0.5901,34
2026-03-20T01:21:00,0.5902,0.5903,0.5902,0.5902,32
2026-03-20T01:22:00,0.59015,0.5904,0.5901,0.59035,32
2026-03-20T01:23:00,0.5903,0.5903,0.59025,0.59025,5
2026-03-20T01:24:00,0.59025,0.59025,0.59025,0.59025,4
2026-03-20T01:25:00,0.5902,0.5903,0.5902,0.59025,16
2026-03-20T01:26:00,0.59025,0.59035,0.59025,0.5903,9
2026-03-20T01:27:00,0.59035,0.5904,0.59035,0.5904,7
2026-03-20T01:28:00,0.59045,0.59045,0.59035,0.59035,6
2026-03-20T01:29:00,0.59035,0.5904,0.59035,0.5904,6
2026-03-20T01:30:00,0.5905,0.5906,0.5905,0.5905,42
2026-03-20T01:31:00,0.5905,0.5905,0.59045,0.59045,7
2026-03-20T01:32:00,0.59045,0.5905,0.59045,0.59045,5
2026-03-20T01:33:00,0.59045,0.5905,0.59045,0.5905,12
2026-03-20T01:34:00,0.5905,0.59055,0.5905,0.59055,13
2026-03-20T01:35:00,0.5906,0.5906,0.59045,0.59045,16
2026-03-20T01:36:00,0.5905,0.5905,0.5904,0.5904,7
2026-03-20T01:37:00,0.5904,0.59045,0.5904,0.5904,9
2026-03-20T01:38:00,0.5905,0.59055,0.59025,0.59025,56
2026-03-20T01:39:00,0.59025,0.59025,0.59015,0.59015,53
2026-03-20T01:40:00,0.5902,0.5904,0.5902,0.59035,79
2026-03-20T01:41:00,0.5903,0.59035,0.59025,0.59025,23
2026-03-20T01:42:00,0.59025,0.5903,0.59015,0.59015,13
2026-03-20T01:43:00,0.5901,0.5902,0.5901,0.5902,19
2026-03-20T01:44:00,0.5902,0.5902,0.5902,0.5902,1
2026-03-20T01:45:00,0.59025,0.5904,0.59025,0.5904,6
2026-03-20T01:46:00,0.59045,0.59045,0.5904,0.5904,12
2026-03-20T01:47:00,0.5904,0.5904,0.5903,0.5903,8
2026-03-20T01:49:00,0.59025,0.59025,0.5902,0.59025,20
2026-03-20T01:50:00,0.59025,0.59025,0.59005,0.59005,13
2026-03-20T01:51:00,0.59015,0.59025,0.59015,0.59015,24
2026-03-20T01:52:00,0.5901,0.59015,0.5901,0.59015,4
2026-03-20T01:53:00,0.5902,0.5902,0.5902,0.5902,18
2026-03-20T01:54:00,0.59015,0.59015,0.59015,0.59015,1
2026-03-20T01:55:00,0.59005,0.5901,0.59,0.59005,8
2026-03-20T01:56:00,0.59005,0.59005,0.5898,0.5898,18
2026-03-20T01:57:00,0.5898,0.5899,0.5898,0.58985,31
2026-03-20T01:58:00,0.58985,0.5899,0.58985,0.5899,35
2026-03-20T01:59:00,0.58985,0.59,0.58985,0.58995,7
2026-03-20T02:00:00,0.59,0.59015,0.59,0.5901,11
2026-03-20T02:01:00,0.5901,0.59015,0.5899,0.5899,12
2026-03-20T02:02:00,0.59,0.59005,0.59,0.59005,3
2026-03-20T02:04:00,0.59005,0.59005,0.5898,0.5898,21
2026-03-20T02:05:00,0.58985,0.58985,0.58985,0.58985,6
2026-03-20T02:06:00,0.5901,0.5901,0.5901,0.5901,3
2026-03-20T02:07:00,0.5901,0.59015,0.59005,0.59005,14
2026-03-20T02:08:00,0.59005,0.59005,0.59005,0.59005,10
2026-03-20T02:09:00,0.59005,0.59005,0.59005,0.59005,6
2026-03-20T02:10:00,0.59,0.59,0.59,0.59,7
2026-03-20T02:11:00,0.58995,0.59,0.58995,0.59,5
2026-03-20T02:13:00,0.59005,0.59005,0.59,0.59,7
2026-03-20T02:14:00,0.59005,0.59005,0.59,0.59,11
2026-03-20T02:15:00,0.59,0.59,0.58995,0.59,19
2026-03-20T02:16:00,0.59,0.59005,0.59,0.59005,13
2026-03-20T02:17:00,0.59005,0.59005,0.58995,0.58995,9
2026-03-20T02:18:00,0.59,0.59,0.59,0.59,7
2026-03-20T02:19:00,0.5899,0.5899,0.5899,0.5899,4
2026-03-20T02:20:00,0.58995,0.59,0.58995,0.59,10
2026-03-20T02:21:00,0.59,0.59005,0.59,0.59005,5
2026-03-20T02:22:00,0.59005,0.59005,0.59,0.59,2
2026-03-20T02:23:00,0.58995,0.59,0.5899,0.5899,17
2026-03-20T02:24:00,0.5899,0.58995,0.5899,0.58995,9
2026-03-20T02:25:00,0.58995,0.58995,0.58995,0.58995,17
2026-03-20T02:26:00,0.58995,0.59,0.58995,0.59,5
2026-03-20T02:27:00,0.58995,0.59,0.58995,0.59,13
2026-03-20T02:28:00,0.59,0.59,0.59,0.59,1
2026-03-20T02:29:00,0.59,0.59,0.58995,0.59,13
2026-03-20T02:30:00,0.59,0.59,0.5899,0.5899,3
2026-03-20T02:31:00,0.5898,0.59,0.5898,0.59,22
2026-03-20T02:32:00,0.59,0.5901,0.59,0.5901,8
2026-03-20T02:33:00,0.5901,0.5901,0.59005,0.59005,7
2026-03-20T02:34:00,0.5901,0.5902,0.5901,0.5902,17
2026-03-20T02:35:00,0.5902,0.59025,0.59015,0.5902,33
2026-03-20T02:36:00,0.59015,0.59015,0.59,0.59,16
2026-03-20T02:37:00,0.59,0.59,0.58995,0.58995,11
2026-03-20T02:38:00,0.5899,0.59,0.5899,0.59,3
2026-03-20T02:39:00,0.58985,0.59,0.58985,0.59,38
2026-03-20T02:40:00,0.59,0.59015,0.59,0.59015,7
2026-03-20T02:41:00,0.5902,0.5902,0.5901,0.5901,6
2026-03-20T02:42:00,0.5901,0.59015,0.59005,0.5901,19
2026-03-20T02:43:00,0.5901,0.59015,0.5901,0.59015,20
2026-03-20T02:44:00,0.59015,0.59015,0.5901,0.5901,11
2026-03-20T02:45:00,0.5901,0.5901,0.5901,0.5901,10
2026-03-20T02:46:00,0.59015,0.59025,0.59015,0.59025,24
2026-03-20T02:47:00,0.5903,0.5904,0.5903,0.59035,15
2026-03-20T02:48:00,0.5904,0.5904,0.59035,0.5904,19
2026-03-20T02:49:00,0.5904,0.5905,0.5904,0.5905,5
2026-03-20T02:51:00,0.5904,0.5905,0.5904,0.5905,23
2026-03-20T02:52:00,0.59055,0.59055,0.59045,0.59055,24
2026-03-20T02:53:00,0.59055,0.59065,0.59055,0.59065,13
2026-03-20T02:54:00,0.5906,0.5907,0.5906,0.5907,19
2026-03-20T02:55:00,0.59065,0.5907,0.5906,0.59065,12
2026-03-20T02:56:00,0.5906,0.5906,0.59055,0.59055,17
2026-03-20T02:57:00,0.59055,0.5907,0.59055,0.59065,29
2026-03-20T02:58:00,0.5906,0.5906,0.5906,0.5906,10
2026-03-20T02:59:00,0.59055,0.59055,0.59055,0.59055,10
2026-03-20T03:00:00,0.5905,0.5905,0.59045,0.59045,2
2026-03-20T03:01:00,0.59045,0.5905,0.5904,0.5904,17
2026-03-20T03:02:00,0.59035,0.59035,0.5903,0.5903,4
2026-03-20T03:03:00,0.59035,0.59035,0.59035,0.59035,2
2026-03-20T03:04:00,0.59035,0.5904,0.59035,0.5904,3
2026-03-20T03:05:00,0.5904,0.59045,0.5904,0.5904,14
2026-03-20T03:06:00,0.59025,0.59025,0.59025,0.59025,4
2026-03-20T03:07:00,0.5903,0.5903,0.59025,0.59025,8
2026-03-20T03:08:00,0.5903,0.59035,0.5903,0.59035,3
2026-03-20T03:09:00,0.59035,0.59035,0.59035,0.59035,2
2026-03-20T03:10:00,0.5904,0.59045,0.59035,0.59035,14
2026-03-20T03:11:00,0.5904,0.5904,0.5902,0.59025,15
2026-03-20T03:12:00,0.59025,0.59025,0.59025,0.59025,6
2026-03-20T03:13:00,0.5902,0.5902,0.5902,0.5902,4
2026-03-20T03:14:00,0.59025,0.5903,0.59015,0.59015,20
2026-03-20T03:15:00,0.59015,0.59025,0.59015,0.5902,19
2026-03-20T03:16:00,0.5902,0.5902,0.59015,0.59015,38
2026-03-20T03:17:00,0.59025,0.59025,0.59025,0.59025,36
2026-03-20T03:18:00,0.59025,0.59025,0.59025,0.59025,10
2026-03-20T03:19:00,0.5902,0.5902,0.5902,0.5902,8
2026-03-20T03:20:00,0.59025,0.59025,0.59015,0.59015,29
2026-03-20T03:21:00,0.5902,0.5903,0.5902,0.5903,15
2026-03-20T03:22:00,0.59035,0.59035,0.5903,0.5903,4
2026-03-20T03:24:00,0.59025,0.59025,0.59025,0.59025,3
2026-03-20T03:26:00,0.59015,0.5902,0.59005,0.59005,12
2026-03-20T03:27:00,0.5901,0.5901,0.59005,0.59005,8
2026-03-20T03:28:00,0.5901,0.59015,0.5901,0.59015,15
2026-03-20T03:29:00,0.59015,0.59015,0.59015,0.59015,1
2026-03-20T03:30:00,0.59025,0.59025,0.59015,0.59025,13
2026-03-20T03:31:00,0.5902,0.5902,0.5901,0.5901,16
2026-03-20T03:32:00,0.5901,0.5901,0.5901,0.5901,3
2026-03-20T03:33:00,0.5901,0.5901,0.59005,0.5901,11
2026-03-20T03:34:00,0.5901,0.5902,0.5901,0.5901,24
2026-03-20T03:35:00,0.5901,0.5901,0.5901,0.5901,12
2026-03-20T03:36:00,0.5901,0.5901,0.59005,0.5901,15
2026-03-20T03:37:00,0.5901,0.59025,0.5901,0.59025,14
2026-03-20T03:38:00,0.5902,0.5902,0.5902,0.5902,13
2026-03-20T03:39:00,0.59015,0.59015,0.59015,0.59015,5
2026-03-20T03:40:00,0.5902,0.5902,0.5902,0.5902,4
2026-03-20T03:41:00,0.59015,0.59015,0.5901,0.59015,11
2026-03-20T03:42:00,0.5901,0.5901,0.5901,0.5901,7
2026-03-20T03:44:00,0.5901,0.5901,0.5901,0.5901,17
2026-03-20T03:46:00,0.5901,0.59015,0.59005,0.59015,7
2026-03-20T03:47:00,0.59015,0.59015,0.59015,0.59015,3
2026-03-20T03:48:00,0.59015,0.59015,0.59015,0.59015,7
2026-03-20T03:49:00,0.5901,0.5901,0.5901,0.5901,12
2026-03-20T03:50:00,0.59005,0.59005,0.59005,0.59005,6
2026-03-20T03:51:00,0.59,0.59,0.58995,0.58995,3
2026-03-20T03:52:00,0.59005,0.5901,0.59005,0.5901,10
2026-03-20T03:53:00,0.59005,0.59005,0.59005,0.59005,1
2026-03-20T03:54:00,0.59005,0.5901,0.59005,0.5901,14
2026-03-20T03:55:00,0.59015,0.59015,0.59015,0.59015,1
2026-03-20T03:56:00,0.5901,0.5901,0.5901,0.5901,1
2026-03-20T03:58:00,0.59005,0.59005,0.59005,0.59005,6
2026-03-20T04:00:00,0.59005,0.5901,0.59005,0.5901,7
2026-03-20T04:01:00,0.59005,0.59005,0.59005,0.59005,6
2026-03-20T04:02:00,0.59,0.59,0.59,0.59,7
2026-03-20T04:03:00,0.5901,0.5901,0.5901,0.5901,3
2026-03-20T04:05:00,0.5901,0.5901,0.59,0.59,4
2026-03-20T04:06:00,0.59,0.59005,0.59,0.59,3
2026-03-20T04:07:00,0.58995,0.59,0.58995,0.59,2
2026-03-20T04:08:00,0.58995,0.58995,0.58995,0.58995,1
2026-03-20T04:09:00,0.59,0.59,0.59,0.59,12
2026-03-20T04:10:00,0.5899,0.5899,0.5899,0.5899,2
2026-03-20T04:11:00,0.58995,0.59,0.58995,0.59,8
2026-03-20T04:12:00,0.59005,0.5901,0.59,0.59,9
2026-03-20T04:13:00,0.59005,0.59005,0.59005,0.59005,4
2026-03-20T04:14:00,0.59005,0.59005,0.59,0.59,32
2026-03-20T04:15:00,0.58995,0.58995,0.5899,0.58995,44
2026-03-20T04:16:00,0.59,0.59,0.59,0.59,5
2026-03-20T04:17:00,0.59,0.59,0.5899,0.58995,34
2026-03-20T04:18:00,0.5899,0.5899,0.5899,0.5899,7
2026-03-20T04:19:00,0.5899,0.5899,0.5899,0.5899,9
2026-03-20T04:20:00,0.5899,0.5899,0.5899,0.5899,12
2026-03-20T04:21:00,0.5899,0.5899,0.58985,0.5899,55
2026-03-20T04:22:00,0.5899,0.5899,0.5898,0.5898,23
2026-03-20T04:23:00,0.58975,0.5898,0.58975,0.5898,14
2026-03-20T04:24:00,0.5898,0.5898,0.5898,0.5898,18
2026-03-20T04:25:00,0.58985,0.58985,0.58985,0.58985,2
2026-03-20T04:26:00,0.5899,0.5899,0.5899,0.5899,3
2026-03-20T04:27:00,0.5899,0.5899,0.58985,0.58985,5
2026-03-20T04:28:00,0.5898,0.5898,0.5898,0.5898,3
2026-03-20T04:29:00,0.5899,0.5899,0.5899,0.5899,14
2026-03-20T04:30:00,0.58985,0.5899,0.58975,0.58975,452
2026-03-20T04:31:00,0.5897,0.5897,0.5897,0.5897,42
2026-03-20T04:32:00,0.58975,0.58975,0.58975,0.58975,3
2026-03-20T04:33:00,0.58975,0.5898,0.58975,0.5898,102
2026-03-20T04:34:00,0.5898,0.5898,0.5898,0.5898,5
2026-03-20T04:35:00,0.58985,0.58985,0.58985,0.58985,1
2026-03-20T04:36:00,0.5898,0.5898,0.58975,0.58975,8
2026-03-20T04:37:00,0.58985,0.58985,0.58985,0.58985,9
2026-03-20T04:39:00,0.58985,0.58985,0.58985,0.58985,2
2026-03-20T04:40:00,0.5899,0.58995,0.5899,0.58995,45
2026-03-20T04:41:00,0.59,0.59005,0.59,0.59005,21
2026-03-20T04:42:00,0.59005,0.59005,0.59,0.59,4
2026-03-20T04:43:00,0.5899,0.5899,0.58975,0.58975,14
2026-03-20T04:44:00,0.5898,0.5898,0.5898,0.5898,4
2026-03-20T04:45:00,0.58985,0.58985,0.58985,0.58985,8
2026-03-20T04:46:00,0.58985,0.58985,0.5898,0.5898,12
2026-03-20T04:47:00,0.5898,0.5898,0.5898,0.5898,5
2026-03-20T04:50:00,0.59,0.59005,0.59,0.59,12
2026-03-20T04:51:00,0.59,0.59,0.58995,0.58995,6
2026-03-20T04:52:00,0.58995,0.58995,0.58995,0.58995,11
2026-03-20T04:53:00,0.59005,0.59005,0.59005,0.59005,8
2026-03-20T04:54:00,0.59005,0.59005,0.59005,0.59005,1
2026-03-20T04:55:00,0.59,0.59,0.58995,0.58995,24
2026-03-20T04:56:00,0.58995,0.58995,0.58995,0.58995,15
2026-03-20T04:57:00,0.5899,0.5899,0.5899,0.5899,1
2026-03-20T04:58:00,0.5899,0.59,0.5899,0.58995,12
2026-03-20T04:59:00,0.58985,0.58985,0.58985,0.58985,2
2026-03-20T05:00:00,0.5899,0.5899,0.5899,0.5899,13
2026-03-20T05:01:00,0.58985,0.5899,0.58985,0.5899,7
2026-03-20T05:03:00,0.59005,0.59005,0.5899,0.5899,9
2026-03-20T05:05:00,0.59,0.59,0.5899,0.5899,8
2026-03-20T05:07:00,0.59,0.59,0.59,0.59,1
2026-03-20T05:08:00,0.5901,0.5901,0.5901,0.5901,7
2026-03-20T05:09:00,0.59015,0.5902,0.59015,0.5902,5
2026-03-20T05:10:00,0.59015,0.59015,0.59015,0.59015,1
2026-03-20T05:11:00,0.59,0.59,0.5899,0.59,5
2026-03-20T05:12:00,0.59,0.59,0.58995,0.58995,13
2026-03-20T05:13:00,0.58995,0.58995,0.58995,0.58995,1
2026-03-20T05:14:00,0.59005,0.5901,0.59005,0.5901,55
2026-03-20T05:15:00,0.59025,0.5903,0.59025,0.59025,4
2026-03-20T05:16:00,0.5903,0.5903,0.5902,0.59025,9
2026-03-20T05:17:00,0.59025,0.59025,0.5902,0.5902,3
2026-03-20T05:18:00,0.5901,0.59015,0.5901,0.5901,10
2026-03-20T05:19:00,0.59005,0.59005,0.59,0.59005,6
2026-03-20T05:20:00,0.59015,0.59015,0.59015,0.59015,4
2026-03-20T05:21:00,0.5902,0.59025,0.5902,0.5902,9
2026-03-20T05:22:00,0.5902,0.5902,0.5902,0.5902,1
2026-03-20T05:23:00,0.59015,0.59025,0.59015,0.59025,18
2026-03-20T05:24:00,0.5902,0.59025,0.5902,0.59025,12
2026-03-20T05:25:00,0.5902,0.59025,0.5902,0.59025,3
2026-03-20T05:27:00,0.5902,0.5902,0.5902,0.5902,2
2026-03-20T05:29:00,0.5901,0.5901,0.5901,0.5901,1
2026-03-20T05:30:00,0.5901,0.5901,0.5901,0.5901,3
2026-03-20T05:31:00,0.59,0.59005,0.59,0.59005,6
2026-03-20T05:32:00,0.59,0.59005,0.59,0.59005,3
2026-03-20T05:33:00,0.59,0.59005,0.59,0.59005,7
2026-03-20T05:34:00,0.5899,0.5899,0.5899,0.5899,3
2026-03-20T05:35:00,0.58985,0.5899,0.5898,0.5899,43
2026-03-20T05:36:00,0.58985,0.58985,0.58985,0.58985,5
2026-03-20T05:37:00,0.58975,0.58985,0.58975,0.58985,4
2026-03-20T05:38:00,0.58975,0.58975,0.58975,0.58975,1
2026-03-20T05:39:00,0.58975,0.58975,0.58975,0.58975,6
2026-03-20T05:40:00,0.5898,0.5898,0.58975,0.58975,28
2026-03-20T05:41:00,0.58975,0.58975,0.58975,0.58975,27
2026-03-20T05:42:00,0.58975,0.58975,0.58975,0.58975,9
2026-03-20T05:43:00,0.5898,0.5898,0.5898,0.5898,10
2026-03-20T05:44:00,0.58975,0.5898,0.5897,0.5898,18
2026-03-20T05:45:00,0.5898,0.5898,0.5898,0.5898,9
2026-03-20T05:46:00,0.5898,0.5898,0.58975,0.5898,31
2026-03-20T05:47:00,0.58975,0.58975,0.5896,0.5896,35
2026-03-20T05:48:00,0.58965,0.58965,0.58965,0.58965,10
2026-03-20T05:49:00,0.58965,0.5897,0.58965,0.5897,3
2026-03-20T05:50:00,0.58965,0.5897,0.58965,0.58965,10
2026-03-20T05:51:00,0.5896,0.5896,0.58955,0.5896,26
2026-03-20T05:52:00,0.58955,0.58955,0.58955,0.58955,9
2026-03-20T05:53:00,0.58955,0.58955,0.5895,0.58955,20
2026-03-20T05:54:00,0.58955,0.58955,0.58955,0.58955,6
2026-03-20T05:55:00,0.5896,0.5896,0.5896,0.5896,2
2026-03-20T05:56:00,0.58965,0.5897,0.58965,0.5897,23
2026-03-20T05:58:00,0.5896,0.5896,0.5896,0.5896,2
2026-03-20T05:59:00,0.5896,0.5896,0.5895,0.5895,15
2026-03-20T06:00:00,0.58945,0.58965,0.58945,0.58965,20
2026-03-20T06:01:00,0.5897,0.5897,0.5897,0.5897,19
2026-03-20T06:02:00,0.58975,0.58985,0.58975,0.58985,11
2026-03-20T06:03:00,0.58985,0.58985,0.58985,0.58985,12
2026-03-20T06:04:00,0.5899,0.5899,0.58985,0.58985,3
2026-03-20T06:05:00,0.58985,0.5899,0.58985,0.5899,10
2026-03-20T06:06:00,0.58995,0.58995,0.5899,0.5899,8
2026-03-20T06:07:00,0.58995,0.59,0.58985,0.59,7
2026-03-20T06:08:00,0.59005,0.59005,0.59005,0.59005,1
2026-03-20T06:09:00,0.59005,0.59005,0.59005,0.59005,1
2026-03-20T06:10:00,0.59005,0.59005,0.58995,0.58995,7
2026-03-20T06:11:00,0.5899,0.58995,0.5899,0.58995,10
2026-03-20T06:13:00,0.58995,0.58995,0.58985,0.58985,23
2026-03-20T06:14:00,0.5899,0.58995,0.5899,0.58995,2
2026-03-20T06:16:00,0.5899,0.5899,0.5899,0.5899,1
2026-03-20T06:17:00,0.5899,0.5899,0.5899,0.5899,5
2026-03-20T06:18:00,0.5899,0.58995,0.5899,0.58995,11
2026-03-20T06:19:00,0.5899,0.5899,0.5899,0.5899,1
2026-03-20T06:20:00,0.58995,0.59,0.58975,0.58975,19
2026-03-20T06:21:00,0.5897,0.5898,0.5897,0.5898,17
2026-03-20T06:22:00,0.58975,0.58975,0.58975,0.58975,10
2026-03-20T06:26:00,0.5899,0.5899,0.5899,0.5899,5
2026-03-20T06:27:00,0.58985,0.58985,0.5898,0.5898,7
2026-03-20T06:28:00,0.5898,0.5898,0.58975,0.58975,14
2026-03-20T06:29:00,0.58975,0.58975,0.5897,0.58975,4
2026-03-20T06:30:00,0.59,0.59005,0.59,0.59,4
2026-03-20T06:31:00,0.58985,0.5899,0.5898,0.5898,28
2026-03-20T06:32:00,0.5898,0.5899,0.5898,0.58985,15
2026-03-20T06:33:00,0.5898,0.5899,0.5898,0.5899,13
2026-03-20T06:34:00,0.58995,0.58995,0.5899,0.5899,8
2026-03-20T06:36:00,0.5898,0.5899,0.5898,0.5899,10
2026-03-20T06:37:00,0.5899,0.5899,0.5898,0.5898,10
2026-03-20T06:38:00,0.5898,0.5898,0.5898,0.5898,3
2026-03-20T06:39:00,0.58975,0.58975,0.58965,0.58965,5
2026-03-20T06:40:00,0.5897,0.5897,0.58965,0.5897,10
2026-03-20T06:41:00,0.58965,0.58965,0.58955,0.58955,5
2026-03-20T06:42:00,0.58955,0.58955,0.5895,0.5895,28
2026-03-20T06:43:00,0.5896,0.5896,0.5896,0.5896,8
2026-03-20T06:44:00,0.58955,0.58955,0.58955,0.58955,2
2026-03-20T06:45:00,0.5896,0.5896,0.58955,0.58955,6
2026-03-20T06:46:00,0.58945,0.5896,0.58945,0.5896,2
2026-03-20T06:47:00,0.58965,0.58965,0.5895,0.5895,11
2026-03-20T06:48:00,0.5894,0.5894,0.5894,0.5894,1
2026-03-20T06:50:00,0.5895,0.5895,0.5895,0.5895,4
2026-03-20T06:53:00,0.58945,0.58945,0.58945,0.58945,4
2026-03-20T06:55:00,0.5894,0.5894,0.58925,0.5893,17
2026-03-20T06:56:00,0.58925,0.58925,0.5892,0.58925,7
2026-03-20T06:57:00,0.5893,0.58935,0.5893,0.5893,9
2026-03-20T06:58:00,0.5893,0.58935,0.5893,0.58935,11
2026-03-20T06:59:00,0.5893,0.58935,0.5893,0.5893,8
2026-03-20T07:00:00,0.58935,0.58935,0.58915,0.58915,60
2026-03-20T07:01:00,0.58915,0.5892,0.589,0.589,56
2026-03-20T07:02:00,0.58905,0.5891,0.589,0.5891,41
2026-03-20T07:03:00,0.5893,0.58935,0.5893,0.58935,11
2026-03-20T07:04:00,0.5894,0.5894,0.5894,0.5894,1
2026-03-20T07:05:00,0.58935,0.58935,0.58925,0.5893,6
2026-03-20T07:06:00,0.58945,0.5895,0.58945,0.5895,15
2026-03-20T07:07:00,0.58955,0.58975,0.58955,0.58975,19
2026-03-20T07:08:00,0.58975,0.58985,0.58975,0.58985,9
2026-03-20T07:09:00,0.5899,0.58995,0.58975,0.5899,18
2026-03-20T07:10:00,0.5899,0.5899,0.58985,0.5899,8
2026-03-20T07:11:00,0.58995,0.59005,0.58995,0.59005,9
2026-03-20T07:12:00,0.59,0.59,0.58985,0.58985,12
2026-03-20T07:13:00,0.5899,0.58995,0.5899,0.58995,10
2026-03-20T07:14:00,0.59,0.59,0.58995,0.58995,8
2026-03-20T07:15:00,0.5899,0.59,0.5899,0.59,18
2026-03-20T07:16:00,0.59,0.59005,0.58995,0.59005,8
2026-03-20T07:17:00,0.58995,0.5901,0.58995,0.5901,15
2026-03-20T07:18:00,0.59005,0.5901,0.5899,0.5899,24
2026-03-20T07:19:00,0.5899,0.5899,0.5899,0.5899,2
2026-03-20T07:20:00,0.58995,0.59,0.58995,0.59,9
2026-03-20T07:21:00,0.59005,0.59005,0.59005,0.59005,13
2026-03-20T07:22:00,0.59025,0.59025,0.59015,0.59015,23
2026-03-20T07:23:00,0.5901,0.5901,0.59005,0.59005,2
2026-03-20T07:25:00,0.5899,0.5899,0.58985,0.5899,31
2026-03-20T07:26:00,0.58995,0.58995,0.5899,0.5899,12
2026-03-20T07:27:00,0.5899,0.58995,0.5899,0.5899,22
2026-03-20T07:28:00,0.58995,0.5901,0.58995,0.5901,25
2026-03-20T07:29:00,0.5901,0.5901,0.5901,0.5901,6
2026-03-20T07:30:00,0.59005,0.59015,0.59005,0.59015,28
2026-03-20T07:31:00,0.59015,0.59025,0.59015,0.5902,17
2026-03-20T07:32:00,0.5902,0.5902,0.59005,0.59015,18
2026-03-20T07:33:00,0.59015,0.59035,0.59015,0.59035,14
2026-03-20T07:34:00,0.5904,0.5906,0.5904,0.5906,27
2026-03-20T07:35:00,0.59055,0.59065,0.59055,0.59065,13
2026-03-20T07:36:00,0.5906,0.5907,0.5906,0.5907,12
2026-03-20T07:37:00,0.5906,0.59065,0.5906,0.5906,6
2026-03-20T07:38:00,0.59045,0.5905,0.5904,0.5904,10
2026-03-20T07:39:00,0.59035,0.59045,0.59035,0.59045,20
2026-03-20T07:40:00,0.5904,0.59065,0.5904,0.59065,39
2026-03-20T07:41:00,0.59065,0.59075,0.5906,0.59075,41
2026-03-20T07:42:00,0.59075,0.59075,0.5907,0.5907,18
2026-03-20T07:43:00,0.59065,0.59065,0.5906,0.59065,22
2026-03-20T07:44:00,0.59075,0.5908,0.59075,0.59075,20
2026-03-20T07:45:00,0.5908,0.5908,0.5908,0.5908,9
2026-03-20T07:46:00,0.59085,0.591,0.59085,0.5909,35
2026-03-20T07:47:00,0.5909,0.5909,0.59075,0.59075,15
2026-03-20T07:48:00,0.5908,0.59095,0.5908,0.59095,17
2026-03-20T07:49:00,0.59085,0.59085,0.59085,0.59085,2
2026-03-20T07:50:00,0.59085,0.5909,0.5908,0.5908,9
2026-03-20T07:51:00,0.5909,0.59095,0.5909,0.5909,11
2026-03-20T07:52:00,0.59085,0.59085,0.5908,0.5908,11
2026-03-20T07:53:00,0.59085,0.59085,0.59085,0.59085,9
2026-03-20T07:54:00,0.5908,0.5908,0.59075,0.59075,14
2026-03-20T07:55:00,0.59075,0.59075,0.5907,0.5907,18
2026-03-20T07:56:00,0.5907,0.5907,0.5907,0.5907,3
2026-03-20T07:57:00,0.5908,0.5908,0.5907,0.5907,18
2026-03-20T07:58:00,0.59065,0.5907,0.5906,0.5906,13
2026-03-20T07:59:00,0.59065,0.59065,0.59065,0.59065,4
2026-03-20T08:00:00,0.59065,0.5907,0.5906,0.59065,45
2026-03-20T08:01:00,0.5907,0.5907,0.59045,0.5905,39
2026-03-20T08:02:00,0.59045,0.59065,0.59045,0.59065,39
2026-03-20T08:03:00,0.59065,0.5907,0.5906,0.5906,20
2026-03-20T08:04:00,0.59065,0.59065,0.5906,0.59065,22
2026-03-20T08:05:00,0.5905,0.59055,0.5904,0.59055,38
2026-03-20T08:06:00,0.5906,0.5906,0.59045,0.59045,19
2026-03-20T08:07:00,0.59045,0.59065,0.59045,0.59055,28
2026-03-20T08:08:00,0.5906,0.5907,0.5905,0.5905,25
2026-03-20T08:09:00,0.5905,0.59055,0.5905,0.59055,12
2026-03-20T08:10:00,0.5906,0.5906,0.5905,0.5906,27
2026-03-20T08:11:00,0.5906,0.5906,0.59055,0.5906,34
2026-03-20T08:12:00,0.5906,0.59065,0.59055,0.59065,55
2026-03-20T08:13:00,0.5907,0.59075,0.59065,0.59075,15
2026-03-20T08:14:00,0.59075,0.59075,0.59065,0.59065,26
2026-03-20T08:15:00,0.59075,0.5908,0.59075,0.5908,5
2026-03-20T08:16:00,0.5908,0.5908,0.59075,0.59075,20
2026-03-20T08:17:00,0.5908,0.5908,0.59075,0.59075,38
2026-03-20T08:19:00,0.59085,0.59085,0.5907,0.59075,33
2026-03-20T08:20:00,0.5907,0.5907,0.59055,0.59065,68
2026-03-20T08:21:00,0.5907,0.5907,0.59055,0.59055,33
2026-03-20T08:22:00,0.59055,0.59065,0.59055,0.59065,26
2026-03-20T08:23:00,0.59065,0.5908,0.59065,0.59075,52
2026-03-20T08:24:00,0.59075,0.59075,0.5907,0.5907,54
2026-03-20T08:25:00,0.59075,0.59075,0.5907,0.59075,23
2026-03-20T08:26:00,0.5907,0.5907,0.59065,0.5907,12
2026-03-20T08:27:00,0.59065,0.59065,0.5906,0.59065,30
2026-03-20T08:28:00,0.59065,0.59065,0.5905,0.5905,25
2026-03-20T08:29:00,0.5905,0.5905,0.59045,0.59045,30
2026-03-20T08:30:00,0.5904,0.5904,0.5903,0.59035,37
2026-03-20T08:31:00,0.5904,0.59045,0.59035,0.59035,21
2026-03-20T08:32:00,0.59035,0.59035,0.5903,0.59035,47
2026-03-20T08:33:00,0.5903,0.5903,0.59015,0.59025,82
2026-03-20T08:34:00,0.59025,0.59035,0.5902,0.59035,18
2026-03-20T08:35:00,0.5903,0.5904,0.59025,0.5904,18
2026-03-20T08:36:00,0.5904,0.5904,0.5903,0.5903,52
2026-03-20T08:37:00,0.59035,0.59045,0.59035,0.5904,15
2026-03-20T08:38:00,0.59045,0.5905,0.59045,0.59045,47
2026-03-20T08:39:00,0.5905,0.5906,0.5905,0.5906,22
2026-03-20T08:40:00,0.59055,0.5906,0.5905,0.59055,10
2026-03-20T08:41:00,0.59055,0.5906,0.5905,0.59055,22
2026-03-20T08:42:00,0.5905,0.5905,0.59035,0.59035,50
2026-03-20T08:43:00,0.5903,0.5903,0.59015,0.59025,40
2026-03-20T08:44:00,0.59035,0.5904,0.59035,0.59035,11
2026-03-20T08:45:00,0.5903,0.5903,0.5901,0.5902,19
2026-03-20T08:46:00,0.5902,0.5902,0.5901,0.5901,29
2026-03-20T08:47:00,0.5901,0.5901,0.59,0.5901,22
2026-03-20T08:48:00,0.5901,0.59015,0.5901,0.5901,21
2026-03-20T08:49:00,0.5901,0.5901,0.59005,0.59005,47
2026-03-20T08:50:00,0.5901,0.59015,0.5901,0.5901,10
2026-03-20T08:51:00,0.5902,0.5903,0.59015,0.59015,27
2026-03-20T08:52:00,0.59015,0.5902,0.59015,0.59015,18
2026-03-20T08:53:00,0.5902,0.59025,0.59015,0.59015,11
2026-03-20T08:54:00,0.59015,0.59015,0.59015,0.59015,7
2026-03-20T08:55:00,0.5902,0.5902,0.5901,0.5901,16
2026-03-20T08:56:00,0.5901,0.59015,0.5901,0.59015,4
2026-03-20T08:57:00,0.59035,0.59035,0.5903,0.5903,10
2026-03-20T08:58:00,0.59025,0.59025,0.59015,0.59015,11
2026-03-20T08:59:00,0.59015,0.59015,0.59005,0.59005,19
2026-03-20T09:00:00,0.59,0.5901,0.59,0.59,12
2026-03-20T09:01:00,0.58995,0.59,0.58995,0.59,7
2026-03-20T09:02:00,0.5899,0.5899,0.5898,0.58985,21
2026-03-20T09:03:00,0.58975,0.5898,0.58975,0.58975,7
2026-03-20T09:04:00,0.5898,0.5898,0.58965,0.5897,27
2026-03-20T09:05:00,0.58955,0.58955,0.5895,0.5895,17
2026-03-20T09:06:00,0.58935,0.5895,0.58935,0.5895,31
2026-03-20T09:07:00,0.5896,0.5896,0.58955,0.5896,34
2026-03-20T09:08:00,0.58965,0.5897,0.5896,0.5896,9
2026-03-20T09:09:00,0.5896,0.58985,0.5896,0.58985,27
2026-03-20T09:10:00,0.58985,0.58985,0.5898,0.5898,5
2026-03-20T09:11:00,0.5898,0.5898,0.5898,0.5898,9
2026-03-20T09:12:00,0.5899,0.58995,0.5899,0.58995,6
2026-03-20T09:13:00,0.5899,0.58995,0.58975,0.58975,18
2026-03-20T09:14:00,0.58975,0.58975,0.58955,0.58955,50
2026-03-20T09:15:00,0.5895,0.58955,0.5895,0.5895,41
2026-03-20T09:16:00,0.5895,0.58955,0.58945,0.58945,36
2026-03-20T09:17:00,0.58945,0.58945,0.58945,0.58945,3
2026-03-20T09:18:00,0.58945,0.58945,0.5894,0.5894,17
2026-03-20T09:19:00,0.5894,0.5895,0.58925,0.58925,22
2026-03-20T09:20:00,0.5893,0.5894,0.5893,0.5894,37
2026-03-20T09:21:00,0.5894,0.5894,0.58925,0.58925,17
2026-03-20T09:22:00,0.5893,0.5893,0.58925,0.58925,26
2026-03-20T09:23:00,0.5893,0.5893,0.5893,0.5893,2
2026-03-20T09:24:00,0.5893,0.58935,0.58925,0.5893,20
2026-03-20T09:25:00,0.58935,0.58935,0.5893,0.5893,9
2026-03-20T09:26:00,0.58935,0.58935,0.5893,0.5893,4
2026-03-20T09:27:00,0.58935,0.58935,0.58925,0.5893,9
2026-03-20T09:28:00,0.5893,0.58935,0.58915,0.5892,21
2026-03-20T09:29:00,0.58925,0.5893,0.5892,0.5892,22
2026-03-20T09:30:00,0.5892,0.58925,0.5892,0.58925,11
2026-03-20T09:31:00,0.58935,0.58935,0.58905,0.58915,300
2026-03-20T09:32:00,0.5891,0.58925,0.5891,0.5892,41
2026-03-20T09:33:00,0.5892,0.5892,0.589,0.589,151
2026-03-20T09:34:00,0.58905,0.5891,0.589,0.5891,42
2026-03-20T09:35:00,0.58905,0.5891,0.58905,0.5891,14
2026-03-20T09:36:00,0.5891,0.5891,0.58905,0.58905,6
2026-03-20T09:37:00,0.58905,0.58925,0.58905,0.58925,32
2026-03-20T09:38:00,0.58925,0.58925,0.5891,0.58915,56
2026-03-20T09:39:00,0.5891,0.5891,0.58905,0.58905,12
2026-03-20T09:40:00,0.58905,0.58905,0.5889,0.58895,28
2026-03-20T09:41:00,0.58895,0.589,0.58895,0.58895,12
2026-03-20T09:42:00,0.5889,0.589,0.58885,0.58895,18
2026-03-20T09:43:00,0.5889,0.5889,0.58885,0.5889,11
2026-03-20T09:44:00,0.589,0.58905,0.5888,0.589,75
2026-03-20T09:45:00,0.58895,0.58905,0.5888,0.58895,341
2026-03-20T09:46:00,0.58895,0.58895,0.58885,0.5889,53
2026-03-20T09:47:00,0.5889,0.58895,0.58855,0.5887,135
2026-03-20T09:48:00,0.5887,0.5888,0.58865,0.5887,44
2026-03-20T09:49:00,0.5887,0.58885,0.58865,0.5887,30
2026-03-20T09:50:00,0.58865,0.5888,0.58865,0.5887,22
2026-03-20T09:51:00,0.58865,0.58865,0.5885,0.58855,43
2026-03-20T09:52:00,0.58855,0.5886,0.58845,0.58845,43
2026-03-20T09:53:00,0.58855,0.58855,0.5884,0.5884,52
2026-03-20T09:54:00,0.58835,0.58835,0.5882,0.5883,58
2026-03-20T09:55:00,0.5883,0.5884,0.58825,0.5883,46
2026-03-20T09:56:00,0.58835,0.58835,0.5883,0.5883,13
2026-03-20T09:57:00,0.58835,0.58835,0.5882,0.58825,28
2026-03-20T09:58:00,0.5882,0.58825,0.58805,0.5881,37
2026-03-20T09:59:00,0.58815,0.5882,0.5881,0.5882,21
2026-03-20T10:00:00,0.5881,0.58815,0.5878,0.58785,133
2026-03-20T10:01:00,0.58785,0.5879,0.5876,0.5876,58
2026-03-20T10:02:00,0.58765,0.58785,0.58765,0.58785,37
2026-03-20T10:03:00,0.58785,0.5879,0.58775,0.58775,15
2026-03-20T10:04:00,0.58775,0.5878,0.5877,0.5877,13
2026-03-20T10:05:00,0.5878,0.58795,0.5878,0.58795,42
2026-03-20T10:06:00,0.5879,0.58795,0.5878,0.5878,25
2026-03-20T10:07:00,0.5878,0.5878,0.58765,0.58765,58
2026-03-20T10:08:00,0.58765,0.5877,0.58755,0.5876,34
2026-03-20T10:09:00,0.5876,0.5876,0.58735,0.5874,113
2026-03-20T10:10:00,0.58735,0.5874,0.5871,0.5871,54
2026-03-20T10:11:00,0.5871,0.58725,0.5871,0.5872,73
2026-03-20T10:12:00,0.5872,0.58755,0.5872,0.5875,86
2026-03-20T10:13:00,0.5875,0.58765,0.5875,0.5876,39
2026-03-20T10:14:00,0.58755,0.58755,0.5875,0.5875,15
2026-03-20T10:15:00,0.58755,0.58765,0.58755,0.5876,25
2026-03-20T10:16:00,0.58755,0.5877,0.58755,0.58755,26
2026-03-20T10:17:00,0.5876,0.5876,0.5875,0.58755,46
2026-03-20T10:18:00,0.5876,0.5876,0.58745,0.5875,45
2026-03-20T10:19:00,0.5875,0.5875,0.5874,0.5874,53
2026-03-20T10:20:00,0.58735,0.5874,0.5872,0.58725,29
2026-03-20T10:21:00,0.5873,0.58735,0.58725,0.58725,17
2026-03-20T10:22:00,0.58725,0.58725,0.5872,0.5872,39
2026-03-20T10:23:00,0.5873,0.58745,0.5873,0.5874,18
2026-03-20T10:24:00,0.5875,0.58755,0.5875,0.5875,16
2026-03-20T10:25:00,0.5875,0.58755,0.5875,0.5875,10
2026-03-20T10:26:00,0.58755,0.58755,0.5875,0.5875,18
2026-03-20T10:27:00,0.5875,0.5875,0.58745,0.58745,3
2026-03-20T10:28:00,0.5875,0.5875,0.5874,0.5874,11
2026-03-20T10:29:00,0.58745,0.5875,0.58745,0.58745,32
2026-03-20T10:30:00,0.58755,0.58765,0.58755,0.58755,39
2026-03-20T10:31:00,0.5875,0.5875,0.5874,0.58745,55
2026-03-20T10:32:00,0.5874,0.5875,0.5874,0.5875,13
2026-03-20T10:33:00,0.5875,0.58755,0.5875,0.58755,8
2026-03-20T10:34:00,0.5875,0.5876,0.5875,0.5876,16
2026-03-20T10:35:00,0.58755,0.5877,0.58755,0.5876,13
2026-03-20T10:36:00,0.5876,0.5876,0.5876,0.5876,13
2026-03-20T10:37:00,0.5876,0.58765,0.5876,0.58765,37
2026-03-20T10:38:00,0.58775,0.58775,0.5877,0.5877,4
2026-03-20T10:39:00,0.58775,0.5879,0.58775,0.5879,15
2026-03-20T10:40:00,0.5879,0.58795,0.58785,0.58795,12
2026-03-20T10:41:00,0.58795,0.58805,0.58795,0.588,34
2026-03-20T10:42:00,0.58805,0.58815,0.588,0.588,48
2026-03-20T10:43:00,0.58805,0.58805,0.58795,0.58795,17
2026-03-20T10:44:00,0.58795,0.588,0.5879,0.58795,24
2026-03-20T10:45:00,0.588,0.58805,0.5879,0.58795,7
2026-03-20T10:46:00,0.5879,0.5879,0.58785,0.5879,11
2026-03-20T10:48:00,0.58795,0.58795,0.58785,0.58785,18
2026-03-20T10:49:00,0.58785,0.58785,0.58785,0.58785,3
2026-03-20T10:50:00,0.5879,0.588,0.5879,0.588,13
2026-03-20T10:51:00,0.58785,0.58785,0.5877,0.5877,10
2026-03-20T10:52:00,0.5878,0.58785,0.5878,0.58785,17
2026-03-20T10:53:00,0.5879,0.588,0.5879,0.588,9
2026-03-20T10:54:00,0.58795,0.58795,0.5878,0.58785,17
2026-03-20T10:55:00,0.58785,0.5879,0.58785,0.58785,8
2026-03-20T10:56:00,0.58785,0.5879,0.58785,0.5879,16
2026-03-20T10:57:00,0.58805,0.5881,0.588,0.5881,23
2026-03-20T10:58:00,0.58805,0.58805,0.58805,0.58805,11
2026-03-20T10:59:00,0.588,0.58805,0.588,0.58805,6
2026-03-20T11:00:00,0.58795,0.588,0.58795,0.58795,43
2026-03-20T11:01:00,0.5879,0.588,0.5879,0.588,9
2026-03-20T11:02:00,0.58805,0.58835,0.58805,0.58835,25
2026-03-20T11:03:00,0.5884,0.5885,0.5884,0.5885,11
2026-03-20T11:04:00,0.5885,0.5885,0.58835,0.5885,17
2026-03-20T11:05:00,0.5885,0.58865,0.5885,0.5886,19
2026-03-20T11:06:00,0.58855,0.5886,0.58855,0.58855,18
2026-03-20T11:07:00,0.58855,0.58855,0.58855,0.58855,12
2026-03-20T11:08:00,0.58855,0.5886,0.58855,0.5886,18
2026-03-20T11:09:00,0.5887,0.5888,0.5887,0.5888,32
2026-03-20T11:10:00,0.5888,0.5888,0.58875,0.58875,4
2026-03-20T11:11:00,0.58875,0.58885,0.58875,0.5888,12
2026-03-20T11:12:00,0.58875,0.58875,0.58865,0.58865,21
2026-03-20T11:13:00,0.58885,0.58885,0.58885,0.58885,1
2026-03-20T11:14:00,0.5888,0.5888,0.58865,0.58865,15
2026-03-20T11:15:00,0.58865,0.5887,0.58865,0.5887,7
2026-03-20T11:16:00,0.58865,0.58865,0.58865,0.58865,13
2026-03-20T11:17:00,0.5887,0.5887,0.58865,0.5887,5
2026-03-20T11:18:00,0.58885,0.58885,0.5888,0.5888,15
2026-03-20T11:19:00,0.5888,0.58885,0.5888,0.58885,4
2026-03-20T11:20:00,0.58885,0.58885,0.58885,0.58885,5
2026-03-20T11:21:00,0.5888,0.5889,0.58875,0.5889,11
2026-03-20T11:22:00,0.58885,0.58895,0.58885,0.58885,20
2026-03-20T11:23:00,0.5889,0.5889,0.58885,0.58885,7
2026-03-20T11:25:00,0.58885,0.58885,0.5887,0.5887,19
2026-03-20T11:26:00,0.58885,0.58885,0.5888,0.5888,18
2026-03-20T11:27:00,0.58885,0.5889,0.58885,0.5889,6
2026-03-20T11:28:00,0.58885,0.58885,0.5888,0.5888,10
2026-03-20T11:29:00,0.5888,0.5888,0.58875,0.58875,17
2026-03-20T11:30:00,0.5888,0.5889,0.5888,0.58885,11
2026-03-20T11:31:00,0.5889,0.58895,0.5889,0.5889,9
2026-03-20T11:32:00,0.58895,0.58895,0.5889,0.58895,12
2026-03-20T11:33:00,0.589,0.589,0.58895,0.58895,4
2026-03-20T11:34:00,0.589,0.58905,0.589,0.58905,13
2026-03-20T11:35:00,0.58895,0.58905,0.58895,0.58905,10
2026-03-20T11:36:00,0.58905,0.58905,0.58895,0.58895,26
2026-03-20T11:37:00,0.58885,0.58895,0.58885,0.5889,35
2026-03-20T11:38:00,0.58885,0.58885,0.58885,0.58885,3
2026-03-20T11:39:00,0.58885,0.589,0.58885,0.589,5
2026-03-20T11:40:00,0.58915,0.5892,0.58905,0.5892,26
2026-03-20T11:41:00,0.5892,0.58925,0.5892,0.5892,32
2026-03-20T11:42:00,0.5893,0.58945,0.5893,0.5894,22
2026-03-20T11:43:00,0.5894,0.5894,0.58935,0.5894,6
2026-03-20T11:44:00,0.5893,0.58935,0.58925,0.5893,20
2026-03-20T11:45:00,0.5892,0.5892,0.5892,0.5892,5
2026-03-20T11:47:00,0.58925,0.58925,0.5891,0.5891,8
2026-03-20T11:48:00,0.58905,0.5891,0.58905,0.5891,5
2026-03-20T11:49:00,0.58905,0.5891,0.589,0.589,14
2026-03-20T11:50:00,0.58895,0.58895,0.58875,0.58875,37
2026-03-20T11:51:00,0.58875,0.58875,0.58855,0.58855,52
2026-03-20T11:52:00,0.58855,0.58875,0.58855,0.5887,22
2026-03-20T11:53:00,0.5888,0.5889,0.5888,0.5889,17
2026-03-20T11:54:00,0.58885,0.58885,0.58885,0.58885,2
2026-03-20T11:55:00,0.5889,0.5889,0.58885,0.5889,14
2026-03-20T11:56:00,0.58875,0.58885,0.58875,0.5888,28
2026-03-20T11:57:00,0.5888,0.5888,0.58875,0.5888,10
2026-03-20T11:58:00,0.58885,0.5889,0.58885,0.5889,14
2026-03-20T11:59:00,0.58895,0.589,0.5889,0.58895,44
2026-03-20T12:00:00,0.589,0.58915,0.589,0.58915,25
2026-03-20T12:01:00,0.589,0.589,0.5889,0.5889,15
2026-03-20T12:02:00,0.5889,0.58905,0.58885,0.58905,39
2026-03-20T12:03:00,0.5891,0.58915,0.58905,0.58905,12
2026-03-20T12:04:00,0.5889,0.5891,0.5888,0.5888,65
2026-03-20T12:05:00,0.58885,0.5892,0.58885,0.5892,7
2026-03-20T12:06:00,0.5891,0.5891,0.5891,0.5891,7
2026-03-20T12:07:00,0.58925,0.58945,0.58925,0.58945,52
2026-03-20T12:08:00,0.58935,0.58935,0.58905,0.58925,356
2026-03-20T12:09:00,0.58925,0.58945,0.58925,0.58945,15
2026-03-20T12:10:00,0.5895,0.58955,0.5895,0.5895,20
2026-03-20T12:11:00,0.5895,0.5895,0.5894,0.5894,31
2026-03-20T12:12:00,0.58935,0.58935,0.58915,0.58915,12
2026-03-20T12:13:00,0.5891,0.58915,0.58905,0.5891,58
2026-03-20T12:14:00,0.5891,0.5891,0.58905,0.5891,34
2026-03-20T12:15:00,0.58915,0.58915,0.58905,0.58905,18
2026-03-20T12:16:00,0.5891,0.58915,0.589,0.589,13
2026-03-20T12:17:00,0.589,0.589,0.58895,0.58895,12
2026-03-20T12:18:00,0.58905,0.58915,0.58905,0.58915,16
2026-03-20T12:19:00,0.58915,0.5893,0.58915,0.5893,6
2026-03-20T12:20:00,0.58925,0.58925,0.5891,0.58915,24
2026-03-20T12:21:00,0.58915,0.5892,0.58905,0.5891,55
2026-03-20T12:22:00,0.5891,0.58915,0.5891,0.58915,20
2026-03-20T12:23:00,0.5892,0.58925,0.5892,0.5892,14
2026-03-20T12:24:00,0.5892,0.58925,0.58915,0.58915,22
2026-03-20T12:25:00,0.58915,0.58915,0.589,0.589,36
2026-03-20T12:26:00,0.58895,0.589,0.58895,0.58895,32
2026-03-20T12:27:00,0.58895,0.5891,0.58895,0.5891,20
2026-03-20T12:28:00,0.5891,0.5893,0.5891,0.5893,44
2026-03-20T12:29:00,0.58925,0.5893,0.58925,0.5893,27
2026-03-20T12:30:00,0.5893,0.58935,0.58925,0.58925,29
2026-03-20T12:31:00,0.5892,0.5892,0.58905,0.58905,41
2026-03-20T12:32:00,0.58905,0.5891,0.589,0.58905,24
2026-03-20T12:33:00,0.58905,0.5891,0.58905,0.58905,8
2026-03-20T12:34:00,0.58905,0.5891,0.58895,0.589,29
2026-03-20T12:35:00,0.589,0.5891,0.589,0.58905,20
2026-03-20T12:36:00,0.589,0.5892,0.58895,0.5891,69
2026-03-20T12:37:00,0.58905,0.58905,0.58855,0.58875,299
2026-03-20T12:38:00,0.5888,0.589,0.58875,0.58875,40
2026-03-20T12:39:00,0.58875,0.5888,0.5886,0.58865,220
2026-03-20T12:40:00,0.58865,0.5887,0.5884,0.5884,25
2026-03-20T12:41:00,0.5883,0.58855,0.5883,0.58855,51
2026-03-20T12:42:00,0.58855,0.58855,0.5883,0.58835,26
2026-03-20T12:43:00,0.5884,0.5885,0.5884,0.58845,27
2026-03-20T12:44:00,0.58845,0.58855,0.5884,0.58855,103
2026-03-20T12:45:00,0.5886,0.5886,0.5885,0.5885,17
2026-03-20T12:46:00,0.5886,0.5887,0.5886,0.5887,16
2026-03-20T12:47:00,0.5886,0.5886,0.5884,0.58845,27
2026-03-20T12:48:00,0.58835,0.58835,0.58825,0.5883,8
2026-03-20T12:49:00,0.58835,0.5884,0.5883,0.5884,7
2026-03-20T12:50:00,0.5885,0.5886,0.5885,0.58855,12
2026-03-20T12:51:00,0.58855,0.58865,0.5885,0.58865,58
2026-03-20T12:52:00,0.58865,0.5887,0.58865,0.58865,15
2026-03-20T12:53:00,0.58865,0.5887,0.58865,0.5887,17
2026-03-20T12:54:00,0.5887,0.58875,0.5885,0.5885,24
2026-03-20T12:55:00,0.5885,0.58855,0.5885,0.5885,33
2026-03-20T12:56:00,0.58845,0.58845,0.58825,0.5883,32
2026-03-20T12:57:00,0.58825,0.58835,0.58825,0.58835,14
2026-03-20T12:58:00,0.5883,0.5885,0.5883,0.5885,12
2026-03-20T12:59:00,0.5884,0.5884,0.5884,0.5884,8
2026-03-20T13:00:00,0.5884,0.5884,0.58835,0.58835,22
2026-03-20T13:01:00,0.5884,0.5885,0.5884,0.5885,18
2026-03-20T13:02:00,0.58835,0.58835,0.5882,0.5882,11
2026-03-20T13:03:00,0.5882,0.5883,0.5882,0.58825,14
2026-03-20T13:04:00,0.5882,0.5882,0.5881,0.5881,12
2026-03-20T13:05:00,0.58805,0.58805,0.58785,0.58785,36
2026-03-20T13:06:00,0.58785,0.5879,0.5877,0.5877,53
2026-03-20T13:07:00,0.5877,0.5879,0.5877,0.58775,58
2026-03-20T13:08:00,0.5878,0.5878,0.58775,0.5878,11
2026-03-20T13:09:00,0.5878,0.5878,0.58765,0.58765,42
2026-03-20T13:10:00,0.58765,0.5877,0.5875,0.5875,55
2026-03-20T13:11:00,0.58745,0.58755,0.58745,0.5875,42
2026-03-20T13:12:00,0.5875,0.58755,0.58745,0.5875,36
2026-03-20T13:13:00,0.5875,0.58765,0.5875,0.5876,40
2026-03-20T13:14:00,0.5876,0.5877,0.5875,0.58765,20
2026-03-20T13:15:00,0.5876,0.5876,0.58755,0.5876,21
2026-03-20T13:16:00,0.58755,0.58755,0.5875,0.58755,27
2026-03-20T13:17:00,0.58755,0.5876,0.5875,0.58755,25
2026-03-20T13:18:00,0.58755,0.58755,0.5874,0.58745,43
2026-03-20T13:19:00,0.5874,0.5874,0.5873,0.58735,20
2026-03-20T13:20:00,0.5874,0.5876,0.5874,0.5876,26
2026-03-20T13:21:00,0.5876,0.5876,0.58755,0.5876,16
2026-03-20T13:22:00,0.5876,0.5876,0.58755,0.58755,10
2026-03-20T13:23:00,0.5876,0.5876,0.58745,0.58745,39
2026-03-20T13:24:00,0.58745,0.58755,0.58745,0.58755,14
2026-03-20T13:25:00,0.58755,0.58755,0.58735,0.5875,29
2026-03-20T13:26:00,0.58745,0.58745,0.58735,0.58735,9
2026-03-20T13:27:00,0.5873,0.58735,0.58715,0.58715,45
2026-03-20T13:28:00,0.58715,0.58725,0.58715,0.5872,16
2026-03-20T13:29:00,0.58715,0.58715,0.58715,0.58715,3
2026-03-20T13:30:00,0.5871,0.5872,0.5871,0.5871,50
2026-03-20T13:31:00,0.5871,0.5872,0.58685,0.58695,77
2026-03-20T13:32:00,0.587,0.5872,0.587,0.58705,19
2026-03-20T13:33:00,0.58705,0.5871,0.5869,0.5869,29
2026-03-20T13:34:00,0.587,0.587,0.58685,0.58685,20
2026-03-20T13:35:00,0.5868,0.5869,0.58665,0.5868,38
2026-03-20T13:36:00,0.58695,0.587,0.58685,0.587,17
2026-03-20T13:37:00,0.587,0.58725,0.587,0.587,59
2026-03-20T13:38:00,0.58705,0.58705,0.5868,0.58685,41
2026-03-20T13:39:00,0.5868,0.58685,0.58675,0.58675,36
2026-03-20T13:40:00,0.58675,0.587,0.58675,0.58695,40
2026-03-20T13:41:00,0.5869,0.58705,0.5868,0.58705,23
2026-03-20T13:42:00,0.58705,0.58705,0.58685,0.58685,25
2026-03-20T13:43:00,0.5869,0.5873,0.58685,0.5873,104
2026-03-20T13:44:00,0.5873,0.58735,0.5872,0.5873,78
2026-03-20T13:45:00,0.5873,0.5874,0.58725,0.58725,128
2026-03-20T13:46:00,0.5873,0.5874,0.58685,0.5869,156
2026-03-20T13:47:00,0.58715,0.58715,0.587,0.5871,25
2026-03-20T13:48:00,0.58715,0.5872,0.5871,0.5872,29
2026-03-20T13:49:00,0.58715,0.58715,0.5869,0.5869,38
2026-03-20T13:50:00,0.58685,0.5869,0.5863,0.5863,83
2026-03-20T13:51:00,0.5863,0.5863,0.5859,0.5859,73
2026-03-20T13:52:00,0.58595,0.5861,0.58595,0.586,64
2026-03-20T13:53:00,0.58595,0.5862,0.58595,0.5862,46
2026-03-20T13:54:00,0.58615,0.5862,0.58615,0.5862,28
2026-03-20T13:55:00,0.58625,0.58635,0.5861,0.5863,189
2026-03-20T13:56:00,0.58625,0.5863,0.5861,0.5861,70
2026-03-20T13:57:00,0.5861,0.5862,0.586,0.58605,73
2026-03-20T13:58:00,0.586,0.58615,0.5859,0.5859,78
2026-03-20T13:59:00,0.58595,0.58595,0.5858,0.5858,143
2026-03-20T14:00:00,0.58575,0.58585,0.5856,0.58585,138
2026-03-20T14:01:00,0.58585,0.5859,0.58565,0.5857,230
2026-03-20T14:02:00,0.58575,0.5859,0.58565,0.5859,169
2026-03-20T14:03:00,0.586,0.58615,0.58575,0.58575,39
2026-03-20T14:05:00,0.5859,0.58615,0.5859,0.586,42
2026-03-20T14:06:00,0.586,0.5861,0.58595,0.586,38
2026-03-20T14:07:00,0.58595,0.58605,0.58575,0.58575,36
2026-03-20T14:08:00,0.58575,0.58575,0.5856,0.5856,90
2026-03-20T14:09:00,0.58555,0.58575,0.58555,0.58575,41
2026-03-20T14:10:00,0.5857,0.58585,0.58565,0.58565,40
2026-03-20T14:11:00,0.58565,0.5857,0.58545,0.5855,39
2026-03-20T14:12:00,0.5855,0.58555,0.5853,0.5853,30
2026-03-20T14:13:00,0.58535,0.5854,0.58535,0.5854,14
2026-03-20T14:14:00,0.5854,0.5854,0.5852,0.58535,43
2026-03-20T14:15:00,0.5853,0.58545,0.5853,0.5854,28
2026-03-20T14:16:00,0.58545,0.58555,0.58525,0.5855,44
2026-03-20T14:17:00,0.5855,0.5855,0.58525,0.58525,23
2026-03-20T14:18:00,0.58525,0.58535,0.5851,0.5851,56
2026-03-20T14:19:00,0.5851,0.58525,0.58505,0.58525,39
2026-03-20T14:20:00,0.5852,0.5853,0.58505,0.5853,119
2026-03-20T14:21:00,0.58515,0.58525,0.58495,0.58495,195
2026-03-20T14:22:00,0.58505,0.58505,0.58495,0.58495,38
2026-03-20T14:23:00,0.58495,0.58525,0.58495,0.5852,13
2026-03-20T14:24:00,0.58525,0.58525,0.58505,0.58515,29
2026-03-20T14:25:00,0.5851,0.5851,0.5849,0.585,30
2026-03-20T14:26:00,0.585,0.5851,0.5849,0.5851,35
2026-03-20T14:27:00,0.58515,0.58525,0.58495,0.58495,34
2026-03-20T14:28:00,0.585,0.58505,0.5848,0.58485,49
2026-03-20T14:29:00,0.5849,0.585,0.5849,0.58495,33
2026-03-20T14:30:00,0.585,0.58525,0.585,0.58525,47
2026-03-20T14:31:00,0.5852,0.58525,0.5851,0.5851,63
2026-03-20T14:32:00,0.58515,0.58545,0.5851,0.5853,97
2026-03-20T14:33:00,0.5853,0.58555,0.5853,0.58555,44
2026-03-20T14:34:00,0.5854,0.58545,0.58535,0.58545,52
2026-03-20T14:35:00,0.5854,0.58555,0.5853,0.58545,70
2026-03-20T14:36:00,0.58545,0.58545,0.5853,0.5853,64
2026-03-20T14:37:00,0.58535,0.58535,0.58505,0.58505,45
2026-03-20T14:38:00,0.58515,0.58525,0.58505,0.58525,24
2026-03-20T14:39:00,0.58515,0.5852,0.5851,0.5851,17
2026-03-20T14:40:00,0.5851,0.58525,0.5851,0.5852,10
2026-03-20T14:41:00,0.5853,0.5853,0.58505,0.58505,28
2026-03-20T14:42:00,0.58505,0.5852,0.58505,0.5851,22
2026-03-20T14:43:00,0.5851,0.58515,0.58505,0.58515,26
2026-03-20T14:44:00,0.5851,0.58525,0.585,0.58505,23
2026-03-20T14:45:00,0.58495,0.58515,0.58495,0.58515,44
2026-03-20T14:46:00,0.5852,0.58535,0.5852,0.5853,56
2026-03-20T14:47:00,0.5853,0.58535,0.5852,0.5852,105
2026-03-20T14:48:00,0.5851,0.58545,0.5851,0.5854,25
2026-03-20T14:49:00,0.58525,0.58535,0.5852,0.58525,16
2026-03-20T14:50:00,0.58515,0.58525,0.58515,0.58515,44
2026-03-20T14:51:00,0.5851,0.58515,0.58505,0.58505,34
2026-03-20T14:52:00,0.5851,0.5851,0.58495,0.58495,30
2026-03-20T14:53:00,0.585,0.58515,0.585,0.5851,24
2026-03-20T14:54:00,0.58505,0.58505,0.58475,0.5848,46
2026-03-20T14:55:00,0.5849,0.5852,0.58485,0.5852,41
2026-03-20T14:56:00,0.5852,0.5852,0.58495,0.58495,49
2026-03-20T14:57:00,0.585,0.58535,0.585,0.58535,45
2026-03-20T14:58:00,0.5854,0.5854,0.58525,0.58525,41
2026-03-20T14:59:00,0.58525,0.5853,0.58525,0.5853,44
2026-03-20T15:00:00,0.5853,0.58565,0.5853,0.58565,166
2026-03-20T15:01:00,0.5856,0.58575,0.58555,0.5856,140
2026-03-20T15:02:00,0.58565,0.58565,0.5853,0.5853,139
2026-03-20T15:03:00,0.5853,0.5854,0.58525,0.58525,40
2026-03-20T15:04:00,0.58525,0.5855,0.58525,0.5855,27
2026-03-20T15:05:00,0.5855,0.58565,0.5855,0.5856,14
2026-03-20T15:06:00,0.58565,0.5857,0.5856,0.5856,14
2026-03-20T15:07:00,0.5856,0.58565,0.58555,0.58555,18
2026-03-20T15:08:00,0.58555,0.58555,0.5853,0.58545,34
2026-03-20T15:09:00,0.5855,0.5856,0.5854,0.58555,24
2026-03-20T15:10:00,0.5855,0.5857,0.5855,0.58565,30
2026-03-20T15:11:00,0.5857,0.58585,0.5857,0.58585,25
2026-03-20T15:12:00,0.58575,0.586,0.58575,0.586,45
2026-03-20T15:13:00,0.586,0.5861,0.5859,0.58605,41
2026-03-20T15:14:00,0.58605,0.58615,0.58605,0.58615,21
2026-03-20T15:15:00,0.5861,0.58615,0.586,0.58615,28
2026-03-20T15:16:00,0.5862,0.5862,0.5858,0.5858,44
2026-03-20T15:17:00,0.58595,0.5862,0.58595,0.58615,72
2026-03-20T15:18:00,0.58605,0.58605,0.58595,0.58595,27
2026-03-20T15:19:00,0.5859,0.5859,0.5858,0.5858,27
2026-03-20T15:20:00,0.5858,0.58585,0.58575,0.58575,35
2026-03-20T15:21:00,0.58575,0.58585,0.58575,0.5858,11
2026-03-20T15:22:00,0.5858,0.5858,0.58575,0.5858,20
2026-03-20T15:23:00,0.5858,0.58675,0.5858,0.5867,679
2026-03-20T15:24:00,0.5865,0.5865,0.5859,0.5859,149
2026-03-20T15:25:00,0.58595,0.586,0.58575,0.58575,57
2026-03-20T15:26:00,0.5857,0.5858,0.58555,0.58555,65
2026-03-20T15:27:00,0.58555,0.58575,0.58555,0.58565,13
2026-03-20T15:28:00,0.58575,0.5858,0.58565,0.58575,53
2026-03-20T15:29:00,0.58575,0.58585,0.5857,0.58585,28
2026-03-20T15:30:00,0.58575,0.5859,0.58575,0.58585,60
2026-03-20T15:31:00,0.5859,0.58605,0.5859,0.58595,18
2026-03-20T15:32:00,0.58585,0.58615,0.58585,0.58605,19
2026-03-20T15:33:00,0.5861,0.5863,0.58605,0.5863,50
2026-03-20T15:34:00,0.58625,0.58625,0.586,0.586,19
2026-03-20T15:35:00,0.58605,0.58605,0.58585,0.58595,37
2026-03-20T15:36:00,0.586,0.5861,0.58595,0.58595,19
2026-03-20T15:37:00,0.586,0.58615,0.5859,0.58595,38
2026-03-20T15:38:00,0.58605,0.5861,0.58595,0.586,37
2026-03-20T15:39:00,0.586,0.586,0.58595,0.58595,18
2026-03-20T15:40:00,0.5859,0.586,0.5858,0.5858,53
2026-03-20T15:41:00,0.58585,0.58595,0.5857,0.5857,101
2026-03-20T15:42:00,0.5857,0.58575,0.5856,0.5857,122
2026-03-20T15:43:00,0.58575,0.58585,0.58575,0.5858,54
2026-03-20T15:44:00,0.58575,0.58575,0.5857,0.5857,16
2026-03-20T15:45:00,0.5857,0.5857,0.58555,0.58555,43
2026-03-20T15:46:00,0.5855,0.58555,0.58545,0.5855,76
2026-03-20T15:47:00,0.58555,0.5857,0.5855,0.5857,23
2026-03-20T15:48:00,0.5858,0.58585,0.58565,0.58565,14
2026-03-20T15:49:00,0.5856,0.58565,0.5855,0.58555,30
2026-03-20T15:50:00,0.58555,0.5856,0.58545,0.58545,26
2026-03-20T15:51:00,0.5855,0.58555,0.58545,0.58555,30
2026-03-20T15:52:00,0.5856,0.5859,0.5856,0.5857,42
2026-03-20T15:53:00,0.58565,0.5858,0.58565,0.5857,69
2026-03-20T15:54:00,0.5857,0.58575,0.5857,0.5857,70
2026-03-20T15:55:00,0.5857,0.5857,0.58555,0.5856,38
2026-03-20T15:56:00,0.58555,0.58555,0.5853,0.5854,36
2026-03-20T15:57:00,0.58545,0.58575,0.58545,0.58575,85
2026-03-20T15:58:00,0.58575,0.58575,0.58565,0.5857,60
2026-03-20T15:59:00,0.5857,0.5857,0.58565,0.58565,86
2026-03-20T16:00:00,0.58565,0.58575,0.58555,0.5857,133
2026-03-20T16:01:00,0.58575,0.5858,0.5857,0.58575,148
2026-03-20T16:02:00,0.58575,0.58585,0.58565,0.58585,93
2026-03-20T16:03:00,0.58585,0.5861,0.5858,0.5861,24
2026-03-20T16:04:00,0.5861,0.58625,0.5861,0.58625,22
2026-03-20T16:05:00,0.5861,0.58625,0.58605,0.58615,42
2026-03-20T16:06:00,0.58625,0.58625,0.586,0.58605,49
2026-03-20T16:07:00,0.586,0.5861,0.58585,0.58585,22
2026-03-20T16:08:00,0.586,0.586,0.5859,0.5859,16
2026-03-20T16:09:00,0.586,0.586,0.5859,0.5859,12
2026-03-20T16:10:00,0.5859,0.5861,0.5859,0.58605,16
2026-03-20T16:11:00,0.586,0.5863,0.586,0.5863,28
2026-03-20T16:12:00,0.5863,0.58635,0.5863,0.5863,26
2026-03-20T16:13:00,0.58625,0.58635,0.5862,0.58635,14
2026-03-20T16:14:00,0.58625,0.5863,0.58625,0.5863,19
2026-03-20T16:15:00,0.5863,0.5863,0.5862,0.5862,6
2026-03-20T16:16:00,0.5862,0.58625,0.5862,0.58625,8
2026-03-20T16:17:00,0.58625,0.58635,0.5862,0.58635,29
2026-03-20T16:18:00,0.5864,0.5864,0.5862,0.5862,140
2026-03-20T16:19:00,0.5863,0.58645,0.5863,0.5864,13
2026-03-20T16:20:00,0.5865,0.5866,0.5865,0.58655,28
2026-03-20T16:21:00,0.58655,0.58665,0.58635,0.58635,36
2026-03-20T16:22:00,0.5864,0.58655,0.5863,0.58655,20
2026-03-20T16:23:00,0.5866,0.5866,0.58655,0.58655,37
2026-03-20T16:24:00,0.5865,0.5865,0.58645,0.58645,9
2026-03-20T16:25:00,0.58635,0.58635,0.5863,0.5863,18
2026-03-20T16:26:00,0.5863,0.58635,0.5862,0.5862,30
2026-03-20T16:27:00,0.58615,0.5863,0.5861,0.5863,26
2026-03-20T16:28:00,0.5862,0.58625,0.5862,0.58625,5
2026-03-20T16:29:00,0.58615,0.5862,0.5861,0.5862,16
2026-03-20T16:30:00,0.58605,0.58605,0.5859,0.5859,28
2026-03-20T16:31:00,0.5859,0.5859,0.5857,0.5857,72
2026-03-20T16:32:00,0.58575,0.58575,0.5856,0.58565,46
2026-03-20T16:33:00,0.5857,0.58595,0.5857,0.5859,17
2026-03-20T16:34:00,0.5859,0.58595,0.5859,0.58595,9
2026-03-20T16:35:00,0.58595,0.58605,0.58595,0.586,25
2026-03-20T16:36:00,0.586,0.58605,0.58595,0.58605,12
2026-03-20T16:37:00,0.5861,0.58615,0.5861,0.5861,9
2026-03-20T16:38:00,0.58605,0.58605,0.5859,0.58595,9
2026-03-20T16:39:00,0.5859,0.5859,0.5859,0.5859,3
2026-03-20T16:40:00,0.586,0.586,0.586,0.586,14
2026-03-20T16:41:00,0.58595,0.586,0.58595,0.586,3
2026-03-20T16:42:00,0.58605,0.5861,0.586,0.5861,24
2026-03-20T16:43:00,0.58605,0.58605,0.58605,0.58605,6
2026-03-20T16:44:00,0.58605,0.58605,0.58595,0.586,22
2026-03-20T16:45:00,0.58595,0.58605,0.58595,0.58605,17
2026-03-20T16:46:00,0.58605,0.5861,0.58605,0.5861,9
2026-03-20T16:47:00,0.586,0.586,0.58595,0.58595,6
2026-03-20T16:48:00,0.5859,0.5859,0.58575,0.58575,108
2026-03-20T16:49:00,0.58575,0.58585,0.58575,0.58585,62
2026-03-20T16:50:00,0.5859,0.58595,0.58585,0.58585,13
2026-03-20T16:51:00,0.5858,0.5858,0.58575,0.58575,4
2026-03-20T16:52:00,0.58575,0.5858,0.5857,0.5858,22
2026-03-20T16:53:00,0.58585,0.5861,0.58585,0.5861,47
2026-03-20T16:54:00,0.58615,0.58615,0.5861,0.58615,11
2026-03-20T16:55:00,0.58615,0.58625,0.58615,0.58625,18
2026-03-20T16:56:00,0.58635,0.58635,0.5863,0.5863,14
2026-03-20T16:57:00,0.58635,0.58635,0.5863,0.5863,6
2026-03-20T16:58:00,0.58615,0.5862,0.58615,0.5862,15
2026-03-20T16:59:00,0.586,0.586,0.586,0.586,26
2026-03-20T17:00:00,0.586,0.58605,0.586,0.58605,24
2026-03-20T17:01:00,0.58615,0.5862,0.5861,0.58615,12
2026-03-20T17:02:00,0.5862,0.58625,0.5862,0.58625,11
2026-03-20T17:03:00,0.58625,0.58625,0.5861,0.5861,109
2026-03-20T17:04:00,0.5861,0.58625,0.5861,0.58625,13
2026-03-20T17:05:00,0.58625,0.58625,0.58525,0.5854,979
2026-03-20T17:06:00,0.58535,0.58585,0.58535,0.5858,58
2026-03-20T17:07:00,0.58575,0.58605,0.5857,0.58605,42
2026-03-20T17:08:00,0.58605,0.58615,0.5858,0.58615,24
2026-03-20T17:09:00,0.5861,0.58615,0.5859,0.58595,34
2026-03-20T17:10:00,0.5861,0.58625,0.58605,0.58605,36
2026-03-20T17:11:00,0.58595,0.5861,0.58595,0.5861,23
2026-03-20T17:12:00,0.58605,0.58605,0.5859,0.586,52
2026-03-20T17:13:00,0.586,0.586,0.586,0.586,5
2026-03-20T17:14:00,0.586,0.586,0.5859,0.58595,12
2026-03-20T17:15:00,0.5861,0.58615,0.5859,0.5859,38
2026-03-20T17:16:00,0.5859,0.5859,0.5859,0.5859,15
2026-03-20T17:17:00,0.58585,0.5859,0.58585,0.58585,11
2026-03-20T17:18:00,0.58595,0.58605,0.58595,0.586,13
2026-03-20T17:19:00,0.58595,0.58595,0.58595,0.58595,13
2026-03-20T17:20:00,0.58595,0.586,0.58595,0.586,6
2026-03-20T17:21:00,0.586,0.586,0.58595,0.586,3
2026-03-20T17:22:00,0.58605,0.5861,0.586,0.5861,27
2026-03-20T17:23:00,0.58615,0.5862,0.58615,0.58615,14
2026-03-20T17:24:00,0.5861,0.58615,0.5861,0.5861,18
2026-03-20T17:25:00,0.586,0.5861,0.586,0.5861,8
2026-03-20T17:26:00,0.586,0.5861,0.586,0.5861,8
2026-03-20T17:27:00,0.58605,0.58615,0.58605,0.58615,16
2026-03-20T17:28:00,0.5862,0.5862,0.58605,0.5861,14
2026-03-20T17:29:00,0.58605,0.5861,0.58605,0.5861,17
2026-03-20T17:30:00,0.58605,0.5862,0.58605,0.5862,22
2026-03-20T17:31:00,0.5862,0.5862,0.58595,0.58595,22
2026-03-20T17:32:00,0.5859,0.5859,0.5858,0.5858,21
2026-03-20T17:33:00,0.5858,0.58585,0.5857,0.58575,11
2026-03-20T17:34:00,0.58575,0.58575,0.58565,0.5857,29
2026-03-20T17:35:00,0.5857,0.58585,0.58555,0.58555,18
2026-03-20T17:36:00,0.5855,0.5855,0.58525,0.58525,38
2026-03-20T17:37:00,0.58525,0.5854,0.5852,0.58535,124
2026-03-20T17:38:00,0.58535,0.5854,0.58535,0.5854,5
2026-03-20T17:39:00,0.58555,0.58565,0.58555,0.58565,13
2026-03-20T17:40:00,0.5855,0.5857,0.58545,0.58565,41
2026-03-20T17:41:00,0.5856,0.58565,0.5856,0.58565,19
2026-03-20T17:42:00,0.58555,0.58555,0.58555,0.58555,5
2026-03-20T17:43:00,0.5855,0.5855,0.58545,0.5855,31
2026-03-20T17:44:00,0.5855,0.5855,0.5854,0.5855,94
2026-03-20T17:45:00,0.5854,0.58545,0.58535,0.58535,68
2026-03-20T17:46:00,0.58535,0.58545,0.5853,0.58545,17
2026-03-20T17:47:00,0.58545,0.5855,0.5854,0.5854,10
2026-03-20T17:48:00,0.5854,0.58545,0.58535,0.58545,17
2026-03-20T17:49:00,0.58545,0.5855,0.5854,0.58545,25
2026-03-20T17:50:00,0.5854,0.5855,0.5854,0.58545,10
2026-03-20T17:51:00,0.5855,0.58555,0.58545,0.5855,36
2026-03-20T17:52:00,0.58545,0.5855,0.58545,0.58545,7
2026-03-20T17:53:00,0.58545,0.5856,0.58545,0.5856,10
2026-03-20T17:54:00,0.58555,0.58555,0.5855,0.5855,14
2026-03-20T17:55:00,0.5855,0.58555,0.5854,0.5854,6
2026-03-20T17:56:00,0.58545,0.5855,0.5854,0.5855,20
2026-03-20T17:57:00,0.5855,0.58555,0.5855,0.58555,13
2026-03-20T17:58:00,0.58555,0.58555,0.5854,0.5854,15
2026-03-20T17:59:00,0.5854,0.58545,0.58535,0.5854,22
2026-03-20T18:00:00,0.58545,0.58565,0.58545,0.58565,34
2026-03-20T18:01:00,0.58555,0.58555,0.58555,0.58555,28
2026-03-20T18:02:00,0.5856,0.5856,0.58555,0.5856,3
2026-03-20T18:03:00,0.5856,0.5856,0.5855,0.58555,14
2026-03-20T18:06:00,0.5856,0.5856,0.58555,0.58555,11
2026-03-20T18:07:00,0.58555,0.58555,0.5855,0.58555,8
2026-03-20T18:08:00,0.5856,0.5857,0.58555,0.58555,101
2026-03-20T18:09:00,0.58555,0.58555,0.5855,0.5855,19
2026-03-20T18:10:00,0.5855,0.5855,0.5853,0.5853,32
2026-03-20T18:11:00,0.5854,0.58545,0.5854,0.58545,11
2026-03-20T18:12:00,0.58545,0.58555,0.58545,0.58555,16
2026-03-20T18:13:00,0.58555,0.58555,0.58555,0.58555,7
2026-03-20T18:14:00,0.5855,0.5855,0.58545,0.58545,6
2026-03-20T18:15:00,0.58545,0.58545,0.58535,0.5854,12
2026-03-20T18:16:00,0.58535,0.5854,0.58535,0.5854,30
2026-03-20T18:17:00,0.58545,0.58555,0.5854,0.5854,19
2026-03-20T18:18:00,0.5854,0.5854,0.5854,0.5854,7
2026-03-20T18:19:00,0.58545,0.58555,0.58545,0.58555,7
2026-03-20T18:20:00,0.5856,0.58565,0.5854,0.5854,50
2026-03-20T18:21:00,0.58545,0.58555,0.5854,0.5854,54
2026-03-20T18:22:00,0.5854,0.5854,0.5847,0.58475,152
2026-03-20T18:23:00,0.5847,0.58495,0.58455,0.58495,101
2026-03-20T18:24:00,0.585,0.585,0.5849,0.5849,49
2026-03-20T18:25:00,0.58495,0.58535,0.58495,0.58535,56
2026-03-20T18:26:00,0.5853,0.58545,0.5853,0.58545,42
2026-03-20T18:27:00,0.58545,0.5855,0.58535,0.5855,14
2026-03-20T18:28:00,0.5856,0.5856,0.5854,0.5854,39
2026-03-20T18:29:00,0.58545,0.58545,0.5853,0.5854,17
2026-03-20T18:30:00,0.5854,0.58555,0.5854,0.5855,19
2026-03-20T18:31:00,0.5855,0.58555,0.5854,0.5854,15
2026-03-20T18:32:00,0.5853,0.58535,0.5853,0.58535,46
2026-03-20T18:33:00,0.58545,0.58545,0.5854,0.5854,4
2026-03-20T18:34:00,0.58535,0.58535,0.5853,0.5853,6
2026-03-20T18:35:00,0.58525,0.58525,0.58525,0.58525,2
2026-03-20T18:36:00,0.5853,0.5853,0.58515,0.58515,21
2026-03-20T18:37:00,0.58515,0.58515,0.58515,0.58515,2
2026-03-20T18:38:00,0.5852,0.5852,0.5852,0.5852,16
2026-03-20T18:39:00,0.5853,0.5855,0.5853,0.5853,22
2026-03-20T18:40:00,0.58525,0.5853,0.5852,0.5853,25
2026-03-20T18:41:00,0.58535,0.58535,0.58515,0.58515,37
2026-03-20T18:42:00,0.58515,0.58515,0.5848,0.5848,33
2026-03-20T18:43:00,0.5848,0.5849,0.5848,0.58485,27
2026-03-20T18:44:00,0.58495,0.58495,0.58475,0.58475,36
2026-03-20T18:45:00,0.58475,0.58485,0.58475,0.58475,29
2026-03-20T18:46:00,0.5848,0.5849,0.58475,0.58485,50
2026-03-20T18:47:00,0.5848,0.5848,0.58475,0.58475,54
2026-03-20T18:48:00,0.58475,0.5848,0.58455,0.58455,40
2026-03-20T18:49:00,0.58455,0.5847,0.58455,0.58465,38
2026-03-20T18:50:00,0.58465,0.5847,0.5846,0.58465,30
2026-03-20T18:51:00,0.58465,0.5848,0.58465,0.58475,41
2026-03-20T18:52:00,0.5847,0.5847,0.5846,0.5846,51
2026-03-20T18:53:00,0.58465,0.5847,0.5846,0.5846,17
2026-03-20T18:54:00,0.58455,0.58455,0.5844,0.5844,134
2026-03-20T18:55:00,0.5844,0.58445,0.5841,0.5842,153
2026-03-20T18:56:00,0.5842,0.5842,0.58405,0.58405,63
2026-03-20T18:57:00,0.584,0.584,0.58395,0.584,89
2026-03-20T18:58:00,0.584,0.58405,0.58395,0.58395,159
2026-03-20T18:59:00,0.584,0.5841,0.58395,0.58405,271
2026-03-20T19:00:00,0.58405,0.58425,0.58405,0.58425,440
2026-03-20T19:01:00,0.58425,0.5844,0.58425,0.58435,220
2026-03-20T19:02:00,0.58435,0.58435,0.5843,0.5843,39
2026-03-20T19:03:00,0.5843,0.5843,0.58425,0.58425,8
2026-03-20T19:04:00,0.58425,0.5843,0.58415,0.58415,28
2026-03-20T19:05:00,0.58415,0.58415,0.58405,0.58405,66
2026-03-20T19:06:00,0.584,0.584,0.5838,0.5839,64
2026-03-20T19:07:00,0.5839,0.58405,0.5839,0.584,45
2026-03-20T19:08:00,0.5841,0.58415,0.58405,0.58405,31
2026-03-20T19:09:00,0.58405,0.5841,0.58405,0.5841,16
2026-03-20T19:10:00,0.58405,0.58405,0.58395,0.58395,26
2026-03-20T19:11:00,0.584,0.584,0.58385,0.5839,19
2026-03-20T19:12:00,0.58395,0.58395,0.5839,0.58395,32
2026-03-20T19:13:00,0.58395,0.58395,0.58395,0.58395,8
2026-03-20T19:14:00,0.58395,0.58405,0.58395,0.58405,14
2026-03-20T19:15:00,0.58395,0.58415,0.58395,0.58415,34
2026-03-20T19:16:00,0.5841,0.5841,0.58405,0.58405,34
2026-03-20T19:17:00,0.58395,0.58415,0.5839,0.5841,18
2026-03-20T19:18:00,0.58405,0.58405,0.58405,0.58405,20
2026-03-20T19:19:00,0.584,0.58405,0.584,0.58405,11
2026-03-20T19:20:00,0.58395,0.58395,0.5839,0.5839,22
2026-03-20T19:21:00,0.584,0.584,0.58385,0.58385,6
2026-03-20T19:22:00,0.58395,0.58395,0.5839,0.5839,11
2026-03-20T19:23:00,0.58395,0.58395,0.5839,0.5839,15
2026-03-20T19:24:00,0.5839,0.5839,0.5837,0.5837,21
2026-03-20T19:25:00,0.5837,0.58375,0.5837,0.58375,16
2026-03-20T19:26:00,0.58375,0.5838,0.58375,0.5838,14
2026-03-20T19:27:00,0.58375,0.5838,0.5837,0.58375,86
2026-03-20T19:28:00,0.5838,0.58395,0.5838,0.58395,11
2026-03-20T19:29:00,0.5839,0.5839,0.5839,0.5839,2
2026-03-20T19:30:00,0.58395,0.58395,0.58395,0.58395,7
2026-03-20T19:31:00,0.584,0.584,0.58395,0.584,47
2026-03-20T19:32:00,0.58395,0.584,0.58395,0.58395,59
2026-03-20T19:33:00,0.584,0.584,0.58395,0.584,5
2026-03-20T19:34:00,0.58395,0.58395,0.5839,0.5839,43
2026-03-20T19:35:00,0.5839,0.58395,0.5837,0.5837,24
2026-03-20T19:36:00,0.58365,0.5837,0.5836,0.58365,31
2026-03-20T19:37:00,0.58365,0.5837,0.58355,0.5836,88
2026-03-20T19:38:00,0.58355,0.58365,0.58355,0.58365,41
2026-03-20T19:39:00,0.5837,0.5837,0.58365,0.5837,22
2026-03-20T19:40:00,0.58375,0.58385,0.58375,0.58385,5
2026-03-20T19:41:00,0.5839,0.58395,0.58385,0.58395,7
2026-03-20T19:43:00,0.58405,0.58405,0.584,0.58405,15
2026-03-20T19:44:00,0.58405,0.58445,0.58405,0.58445,88
2026-03-20T19:45:00,0.5844,0.5844,0.5842,0.5842,118
2026-03-20T19:46:00,0.58425,0.58435,0.58415,0.58415,25
2026-03-20T19:47:00,0.5841,0.58425,0.5841,0.58425,24
2026-03-20T19:48:00,0.58425,0.58425,0.5841,0.5841,26
2026-03-20T19:49:00,0.5841,0.58415,0.584,0.584,17
2026-03-20T19:50:00,0.584,0.58415,0.584,0.58415,56
2026-03-20T19:51:00,0.5842,0.58425,0.5842,0.58425,18
2026-03-20T19:52:00,0.58425,0.58435,0.58425,0.58435,48
2026-03-20T19:53:00,0.58435,0.5845,0.58435,0.58445,9
2026-03-20T19:54:00,0.5844,0.58455,0.58435,0.58455,27
2026-03-20T19:55:00,0.5846,0.5847,0.58455,0.58455,46
2026-03-20T19:56:00,0.58455,0.58455,0.5844,0.5844,24
2026-03-20T19:57:00,0.5844,0.5845,0.5844,0.5844,56
2026-03-20T19:58:00,0.5844,0.5844,0.5844,0.5844,5
2026-03-20T19:59:00,0.5844,0.5844,0.5843,0.5844,99
2026-03-20T20:00:00,0.5844,0.58445,0.5844,0.58445,12
2026-03-20T20:01:00,0.5845,0.58455,0.5845,0.58455,20
2026-03-20T20:02:00,0.58455,0.5846,0.5845,0.5846,36
2026-03-20T20:03:00,0.58455,0.5846,0.5845,0.5846,25
2026-03-20T20:04:00,0.5846,0.58465,0.58455,0.58465,56
2026-03-20T20:05:00,0.5846,0.5846,0.5845,0.58455,23
2026-03-20T20:06:00,0.58455,0.58455,0.5845,0.5845,5
2026-03-20T20:08:00,0.58445,0.58445,0.58435,0.58435,15
2026-03-20T20:09:00,0.5844,0.58445,0.5844,0.58445,4
2026-03-20T20:10:00,0.58445,0.5845,0.58445,0.5845,21
2026-03-20T20:11:00,0.58445,0.58445,0.5844,0.5844,8
2026-03-20T20:12:00,0.58445,0.58445,0.58445,0.58445,8
2026-03-20T20:13:00,0.58445,0.58445,0.58445,0.58445,3
2026-03-20T20:14:00,0.5845,0.5845,0.5845,0.5845,2
2026-03-20T20:15:00,0.5844,0.5845,0.5844,0.5845,8
2026-03-20T20:16:00,0.5844,0.58445,0.58435,0.58445,28
2026-03-20T20:17:00,0.5845,0.5845,0.5844,0.58445,7
2026-03-20T20:18:00,0.5844,0.58445,0.5844,0.58445,4
2026-03-20T20:19:00,0.58445,0.5845,0.58445,0.5845,26
2026-03-20T20:20:00,0.58455,0.58455,0.58445,0.58445,20
2026-03-20T20:21:00,0.58445,0.5845,0.5844,0.58445,16
2026-03-20T20:22:00,0.58445,0.58445,0.58445,0.58445,1
2026-03-20T20:24:00,0.5844,0.5844,0.58435,0.58435,2
2026-03-20T20:25:00,0.5844,0.5844,0.5844,0.5844,31
2026-03-20T20:26:00,0.5844,0.5844,0.5844,0.5844,4
2026-03-20T20:27:00,0.58435,0.58435,0.58435,0.58435,7
2026-03-20T20:28:00,0.58435,0.58435,0.58435,0.58435,3
2026-03-20T20:29:00,0.5844,0.5844,0.5844,0.5844,20
2026-03-20T20:30:00,0.58435,0.5846,0.58435,0.5846,239
2026-03-20T20:31:00,0.5846,0.58465,0.5846,0.58465,42
2026-03-20T20:32:00,0.5847,0.5847,0.58465,0.5847,40
2026-03-20T20:33:00,0.5847,0.5847,0.5847,0.5847,6
2026-03-20T20:34:00,0.58465,0.58465,0.58465,0.58465,4
2026-03-20T20:35:00,0.58465,0.58465,0.58465,0.58465,16
2026-03-20T20:36:00,0.58465,0.58465,0.58465,0.58465,7
2026-03-20T20:37:00,0.5846,0.5846,0.5846,0.5846,17
2026-03-20T20:38:00,0.58465,0.58465,0.58465,0.58465,3
2026-03-20T20:39:00,0.58465,0.58465,0.5846,0.5846,9
2026-03-20T20:40:00,0.5846,0.58465,0.5846,0.58465,11
2026-03-20T20:41:00,0.5846,0.5846,0.5846,0.5846,3
2026-03-20T20:43:00,0.5845,0.5845,0.5845,0.5845,1
2026-03-20T20:44:00,0.58455,0.58455,0.58455,0.58455,5
2026-03-20T20:45:00,0.5846,0.58465,0.5846,0.58465,5
2026-03-20T20:46:00,0.5847,0.5847,0.5847,0.5847,3
2026-03-20T20:47:00,0.58475,0.58475,0.58475,0.58475,1
2026-03-20T20:48:00,0.5848,0.5848,0.5848,0.5848,3
2026-03-20T20:49:00,0.5848,0.5848,0.5848,0.5848,1
2026-03-20T20:50:00,0.58475,0.5848,0.58475,0.5848,10
2026-03-20T20:51:00,0.58475,0.58475,0.58475,0.58475,3
2026-03-20T20:52:00,0.58465,0.5848,0.58455,0.58455,154
2026-03-20T20:53:00,0.58455,0.5846,0.58455,0.5846,23
2026-03-20T20:54:00,0.5846,0.58465,0.5846,0.58465,3
2026-03-20T20:55:00,0.58475,0.58475,0.5846,0.58465,37
2026-03-20T20:56:00,0.58465,0.58465,0.58465,0.58465,1
2026-03-20T20:57:00,0.58465,0.58465,0.58465,0.58465,5
2026-03-20T20:58:00,0.58465,0.5847,0.58455,0.58455,3
2026-03-20T20:59:00,0.5847,0.58495,0.5847,0.58495,12
2026-03-22T22:00:00,0.584,0.584,0.58305,0.5834,187
2026-03-22T22:01:00,0.5834,0.58345,0.5831,0.5831,58
2026-03-22T22:02:00,0.5831,0.58375,0.5831,0.58375,120
2026-03-22T22:03:00,0.5837,0.58375,0.5834,0.5834,109
2026-03-22T22:04:00,0.5834,0.58375,0.5834,0.58365,73
2026-03-22T22:05:00,0.58375,0.58385,0.58345,0.58365,82
2026-03-22T22:06:00,0.5836,0.5836,0.5836,0.5836,2
2026-03-22T22:07:00,0.5836,0.58375,0.5836,0.58375,6
2026-03-22T22:08:00,0.5837,0.58375,0.5836,0.58375,31
2026-03-22T22:09:00,0.5838,0.58385,0.5838,0.58385,6
2026-03-22T22:10:00,0.58405,0.58415,0.584,0.584,52
2026-03-22T22:11:00,0.584,0.5842,0.5837,0.58375,109
2026-03-22T22:12:00,0.58365,0.5837,0.5836,0.5836,12
2026-03-22T22:13:00,0.5836,0.58375,0.5836,0.58375,23
2026-03-22T22:14:00,0.58375,0.58375,0.58345,0.58345,53
2026-03-22T22:15:00,0.58345,0.5835,0.58345,0.58345,7
2026-03-22T22:16:00,0.58345,0.58345,0.58335,0.58335,10
2026-03-22T22:17:00,0.5834,0.5836,0.5834,0.58355,15
2026-03-22T22:18:00,0.58355,0.58365,0.5835,0.58365,8
2026-03-22T22:19:00,0.5837,0.5839,0.5837,0.5838,31
2026-03-22T22:20:00,0.5838,0.58385,0.5838,0.58385,6
2026-03-22T22:24:00,0.58425,0.5844,0.58425,0.5843,68
2026-03-22T22:25:00,0.58425,0.5844,0.58425,0.5844,14
2026-03-22T22:26:00,0.5844,0.5844,0.58435,0.58435,4
2026-03-22T22:27:00,0.58455,0.58455,0.58455,0.58455,3
2026-03-22T22:28:00,0.5845,0.5847,0.5845,0.5847,19
2026-03-22T22:29:00,0.5847,0.58485,0.58455,0.58455,163
2026-03-22T22:30:00,0.58455,0.5847,0.58455,0.5847,36
2026-03-22T22:31:00,0.58465,0.5847,0.58465,0.5847,14
2026-03-22T22:32:00,0.5847,0.58475,0.5846,0.5846,29
2026-03-22T22:33:00,0.5846,0.58465,0.58455,0.5846,28
2026-03-22T22:34:00,0.58465,0.5847,0.5846,0.58465,16
2026-03-22T22:35:00,0.5845,0.58455,0.5845,0.5845,14
2026-03-22T22:36:00,0.5844,0.5844,0.58435,0.58435,7
2026-03-22T22:37:00,0.5843,0.58435,0.5843,0.58435,9
2026-03-22T22:38:00,0.58435,0.5845,0.58435,0.5845,40
2026-03-22T22:39:00,0.58445,0.5845,0.58445,0.5845,37
2026-03-22T22:40:00,0.58455,0.5846,0.5845,0.5846,87
2026-03-22T22:41:00,0.5846,0.5846,0.5845,0.5845,5
2026-03-22T22:42:00,0.5845,0.5846,0.5845,0.5846,24
2026-03-22T22:43:00,0.5846,0.5846,0.58445,0.58445,40
2026-03-22T22:44:00,0.5844,0.5844,0.5843,0.5844,15
2026-03-22T22:45:00,0.5845,0.5847,0.5845,0.58465,36
2026-03-22T22:46:00,0.5846,0.5846,0.5846,0.5846,2
2026-03-22T22:47:00,0.5845,0.5845,0.5845,0.5845,4
2026-03-22T22:48:00,0.5845,0.58455,0.5845,0.58455,4
2026-03-22T22:49:00,0.58465,0.58465,0.58465,0.58465,3
2026-03-22T22:50:00,0.5847,0.5847,0.5847,0.5847,14
2026-03-22T22:51:00,0.5847,0.5847,0.5846,0.58465,14
2026-03-22T22:52:00,0.58465,0.58465,0.5846,0.58465,45
2026-03-22T22:53:00,0.58465,0.5847,0.5846,0.5847,13
2026-03-22T22:54:00,0.5847,0.5847,0.5847,0.5847,3
2026-03-22T22:55:00,0.58465,0.5847,0.58465,0.5847,10
2026-03-22T22:56:00,0.5847,0.5847,0.5847,0.5847,14
2026-03-22T22:57:00,0.5847,0.5847,0.5846,0.5846,14
2026-03-22T22:58:00,0.5846,0.5846,0.58455,0.58455,16
2026-03-22T22:59:00,0.58455,0.5846,0.58455,0.5846,22
2026-03-22T23:00:00,0.58465,0.58465,0.58455,0.5846,41
2026-03-22T23:01:00,0.5846,0.58495,0.5846,0.58495,46
2026-03-22T23:02:00,0.5849,0.5849,0.58485,0.5849,11
2026-03-22T23:03:00,0.58485,0.5849,0.58485,0.58485,14
2026-03-22T23:04:00,0.5848,0.5849,0.58475,0.5849,25
2026-03-22T23:05:00,0.5849,0.5849,0.5849,0.5849,11
2026-03-22T23:06:00,0.58495,0.58495,0.5848,0.58485,14
2026-03-22T23:07:00,0.5848,0.58495,0.5848,0.58495,18
2026-03-22T23:08:00,0.5849,0.5849,0.58485,0.58485,11
2026-03-22T23:09:00,0.58485,0.5849,0.58485,0.5849,31
2026-03-22T23:10:00,0.58495,0.58505,0.58495,0.585,12
2026-03-22T23:11:00,0.5849,0.5849,0.5849,0.5849,9
2026-03-22T23:12:00,0.5849,0.58495,0.58485,0.58495,25
2026-03-22T23:14:00,0.58495,0.58495,0.58495,0.58495,2
2026-03-22T23:15:00,0.5849,0.58495,0.5849,0.58495,4
2026-03-22T23:16:00,0.5849,0.58495,0.58485,0.58485,38
2026-03-22T23:17:00,0.58485,0.585,0.58485,0.585,29
2026-03-22T23:18:00,0.585,0.585,0.58495,0.58495,9
2026-03-22T23:19:00,0.585,0.58505,0.5849,0.5849,20
2026-03-22T23:20:00,0.5848,0.5849,0.5848,0.5849,13
2026-03-22T23:21:00,0.5849,0.5849,0.58485,0.58485,8
2026-03-22T23:22:00,0.58495,0.58495,0.5849,0.5849,11
2026-03-22T23:23:00,0.5849,0.5849,0.5849,0.5849,2
2026-03-22T23:24:00,0.58495,0.585,0.58495,0.585,14
2026-03-22T23:25:00,0.585,0.585,0.585,0.585,2
2026-03-22T23:26:00,0.5848,0.5848,0.5848,0.5848,4
2026-03-22T23:27:00,0.58485,0.58485,0.58485,0.58485,10
2026-03-22T23:28:00,0.5849,0.5849,0.58485,0.58485,28
2026-03-22T23:29:00,0.5848,0.58485,0.5848,0.58485,3
2026-03-22T23:30:00,0.585,0.585,0.58495,0.585,8
2026-03-22T23:31:00,0.58505,0.58505,0.58495,0.58495,20
2026-03-22T23:32:00,0.5849,0.58495,0.5849,0.58495,16
2026-03-22T23:33:00,0.58495,0.58495,0.5848,0.5848,8
2026-03-22T23:34:00,0.58485,0.5849,0.58485,0.5849,13
2026-03-22T23:35:00,0.5849,0.5849,0.5848,0.5848,51
2026-03-22T23:36:00,0.5848,0.5848,0.58475,0.5848,6
2026-03-22T23:37:00,0.58485,0.58485,0.5848,0.5848,5
2026-03-22T23:39:00,0.5848,0.5848,0.5848,0.5848,1
2026-03-22T23:40:00,0.5848,0.5848,0.5847,0.5847,14
2026-03-22T23:41:00,0.58475,0.58475,0.5847,0.5847,42
2026-03-22T23:42:00,0.5848,0.5848,0.5848,0.5848,5
2026-03-22T23:43:00,0.58495,0.58495,0.5849,0.5849,2
2026-03-22T23:44:00,0.585,0.58505,0.585,0.58505,11
2026-03-22T23:45:00,0.58505,0.58505,0.585,0.585,15
2026-03-22T23:46:00,0.5851,0.5852,0.58505,0.58515,19
2026-03-22T23:47:00,0.5851,0.5851,0.5851,0.5851,4
2026-03-22T23:48:00,0.5851,0.5851,0.58505,0.5851,18
2026-03-22T23:49:00,0.5851,0.5851,0.58495,0.58495,17
2026-03-22T23:50:00,0.58495,0.58505,0.5849,0.585,30
2026-03-22T23:51:00,0.58505,0.58505,0.585,0.585,6
2026-03-22T23:52:00,0.58505,0.58505,0.585,0.585,4
2026-03-22T23:53:00,0.58495,0.58495,0.58485,0.58485,15
2026-03-22T23:54:00,0.58475,0.58475,0.58475,0.58475,11
2026-03-22T23:55:00,0.58475,0.5848,0.58475,0.58475,19
2026-03-22T23:56:00,0.58475,0.58475,0.58475,0.58475,5
2026-03-22T23:57:00,0.5848,0.58485,0.5847,0.58475,25
2026-03-22T23:58:00,0.5848,0.5848,0.5847,0.5847,8
2026-03-22T23:59:00,0.5848,0.585,0.5848,0.585,29
2026-03-23T00:00:00,0.585,0.5851,0.58495,0.58495,14
2026-03-23T00:01:00,0.585,0.58505,0.5849,0.5849,9
2026-03-23T00:02:00,0.5849,0.58505,0.5848,0.58495,37
2026-03-23T00:03:00,0.58495,0.58495,0.58485,0.58485,7
2026-03-23T00:04:00,0.5848,0.585,0.5848,0.585,23
2026-03-23T00:05:00,0.58495,0.58495,0.58455,0.58455,15
2026-03-23T00:06:00,0.5846,0.585,0.5846,0.585,26
2026-03-23T00:07:00,0.58495,0.5852,0.58495,0.5852,18
2026-03-23T00:08:00,0.5852,0.58545,0.58515,0.5854,24
2026-03-23T00:09:00,0.5853,0.58535,0.5852,0.5852,17
2026-03-23T00:10:00,0.5852,0.5853,0.5852,0.5853,7
2026-03-23T00:11:00,0.58535,0.5855,0.58535,0.5855,9
2026-03-23T00:12:00,0.58545,0.58555,0.58545,0.58555,14
2026-03-23T00:13:00,0.5855,0.5855,0.58545,0.5855,9
2026-03-23T00:14:00,0.5854,0.5854,0.58535,0.58535,8
2026-03-23T00:15:00,0.5853,0.5853,0.585,0.585,12
2026-03-23T00:16:00,0.585,0.58515,0.585,0.5851,15
2026-03-23T00:17:00,0.58505,0.5851,0.58505,0.5851,3
2026-03-23T00:18:00,0.58495,0.58505,0.58495,0.58505,3
2026-03-23T00:19:00,0.5851,0.5851,0.58505,0.58505,6
2026-03-23T00:20:00,0.585,0.58515,0.585,0.58515,13
2026-03-23T00:21:00,0.5852,0.5853,0.5852,0.5853,9
2026-03-23T00:22:00,0.5853,0.5853,0.5852,0.5852,11
2026-03-23T00:23:00,0.58525,0.58525,0.5852,0.5852,10
2026-03-23T00:24:00,0.5852,0.5852,0.5852,0.5852,3
2026-03-23T00:25:00,0.58505,0.5851,0.58505,0.58505,14
2026-03-23T00:26:00,0.58505,0.58515,0.585,0.5851,10
2026-03-23T00:27:00,0.58505,0.58505,0.5849,0.5849,3
2026-03-23T00:28:00,0.5849,0.5849,0.5849,0.5849,20
2026-03-23T00:29:00,0.5849,0.5849,0.58485,0.58485,18
2026-03-23T00:30:00,0.58495,0.58505,0.58495,0.58505,16
2026-03-23T00:31:00,0.58495,0.585,0.58495,0.58495,8
2026-03-23T00:32:00,0.58485,0.5849,0.58465,0.58465,115
2026-03-23T00:33:00,0.5847,0.58475,0.58465,0.5847,27
2026-03-23T00:34:00,0.58465,0.58465,0.5845,0.5845,20
2026-03-23T00:35:00,0.58445,0.58445,0.5843,0.5843,54
2026-03-23T00:36:00,0.5842,0.5842,0.584,0.584,58
2026-03-23T00:37:00,0.58405,0.58415,0.584,0.584,72
2026-03-23T00:38:00,0.584,0.58405,0.5839,0.5839,39
2026-03-23T00:39:00,0.58395,0.5841,0.5839,0.58395,40
2026-03-23T00:40:00,0.58395,0.58395,0.5838,0.5838,39
2026-03-23T00:41:00,0.5838,0.58395,0.5838,0.5839,53
2026-03-23T00:42:00,0.58385,0.58385,0.58365,0.5837,34
2026-03-23T00:43:00,0.5838,0.58385,0.58375,0.58375,65
2026-03-23T00:44:00,0.5839,0.5841,0.5838,0.58385,52
2026-03-23T00:45:00,0.5839,0.5839,0.58375,0.5839,35
2026-03-23T00:46:00,0.5839,0.58395,0.5839,0.58395,6
2026-03-23T00:47:00,0.5839,0.58405,0.5839,0.58405,5
2026-03-23T00:48:00,0.58415,0.5842,0.58405,0.58405,13
2026-03-23T00:49:00,0.58405,0.5841,0.58405,0.5841,8
2026-03-23T00:50:00,0.58405,0.58415,0.58405,0.5841,30
2026-03-23T00:51:00,0.5841,0.58425,0.58395,0.584,47
2026-03-23T00:52:00,0.58395,0.584,0.5838,0.5838,32
2026-03-23T00:53:00,0.58385,0.58385,0.58355,0.5836,227
2026-03-23T00:54:00,0.5837,0.5837,0.58355,0.58355,86
2026-03-23T00:55:00,0.5836,0.58395,0.5836,0.58385,53
2026-03-23T00:56:00,0.5839,0.58395,0.58385,0.5839,19
2026-03-23T00:57:00,0.58385,0.5839,0.5838,0.5839,32
2026-03-23T00:58:00,0.584,0.5842,0.58395,0.58415,35
2026-03-23T00:59:00,0.58415,0.58415,0.5841,0.5841,19
2026-03-23T01:00:00,0.58405,0.58415,0.58405,0.5841,57
2026-03-23T01:01:00,0.5841,0.58435,0.58405,0.58435,51
2026-03-23T01:02:00,0.5843,0.58445,0.5843,0.5843,53
2026-03-23T01:03:00,0.58435,0.5844,0.58435,0.5844,36
2026-03-23T01:04:00,0.5844,0.5846,0.5844,0.58455,33
2026-03-23T01:05:00,0.58445,0.5845,0.58435,0.5845,15
2026-03-23T01:06:00,0.58455,0.58465,0.5845,0.58465,10
2026-03-23T01:07:00,0.5847,0.58485,0.5847,0.58485,19
2026-03-23T01:08:00,0.5849,0.58505,0.5849,0.585,30
2026-03-23T01:09:00,0.5849,0.5849,0.5847,0.5847,21
2026-03-23T01:10:00,0.5847,0.58475,0.5847,0.58475,8
2026-03-23T01:11:00,0.58475,0.58485,0.58475,0.58485,7
2026-03-23T01:12:00,0.5848,0.5848,0.58475,0.58475,9
2026-03-23T01:13:00,0.58485,0.58485,0.58485,0.58485,3
2026-03-23T01:14:00,0.58485,0.58485,0.58475,0.5848,11
2026-03-23T01:15:00,0.58485,0.5849,0.5848,0.5849,20
2026-03-23T01:16:00,0.58485,0.58485,0.58485,0.58485,2
2026-03-23T01:17:00,0.5848,0.5848,0.58465,0.5847,62
2026-03-23T01:18:00,0.58465,0.58465,0.5846,0.58465,27
2026-03-23T01:19:00,0.5847,0.58475,0.5847,0.58475,27
2026-03-23T01:20:00,0.58475,0.58475,0.5846,0.58465,63
2026-03-23T01:21:00,0.58465,0.58465,0.58455,0.58455,34
2026-03-23T01:22:00,0.5845,0.5846,0.5845,0.5845,58
2026-03-23T01:23:00,0.5845,0.58455,0.5844,0.58445,112
2026-03-23T01:24:00,0.5844,0.58445,0.58425,0.5843,11
2026-03-23T01:25:00,0.58425,0.58425,0.58405,0.5841,86
2026-03-23T01:26:00,0.58415,0.58425,0.5841,0.58425,86
2026-03-23T01:27:00,0.5842,0.5842,0.5841,0.5841,14
2026-03-23T01:28:00,0.58405,0.5841,0.584,0.584,23
2026-03-23T01:29:00,0.58405,0.58405,0.5839,0.5839,48
2026-03-23T01:30:00,0.5839,0.58415,0.58335,0.58405,645
2026-03-23T01:31:00,0.584,0.58435,0.584,0.5843,46
2026-03-23T01:32:00,0.58435,0.5844,0.5843,0.58435,7
2026-03-23T01:33:00,0.58435,0.58435,0.5842,0.5843,17
2026-03-23T01:34:00,0.5843,0.5843,0.58405,0.58415,25
2026-03-23T01:35:00,0.5842,0.5842,0.5841,0.5841,5
2026-03-23T01:36:00,0.58405,0.58405,0.58395,0.584,17
2026-03-23T01:37:00,0.58415,0.5843,0.58415,0.5843,23
2026-03-23T01:38:00,0.5843,0.5844,0.58425,0.58425,16
2026-03-23T01:39:00,0.5842,0.5843,0.5842,0.58425,5
2026-03-23T01:40:00,0.5844,0.5844,0.58415,0.58415,8
2026-03-23T01:41:00,0.58415,0.58415,0.58405,0.58405,5
2026-03-23T01:42:00,0.5841,0.5841,0.5841,0.5841,2
2026-03-23T01:43:00,0.5841,0.58415,0.58405,0.58405,7
2026-03-23T01:44:00,0.58415,0.58425,0.58415,0.58425,6
2026-03-23T01:45:00,0.5843,0.5843,0.5842,0.5842,2
2026-03-23T01:46:00,0.5841,0.5841,0.5841,0.5841,8
2026-03-23T01:47:00,0.58415,0.5842,0.58405,0.58405,9
2026-03-23T01:48:00,0.5841,0.5841,0.584,0.58405,11
2026-03-23T01:49:00,0.58405,0.58405,0.58405,0.58405,1
2026-03-23T01:50:00,0.5841,0.5841,0.5841,0.5841,1
2026-03-23T01:51:00,0.58415,0.58415,0.58405,0.58405,7
2026-03-23T01:52:00,0.58415,0.58415,0.58405,0.58405,2
2026-03-23T01:53:00,0.58385,0.58395,0.58385,0.58395,4
2026-03-23T01:54:00,0.5839,0.5839,0.5839,0.5839,1
2026-03-23T01:55:00,0.58405,0.58405,0.584,0.584,8
2026-03-23T01:56:00,0.58395,0.58395,0.58395,0.58395,4
2026-03-23T01:57:00,0.5839,0.58395,0.58375,0.58385,22
2026-03-23T01:58:00,0.5839,0.584,0.5839,0.584,4
2026-03-23T01:59:00,0.58395,0.58395,0.58395,0.58395,3
2026-03-23T02:00:00,0.5839,0.58395,0.5839,0.58395,8
2026-03-23T02:01:00,0.58405,0.5842,0.58405,0.5842,15
2026-03-23T02:02:00,0.58415,0.58425,0.58415,0.58425,6
2026-03-23T02:03:00,0.58415,0.5842,0.58415,0.5842,8
2026-03-23T02:04:00,0.58415,0.5842,0.58415,0.5842,7
2026-03-23T02:05:00,0.58415,0.5842,0.58405,0.58405,7
2026-03-23T02:06:00,0.5842,0.5842,0.5842,0.5842,6
2026-03-23T02:07:00,0.5842,0.58425,0.5842,0.58425,14
2026-03-23T02:08:00,0.58425,0.58425,0.58405,0.5841,18
2026-03-23T02:09:00,0.5841,0.5841,0.584,0.584,7
2026-03-23T02:10:00,0.58405,0.58405,0.58395,0.58395,6
2026-03-23T02:11:00,0.58405,0.58405,0.58395,0.58395,9
2026-03-23T02:12:00,0.584,0.584,0.58395,0.58395,6
2026-03-23T02:13:00,0.5838,0.58385,0.58365,0.58365,7
2026-03-23T02:14:00,0.5836,0.5837,0.5836,0.5837,5
2026-03-23T02:16:00,0.58375,0.584,0.5837,0.584,18
2026-03-23T02:17:00,0.58395,0.584,0.58385,0.5839,35
2026-03-23T02:18:00,0.5838,0.5839,0.5838,0.5838,13
2026-03-23T02:19:00,0.5839,0.5839,0.5838,0.5838,4
2026-03-23T02:20:00,0.58395,0.58395,0.58395,0.58395,3
2026-03-23T02:21:00,0.58395,0.584,0.5839,0.584,8
2026-03-23T02:22:00,0.5839,0.5839,0.5838,0.5838,9
2026-03-23T02:23:00,0.5838,0.5838,0.58375,0.58375,9
2026-03-23T02:24:00,0.5837,0.5837,0.5837,0.5837,1
2026-03-23T02:26:00,0.5838,0.58385,0.5838,0.58385,3
2026-03-23T02:27:00,0.58385,0.58385,0.58385,0.58385,1
2026-03-23T02:28:00,0.58365,0.58365,0.58365,0.58365,1
2026-03-23T02:29:00,0.58365,0.58365,0.5836,0.58365,12
2026-03-23T02:30:00,0.58365,0.58365,0.5836,0.5836,3
2026-03-23T02:31:00,0.58355,0.58355,0.5833,0.5833,52
2026-03-23T02:32:00,0.5833,0.5833,0.5833,0.5833,3
2026-03-23T02:33:00,0.5833,0.5833,0.58315,0.58315,13
2026-03-23T02:34:00,0.58315,0.5832,0.58315,0.5832,4
2026-03-23T02:35:00,0.58315,0.5832,0.58315,0.58315,7
2026-03-23T02:36:00,0.5832,0.5833,0.5832,0.5833,26
2026-03-23T02:37:00,0.5831,0.58315,0.58305,0.58305,16
2026-03-23T02:38:00,0.583,0.583,0.58295,0.583,12
2026-03-23T02:39:00,0.58305,0.58305,0.583,0.58305,4
2026-03-23T02:40:00,0.58305,0.58315,0.58305,0.58315,19
2026-03-23T02:41:00,0.5831,0.58315,0.58305,0.58315,26
2026-03-23T02:42:00,0.5832,0.58325,0.5832,0.58325,18
2026-03-23T02:43:00,0.5834,0.5834,0.58335,0.58335,11
2026-03-23T02:45:00,0.5833,0.5833,0.5833,0.5833,1
2026-03-23T02:46:00,0.58325,0.58325,0.5831,0.5831,7
2026-03-23T02:47:00,0.58315,0.58315,0.583,0.583,10
2026-03-23T02:48:00,0.58305,0.58305,0.58305,0.58305,1
2026-03-23T02:49:00,0.583,0.583,0.58295,0.58295,35
2026-03-23T02:50:00,0.58295,0.58305,0.58295,0.58305,9
2026-03-23T02:51:00,0.58305,0.58305,0.58295,0.58295,4
2026-03-23T02:52:00,0.58295,0.58295,0.58285,0.5829,28
2026-03-23T02:53:00,0.5827,0.58275,0.5827,0.58275,8
2026-03-23T02:54:00,0.58275,0.5829,0.58275,0.5829,7
2026-03-23T02:56:00,0.58305,0.58305,0.58305,0.58305,2
2026-03-23T02:57:00,0.58305,0.58305,0.58295,0.583,12
2026-03-23T02:58:00,0.58305,0.58305,0.583,0.58305,6
2026-03-23T02:59:00,0.58305,0.58305,0.58305,0.58305,2
2026-03-23T03:00:00,0.5831,0.5832,0.5831,0.58315,13
2026-03-23T03:01:00,0.58305,0.5833,0.58305,0.5833,8
2026-03-23T03:02:00,0.5833,0.58335,0.5833,0.58335,3
2026-03-23T03:03:00,0.5833,0.5833,0.5833,0.5833,4
2026-03-23T03:04:00,0.5833,0.5833,0.5833,0.5833,1
2026-03-23T03:05:00,0.5832,0.5832,0.58315,0.58315,9
2026-03-23T03:06:00,0.5832,0.5832,0.5831,0.5831,7
2026-03-23T03:08:00,0.58315,0.58315,0.58315,0.58315,3
2026-03-23T03:09:00,0.583,0.58305,0.583,0.583,6
2026-03-23T03:10:00,0.58295,0.58295,0.58285,0.58285,11
2026-03-23T03:11:00,0.5829,0.5829,0.58285,0.58285,5
2026-03-23T03:13:00,0.5828,0.58285,0.58275,0.58285,3
2026-03-23T03:15:00,0.58285,0.58285,0.5828,0.58285,4
2026-03-23T03:16:00,0.5829,0.5829,0.58285,0.58285,3
2026-03-23T03:17:00,0.583,0.58305,0.583,0.58305,3
2026-03-23T03:19:00,0.583,0.583,0.583,0.583,1
2026-03-23T03:20:00,0.58315,0.58315,0.5831,0.5831,8
2026-03-23T03:21:00,0.58315,0.58315,0.58315,0.58315,2
2026-03-23T03:22:00,0.5831,0.5831,0.5831,0.5831,2
2026-03-23T03:23:00,0.583,0.583,0.583,0.583,1
2026-03-23T03:24:00,0.58305,0.58305,0.583,0.583,2
2026-03-23T03:26:00,0.5831,0.58315,0.5831,0.58315,11
2026-03-23T03:27:00,0.58305,0.5831,0.583,0.583,6
2026-03-23T03:29:00,0.58295,0.58295,0.5829,0.5829,10
2026-03-23T03:30:00,0.58295,0.58295,0.58285,0.5829,31
2026-03-23T03:31:00,0.58285,0.58295,0.58285,0.58295,27
2026-03-23T03:32:00,0.58295,0.58295,0.5829,0.5829,4
2026-03-23T03:33:00,0.58285,0.58285,0.5828,0.5828,19
2026-03-23T03:34:00,0.5828,0.58295,0.5828,0.58295,33
2026-03-23T03:35:00,0.5829,0.5829,0.58285,0.58285,8
2026-03-23T03:36:00,0.58285,0.58285,0.5828,0.5828,13
2026-03-23T03:37:00,0.5828,0.5828,0.5828,0.5828,4
2026-03-23T03:38:00,0.5828,0.58285,0.5828,0.58285,11
2026-03-23T03:39:00,0.5829,0.5829,0.58285,0.58285,10
2026-03-23T03:40:00,0.58285,0.58285,0.58275,0.58275,6
2026-03-23T03:41:00,0.58265,0.58275,0.58265,0.5827,10
2026-03-23T03:42:00,0.5827,0.5828,0.58265,0.5828,45
2026-03-23T03:43:00,0.5828,0.58285,0.5828,0.5828,4
2026-03-23T03:44:00,0.5827,0.58275,0.5827,0.58275,9
2026-03-23T03:45:00,0.58285,0.58285,0.58285,0.58285,2
2026-03-23T03:46:00,0.5829,0.58295,0.5829,0.58295,5
2026-03-23T03:47:00,0.5829,0.58295,0.5829,0.58295,7
2026-03-23T03:48:00,0.58295,0.58295,0.5829,0.5829,8
2026-03-23T03:49:00,0.58285,0.5829,0.58285,0.5829,3
2026-03-23T03:50:00,0.5829,0.5829,0.58285,0.58285,11
2026-03-23T03:51:00,0.5829,0.5829,0.5829,0.5829,5
2026-03-23T03:52:00,0.58295,0.583,0.58295,0.583,5
2026-03-23T03:53:00,0.58295,0.58295,0.58285,0.58295,7
2026-03-23T03:54:00,0.5829,0.5829,0.58285,0.5829,20
2026-03-23T03:55:00,0.5829,0.5829,0.58285,0.58285,3
2026-03-23T03:56:00,0.5829,0.5829,0.58285,0.5829,11
2026-03-23T03:57:00,0.58285,0.58285,0.58285,0.58285,2
2026-03-23T03:58:00,0.5828,0.5828,0.5828,0.5828,6
2026-03-23T03:59:00,0.58285,0.58285,0.58285,0.58285,1
2026-03-23T04:00:00,0.58285,0.5831,0.58285,0.5831,4
2026-03-23T04:01:00,0.58315,0.58315,0.58305,0.58305,10
2026-03-23T04:02:00,0.583,0.583,0.58295,0.583,31
2026-03-23T04:04:00,0.58285,0.5829,0.58285,0.5829,3
2026-03-23T04:05:00,0.58285,0.5829,0.58285,0.5829,5
2026-03-23T04:07:00,0.583,0.583,0.583,0.583,2
2026-03-23T04:10:00,0.58295,0.58295,0.58295,0.58295,1
2026-03-23T04:11:00,0.58295,0.58295,0.58295,0.58295,1
2026-03-23T04:13:00,0.5829,0.5829,0.5829,0.5829,1
2026-03-23T04:15:00,0.5829,0.58295,0.5829,0.58295,7
2026-03-23T04:17:00,0.5831,0.5831,0.58305,0.58305,4
2026-03-23T04:18:00,0.58305,0.58305,0.583,0.58305,8
2026-03-23T04:22:00,0.583,0.583,0.583,0.583,4
2026-03-23T04:23:00,0.58295,0.58295,0.5829,0.5829,2
2026-03-23T04:26:00,0.58305,0.58305,0.58305,0.58305,3
2026-03-23T04:27:00,0.583,0.583,0.583,0.583,1
2026-03-23T04:28:00,0.5829,0.5829,0.5829,0.5829,1
2026-03-23T04:30:00,0.58275,0.58275,0.58265,0.5827,9
2026-03-23T04:31:00,0.58275,0.58275,0.58275,0.58275,4
2026-03-23T04:33:00,0.58275,0.58275,0.58275,0.58275,1
2026-03-23T04:34:00,0.5828,0.5828,0.5828,0.5828,2
2026-03-23T04:35:00,0.5828,0.5828,0.58275,0.5828,67
2026-03-23T04:36:00,0.58285,0.58295,0.58285,0.58295,10
2026-03-23T04:37:00,0.583,0.58305,0.58295,0.58295,6
2026-03-23T04:38:00,0.5829,0.5829,0.5829,0.5829,1
2026-03-23T04:40:00,0.5829,0.5829,0.5829,0.5829,3
2026-03-23T04:41:00,0.58285,0.58285,0.58285,0.58285,3
2026-03-23T04:43:00,0.58285,0.58285,0.58285,0.58285,1
2026-03-23T04:44:00,0.5828,0.5828,0.5828,0.5828,1
2026-03-23T04:45:00,0.58285,0.5829,0.5828,0.5829,13
2026-03-23T04:46:00,0.58295,0.583,0.58295,0.583,38
2026-03-23T04:47:00,0.58295,0.58305,0.58295,0.58305,43
2026-03-23T04:48:00,0.583,0.583,0.58295,0.58295,7
2026-03-23T04:49:00,0.58295,0.58295,0.58295,0.58295,9
2026-03-23T04:50:00,0.583,0.583,0.583,0.583,2
2026-03-23T04:51:00,0.58295,0.58295,0.58295,0.58295,3
2026-03-23T04:52:00,0.58285,0.58285,0.5828,0.5828,4
2026-03-23T04:53:00,0.5828,0.5828,0.5828,0.5828,2
2026-03-23T04:55:00,0.58285,0.5829,0.58285,0.5829,7
2026-03-23T04:56:00,0.58285,0.5829,0.58285,0.5829,4
2026-03-23T04:57:00,0.58285,0.58285,0.58285,0.58285,1
2026-03-23T04:58:00,0.58285,0.58295,0.58285,0.58295,7
2026-03-23T04:59:00,0.5829,0.5829,0.58285,0.5829,17
2026-03-23T05:00:00,0.5829,0.5829,0.5829,0.5829,5
2026-03-23T05:01:00,0.583,0.583,0.583,0.583,2
2026-03-23T05:02:00,0.583,0.583,0.583,0.583,2
2026-03-23T05:03:00,0.5829,0.58295,0.5829,0.58295,3
2026-03-23T05:04:00,0.583,0.583,0.58295,0.58295,11
2026-03-23T05:05:00,0.58295,0.583,0.5829,0.583,18
2026-03-23T05:06:00,0.58305,0.58305,0.58295,0.58295,13
2026-03-23T05:07:00,0.583,0.58305,0.58295,0.58305,16
2026-03-23T05:08:00,0.58295,0.58295,0.5828,0.5828,24
2026-03-23T05:09:00,0.5827,0.5827,0.5826,0.58265,25
2026-03-23T05:10:00,0.5826,0.5826,0.58255,0.58255,52
2026-03-23T05:11:00,0.5826,0.5826,0.5826,0.5826,13
2026-03-23T05:12:00,0.58265,0.5827,0.5826,0.5826,27
2026-03-23T05:13:00,0.5826,0.5826,0.5826,0.5826,3
2026-03-23T05:14:00,0.5826,0.58265,0.5826,0.58265,10
2026-03-23T05:15:00,0.58265,0.58265,0.5826,0.5826,15
2026-03-23T05:16:00,0.58265,0.58265,0.58265,0.58265,3
2026-03-23T05:17:00,0.58265,0.58265,0.5826,0.5826,3
2026-03-23T05:18:00,0.58255,0.58255,0.58245,0.58245,35
2026-03-23T05:19:00,0.5824,0.58245,0.5824,0.58245,3
2026-03-23T05:20:00,0.58235,0.58235,0.5823,0.5823,35
2026-03-23T05:21:00,0.58235,0.58235,0.5823,0.5823,4
2026-03-23T05:22:00,0.58235,0.58235,0.58225,0.58225,26
2026-03-23T05:23:00,0.58225,0.5823,0.58225,0.58225,23
2026-03-23T05:24:00,0.58225,0.58225,0.58225,0.58225,1
2026-03-23T05:25:00,0.58225,0.58225,0.58225,0.58225,5
2026-03-23T05:26:00,0.5822,0.5822,0.58215,0.5822,9
2026-03-23T05:27:00,0.58215,0.58215,0.5821,0.58215,8
2026-03-23T05:28:00,0.58215,0.5822,0.58215,0.58215,10
2026-03-23T05:29:00,0.58215,0.58215,0.58215,0.58215,10
2026-03-23T05:30:00,0.58205,0.58205,0.5818,0.5819,58
2026-03-23T05:31:00,0.5819,0.5819,0.58185,0.58185,8
2026-03-23T05:32:00,0.5818,0.5818,0.5817,0.5817,46
2026-03-23T05:33:00,0.58165,0.58165,0.58155,0.5816,33
2026-03-23T05:34:00,0.58165,0.5818,0.58165,0.5818,6
2026-03-23T05:35:00,0.5818,0.58185,0.5818,0.58185,25
2026-03-23T05:36:00,0.58185,0.5819,0.58185,0.5819,16
2026-03-23T05:37:00,0.58205,0.58215,0.58205,0.58215,6
2026-03-23T05:38:00,0.5822,0.5822,0.58205,0.58205,16
2026-03-23T05:39:00,0.582,0.582,0.58195,0.58195,12
2026-03-23T05:40:00,0.58195,0.58195,0.5819,0.5819,29
2026-03-23T05:43:00,0.58185,0.58185,0.58185,0.58185,5
2026-03-23T05:44:00,0.5819,0.582,0.58185,0.58185,15
2026-03-23T05:45:00,0.58175,0.58175,0.5817,0.5817,3
2026-03-23T05:46:00,0.5817,0.58175,0.5817,0.58175,9
2026-03-23T05:47:00,0.5818,0.5818,0.5816,0.5816,15
2026-03-23T05:48:00,0.5817,0.5817,0.58165,0.5817,9
2026-03-23T05:49:00,0.5817,0.5817,0.5817,0.5817,1
2026-03-23T05:50:00,0.58165,0.58165,0.58165,0.58165,3
2026-03-23T05:51:00,0.5817,0.5817,0.5817,0.5817,3
2026-03-23T05:52:00,0.58165,0.58165,0.58165,0.58165,9
2026-03-23T05:53:00,0.5816,0.58165,0.58155,0.58155,19
2026-03-23T05:54:00,0.5816,0.5818,0.5816,0.5818,17
2026-03-23T05:55:00,0.5818,0.582,0.5818,0.582,56
2026-03-23T05:56:00,0.582,0.58205,0.582,0.582,15
2026-03-23T05:57:00,0.58205,0.58205,0.582,0.58205,43
2026-03-23T05:58:00,0.582,0.582,0.5819,0.5819,23
2026-03-23T05:59:00,0.58185,0.58185,0.58185,0.58185,8
2026-03-23T06:00:00,0.58185,0.58185,0.58165,0.58165,15
2026-03-23T06:01:00,0.5817,0.5817,0.58165,0.58165,17
2026-03-23T06:02:00,0.5817,0.58175,0.5816,0.5816,26
2026-03-23T06:04:00,0.58155,0.58155,0.58135,0.58145,40
2026-03-23T06:05:00,0.58145,0.58145,0.58115,0.5812,51
2026-03-23T06:06:00,0.5812,0.5813,0.5812,0.5812,43
2026-03-23T06:07:00,0.58115,0.58135,0.58115,0.58135,28
2026-03-23T06:08:00,0.5813,0.58135,0.5812,0.5812,9
2026-03-23T06:09:00,0.5812,0.58125,0.5812,0.5812,24
2026-03-23T06:10:00,0.58115,0.5812,0.5811,0.5811,10
2026-03-23T06:11:00,0.5811,0.58115,0.5811,0.58115,25
2026-03-23T06:12:00,0.5812,0.5812,0.5812,0.5812,15
2026-03-23T06:13:00,0.58105,0.5811,0.58095,0.58105,23
2026-03-23T06:14:00,0.58115,0.5814,0.58115,0.5814,14
2026-03-23T06:15:00,0.5814,0.58155,0.5814,0.58155,9
2026-03-23T06:16:00,0.58155,0.58155,0.58135,0.58135,6
2026-03-23T06:17:00,0.5813,0.5813,0.5811,0.5811,5
2026-03-23T06:18:00,0.58125,0.58125,0.5812,0.5812,18
2026-03-23T06:19:00,0.5812,0.58125,0.5812,0.5812,33
2026-03-23T06:20:00,0.58115,0.58115,0.58105,0.58115,17
2026-03-23T06:21:00,0.5812,0.5812,0.5812,0.5812,6
2026-03-23T06:22:00,0.58125,0.58135,0.58125,0.58135,17
2026-03-23T06:23:00,0.58135,0.5814,0.58135,0.5814,6
2026-03-23T06:24:00,0.58135,0.5814,0.58125,0.58135,9
2026-03-23T06:25:00,0.58135,0.58135,0.58135,0.58135,1
2026-03-23T06:26:00,0.58145,0.58145,0.58135,0.5814,11
2026-03-23T06:27:00,0.5814,0.58145,0.5814,0.5814,18
2026-03-23T06:28:00,0.58135,0.58135,0.58135,0.58135,3
2026-03-23T06:29:00,0.58135,0.58135,0.58125,0.58125,12
2026-03-23T06:30:00,0.5813,0.58135,0.58125,0.58125,20
2026-03-23T06:31:00,0.58115,0.58135,0.58115,0.5813,23
2026-03-23T06:32:00,0.58135,0.58135,0.58125,0.58125,16
2026-03-23T06:33:00,0.58125,0.58125,0.5812,0.5812,9
2026-03-23T06:34:00,0.5812,0.58125,0.58115,0.58115,25
2026-03-23T06:35:00,0.5811,0.58115,0.58105,0.58105,15
2026-03-23T06:36:00,0.581,0.581,0.581,0.581,4
2026-03-23T06:37:00,0.58095,0.58105,0.58095,0.58095,16
2026-03-23T06:38:00,0.581,0.5811,0.58095,0.5811,15
2026-03-23T06:39:00,0.5811,0.58115,0.5811,0.58115,9
2026-03-23T06:40:00,0.58105,0.58115,0.581,0.5811,6
2026-03-23T06:41:00,0.58105,0.58105,0.58095,0.58095,91
2026-03-23T06:42:00,0.5809,0.5809,0.5808,0.58085,12
2026-03-23T06:43:00,0.58075,0.58075,0.5807,0.5807,13
2026-03-23T06:44:00,0.5807,0.5807,0.5806,0.5807,28
2026-03-23T06:45:00,0.58075,0.5808,0.5807,0.5808,13
2026-03-23T06:46:00,0.58085,0.5809,0.5808,0.58085,15
2026-03-23T06:47:00,0.5809,0.5809,0.58085,0.58085,7
2026-03-23T06:48:00,0.5809,0.5809,0.5809,0.5809,2
2026-03-23T06:49:00,0.58095,0.581,0.58095,0.581,9
2026-03-23T06:50:00,0.5811,0.5812,0.5811,0.5812,10
2026-03-23T06:51:00,0.58115,0.58125,0.58115,0.58125,11
2026-03-23T06:52:00,0.58125,0.5813,0.58125,0.5813,13
2026-03-23T06:53:00,0.58135,0.58135,0.58125,0.5813,3
2026-03-23T06:54:00,0.58135,0.58135,0.5813,0.5813,12
2026-03-23T06:55:00,0.5813,0.58135,0.5812,0.5812,5
2026-03-23T06:56:00,0.5812,0.58125,0.5811,0.58115,23
2026-03-23T06:58:00,0.58115,0.58115,0.58115,0.58115,4
2026-03-23T06:59:00,0.58115,0.58125,0.5811,0.58125,14
2026-03-23T07:00:00,0.58125,0.5813,0.5812,0.58125,58
2026-03-23T07:01:00,0.5812,0.58125,0.58115,0.58115,38
2026-03-23T07:02:00,0.5811,0.58115,0.58105,0.5811,11
2026-03-23T07:03:00,0.5812,0.5812,0.58115,0.5812,9
2026-03-23T07:04:00,0.5812,0.5812,0.58115,0.58115,11
2026-03-23T07:06:00,0.5812,0.5812,0.581,0.581,15
2026-03-23T07:07:00,0.58105,0.58125,0.58105,0.58125,29
2026-03-23T07:08:00,0.58125,0.58125,0.581,0.5811,16
2026-03-23T07:09:00,0.58105,0.58105,0.58105,0.58105,5
2026-03-23T07:10:00,0.5811,0.58125,0.5811,0.58125,9
2026-03-23T07:11:00,0.5813,0.5813,0.58125,0.58125,6
2026-03-23T07:12:00,0.58125,0.58125,0.5812,0.5812,19
2026-03-23T07:13:00,0.5812,0.5812,0.58115,0.58115,17
2026-03-23T07:14:00,0.58115,0.5812,0.5811,0.5811,5
2026-03-23T07:15:00,0.5811,0.58115,0.58095,0.581,12
2026-03-23T07:16:00,0.5809,0.5809,0.5809,0.5809,2
2026-03-23T07:17:00,0.58105,0.5812,0.58105,0.5811,24
2026-03-23T07:18:00,0.58095,0.58105,0.58095,0.58105,14
2026-03-23T07:19:00,0.58105,0.5811,0.58105,0.5811,12
2026-03-23T07:20:00,0.58095,0.581,0.5809,0.581,16
2026-03-23T07:21:00,0.58105,0.58125,0.58105,0.58125,17
2026-03-23T07:22:00,0.5812,0.5812,0.5811,0.5811,18
2026-03-23T07:23:00,0.58095,0.5811,0.58095,0.5811,19
2026-03-23T07:24:00,0.58105,0.58115,0.58105,0.58105,15
2026-03-23T07:25:00,0.58105,0.58105,0.581,0.581,7
2026-03-23T07:26:00,0.58105,0.5811,0.58095,0.5811,28
2026-03-23T07:27:00,0.5811,0.5812,0.58095,0.581,22
2026-03-23T07:28:00,0.58095,0.58105,0.58085,0.58105,29
2026-03-23T07:29:00,0.5811,0.5811,0.5809,0.58095,17
2026-03-23T07:30:00,0.58095,0.58105,0.5809,0.58105,21
2026-03-23T07:31:00,0.581,0.5811,0.581,0.58105,36
2026-03-23T07:32:00,0.58105,0.58105,0.58085,0.5809,37
2026-03-23T07:33:00,0.58095,0.581,0.5809,0.58095,28
2026-03-23T07:34:00,0.58095,0.58105,0.58095,0.581,42
2026-03-23T07:35:00,0.58095,0.58095,0.58075,0.5808,51
2026-03-23T07:36:00,0.58075,0.58105,0.58075,0.58105,33
2026-03-23T07:37:00,0.58105,0.5811,0.58105,0.5811,13
2026-03-23T07:38:00,0.58115,0.5815,0.58115,0.5814,60
2026-03-23T07:39:00,0.58145,0.58145,0.5812,0.5812,20
2026-03-23T07:40:00,0.58115,0.58115,0.5811,0.5811,6
2026-03-23T07:41:00,0.5811,0.58125,0.5811,0.58115,24
2026-03-23T07:42:00,0.5812,0.58125,0.58115,0.58115,6
2026-03-23T07:43:00,0.58105,0.58125,0.58105,0.5812,26
2026-03-23T07:44:00,0.58125,0.5813,0.5812,0.5813,24
2026-03-23T07:45:00,0.58135,0.5815,0.5813,0.5815,32
2026-03-23T07:46:00,0.5815,0.58155,0.5815,0.58155,8
2026-03-23T07:47:00,0.58155,0.58155,0.5814,0.58145,66
2026-03-23T07:48:00,0.5815,0.5816,0.58145,0.5815,25
2026-03-23T07:49:00,0.5815,0.5815,0.58145,0.58145,27
2026-03-23T07:50:00,0.5814,0.58145,0.58135,0.5814,36
2026-03-23T07:51:00,0.58135,0.58145,0.5813,0.58145,12
2026-03-23T07:52:00,0.5814,0.5814,0.5813,0.5813,10
2026-03-23T07:53:00,0.58125,0.58125,0.58095,0.58095,15
2026-03-23T07:54:00,0.581,0.581,0.5809,0.58095,21
2026-03-23T07:55:00,0.58075,0.58085,0.58075,0.58085,8
2026-03-23T07:56:00,0.58085,0.58095,0.58085,0.58095,14
2026-03-23T07:57:00,0.581,0.581,0.58085,0.58085,7
2026-03-23T07:58:00,0.58075,0.58075,0.58075,0.58075,17
2026-03-23T07:59:00,0.58075,0.58075,0.58075,0.58075,1
2026-03-23T08:00:00,0.58085,0.58105,0.58085,0.58105,67
2026-03-23T08:01:00,0.58095,0.58095,0.5808,0.5808,41
2026-03-23T08:02:00,0.5808,0.5809,0.58075,0.5809,40
2026-03-23T08:03:00,0.5809,0.581,0.58085,0.581,39
2026-03-23T08:04:00,0.581,0.581,0.58085,0.5809,27
2026-03-23T08:05:00,0.5809,0.581,0.5808,0.581,75
2026-03-23T08:06:00,0.581,0.58125,0.581,0.5812,52
2026-03-23T08:07:00,0.5812,0.58125,0.5811,0.5811,37
2026-03-23T08:08:00,0.58115,0.5812,0.58105,0.58105,32
2026-03-23T08:09:00,0.5811,0.5811,0.581,0.58105,24
2026-03-23T08:10:00,0.58105,0.58115,0.58095,0.58095,42
2026-03-23T08:11:00,0.5809,0.58115,0.58085,0.58115,55
2026-03-23T08:12:00,0.58115,0.58125,0.58105,0.58105,59
2026-03-23T08:13:00,0.58105,0.5812,0.58105,0.5812,33
2026-03-23T08:14:00,0.5813,0.5813,0.5812,0.58125,41
2026-03-23T08:15:00,0.5812,0.5813,0.58115,0.5813,119
2026-03-23T08:16:00,0.5813,0.5813,0.5812,0.5812,40
2026-03-23T08:17:00,0.58115,0.5812,0.58105,0.5811,63
2026-03-23T08:18:00,0.58115,0.58125,0.58105,0.58115,48
2026-03-23T08:19:00,0.5811,0.5814,0.58105,0.58135,18
2026-03-23T08:20:00,0.58145,0.58145,0.58135,0.5814,12
2026-03-23T08:21:00,0.58135,0.58145,0.5813,0.5813,13
2026-03-23T08:22:00,0.5813,0.5816,0.5812,0.5816,33
2026-03-23T08:23:00,0.5816,0.58165,0.5815,0.58155,68
2026-03-23T08:24:00,0.58155,0.58165,0.58155,0.5816,15
2026-03-23T08:25:00,0.5816,0.5817,0.5815,0.5817,42
2026-03-23T08:26:00,0.58165,0.5817,0.5816,0.58165,29
2026-03-23T08:27:00,0.5817,0.58175,0.58165,0.58175,28
2026-03-23T08:28:00,0.5817,0.58175,0.5816,0.58175,12
2026-03-23T08:29:00,0.58175,0.58175,0.58165,0.5817,35
2026-03-23T08:30:00,0.58165,0.5819,0.58165,0.5819,50
2026-03-23T08:31:00,0.5819,0.5821,0.58185,0.5821,81
2026-03-23T08:32:00,0.5821,0.58225,0.58205,0.58225,43
2026-03-23T08:33:00,0.58225,0.5823,0.58215,0.58215,30
2026-03-23T08:34:00,0.58205,0.5821,0.582,0.58205,14
2026-03-23T08:35:00,0.58205,0.58205,0.58175,0.58185,30
2026-03-23T08:36:00,0.5818,0.5819,0.5818,0.5819,14
2026-03-23T08:37:00,0.58185,0.58195,0.5818,0.58195,13
2026-03-23T08:38:00,0.58195,0.58195,0.58175,0.5818,11
2026-03-23T08:39:00,0.5818,0.58195,0.5818,0.58195,14
2026-03-23T08:40:00,0.58195,0.582,0.5819,0.582,33
2026-03-23T08:41:00,0.582,0.582,0.58195,0.582,26
2026-03-23T08:42:00,0.58195,0.58205,0.58185,0.5819,28
2026-03-23T08:43:00,0.58175,0.5818,0.58165,0.58165,34
2026-03-23T08:44:00,0.58165,0.5818,0.58165,0.5817,37
2026-03-23T08:45:00,0.5817,0.5819,0.5817,0.58185,22
2026-03-23T08:46:00,0.58185,0.58185,0.58175,0.5818,16
2026-03-23T08:47:00,0.58185,0.58205,0.58185,0.582,63
2026-03-23T08:48:00,0.582,0.58205,0.582,0.58205,3
2026-03-23T08:49:00,0.582,0.582,0.58185,0.58185,8
2026-03-23T08:50:00,0.5818,0.58185,0.58175,0.58185,14
2026-03-23T08:51:00,0.58185,0.5819,0.58185,0.5819,11
2026-03-23T08:52:00,0.5818,0.5818,0.58175,0.58175,14
2026-03-23T08:53:00,0.58175,0.58185,0.5817,0.58185,7
2026-03-23T08:54:00,0.58185,0.58185,0.5817,0.5817,18
2026-03-23T08:55:00,0.5816,0.5816,0.5814,0.5814,21
2026-03-23T08:56:00,0.5814,0.58145,0.58135,0.58145,33
2026-03-23T08:57:00,0.58145,0.5815,0.5814,0.5815,20
2026-03-23T08:58:00,0.5815,0.5815,0.5815,0.5815,13
2026-03-23T08:59:00,0.58145,0.58155,0.5814,0.5814,21
2026-03-23T09:00:00,0.58145,0.5816,0.58125,0.5813,95
2026-03-23T09:01:00,0.5813,0.58135,0.58125,0.58135,18
2026-03-23T09:02:00,0.58125,0.58125,0.5811,0.58115,11
2026-03-23T09:03:00,0.58115,0.58115,0.5811,0.5811,30
2026-03-23T09:04:00,0.5811,0.5812,0.5811,0.5811,7
2026-03-23T09:05:00,0.5811,0.58115,0.58105,0.58105,21
2026-03-23T09:06:00,0.5811,0.58125,0.5811,0.5812,28
2026-03-23T09:07:00,0.5812,0.58125,0.58115,0.5812,40
2026-03-23T09:08:00,0.58125,0.58125,0.58095,0.58095,38
2026-03-23T09:09:00,0.5809,0.581,0.5809,0.581,14
2026-03-23T09:10:00,0.5811,0.58115,0.581,0.58105,16
2026-03-23T09:11:00,0.58105,0.58105,0.58095,0.581,10
2026-03-23T09:12:00,0.58105,0.58105,0.58095,0.58095,12
2026-03-23T09:13:00,0.5809,0.58095,0.5809,0.58095,13
2026-03-23T09:14:00,0.581,0.58115,0.581,0.5811,28
2026-03-23T09:15:00,0.58105,0.58115,0.58105,0.5811,13
2026-03-23T09:16:00,0.58095,0.58105,0.58095,0.58105,27
2026-03-23T09:17:00,0.5811,0.58115,0.58105,0.58105,23
2026-03-23T09:18:00,0.58105,0.58105,0.58095,0.58105,23
2026-03-23T09:19:00,0.581,0.58105,0.581,0.581,9
2026-03-23T09:20:00,0.58095,0.581,0.58095,0.581,16
2026-03-23T09:21:00,0.581,0.5812,0.581,0.5812,30
2026-03-23T09:22:00,0.5811,0.5811,0.5811,0.5811,8
2026-03-23T09:23:00,0.58115,0.58115,0.58105,0.58105,18
2026-03-23T09:24:00,0.58105,0.58105,0.5808,0.5808,10
2026-03-23T09:25:00,0.5808,0.58085,0.5808,0.58085,11
2026-03-23T09:26:00,0.58085,0.58085,0.58085,0.58085,6
2026-03-23T09:27:00,0.58075,0.58085,0.5807,0.58085,38
2026-03-23T09:28:00,0.58085,0.58085,0.58075,0.58075,17
2026-03-23T09:29:00,0.58075,0.58075,0.58075,0.58075,17
2026-03-23T09:30:00,0.5808,0.5808,0.58065,0.5807,50
2026-03-23T09:31:00,0.58065,0.58075,0.5805,0.58075,35
2026-03-23T09:32:00,0.58075,0.58075,0.58065,0.58065,22
2026-03-23T09:33:00,0.58065,0.58065,0.5804,0.58045,101
2026-03-23T09:34:00,0.58045,0.58045,0.5801,0.58025,177
2026-03-23T09:35:00,0.58025,0.58025,0.58015,0.5802,79
2026-03-23T09:36:00,0.5802,0.58025,0.58015,0.58015,62
2026-03-23T09:37:00,0.5801,0.5801,0.58005,0.58005,171
2026-03-23T09:38:00,0.58005,0.5801,0.58005,0.58005,106
2026-03-23T09:39:00,0.58,0.5801,0.58,0.58005,46
2026-03-23T09:40:00,0.57995,0.58,0.57995,0.57995,38
2026-03-23T09:41:00,0.57995,0.58015,0.57995,0.58015,52
2026-03-23T09:42:00,0.58015,0.5802,0.57995,0.57995,22
2026-03-23T09:43:00,0.57995,0.58,0.57985,0.57985,61
2026-03-23T09:44:00,0.57985,0.5799,0.5798,0.57985,68
2026-03-23T09:45:00,0.57985,0.5799,0.57985,0.57985,32
2026-03-23T09:46:00,0.5799,0.5799,0.5798,0.5798,44
2026-03-23T09:47:00,0.5798,0.57985,0.5798,0.5798,49
2026-03-23T09:48:00,0.57985,0.57995,0.5798,0.5798,64
2026-03-23T09:49:00,0.5798,0.57985,0.5798,0.5798,29
2026-03-23T09:50:00,0.5798,0.5799,0.5798,0.57985,22
2026-03-23T09:51:00,0.57985,0.57995,0.57985,0.5799,25
2026-03-23T09:52:00,0.57985,0.57985,0.57975,0.57975,7
2026-03-23T09:53:00,0.5798,0.57985,0.57975,0.57975,74
2026-03-23T09:54:00,0.57975,0.57975,0.57965,0.57965,27
2026-03-23T09:55:00,0.57965,0.5797,0.57955,0.5796,29
2026-03-23T09:56:00,0.57965,0.57975,0.57965,0.57975,22
2026-03-23T09:57:00,0.5797,0.5798,0.5797,0.5798,34
2026-03-23T09:58:00,0.57975,0.57975,0.5797,0.5797,8
2026-03-23T09:59:00,0.57975,0.57985,0.5797,0.5798,29
2026-03-23T10:00:00,0.5799,0.57995,0.57965,0.57965,50
2026-03-23T10:01:00,0.5796,0.57965,0.57955,0.57955,50
2026-03-23T10:02:00,0.5796,0.5797,0.5796,0.5797,14
2026-03-23T10:03:00,0.5797,0.5797,0.57945,0.5796,58
2026-03-23T10:04:00,0.57955,0.57975,0.57955,0.5797,42
2026-03-23T10:05:00,0.57965,0.57965,0.57955,0.5796,20
2026-03-23T10:06:00,0.57955,0.5796,0.5795,0.57955,14
2026-03-23T10:07:00,0.5795,0.57955,0.5795,0.57955,6
2026-03-23T10:08:00,0.5796,0.5796,0.57955,0.5796,29
2026-03-23T10:09:00,0.57965,0.57985,0.5796,0.57985,22
2026-03-23T10:10:00,0.5797,0.57975,0.57965,0.57965,8
2026-03-23T10:11:00,0.57965,0.5797,0.5796,0.5797,14
2026-03-23T10:12:00,0.57965,0.5797,0.5795,0.5795,11
2026-03-23T10:13:00,0.57945,0.57945,0.57925,0.57925,24
2026-03-23T10:14:00,0.5793,0.5794,0.5793,0.5793,59
2026-03-23T10:15:00,0.57925,0.5793,0.5792,0.57925,37
2026-03-23T10:16:00,0.5792,0.5793,0.5791,0.5793,58
2026-03-23T10:17:00,0.57925,0.57925,0.57915,0.57925,51
2026-03-23T10:18:00,0.57925,0.5793,0.5792,0.5792,80
2026-03-23T10:19:00,0.5792,0.57935,0.5792,0.57925,91
2026-03-23T10:20:00,0.57925,0.57925,0.579,0.579,42
2026-03-23T10:21:00,0.5791,0.57915,0.57905,0.57905,41
2026-03-23T10:22:00,0.57905,0.57905,0.579,0.579,34
2026-03-23T10:23:00,0.579,0.579,0.57885,0.5789,81
2026-03-23T10:24:00,0.57895,0.57905,0.57895,0.57905,15
2026-03-23T10:25:00,0.579,0.57905,0.57895,0.57905,28
2026-03-23T10:26:00,0.579,0.579,0.5789,0.57895,19
2026-03-23T10:27:00,0.579,0.579,0.579,0.579,4
2026-03-23T10:28:00,0.57875,0.57875,0.5787,0.5787,33
2026-03-23T10:29:00,0.5788,0.57885,0.57875,0.5788,18
2026-03-23T10:30:00,0.57875,0.57875,0.5787,0.5787,13
2026-03-23T10:31:00,0.57865,0.5787,0.57865,0.57865,25
2026-03-23T10:32:00,0.5787,0.57895,0.57865,0.5789,38
2026-03-23T10:33:00,0.5789,0.5789,0.5788,0.5788,30
2026-03-23T10:34:00,0.57875,0.57875,0.5787,0.57875,14
2026-03-23T10:35:00,0.5787,0.5787,0.5786,0.5787,36
2026-03-23T10:36:00,0.57875,0.57875,0.57865,0.57865,39
2026-03-23T10:37:00,0.57865,0.5787,0.57835,0.5784,107
2026-03-23T10:38:00,0.57845,0.5785,0.57835,0.57835,26
2026-03-23T10:39:00,0.5783,0.5783,0.57815,0.57825,77
2026-03-23T10:40:00,0.57825,0.57825,0.5781,0.5781,43
2026-03-23T10:41:00,0.57815,0.57825,0.5781,0.57825,35
2026-03-23T10:42:00,0.57825,0.5784,0.57825,0.5783,45
2026-03-23T10:43:00,0.5783,0.5783,0.5782,0.5782,17
2026-03-23T10:44:00,0.5781,0.57815,0.578,0.57815,48
2026-03-23T10:45:00,0.57815,0.57815,0.5779,0.578,43
2026-03-23T10:46:00,0.57805,0.5781,0.578,0.5781,35
2026-03-23T10:47:00,0.57805,0.57815,0.578,0.5781,43
2026-03-23T10:48:00,0.5781,0.5781,0.57805,0.5781,23
2026-03-23T10:49:00,0.57815,0.57815,0.57805,0.57815,53
2026-03-23T10:50:00,0.5781,0.5791,0.5781,0.57865,333
2026-03-23T10:51:00,0.57865,0.57865,0.5784,0.57855,125
2026-03-23T10:52:00,0.5785,0.5786,0.5784,0.57855,36
2026-03-23T10:53:00,0.5785,0.57865,0.57845,0.57855,50
2026-03-23T10:54:00,0.5787,0.5787,0.57845,0.57845,22
2026-03-23T10:55:00,0.5785,0.5785,0.5783,0.5783,26
2026-03-23T10:56:00,0.57825,0.5783,0.57825,0.5783,4
2026-03-23T10:57:00,0.5783,0.57845,0.5783,0.57845,26
2026-03-23T10:58:00,0.57855,0.5786,0.5784,0.5784,46
2026-03-23T10:59:00,0.5784,0.57845,0.57835,0.5784,26
2026-03-23T11:00:00,0.5785,0.57865,0.5785,0.5786,40
2026-03-23T11:01:00,0.5786,0.57875,0.5786,0.5787,63
2026-03-23T11:02:00,0.57865,0.57865,0.5785,0.5785,38
2026-03-23T11:03:00,0.5785,0.5785,0.57835,0.5784,33
2026-03-23T11:04:00,0.5784,0.57845,0.5783,0.57835,55
2026-03-23T11:05:00,0.5784,0.5835,0.57835,0.58315,2796
2026-03-23T11:06:00,0.5832,0.58595,0.58315,0.5855,1498
2026-03-23T11:07:00,0.58535,0.586,0.5849,0.5849,1072
2026-03-23T11:08:00,0.5849,0.58625,0.5843,0.58595,1266
2026-03-23T11:09:00,0.58585,0.586,0.5852,0.58565,428
2026-03-23T11:10:00,0.5857,0.5866,0.58535,0.58635,411
2026-03-23T11:11:00,0.5863,0.5866,0.5848,0.585,549
2026-03-23T11:12:00,0.58505,0.5857,0.58445,0.5854,445
2026-03-23T11:13:00,0.5855,0.58605,0.58525,0.58535,347
2026-03-23T11:14:00,0.58535,0.58555,0.58455,0.58505,379
2026-03-23T11:15:00,0.58495,0.58495,0.58415,0.58435,363
2026-03-23T11:16:00,0.5843,0.58435,0.5839,0.58405,176
2026-03-23T11:17:00,0.5842,0.58505,0.5842,0.5847,353
2026-03-23T11:18:00,0.5847,0.585,0.584,0.5843,411
2026-03-23T11:19:00,0.58425,0.58425,0.58355,0.5839,374
2026-03-23T11:20:00,0.58405,0.58415,0.58185,0.58195,779
2026-03-23T11:21:00,0.582,0.58275,0.58095,0.58275,1019
2026-03-23T11:22:00,0.58265,0.58295,0.5821,0.5826,308
2026-03-23T11:23:00,0.58245,0.58265,0.58185,0.5825,380
2026-03-23T11:24:00,0.5824,0.5833,0.5822,0.58325,699
2026-03-23T11:25:00,0.58325,0.58375,0.5832,0.58355,255
2026-03-23T11:26:00,0.58355,0.5841,0.58345,0.58395,194
2026-03-23T11:27:00,0.5839,0.5841,0.58325,0.58335,501
2026-03-23T11:28:00,0.58335,0.58375,0.5829,0.5837,650
2026-03-23T11:29:00,0.5837,0.58445,0.58355,0.58445,141
2026-03-23T11:30:00,0.58435,0.58515,0.5842,0.58515,341
2026-03-23T11:31:00,0.5851,0.5856,0.58505,0.58555,405
2026-03-23T11:32:00,0.58555,0.58585,0.58535,0.58555,189
2026-03-23T11:33:00,0.58565,0.5861,0.58565,0.58605,155
2026-03-23T11:34:00,0.58605,0.58645,0.58575,0.5861,438
2026-03-23T11:35:00,0.58605,0.58625,0.5858,0.58605,238
2026-03-23T11:36:00,0.58605,0.58615,0.58555,0.5856,203
2026-03-23T11:37:00,0.58565,0.586,0.5856,0.5859,199
2026-03-23T11:38:00,0.58585,0.5859,0.5855,0.5856,175
2026-03-23T11:39:00,0.58555,0.5858,0.5853,0.58535,248
2026-03-23T11:40:00,0.5854,0.58545,0.58465,0.5848,157
2026-03-23T11:41:00,0.58485,0.58495,0.58435,0.58475,346
2026-03-23T11:42:00,0.58465,0.5848,0.5843,0.58465,109
2026-03-23T11:43:00,0.58475,0.58525,0.58465,0.585,116
2026-03-23T11:44:00,0.58505,0.5851,0.58445,0.5846,175
2026-03-23T11:45:00,0.5847,0.5849,0.58435,0.5845,105
2026-03-23T11:46:00,0.58455,0.5849,0.5837,0.58375,355
2026-03-23T11:47:00,0.5837,0.58385,0.5832,0.58335,364
2026-03-23T11:48:00,0.58345,0.5838,0.58315,0.58365,167
2026-03-23T11:49:00,0.58355,0.5842,0.58345,0.5842,290
2026-03-23T11:50:00,0.5841,0.5841,0.583,0.58335,231
2026-03-23T11:51:00,0.58335,0.58335,0.5827,0.5831,260
2026-03-23T11:52:00,0.5832,0.5836,0.58295,0.5833,91
2026-03-23T11:53:00,0.58325,0.58395,0.58315,0.58395,127
2026-03-23T11:54:00,0.584,0.5841,0.5838,0.5838,107
2026-03-23T11:55:00,0.5838,0.5838,0.5828,0.5828,318
2026-03-23T11:56:00,0.58275,0.58285,0.5825,0.5826,160
2026-03-23T11:57:00,0.58265,0.5828,0.5823,0.58255,92
2026-03-23T11:58:00,0.5826,0.5831,0.5826,0.58295,129
2026-03-23T11:59:00,0.58295,0.58295,0.58265,0.5827,97
2026-03-23T12:00:00,0.5827,0.58295,0.58245,0.58255,164
2026-03-23T12:01:00,0.58245,0.5827,0.58205,0.5826,185
2026-03-23T12:02:00,0.5827,0.58295,0.58235,0.5826,150
2026-03-23T12:03:00,0.58265,0.5832,0.5826,0.5828,109
2026-03-23T12:04:00,0.58285,0.58335,0.58275,0.5831,76
2026-03-23T12:05:00,0.58305,0.5832,0.5822,0.5823,138
2026-03-23T12:06:00,0.58235,0.58275,0.58235,0.5826,97
2026-03-23T12:07:00,0.5826,0.5826,0.58215,0.58225,59
2026-03-23T12:08:00,0.5825,0.58305,0.58235,0.58295,249
2026-03-23T12:09:00,0.58295,0.58355,0.58295,0.58355,138
2026-03-23T12:10:00,0.58355,0.58375,0.58335,0.58375,129
2026-03-23T12:11:00,0.58365,0.5837,0.58305,0.58315,131
2026-03-23T12:12:00,0.5831,0.5835,0.5831,0.5831,72
2026-03-23T12:13:00,0.58315,0.5835,0.58295,0.58295,220
2026-03-23T12:14:00,0.583,0.5832,0.58275,0.5828,25
2026-03-23T12:15:00,0.58275,0.58315,0.58275,0.5829,69
2026-03-23T12:16:00,0.58295,0.5836,0.58295,0.5834,80
2026-03-23T12:17:00,0.58345,0.5839,0.58345,0.58385,108
2026-03-23T12:18:00,0.5838,0.58395,0.5837,0.58395,101
2026-03-23T12:19:00,0.58405,0.58445,0.58405,0.58445,158
2026-03-23T12:20:00,0.5844,0.5844,0.5839,0.5844,177
2026-03-23T12:21:00,0.5844,0.5848,0.58435,0.58465,191
2026-03-23T12:22:00,0.5846,0.58475,0.5845,0.58465,100
2026-03-23T12:23:00,0.58465,0.58485,0.58425,0.5844,91
2026-03-23T12:24:00,0.5845,0.58455,0.5841,0.58415,96
2026-03-23T12:25:00,0.5841,0.58455,0.58405,0.5843,97
2026-03-23T12:26:00,0.58425,0.5843,0.58405,0.58425,60
2026-03-23T12:27:00,0.5843,0.5843,0.58415,0.5842,20
2026-03-23T12:28:00,0.58425,0.5846,0.58425,0.5846,110
2026-03-23T12:29:00,0.5846,0.58465,0.5843,0.58445,79
2026-03-23T12:30:00,0.58435,0.58435,0.58385,0.5842,186
2026-03-23T12:31:00,0.5841,0.5841,0.58365,0.58375,109
2026-03-23T12:32:00,0.58375,0.5838,0.5835,0.58375,153
2026-03-23T12:33:00,0.58385,0.58425,0.58375,0.5839,184
2026-03-23T12:34:00,0.5839,0.58425,0.5839,0.58425,52
2026-03-23T12:35:00,0.5843,0.5845,0.58395,0.58445,78
2026-03-23T12:36:00,0.58445,0.58475,0.58445,0.58475,83
2026-03-23T12:37:00,0.5848,0.5851,0.5844,0.5844,132
2026-03-23T12:38:00,0.58435,0.5844,0.5841,0.5843,80
2026-03-23T12:39:00,0.5842,0.58435,0.5841,0.58435,50
2026-03-23T12:40:00,0.5844,0.5845,0.58405,0.5843,105
2026-03-23T12:41:00,0.58435,0.5858,0.5843,0.58515,529
2026-03-23T12:42:00,0.5851,0.58595,0.5851,0.58575,203
2026-03-23T12:43:00,0.5857,0.58605,0.5855,0.58585,138
2026-03-23T12:44:00,0.5859,0.58615,0.5857,0.58605,138
2026-03-23T12:45:00,0.5861,0.5861,0.58555,0.58585,187
2026-03-23T12:46:00,0.5859,0.5865,0.58565,0.5863,114
2026-03-23T12:47:00,0.58645,0.5866,0.5863,0.5865,86
2026-03-23T12:48:00,0.5864,0.58665,0.58625,0.5865,126
2026-03-23T12:49:00,0.5865,0.58665,0.5864,0.5866,116
2026-03-23T12:50:00,0.5866,0.58685,0.58635,0.5864,137
2026-03-23T12:51:00,0.5866,0.5869,0.58655,0.5868,44
2026-03-23T12:52:00,0.58685,0.5869,0.5865,0.58685,60
2026-03-23T12:53:00,0.58675,0.58685,0.58645,0.5868,81
2026-03-23T12:54:00,0.5868,0.5868,0.5864,0.5867,92
2026-03-23T12:55:00,0.58675,0.5869,0.5865,0.5865,85
2026-03-23T12:56:00,0.5864,0.5871,0.5864,0.58675,82
2026-03-23T12:57:00,0.58675,0.5868,0.5866,0.5868,41
2026-03-23T12:58:00,0.58675,0.587,0.58675,0.587,38
2026-03-23T12:59:00,0.5871,0.58715,0.58685,0.5869,143
2026-03-23T13:00:00,0.587,0.58715,0.5868,0.5869,128
2026-03-23T13:01:00,0.5869,0.58695,0.5861,0.58615,148
2026-03-23T13:02:00,0.58615,0.58615,0.58585,0.58605,66
2026-03-23T13:03:00,0.5861,0.58655,0.586,0.5865,102
2026-03-23T13:04:00,0.5865,0.58665,0.5864,0.5865,70
2026-03-23T13:05:00,0.58645,0.58665,0.58605,0.58625,139
2026-03-23T13:06:00,0.58635,0.58645,0.58605,0.58615,76
2026-03-23T13:07:00,0.5862,0.5863,0.5861,0.5862,64
2026-03-23T13:08:00,0.58605,0.58615,0.5859,0.58605,235
2026-03-23T13:09:00,0.58605,0.58635,0.58595,0.58635,185
2026-03-23T13:10:00,0.5863,0.5863,0.586,0.5861,67
2026-03-23T13:11:00,0.58615,0.58625,0.5859,0.58605,51
2026-03-23T13:12:00,0.58615,0.58615,0.586,0.58605,33
2026-03-23T13:13:00,0.58605,0.58605,0.58575,0.5858,51
2026-03-23T13:14:00,0.58585,0.58615,0.58585,0.58595,57
2026-03-23T13:15:00,0.586,0.5862,0.5859,0.5861,63
2026-03-23T13:16:00,0.5861,0.5863,0.5861,0.58615,97
2026-03-23T13:17:00,0.5861,0.5861,0.58565,0.58565,72
2026-03-23T13:18:00,0.58565,0.5859,0.58565,0.58585,45
2026-03-23T13:19:00,0.58585,0.58585,0.58535,0.5854,52
2026-03-23T13:20:00,0.58545,0.58565,0.5854,0.58565,172
2026-03-23T13:21:00,0.5857,0.5857,0.5852,0.58535,50
2026-03-23T13:22:00,0.5853,0.5853,0.58515,0.5852,50
2026-03-23T13:23:00,0.58515,0.58545,0.5851,0.5851,80
2026-03-23T13:24:00,0.58505,0.58515,0.5849,0.58515,93
2026-03-23T13:25:00,0.5851,0.5851,0.58475,0.5848,58
2026-03-23T13:26:00,0.58485,0.58515,0.58485,0.58515,48
2026-03-23T13:27:00,0.5851,0.5854,0.58505,0.58525,78
2026-03-23T13:28:00,0.58535,0.5855,0.58535,0.5855,60
2026-03-23T13:29:00,0.58545,0.58545,0.58515,0.58525,41
2026-03-23T13:30:00,0.58525,0.5855,0.58495,0.58525,133
2026-03-23T13:31:00,0.58525,0.58555,0.585,0.58555,94
2026-03-23T13:32:00,0.58555,0.5856,0.5853,0.58535,152
2026-03-23T13:33:00,0.5854,0.58545,0.58525,0.58545,70
2026-03-23T13:34:00,0.5854,0.5854,0.58505,0.58515,46
2026-03-23T13:35:00,0.5852,0.5854,0.58505,0.58515,68
2026-03-23T13:36:00,0.5853,0.58585,0.5853,0.58585,189
2026-03-23T13:37:00,0.5859,0.5865,0.58585,0.58605,346
2026-03-23T13:38:00,0.586,0.58635,0.586,0.58635,46
2026-03-23T13:39:00,0.5863,0.5865,0.58605,0.5864,61
2026-03-23T13:40:00,0.58645,0.5866,0.58615,0.58635,58
2026-03-23T13:41:00,0.5864,0.58685,0.58595,0.58655,167
2026-03-23T13:42:00,0.58655,0.5877,0.58655,0.5874,646
2026-03-23T13:43:00,0.5874,0.5874,0.58705,0.58715,446
2026-03-23T13:44:00,0.5871,0.58715,0.58625,0.5863,734
2026-03-23T13:45:00,0.58625,0.58685,0.5862,0.58685,87
2026-03-23T13:46:00,0.5868,0.587,0.58675,0.58685,63
2026-03-23T13:47:00,0.58695,0.58695,0.5866,0.58675,100
2026-03-23T13:48:00,0.5867,0.58705,0.58665,0.5867,92
2026-03-23T13:49:00,0.587,0.5873,0.58685,0.58725,144
2026-03-23T13:50:00,0.58725,0.58735,0.58715,0.5872,103
2026-03-23T13:51:00,0.5873,0.5873,0.58695,0.5873,55
2026-03-23T13:52:00,0.58735,0.58745,0.58725,0.58745,65
2026-03-23T13:53:00,0.58735,0.5876,0.5873,0.5874,42
2026-03-23T13:54:00,0.5874,0.58745,0.587,0.587,54
2026-03-23T13:55:00,0.58695,0.587,0.5866,0.5866,83
2026-03-23T13:56:00,0.58675,0.587,0.5867,0.58695,77
2026-03-23T13:57:00,0.5869,0.5872,0.5868,0.58715,100
2026-03-23T13:58:00,0.58715,0.5873,0.58705,0.5873,39
2026-03-23T13:59:00,0.5873,0.58755,0.5872,0.58755,39
2026-03-23T14:00:00,0.5875,0.5877,0.58745,0.58755,133
2026-03-23T14:01:00,0.5875,0.5882,0.58735,0.5881,139
2026-03-23T14:02:00,0.5881,0.5884,0.58785,0.5884,78
2026-03-23T14:03:00,0.5884,0.5885,0.588,0.58805,136
2026-03-23T14:04:00,0.5881,0.5881,0.5876,0.5876,77
2026-03-23T14:05:00,0.5876,0.5876,0.58725,0.58745,126
2026-03-23T14:06:00,0.58745,0.58755,0.5872,0.5872,109
2026-03-23T14:07:00,0.58725,0.58775,0.58725,0.5877,144
2026-03-23T14:08:00,0.5878,0.5878,0.5874,0.5874,68
2026-03-23T14:09:00,0.5874,0.58785,0.5874,0.58775,57
2026-03-23T14:10:00,0.5878,0.58795,0.58745,0.58745,43
2026-03-23T14:11:00,0.5874,0.5879,0.58735,0.58765,75
2026-03-23T14:12:00,0.5877,0.588,0.58765,0.5879,157
2026-03-23T14:13:00,0.58785,0.58795,0.58775,0.58795,46
2026-03-23T14:14:00,0.588,0.588,0.58765,0.5879,85
2026-03-23T14:15:00,0.5878,0.58815,0.58775,0.58815,116
2026-03-23T14:16:00,0.58815,0.5883,0.588,0.58825,52
2026-03-23T14:17:00,0.5882,0.5886,0.5881,0.58855,95
2026-03-23T14:18:00,0.58855,0.58875,0.58855,0.5886,101
2026-03-23T14:19:00,0.58865,0.589,0.5886,0.5889,279
2026-03-23T14:20:00,0.58895,0.58915,0.5889,0.58915,133
2026-03-23T14:21:00,0.58925,0.58965,0.58925,0.58965,69
2026-03-23T14:22:00,0.5896,0.58965,0.58945,0.58955,85
2026-03-23T14:23:00,0.5895,0.5898,0.58945,0.5895,208
2026-03-23T14:24:00,0.58965,0.5898,0.5895,0.5896,90
2026-03-23T14:25:00,0.5895,0.5898,0.5895,0.58955,43
2026-03-23T14:26:00,0.58965,0.5897,0.58955,0.5897,17
2026-03-23T14:27:00,0.58945,0.58965,0.5894,0.5895,54
2026-03-23T14:28:00,0.5895,0.5896,0.5894,0.5896,133
2026-03-23T14:29:00,0.5896,0.5899,0.5895,0.5898,50
2026-03-23T14:30:00,0.58965,0.58965,0.5893,0.58935,250
2026-03-23T14:31:00,0.5894,0.5897,0.5893,0.5896,503
2026-03-23T14:32:00,0.5896,0.5898,0.5895,0.58975,173
2026-03-23T14:33:00,0.58985,0.59015,0.5898,0.5901,46
2026-03-23T14:34:00,0.59,0.59,0.58965,0.58965,55
2026-03-23T14:35:00,0.58975,0.58995,0.5897,0.58995,145
2026-03-23T14:36:00,0.58985,0.58995,0.5897,0.5897,68
2026-03-23T14:37:00,0.5896,0.58985,0.58955,0.58965,55
2026-03-23T14:38:00,0.5897,0.59005,0.58965,0.59,73
2026-03-23T14:39:00,0.59,0.59005,0.5898,0.58995,120
2026-03-23T14:40:00,0.5899,0.59005,0.58965,0.5897,203
2026-03-23T14:41:00,0.58975,0.58985,0.58965,0.58965,47
2026-03-23T14:42:00,0.5898,0.5901,0.5898,0.58995,136
2026-03-23T14:43:00,0.58995,0.58995,0.58935,0.5897,160
2026-03-23T14:44:00,0.58975,0.58975,0.58945,0.5896,109
2026-03-23T14:45:00,0.5896,0.5896,0.5893,0.58945,136
2026-03-23T14:46:00,0.58935,0.5899,0.58935,0.5897,140
2026-03-23T14:47:00,0.58965,0.59015,0.58965,0.59005,141
2026-03-23T14:48:00,0.5899,0.59005,0.58965,0.5898,247
2026-03-23T14:49:00,0.58985,0.5899,0.58965,0.5899,57
2026-03-23T14:50:00,0.5899,0.5899,0.5893,0.58945,128
2026-03-23T14:51:00,0.58945,0.58955,0.5893,0.5894,43
2026-03-23T14:52:00,0.5894,0.58955,0.58925,0.5894,224
2026-03-23T14:53:00,0.5894,0.58955,0.58915,0.5895,94
2026-03-23T14:54:00,0.58955,0.5896,0.58935,0.58955,53
2026-03-23T14:55:00,0.5895,0.58975,0.5894,0.58945,66
2026-03-23T14:56:00,0.58955,0.5897,0.58935,0.5897,117
2026-03-23T14:57:00,0.5897,0.5897,0.5894,0.58945,27
2026-03-23T14:58:00,0.58945,0.58965,0.58945,0.58955,38
2026-03-23T14:59:00,0.58955,0.58955,0.5894,0.5894,51
2026-03-23T15:00:00,0.58935,0.5895,0.58925,0.5895,49
2026-03-23T15:01:00,0.58945,0.58985,0.58945,0.5898,128
2026-03-23T15:02:00,0.58985,0.59015,0.58975,0.59015,118
2026-03-23T15:03:00,0.59015,0.59035,0.59015,0.5902,80
2026-03-23T15:04:00,0.59015,0.5905,0.59005,0.59035,55
2026-03-23T15:05:00,0.59035,0.5904,0.59005,0.5902,50
2026-03-23T15:06:00,0.59015,0.59035,0.59005,0.59025,101
2026-03-23T15:07:00,0.59025,0.59025,0.58995,0.58995,334
2026-03-23T15:08:00,0.5899,0.5901,0.5896,0.58965,488
2026-03-23T15:09:00,0.58975,0.59005,0.58975,0.59,47
2026-03-23T15:10:00,0.58985,0.59005,0.5898,0.59,54
2026-03-23T15:11:00,0.59,0.59,0.5898,0.5898,62
2026-03-23T15:12:00,0.5896,0.58965,0.58935,0.58955,59
2026-03-23T15:13:00,0.5893,0.58975,0.58925,0.58975,87
2026-03-23T15:14:00,0.58975,0.5899,0.58945,0.5896,34
2026-03-23T15:15:00,0.5897,0.5897,0.5894,0.58945,17
2026-03-23T15:16:00,0.5894,0.58945,0.589,0.58905,60
2026-03-23T15:17:00,0.5891,0.5892,0.58895,0.58895,61
2026-03-23T15:18:00,0.58905,0.5892,0.58885,0.58895,76
2026-03-23T15:19:00,0.58905,0.58905,0.5888,0.5888,57
2026-03-23T15:20:00,0.5888,0.5888,0.5885,0.58855,115
2026-03-23T15:21:00,0.5886,0.58865,0.58835,0.58865,127
2026-03-23T15:22:00,0.5887,0.58895,0.58865,0.58895,68
2026-03-23T15:23:00,0.58895,0.589,0.58875,0.58895,98
2026-03-23T15:24:00,0.589,0.589,0.58875,0.58885,89
2026-03-23T15:25:00,0.5888,0.58885,0.58865,0.58875,45
2026-03-23T15:26:00,0.5888,0.5888,0.5883,0.58835,65
2026-03-23T15:27:00,0.58835,0.58835,0.5881,0.5882,50
2026-03-23T15:28:00,0.5882,0.58825,0.588,0.588,29
2026-03-23T15:29:00,0.588,0.58805,0.5879,0.588,35
2026-03-23T15:30:00,0.588,0.5882,0.58795,0.58805,79
2026-03-23T15:31:00,0.5881,0.5882,0.58795,0.58815,77
2026-03-23T15:32:00,0.58815,0.58825,0.58805,0.58805,35
2026-03-23T15:33:00,0.58805,0.58805,0.58785,0.5879,39
2026-03-23T15:34:00,0.58795,0.58795,0.5876,0.58765,67
2026-03-23T15:35:00,0.58765,0.58765,0.58735,0.58735,95
2026-03-23T15:36:00,0.5874,0.5876,0.5872,0.5872,77
2026-03-23T15:37:00,0.5872,0.58725,0.587,0.587,152
2026-03-23T15:38:00,0.58705,0.5872,0.5869,0.5869,46
2026-03-23T15:39:00,0.58705,0.58715,0.58695,0.58695,46
2026-03-23T15:40:00,0.58695,0.58705,0.58665,0.58665,223
2026-03-23T15:41:00,0.5867,0.5872,0.5867,0.5868,183
2026-03-23T15:42:00,0.5868,0.5869,0.5867,0.5867,107
2026-03-23T15:43:00,0.58675,0.5868,0.58645,0.58665,107
2026-03-23T15:44:00,0.5867,0.58685,0.5866,0.5866,98
2026-03-23T15:45:00,0.58655,0.58665,0.5865,0.5865,64
2026-03-23T15:46:00,0.5865,0.5865,0.5863,0.5865,47
2026-03-23T15:47:00,0.58655,0.58675,0.58635,0.58665,98
2026-03-23T15:48:00,0.5866,0.58685,0.5866,0.5867,39
2026-03-23T15:49:00,0.5868,0.587,0.5868,0.58685,38
2026-03-23T15:50:00,0.58685,0.58695,0.5867,0.5867,23
2026-03-23T15:51:00,0.58675,0.5869,0.5866,0.58675,53
2026-03-23T15:52:00,0.58675,0.5868,0.5858,0.5863,489
2026-03-23T15:53:00,0.5862,0.58655,0.586,0.5864,101
2026-03-23T15:54:00,0.5864,0.5864,0.5859,0.586,141
2026-03-23T15:55:00,0.58605,0.58615,0.5857,0.58595,131
2026-03-23T15:56:00,0.58605,0.5861,0.5858,0.58595,101
2026-03-23T15:57:00,0.58595,0.58615,0.5859,0.586,186
2026-03-23T15:58:00,0.58605,0.5861,0.58585,0.5859,92
2026-03-23T15:59:00,0.58585,0.586,0.58585,0.586,66
2026-03-23T16:00:00,0.58595,0.5861,0.58585,0.58585,294
2026-03-23T16:01:00,0.5859,0.58615,0.58575,0.5861,256
2026-03-23T16:02:00,0.58615,0.58635,0.5861,0.5863,47
2026-03-23T16:03:00,0.58625,0.5863,0.5855,0.5856,106
2026-03-23T16:04:00,0.5857,0.5858,0.58565,0.5857,59
2026-03-23T16:05:00,0.58575,0.586,0.58565,0.58575,84
2026-03-23T16:06:00,0.5857,0.58595,0.58555,0.5859,26
2026-03-23T16:07:00,0.58605,0.5863,0.58605,0.5862,31
2026-03-23T16:08:00,0.58625,0.5863,0.58615,0.5862,26
2026-03-23T16:09:00,0.58615,0.58615,0.58585,0.58585,26
2026-03-23T16:10:00,0.5857,0.5858,0.5856,0.5858,32
2026-03-23T16:11:00,0.5858,0.58585,0.5857,0.58575,28
2026-03-23T16:12:00,0.5858,0.5862,0.58575,0.58595,188
2026-03-23T16:13:00,0.58585,0.5859,0.58565,0.5857,183
2026-03-23T16:14:00,0.5856,0.58585,0.5856,0.58585,55
2026-03-23T16:15:00,0.5858,0.5858,0.5856,0.5856,57
2026-03-23T16:16:00,0.58555,0.58585,0.58545,0.58585,76
2026-03-23T16:17:00,0.5856,0.58565,0.58545,0.58545,24
2026-03-23T16:18:00,0.58545,0.5856,0.58545,0.58555,13
2026-03-23T16:19:00,0.5855,0.5856,0.5855,0.58555,44
2026-03-23T16:20:00,0.58565,0.58565,0.5853,0.58535,37
2026-03-23T16:21:00,0.58535,0.58555,0.58535,0.5854,86
2026-03-23T16:22:00,0.58535,0.5856,0.5852,0.58555,86
2026-03-23T16:23:00,0.5854,0.58565,0.58535,0.5854,71
2026-03-23T16:24:00,0.58545,0.5856,0.5854,0.5856,41
2026-03-23T16:25:00,0.58555,0.5856,0.58505,0.58535,101
2026-03-23T16:26:00,0.58535,0.58545,0.5853,0.5853,84
2026-03-23T16:27:00,0.58525,0.58525,0.5851,0.58515,128
2026-03-23T16:28:00,0.58515,0.58535,0.58505,0.58535,78
2026-03-23T16:29:00,0.5852,0.5852,0.585,0.58505,48
2026-03-23T16:30:00,0.5851,0.58525,0.585,0.5852,43
2026-03-23T16:31:00,0.58515,0.5855,0.58515,0.5855,51
2026-03-23T16:32:00,0.5855,0.5856,0.5855,0.5855,47
2026-03-23T16:33:00,0.58555,0.58565,0.5855,0.58565,17
2026-03-23T16:34:00,0.5857,0.5859,0.58565,0.5859,32
2026-03-23T16:35:00,0.586,0.5862,0.58595,0.58595,41
2026-03-23T16:36:00,0.5861,0.58615,0.58605,0.58615,8
2026-03-23T16:37:00,0.5862,0.5863,0.58615,0.5863,37
2026-03-23T16:38:00,0.5862,0.58625,0.58605,0.58605,17
2026-03-23T16:39:00,0.586,0.58605,0.5859,0.586,27
2026-03-23T16:40:00,0.586,0.5862,0.586,0.58615,30
2026-03-23T16:41:00,0.5861,0.58615,0.58605,0.58615,30
2026-03-23T16:42:00,0.5861,0.5862,0.586,0.5862,51
2026-03-23T16:43:00,0.5863,0.5864,0.5863,0.5864,27
2026-03-23T16:44:00,0.58645,0.5865,0.5861,0.58645,169
2026-03-23T16:45:00,0.5864,0.58665,0.5863,0.58665,36
2026-03-23T16:46:00,0.5866,0.58665,0.5864,0.5864,50
2026-03-23T16:47:00,0.5864,0.5866,0.5863,0.5865,19
2026-03-23T16:48:00,0.5866,0.5866,0.58635,0.5865,11
2026-03-23T16:49:00,0.5865,0.58675,0.5865,0.5867,21
2026-03-23T16:50:00,0.58675,0.587,0.58675,0.587,24
2026-03-23T16:51:00,0.5869,0.58705,0.5867,0.58685,88
2026-03-23T16:52:00,0.5869,0.587,0.5868,0.58685,20
2026-03-23T16:53:00,0.587,0.5871,0.5869,0.5871,16
2026-03-23T16:54:00,0.58705,0.5871,0.5869,0.58705,32
2026-03-23T16:55:00,0.5871,0.58715,0.587,0.58705,37
2026-03-23T16:56:00,0.5871,0.5871,0.58695,0.58695,61
2026-03-23T16:57:00,0.587,0.5871,0.58665,0.5868,186
2026-03-23T16:58:00,0.58685,0.58685,0.5867,0.5868,43
2026-03-23T16:59:00,0.5868,0.58685,0.5868,0.58685,7
2026-03-23T17:00:00,0.5869,0.58725,0.5869,0.5872,68
2026-03-23T17:01:00,0.5872,0.5872,0.5869,0.58715,127
2026-03-23T17:02:00,0.5871,0.5872,0.58675,0.5868,96
2026-03-23T17:03:00,0.5867,0.58695,0.5867,0.5869,144
2026-03-23T17:04:00,0.58695,0.58705,0.5868,0.5868,39
2026-03-23T17:05:00,0.58685,0.587,0.58665,0.58695,40
2026-03-23T17:06:00,0.5869,0.58705,0.58685,0.587,58
2026-03-23T17:07:00,0.5871,0.5873,0.5871,0.5873,13
2026-03-23T17:08:00,0.5873,0.5874,0.58715,0.5874,22
2026-03-23T17:09:00,0.58745,0.58755,0.58745,0.5875,10
2026-03-23T17:10:00,0.5875,0.5876,0.58745,0.58745,30
2026-03-23T17:11:00,0.5874,0.5877,0.5874,0.5876,122
2026-03-23T17:12:00,0.5876,0.58765,0.58755,0.58755,74
2026-03-23T17:13:00,0.58755,0.5876,0.5875,0.5875,17
2026-03-23T17:14:00,0.5875,0.5875,0.5872,0.5872,18
2026-03-23T17:15:00,0.58725,0.5874,0.58725,0.5873,31
2026-03-23T17:16:00,0.58725,0.5873,0.58695,0.58715,62
2026-03-23T17:17:00,0.5872,0.58745,0.58715,0.58745,50
2026-03-23T17:18:00,0.58745,0.5875,0.5874,0.58745,35
2026-03-23T17:19:00,0.5874,0.58745,0.5874,0.5874,8
2026-03-23T17:20:00,0.5873,0.5873,0.587,0.587,58
2026-03-23T17:21:00,0.587,0.5872,0.58695,0.58715,13
2026-03-23T17:22:00,0.5872,0.58735,0.5872,0.58725,16
2026-03-23T17:23:00,0.58735,0.58735,0.58725,0.58725,7
2026-03-23T17:24:00,0.5872,0.58725,0.5871,0.58715,10
2026-03-23T17:25:00,0.5872,0.5875,0.5872,0.5875,9
2026-03-23T17:26:00,0.5873,0.58745,0.58725,0.5874,20
2026-03-23T17:27:00,0.5874,0.58755,0.5874,0.58745,15
2026-03-23T17:28:00,0.5875,0.5875,0.5874,0.58745,55
2026-03-23T17:29:00,0.58745,0.5876,0.58745,0.5876,18
2026-03-23T17:30:00,0.5875,0.58765,0.5875,0.5875,23
2026-03-23T17:31:00,0.58765,0.58765,0.58755,0.5876,16
2026-03-23T17:32:00,0.58755,0.5876,0.5875,0.58755,16
2026-03-23T17:33:00,0.58755,0.588,0.5875,0.588,47
2026-03-23T17:34:00,0.58795,0.588,0.58785,0.588,73
2026-03-23T17:35:00,0.5881,0.58865,0.5881,0.58865,275
2026-03-23T17:36:00,0.5885,0.58875,0.58845,0.5887,35
2026-03-23T17:37:00,0.58875,0.5888,0.5886,0.5886,65
2026-03-23T17:38:00,0.58855,0.5887,0.58855,0.5886,45
2026-03-23T17:39:00,0.5885,0.58855,0.58845,0.5885,43
2026-03-23T17:40:00,0.5885,0.58855,0.58835,0.58835,26
2026-03-23T17:41:00,0.58845,0.58845,0.5883,0.5883,30
2026-03-23T17:42:00,0.5883,0.5883,0.5881,0.58815,16
2026-03-23T17:43:00,0.5881,0.5881,0.5879,0.588,9
2026-03-23T17:44:00,0.58805,0.5881,0.58795,0.58795,21
2026-03-23T17:45:00,0.588,0.588,0.5878,0.58785,42
2026-03-23T17:46:00,0.5879,0.5879,0.5878,0.5878,13
2026-03-23T17:47:00,0.5877,0.5878,0.58755,0.58765,92
2026-03-23T17:48:00,0.5877,0.5877,0.5876,0.58765,17
2026-03-23T17:49:00,0.58765,0.5878,0.58765,0.5878,40
2026-03-23T17:50:00,0.58775,0.5879,0.58765,0.58785,95
2026-03-23T17:51:00,0.5878,0.58785,0.58775,0.58785,11
2026-03-23T17:52:00,0.58785,0.5879,0.58785,0.5879,13
2026-03-23T17:53:00,0.5878,0.5881,0.5878,0.5881,29
2026-03-23T17:54:00,0.5881,0.5883,0.5881,0.5883,36
2026-03-23T17:55:00,0.58825,0.58825,0.5881,0.58825,24
2026-03-23T17:56:00,0.5883,0.58845,0.5883,0.58845,12
2026-03-23T17:57:00,0.58845,0.58855,0.58845,0.58855,17
2026-03-23T17:58:00,0.58855,0.5886,0.5885,0.58855,25
2026-03-23T17:59:00,0.58845,0.5885,0.58825,0.5883,32
2026-03-23T18:00:00,0.5883,0.5884,0.5883,0.5883,30
2026-03-23T18:01:00,0.58825,0.58835,0.58815,0.58815,16
2026-03-23T18:02:00,0.5882,0.58835,0.58815,0.5882,11
2026-03-23T18:03:00,0.58825,0.58825,0.58825,0.58825,10
2026-03-23T18:04:00,0.5883,0.58845,0.5883,0.5884,23
2026-03-23T18:05:00,0.5884,0.58845,0.58835,0.58835,12
2026-03-23T18:06:00,0.58835,0.58835,0.58825,0.58825,21
2026-03-23T18:07:00,0.58825,0.5883,0.5875,0.5876,362
2026-03-23T18:08:00,0.5876,0.5882,0.5876,0.5881,261
2026-03-23T18:09:00,0.58805,0.58815,0.58805,0.58805,23
2026-03-23T18:10:00,0.58815,0.5883,0.5881,0.5881,142
2026-03-23T18:11:00,0.58815,0.58835,0.58805,0.58835,60
2026-03-23T18:12:00,0.58825,0.58825,0.58815,0.58825,18
2026-03-23T18:13:00,0.58815,0.5884,0.58815,0.58825,7
2026-03-23T18:14:00,0.5883,0.5884,0.5881,0.5881,40
2026-03-23T18:15:00,0.58815,0.58815,0.58795,0.5881,72
2026-03-23T18:16:00,0.588,0.588,0.5876,0.58765,49
2026-03-23T18:17:00,0.58765,0.58785,0.58765,0.5877,14
2026-03-23T18:18:00,0.5878,0.58795,0.5878,0.58795,23
2026-03-23T18:19:00,0.5879,0.588,0.58785,0.58785,11
2026-03-23T18:20:00,0.58785,0.58795,0.58775,0.58795,32
2026-03-23T18:21:00,0.588,0.588,0.58795,0.588,6
2026-03-23T18:22:00,0.58795,0.58795,0.5879,0.5879,17
2026-03-23T18:23:00,0.58795,0.58805,0.58795,0.58795,6
2026-03-23T18:25:00,0.58805,0.58825,0.58805,0.58825,25
2026-03-23T18:26:00,0.58825,0.5883,0.58825,0.58825,3
2026-03-23T18:27:00,0.5883,0.5883,0.58815,0.58815,10
2026-03-23T18:28:00,0.5881,0.58815,0.58805,0.58815,11
2026-03-23T18:29:00,0.58805,0.5881,0.588,0.5881,37
2026-03-23T18:30:00,0.58815,0.5886,0.58815,0.5886,29
2026-03-23T18:31:00,0.5885,0.5886,0.58845,0.5886,43
2026-03-23T18:32:00,0.58855,0.5886,0.5885,0.5886,19
2026-03-23T18:33:00,0.5886,0.58895,0.5886,0.5889,40
2026-03-23T18:34:00,0.5889,0.58925,0.58885,0.5892,34
2026-03-23T18:35:00,0.5893,0.58955,0.5893,0.58935,63
2026-03-23T18:36:00,0.58935,0.5896,0.58935,0.5896,22
2026-03-23T18:37:00,0.5896,0.58985,0.5896,0.58975,64
2026-03-23T18:38:00,0.5897,0.58985,0.5897,0.58975,69
2026-03-23T18:39:00,0.5897,0.5897,0.58915,0.5894,313
2026-03-23T18:40:00,0.5893,0.5895,0.5893,0.5893,16
2026-03-23T18:41:00,0.5893,0.5894,0.5892,0.58925,23
2026-03-23T18:42:00,0.58925,0.5895,0.58925,0.58945,16
2026-03-23T18:43:00,0.58945,0.5896,0.58935,0.5895,19
2026-03-23T18:44:00,0.5894,0.58945,0.58935,0.58945,18
2026-03-23T18:45:00,0.5894,0.5895,0.58935,0.5895,23
2026-03-23T18:46:00,0.58945,0.58955,0.5894,0.58955,30
2026-03-23T18:47:00,0.5896,0.5896,0.5894,0.5894,19
2026-03-23T18:48:00,0.58945,0.5896,0.58945,0.5895,60
2026-03-23T18:49:00,0.5895,0.5896,0.5895,0.5896,44
2026-03-23T18:50:00,0.58965,0.58975,0.5895,0.5895,31
2026-03-23T18:51:00,0.5894,0.58955,0.5894,0.58955,109
2026-03-23T18:52:00,0.58955,0.58965,0.58945,0.5895,101
2026-03-23T18:53:00,0.58945,0.5896,0.58945,0.58955,30
2026-03-23T18:54:00,0.5895,0.58965,0.58945,0.58965,51
2026-03-23T18:55:00,0.5897,0.5898,0.5896,0.5896,31
2026-03-23T18:56:00,0.58965,0.5897,0.58955,0.58955,54
2026-03-23T18:57:00,0.58955,0.58965,0.58945,0.58955,55
2026-03-23T18:58:00,0.5896,0.58965,0.58955,0.58965,11
2026-03-23T18:59:00,0.58965,0.58965,0.5894,0.5894,474
2026-03-23T19:00:00,0.58945,0.5895,0.5892,0.5893,496
2026-03-23T19:01:00,0.5893,0.58945,0.5893,0.5894,61
2026-03-23T19:02:00,0.58945,0.58965,0.5894,0.58965,45
2026-03-23T19:03:00,0.5896,0.5896,0.58935,0.5894,40
2026-03-23T19:04:00,0.58935,0.58945,0.5893,0.5893,8
2026-03-23T19:05:00,0.58935,0.58935,0.5893,0.5893,5
2026-03-23T19:06:00,0.58935,0.5894,0.5893,0.5893,8
2026-03-23T19:07:00,0.58935,0.5894,0.58935,0.5894,17
2026-03-23T19:08:00,0.5894,0.5894,0.58935,0.58935,10
2026-03-23T19:09:00,0.58935,0.5894,0.58935,0.5894,2
2026-03-23T19:10:00,0.58945,0.58945,0.58925,0.5893,32
2026-03-23T19:11:00,0.58925,0.5893,0.5892,0.58925,19
2026-03-23T19:12:00,0.5892,0.5892,0.5892,0.5892,9
2026-03-23T19:13:00,0.5893,0.5893,0.58915,0.5892,13
2026-03-23T19:14:00,0.5891,0.58915,0.58905,0.58915,14
2026-03-23T19:15:00,0.5892,0.5892,0.589,0.589,9
2026-03-23T19:16:00,0.58905,0.58905,0.5889,0.5889,11
2026-03-23T19:17:00,0.589,0.5891,0.589,0.58905,9
2026-03-23T19:18:00,0.58915,0.58915,0.5891,0.5891,4
2026-03-23T19:19:00,0.58915,0.58915,0.5891,0.5891,3
2026-03-23T19:20:00,0.58905,0.5891,0.589,0.589,19
2026-03-23T19:21:00,0.58905,0.58905,0.589,0.589,5
2026-03-23T19:22:00,0.58905,0.5891,0.58895,0.589,37
2026-03-23T19:23:00,0.58895,0.58905,0.58885,0.58895,118
2026-03-23T19:24:00,0.5889,0.58895,0.58885,0.58895,38
2026-03-23T19:25:00,0.58895,0.58895,0.5887,0.5888,135
2026-03-23T19:26:00,0.5888,0.58885,0.58855,0.58865,47
2026-03-23T19:27:00,0.58865,0.58875,0.58855,0.58855,110
2026-03-23T19:28:00,0.5886,0.58865,0.5886,0.5886,6
2026-03-23T19:29:00,0.5886,0.5886,0.5885,0.5885,17
2026-03-23T19:30:00,0.5885,0.5885,0.5884,0.58845,29
2026-03-23T19:31:00,0.5884,0.5884,0.58835,0.5884,43
2026-03-23T19:32:00,0.58845,0.58845,0.5883,0.5883,28
2026-03-23T19:33:00,0.5883,0.58855,0.5883,0.58855,86
2026-03-23T19:34:00,0.5885,0.5886,0.5884,0.5885,184
2026-03-23T19:35:00,0.5885,0.58855,0.58845,0.58845,42
2026-03-23T19:36:00,0.58845,0.58845,0.5884,0.58845,28
2026-03-23T19:37:00,0.58845,0.58845,0.58835,0.58845,41
2026-03-23T19:38:00,0.58845,0.5885,0.58845,0.5885,16
2026-03-23T19:39:00,0.5885,0.5885,0.5884,0.5884,16
2026-03-23T19:40:00,0.58845,0.5885,0.5884,0.5885,39
2026-03-23T19:42:00,0.58825,0.5884,0.58825,0.5884,10
2026-03-23T19:43:00,0.58825,0.5884,0.58825,0.5884,24
2026-03-23T19:44:00,0.58835,0.5885,0.5883,0.5885,38
2026-03-23T19:45:00,0.58845,0.58855,0.58845,0.5885,18
2026-03-23T19:46:00,0.58855,0.58865,0.58855,0.58855,7
2026-03-23T19:47:00,0.5885,0.5885,0.5885,0.5885,2
2026-03-23T19:48:00,0.5884,0.5884,0.5884,0.5884,3
2026-03-23T19:49:00,0.5885,0.5885,0.58845,0.58845,7
2026-03-23T19:50:00,0.58845,0.58845,0.5883,0.58835,11
2026-03-23T19:51:00,0.5883,0.5883,0.5883,0.5883,1
2026-03-23T19:52:00,0.5884,0.5885,0.5884,0.5885,7
2026-03-23T19:53:00,0.58845,0.58855,0.5883,0.5885,42
2026-03-23T19:54:00,0.5884,0.5884,0.58835,0.58835,5
2026-03-23T19:55:00,0.58835,0.58845,0.5883,0.5883,6
2026-03-23T19:56:00,0.5883,0.5884,0.5883,0.58835,16
2026-03-23T19:57:00,0.5882,0.58835,0.58815,0.58835,9
2026-03-23T19:58:00,0.58835,0.5884,0.5883,0.5883,34
2026-03-23T19:59:00,0.5883,0.58835,0.58825,0.5883,7
2026-03-23T20:00:00,0.58825,0.58825,0.58815,0.58815,34
2026-03-23T20:01:00,0.58815,0.5882,0.5881,0.58815,18
2026-03-23T20:02:00,0.5882,0.5883,0.5882,0.5883,20
2026-03-23T20:03:00,0.58825,0.58825,0.58795,0.58805,93
2026-03-23T20:04:00,0.588,0.5881,0.58775,0.58785,79
2026-03-23T20:05:00,0.5878,0.5879,0.5877,0.58775,103
2026-03-23T20:06:00,0.58785,0.58785,0.58785,0.58785,3
2026-03-23T20:07:00,0.58785,0.58795,0.5878,0.5878,31
2026-03-23T20:08:00,0.5878,0.5879,0.5878,0.5879,43
2026-03-23T20:09:00,0.58795,0.58805,0.58795,0.58805,6
2026-03-23T20:10:00,0.588,0.588,0.588,0.588,3
2026-03-23T20:11:00,0.58805,0.58805,0.58795,0.58795,4
2026-03-23T20:13:00,0.58785,0.5879,0.58785,0.58785,26
2026-03-23T20:14:00,0.58785,0.58785,0.58775,0.58785,111
2026-03-23T20:15:00,0.5879,0.5879,0.5878,0.58785,92
2026-03-23T20:16:00,0.5878,0.5878,0.5878,0.5878,2
2026-03-23T20:17:00,0.58775,0.58775,0.58775,0.58775,1
2026-03-23T20:18:00,0.58775,0.58775,0.5877,0.58775,53
2026-03-23T20:19:00,0.58775,0.58775,0.58765,0.58765,12
2026-03-23T20:20:00,0.5877,0.5877,0.5877,0.5877,1
2026-03-23T20:21:00,0.5877,0.58785,0.5877,0.58785,22
2026-03-23T20:22:00,0.58785,0.58785,0.5876,0.58765,78
2026-03-23T20:23:00,0.58765,0.5877,0.5876,0.5876,7
2026-03-23T20:24:00,0.5876,0.5876,0.58755,0.58755,24
2026-03-23T20:25:00,0.5875,0.5875,0.5874,0.58745,28
2026-03-23T20:26:00,0.58745,0.5875,0.5874,0.5874,73
2026-03-23T20:27:00,0.5874,0.58745,0.58735,0.58735,40
2026-03-23T20:28:00,0.58745,0.58745,0.58735,0.58735,41
2026-03-23T20:29:00,0.5874,0.5874,0.58735,0.58735,38
2026-03-23T20:30:00,0.58735,0.58735,0.58725,0.58725,22
2026-03-23T20:31:00,0.5873,0.5873,0.5872,0.5872,40
2026-03-23T20:32:00,0.5872,0.58725,0.5872,0.5872,11
2026-03-23T20:33:00,0.58725,0.58735,0.58725,0.58735,6
2026-03-23T20:34:00,0.58735,0.5874,0.58735,0.5874,15
2026-03-23T20:35:00,0.58735,0.58735,0.58735,0.58735,15
2026-03-23T20:36:00,0.5873,0.5873,0.58725,0.58725,40
2026-03-23T20:37:00,0.58725,0.5873,0.58725,0.5873,37
2026-03-23T20:39:00,0.5874,0.58745,0.5874,0.58745,18
2026-03-23T20:40:00,0.58735,0.58735,0.58735,0.58735,7
2026-03-23T20:41:00,0.58735,0.5874,0.58735,0.5874,18
2026-03-23T20:42:00,0.58745,0.5875,0.58745,0.58745,30
2026-03-23T20:43:00,0.5875,0.5875,0.5875,0.5875,1
2026-03-23T20:44:00,0.5875,0.5875,0.5875,0.5875,2
2026-03-23T20:45:00,0.58755,0.58755,0.58755,0.58755,3
2026-03-23T20:46:00,0.5876,0.58775,0.58755,0.58775,58
2026-03-23T20:47:00,0.58775,0.58775,0.5877,0.5877,20
2026-03-23T20:48:00,0.58775,0.58775,0.5877,0.58775,28
2026-03-23T20:49:00,0.5878,0.5878,0.58775,0.58775,5
2026-03-23T20:50:00,0.58775,0.58775,0.5876,0.58765,62
2026-03-23T20:51:00,0.5877,0.5878,0.5877,0.5877,13
2026-03-23T20:52:00,0.5876,0.58765,0.5876,0.58765,12
2026-03-23T20:53:00,0.58765,0.5877,0.58765,0.5877,19
2026-03-23T20:55:00,0.5876,0.5876,0.5876,0.5876,7
2026-03-23T20:57:00,0.58765,0.58765,0.58765,0.58765,3
2026-03-23T20:58:00,0.5877,0.5877,0.58765,0.58765,8
2026-03-23T20:59:00,0.58755,0.5876,0.58755,0.5876,8
2026-03-23T22:00:00,0.58725,0.58755,0.58725,0.58755,14
2026-03-23T22:01:00,0.58745,0.58745,0.58745,0.58745,3
2026-03-23T22:02:00,0.58745,0.5875,0.58735,0.5875,23
2026-03-23T22:03:00,0.5875,0.5875,0.5873,0.5873,32
2026-03-23T22:04:00,0.5873,0.58735,0.5873,0.58735,7
2026-03-23T22:05:00,0.58735,0.58765,0.5871,0.5874,270
2026-03-23T22:06:00,0.58745,0.58745,0.58725,0.5874,66
2026-03-23T22:07:00,0.58745,0.58745,0.58745,0.58745,1
2026-03-23T22:08:00,0.5876,0.58785,0.5876,0.5878,10
2026-03-23T22:09:00,0.5878,0.5878,0.5877,0.5877,16
2026-03-23T22:10:00,0.58765,0.58765,0.58755,0.5876,29
2026-03-23T22:11:00,0.58755,0.58755,0.58755,0.58755,2
2026-03-23T22:12:00,0.5876,0.5877,0.5876,0.58765,6
2026-03-23T22:13:00,0.5877,0.5877,0.58765,0.58765,6
2026-03-23T22:14:00,0.5877,0.5877,0.5877,0.5877,1
2026-03-23T22:15:00,0.5878,0.5878,0.58775,0.58775,8
2026-03-23T22:16:00,0.5877,0.5877,0.5877,0.5877,3
2026-03-23T22:17:00,0.58765,0.58765,0.58765,0.58765,3
2026-03-23T22:20:00,0.58765,0.58765,0.5876,0.5876,3
2026-03-23T22:22:00,0.5877,0.5877,0.5877,0.5877,1
2026-03-23T22:24:00,0.5878,0.5878,0.5878,0.5878,2
2026-03-23T22:27:00,0.5879,0.5879,0.58785,0.58785,10
2026-03-23T22:29:00,0.5879,0.588,0.5879,0.588,17
2026-03-23T22:31:00,0.58795,0.588,0.58795,0.58795,13
2026-03-23T22:33:00,0.5879,0.58795,0.58785,0.58785,11
2026-03-23T22:36:00,0.588,0.58805,0.5879,0.5879,11
2026-03-23T22:37:00,0.58795,0.58795,0.58795,0.58795,1
2026-03-23T22:38:00,0.58795,0.58795,0.58795,0.58795,1
2026-03-23T22:39:00,0.588,0.588,0.5879,0.5879,2
2026-03-23T22:40:00,0.58785,0.58785,0.58785,0.58785,1
2026-03-23T22:41:00,0.5879,0.58795,0.5879,0.58795,23
2026-03-23T22:42:00,0.5879,0.588,0.5879,0.58795,17
2026-03-23T22:44:00,0.5879,0.5879,0.5879,0.5879,3
2026-03-23T22:45:00,0.5879,0.58795,0.5879,0.58795,12
2026-03-23T22:46:00,0.588,0.588,0.58795,0.588,32
2026-03-23T22:47:00,0.58795,0.588,0.58795,0.588,22
2026-03-23T22:48:00,0.58805,0.58805,0.58805,0.58805,1
2026-03-23T22:49:00,0.58805,0.58805,0.58805,0.58805,11
2026-03-23T22:51:00,0.58805,0.58805,0.58805,0.58805,1
2026-03-23T22:52:00,0.58815,0.58845,0.58815,0.5883,48
2026-03-23T22:53:00,0.5883,0.5883,0.5882,0.58825,5
2026-03-23T22:54:00,0.58835,0.58835,0.58825,0.5883,11
2026-03-23T22:55:00,0.5882,0.5882,0.5882,0.5882,4
2026-03-23T22:56:00,0.58815,0.5882,0.58815,0.58815,16
2026-03-23T22:57:00,0.5881,0.5881,0.5881,0.5881,3
2026-03-23T22:58:00,0.5882,0.5882,0.5882,0.5882,7
2026-03-23T22:59:00,0.58815,0.58815,0.58815,0.58815,4
2026-03-23T23:00:00,0.58805,0.5881,0.58805,0.58805,14
2026-03-23T23:01:00,0.5881,0.58815,0.5881,0.58815,11
2026-03-23T23:02:00,0.5881,0.5881,0.5881,0.5881,3
2026-03-23T23:03:00,0.5881,0.5881,0.5881,0.5881,3
2026-03-23T23:04:00,0.58805,0.58805,0.588,0.588,7
2026-03-23T23:05:00,0.58805,0.5881,0.58805,0.58805,8
2026-03-23T23:07:00,0.58805,0.58805,0.58805,0.58805,2
2026-03-23T23:08:00,0.58805,0.58805,0.58795,0.58795,9
2026-03-23T23:10:00,0.5879,0.5879,0.58785,0.58785,2
2026-03-23T23:11:00,0.5878,0.5878,0.58775,0.58775,12
2026-03-23T23:12:00,0.58775,0.58775,0.58775,0.58775,1
2026-03-23T23:13:00,0.58775,0.5878,0.58775,0.5878,5
2026-03-23T23:15:00,0.58775,0.58775,0.5877,0.58775,12
2026-03-23T23:16:00,0.58775,0.58775,0.58775,0.58775,6
2026-03-23T23:17:00,0.5879,0.58795,0.5879,0.58795,14
2026-03-23T23:18:00,0.58795,0.58795,0.5879,0.58795,33
2026-03-23T23:19:00,0.5879,0.58795,0.5878,0.5878,20
2026-03-23T23:20:00,0.58775,0.5878,0.58775,0.58775,9
2026-03-23T23:21:00,0.58775,0.58775,0.58775,0.58775,3
2026-03-23T23:22:00,0.5878,0.5878,0.5878,0.5878,1
2026-03-23T23:23:00,0.58775,0.58775,0.58775,0.58775,12
2026-03-23T23:24:00,0.5878,0.5879,0.5878,0.5879,20
2026-03-23T23:25:00,0.58795,0.58795,0.5879,0.5879,13
2026-03-23T23:26:00,0.58795,0.58795,0.58795,0.58795,10
2026-03-23T23:27:00,0.5879,0.5879,0.5879,0.5879,13
2026-03-23T23:28:00,0.58785,0.58785,0.58775,0.58775,47
2026-03-23T23:30:00,0.58775,0.58775,0.58765,0.58765,7
2026-03-23T23:31:00,0.58765,0.58765,0.58765,0.58765,1
2026-03-23T23:32:00,0.58765,0.58775,0.58765,0.58775,9
2026-03-23T23:33:00,0.5877,0.5877,0.5877,0.5877,22
2026-03-23T23:34:00,0.58765,0.58765,0.58765,0.58765,9
2026-03-23T23:35:00,0.5876,0.58765,0.5876,0.5876,10
2026-03-23T23:36:00,0.58755,0.58755,0.58755,0.58755,10
2026-03-23T23:37:00,0.5875,0.5876,0.58745,0.58745,90
2026-03-23T23:38:00,0.5875,0.5875,0.5875,0.5875,3
2026-03-23T23:39:00,0.5875,0.5875,0.5875,0.5875,1
2026-03-23T23:40:00,0.58755,0.58755,0.5874,0.5874,9
2026-03-23T23:41:00,0.5874,0.58745,0.5874,0.58745,25
2026-03-23T23:42:00,0.58745,0.58745,0.58745,0.58745,6
2026-03-23T23:44:00,0.58745,0.58755,0.58745,0.58755,4
2026-03-23T23:45:00,0.5876,0.5876,0.58725,0.5873,29
2026-03-23T23:46:00,0.58735,0.5874,0.5872,0.5872,23
2026-03-23T23:47:00,0.58725,0.58725,0.5871,0.5871,53
2026-03-23T23:48:00,0.5871,0.5871,0.5871,0.5871,1
2026-03-23T23:49:00,0.58705,0.58715,0.58705,0.58715,49
2026-03-23T23:50:00,0.58715,0.5872,0.5871,0.5871,16
2026-03-23T23:51:00,0.58715,0.58715,0.58715,0.58715,5
2026-03-23T23:52:00,0.5871,0.5871,0.5871,0.5871,1
2026-03-23T23:53:00,0.58715,0.5872,0.58715,0.5872,6
2026-03-23T23:54:00,0.58715,0.58715,0.58705,0.58705,34
2026-03-23T23:55:00,0.58705,0.58705,0.587,0.587,5
2026-03-23T23:56:00,0.587,0.587,0.58685,0.58685,75
2026-03-23T23:57:00,0.587,0.587,0.587,0.587,1
2026-03-23T23:58:00,0.587,0.58715,0.587,0.58715,4
2026-03-23T23:59:00,0.58715,0.5872,0.58715,0.5872,9
2026-03-24T00:00:00,0.5872,0.5872,0.5871,0.58715,9
2026-03-24T00:01:00,0.58705,0.58715,0.5869,0.5869,40
2026-03-24T00:02:00,0.5868,0.5868,0.58665,0.5867,27
2026-03-24T00:03:00,0.5867,0.5867,0.58655,0.58655,15
2026-03-24T00:04:00,0.58655,0.58665,0.5865,0.58655,16
2026-03-24T00:05:00,0.58655,0.58665,0.58655,0.58665,4
2026-03-24T00:06:00,0.5866,0.58665,0.5866,0.58665,15
2026-03-24T00:07:00,0.58665,0.5867,0.58655,0.58655,13
2026-03-24T00:08:00,0.58665,0.58665,0.58655,0.58655,5
2026-03-24T00:09:00,0.58655,0.5866,0.58655,0.5866,40
2026-03-24T00:10:00,0.58655,0.58655,0.5865,0.58655,21
2026-03-24T00:11:00,0.5865,0.5865,0.5864,0.5864,6
2026-03-24T00:12:00,0.58635,0.58635,0.58615,0.58615,23
2026-03-24T00:13:00,0.58615,0.58615,0.586,0.586,19
2026-03-24T00:14:00,0.586,0.586,0.5859,0.5859,32
2026-03-24T00:15:00,0.5859,0.5859,0.5857,0.58585,57
2026-03-24T00:16:00,0.58585,0.58595,0.58585,0.58585,10
2026-03-24T00:17:00,0.5858,0.5858,0.58565,0.58565,23
2026-03-24T00:18:00,0.58565,0.58565,0.58555,0.5856,9
2026-03-24T00:19:00,0.5857,0.58585,0.58565,0.58585,4
2026-03-24T00:20:00,0.58585,0.58585,0.58565,0.5857,17
2026-03-24T00:21:00,0.5859,0.5861,0.5859,0.5861,5
2026-03-24T00:22:00,0.58615,0.58625,0.5861,0.5862,14
2026-03-24T00:23:00,0.5862,0.5863,0.5862,0.58625,12
2026-03-24T00:24:00,0.58625,0.58635,0.58625,0.5863,15
2026-03-24T00:25:00,0.5863,0.58635,0.5863,0.5863,12
2026-03-24T00:26:00,0.58635,0.58645,0.5863,0.5863,25
2026-03-24T00:27:00,0.58625,0.58625,0.5862,0.5862,17
2026-03-24T00:28:00,0.5862,0.5862,0.58615,0.58615,7
2026-03-24T00:30:00,0.5862,0.58625,0.5862,0.58625,18
2026-03-24T00:31:00,0.5862,0.58635,0.5862,0.58625,7
2026-03-24T00:32:00,0.58625,0.58625,0.58615,0.58615,14
2026-03-24T00:33:00,0.58605,0.58615,0.5859,0.5859,37
2026-03-24T00:34:00,0.58595,0.58625,0.58595,0.5862,11
2026-03-24T00:35:00,0.58615,0.58615,0.586,0.586,4
2026-03-24T00:36:00,0.58605,0.5861,0.58605,0.5861,2
2026-03-24T00:37:00,0.58605,0.58605,0.58605,0.58605,3
2026-03-24T00:38:00,0.5861,0.58615,0.58565,0.58575,125
2026-03-24T00:39:00,0.58585,0.5859,0.58495,0.58535,156
2026-03-24T00:40:00,0.5854,0.5857,0.5853,0.5857,95
2026-03-24T00:41:00,0.5857,0.58585,0.5857,0.58585,33
2026-03-24T00:42:00,0.58585,0.5859,0.5857,0.5857,9
2026-03-24T00:43:00,0.5857,0.5858,0.5856,0.5858,52
2026-03-24T00:44:00,0.5858,0.586,0.58575,0.586,83
2026-03-24T00:45:00,0.586,0.58615,0.58595,0.5861,78
2026-03-24T00:46:00,0.5862,0.58625,0.5861,0.58615,50
2026-03-24T00:47:00,0.5861,0.5862,0.5861,0.5862,19
2026-03-24T00:48:00,0.5862,0.5862,0.58615,0.5862,10
2026-03-24T00:49:00,0.58605,0.5861,0.5859,0.58595,31
2026-03-24T00:50:00,0.58605,0.58615,0.586,0.586,15
2026-03-24T00:51:00,0.586,0.5862,0.586,0.58605,7
2026-03-24T00:52:00,0.58605,0.58605,0.586,0.58605,17
2026-03-24T00:53:00,0.5861,0.5863,0.5861,0.5862,15
2026-03-24T00:54:00,0.5862,0.5862,0.58615,0.58615,7
2026-03-24T00:55:00,0.58625,0.58625,0.58625,0.58625,2
2026-03-24T00:56:00,0.5862,0.5862,0.5861,0.58615,36
2026-03-24T00:57:00,0.5862,0.5862,0.58615,0.5862,14
2026-03-24T00:58:00,0.58615,0.58635,0.58615,0.58635,86
2026-03-24T00:59:00,0.5863,0.5863,0.5861,0.5861,4
2026-03-24T01:00:00,0.58615,0.58615,0.58605,0.5861,15
2026-03-24T01:01:00,0.58605,0.5862,0.58605,0.5862,15
2026-03-24T01:02:00,0.5862,0.5862,0.58595,0.58595,61
2026-03-24T01:03:00,0.58595,0.586,0.58585,0.5859,44
2026-03-24T01:04:00,0.5859,0.58615,0.5859,0.5861,19
2026-03-24T01:05:00,0.58605,0.58625,0.58605,0.58605,35
2026-03-24T01:06:00,0.58615,0.58615,0.58605,0.58605,6
2026-03-24T01:07:00,0.58615,0.58615,0.58605,0.58605,9
2026-03-24T01:08:00,0.586,0.58615,0.5859,0.5861,81
2026-03-24T01:09:00,0.58605,0.58615,0.58605,0.5861,12
2026-03-24T01:10:00,0.58605,0.5861,0.58605,0.5861,4
2026-03-24T01:11:00,0.58625,0.58635,0.58625,0.5863,20
2026-03-24T01:12:00,0.5863,0.5863,0.5862,0.5862,8
2026-03-24T01:13:00,0.58615,0.5862,0.58615,0.5862,4
2026-03-24T01:14:00,0.5862,0.5862,0.58615,0.58615,16
2026-03-24T01:15:00,0.58605,0.5861,0.58595,0.586,51
2026-03-24T01:16:00,0.5859,0.5859,0.5857,0.5857,9
2026-03-24T01:17:00,0.58555,0.58555,0.5855,0.58555,7
2026-03-24T01:18:00,0.58555,0.5858,0.58555,0.5857,30
2026-03-24T01:19:00,0.5857,0.58575,0.58565,0.5857,29
2026-03-24T01:20:00,0.5858,0.586,0.5858,0.586,24
2026-03-24T01:21:00,0.58595,0.586,0.58595,0.586,8
2026-03-24T01:22:00,0.5859,0.58615,0.5859,0.5861,22
2026-03-24T01:23:00,0.5861,0.5861,0.586,0.58605,9
2026-03-24T01:25:00,0.586,0.5864,0.586,0.58615,258
2026-03-24T01:26:00,0.5861,0.5861,0.586,0.586,17
2026-03-24T01:27:00,0.58595,0.586,0.58595,0.586,3
2026-03-24T01:28:00,0.58605,0.58605,0.586,0.586,8
2026-03-24T01:29:00,0.58595,0.58595,0.58595,0.58595,5
2026-03-24T01:30:00,0.5859,0.58595,0.5858,0.58585,10
2026-03-24T01:31:00,0.5858,0.5858,0.58565,0.5857,12
2026-03-24T01:32:00,0.5856,0.5856,0.58555,0.58555,6
2026-03-24T01:33:00,0.5855,0.58565,0.5855,0.58565,16
2026-03-24T01:34:00,0.5857,0.5857,0.58555,0.58555,18
2026-03-24T01:35:00,0.58555,0.5856,0.5855,0.5855,9
2026-03-24T01:36:00,0.5855,0.5855,0.58545,0.5855,13
2026-03-24T01:37:00,0.58545,0.58545,0.5852,0.5852,15
2026-03-24T01:38:00,0.58525,0.58525,0.5851,0.5851,23
2026-03-24T01:39:00,0.58515,0.58515,0.58505,0.58505,23
2026-03-24T01:40:00,0.5851,0.58515,0.585,0.585,23
2026-03-24T01:41:00,0.58505,0.58505,0.5848,0.5848,17
2026-03-24T01:42:00,0.5848,0.58495,0.5848,0.58495,9
2026-03-24T01:43:00,0.585,0.585,0.585,0.585,1
2026-03-24T01:44:00,0.58505,0.5851,0.58495,0.58495,8
2026-03-24T01:45:00,0.585,0.58515,0.585,0.5851,5
2026-03-24T01:46:00,0.58505,0.58505,0.58505,0.58505,4
2026-03-24T01:47:00,0.585,0.585,0.58485,0.58485,12
2026-03-24T01:48:00,0.5848,0.5849,0.5848,0.58485,13
2026-03-24T01:49:00,0.5848,0.5849,0.5848,0.58485,41
2026-03-24T01:50:00,0.58485,0.585,0.58485,0.585,33
2026-03-24T01:51:00,0.585,0.58525,0.585,0.58525,28
2026-03-24T01:52:00,0.58535,0.58535,0.58535,0.58535,12
2026-03-24T01:53:00,0.58525,0.58535,0.58525,0.5853,6
2026-03-24T01:54:00,0.5852,0.5852,0.58505,0.58505,39
2026-03-24T01:55:00,0.5851,0.58515,0.5851,0.5851,6
2026-03-24T01:56:00,0.5852,0.58535,0.5852,0.58535,26
2026-03-24T01:57:00,0.58535,0.5854,0.58535,0.58535,65
2026-03-24T01:58:00,0.58535,0.5854,0.58525,0.5854,25
2026-03-24T01:59:00,0.58535,0.58535,0.58535,0.58535,4
2026-03-24T02:00:00,0.5854,0.58545,0.5853,0.58535,57
2026-03-24T02:01:00,0.58535,0.5855,0.58535,0.5855,54
2026-03-24T02:02:00,0.58545,0.58555,0.5854,0.58555,26
2026-03-24T02:03:00,0.58545,0.58555,0.58545,0.58555,17
2026-03-24T02:04:00,0.5855,0.5857,0.5855,0.5857,42
2026-03-24T02:05:00,0.5857,0.5857,0.5855,0.58555,61
2026-03-24T02:06:00,0.5856,0.58565,0.5856,0.58565,30
2026-03-24T02:07:00,0.5856,0.5857,0.5856,0.58565,46
2026-03-24T02:08:00,0.58565,0.58565,0.58545,0.5855,54
2026-03-24T02:09:00,0.5855,0.58555,0.58545,0.58555,15
2026-03-24T02:10:00,0.5855,0.5855,0.5852,0.58525,21
2026-03-24T02:11:00,0.5853,0.5853,0.58525,0.58525,19
2026-03-24T02:12:00,0.58525,0.58535,0.58525,0.58535,52
2026-03-24T02:13:00,0.58535,0.58545,0.58535,0.5854,18
2026-03-24T02:14:00,0.5853,0.5853,0.5853,0.5853,7
2026-03-24T02:15:00,0.58535,0.58565,0.58535,0.5854,219
2026-03-24T02:16:00,0.58545,0.5856,0.5854,0.58555,51
2026-03-24T02:17:00,0.5856,0.5856,0.5852,0.5852,22
2026-03-24T02:18:00,0.58525,0.5854,0.58525,0.58525,7
2026-03-24T02:19:00,0.58535,0.58545,0.58525,0.58545,6
2026-03-24T02:20:00,0.5855,0.58565,0.58545,0.58565,12
2026-03-24T02:21:00,0.58565,0.58575,0.5856,0.5857,27
2026-03-24T02:22:00,0.5857,0.5858,0.5857,0.5857,14
2026-03-24T02:23:00,0.58565,0.58575,0.58565,0.5857,8
2026-03-24T02:24:00,0.58565,0.58565,0.58565,0.58565,4
2026-03-24T02:25:00,0.5857,0.58585,0.5857,0.58585,2
2026-03-24T02:26:00,0.5857,0.5857,0.5855,0.5855,6
2026-03-24T02:27:00,0.58555,0.5857,0.58555,0.5857,4
2026-03-24T02:28:00,0.5857,0.5857,0.5857,0.5857,2
2026-03-24T02:29:00,0.58575,0.5859,0.58575,0.5859,6
2026-03-24T02:30:00,0.5858,0.58585,0.5858,0.58585,4
2026-03-24T02:31:00,0.58575,0.58575,0.5857,0.5857,2
2026-03-24T02:32:00,0.5858,0.58585,0.5858,0.58585,2
2026-03-24T02:33:00,0.5858,0.58585,0.5857,0.58575,20
2026-03-24T02:34:00,0.58575,0.5858,0.58575,0.5858,3
2026-03-24T02:35:00,0.5857,0.58575,0.5857,0.58575,7
2026-03-24T02:36:00,0.58575,0.58575,0.5857,0.5857,6
2026-03-24T02:37:00,0.5858,0.5858,0.5858,0.5858,2
2026-03-24T02:38:00,0.5858,0.5858,0.5857,0.5857,8
2026-03-24T02:39:00,0.58555,0.58555,0.58555,0.58555,1
2026-03-24T02:40:00,0.58555,0.5856,0.58555,0.58555,4
2026-03-24T02:41:00,0.5856,0.5856,0.5856,0.5856,1
2026-03-24T02:42:00,0.58555,0.58555,0.58555,0.58555,1
2026-03-24T02:43:00,0.58555,0.58555,0.58555,0.58555,1
2026-03-24T02:44:00,0.58565,0.58575,0.58565,0.58575,10
2026-03-24T02:45:00,0.58565,0.58575,0.58565,0.58575,10
2026-03-24T02:46:00,0.58575,0.5858,0.58575,0.5858,6
2026-03-24T02:47:00,0.58575,0.58575,0.58575,0.58575,1
2026-03-24T02:48:00,0.58565,0.5857,0.58565,0.5857,14
2026-03-24T02:49:00,0.5857,0.5857,0.58555,0.58555,17
2026-03-24T02:50:00,0.58545,0.58545,0.58525,0.58525,6
2026-03-24T02:51:00,0.5852,0.58525,0.5852,0.5852,15
2026-03-24T02:52:00,0.5852,0.58535,0.5852,0.58535,16
2026-03-24T02:54:00,0.58535,0.58545,0.58535,0.58545,2
2026-03-24T02:55:00,0.5855,0.5855,0.58545,0.58545,7
2026-03-24T02:56:00,0.5854,0.5854,0.5854,0.5854,1
2026-03-24T02:57:00,0.5853,0.5853,0.5853,0.5853,1
2026-03-24T02:58:00,0.58525,0.58545,0.58525,0.5854,150
2026-03-24T02:59:00,0.5854,0.5854,0.58535,0.58535,6
2026-03-24T03:00:00,0.5854,0.58545,0.5853,0.5853,14
2026-03-24T03:01:00,0.58515,0.58525,0.58515,0.58525,9
2026-03-24T03:02:00,0.5852,0.5852,0.5852,0.5852,3
2026-03-24T03:03:00,0.58525,0.58525,0.58525,0.58525,1
2026-03-24T03:04:00,0.58525,0.58525,0.58525,0.58525,3
2026-03-24T03:05:00,0.5853,0.5854,0.5853,0.5854,6
2026-03-24T03:06:00,0.5854,0.5855,0.5854,0.5854,10
2026-03-24T03:07:00,0.5854,0.5854,0.5852,0.5852,13
2026-03-24T03:08:00,0.5852,0.5852,0.5852,0.5852,1
2026-03-24T03:09:00,0.58515,0.58515,0.58515,0.58515,2
2026-03-24T03:10:00,0.58525,0.5853,0.58525,0.5853,3
2026-03-24T03:11:00,0.5853,0.5853,0.5853,0.5853,2
2026-03-24T03:12:00,0.5852,0.58525,0.5852,0.58525,5
2026-03-24T03:13:00,0.58535,0.58535,0.5853,0.5853,5
2026-03-24T03:14:00,0.58535,0.58535,0.58535,0.58535,2
2026-03-24T03:16:00,0.58545,0.5855,0.58545,0.5855,5
2026-03-24T03:17:00,0.5855,0.5855,0.5855,0.5855,1
2026-03-24T03:18:00,0.5855,0.5855,0.5855,0.5855,3
2026-03-24T03:20:00,0.5854,0.58545,0.5854,0.58545,8
2026-03-24T03:21:00,0.58545,0.58545,0.58535,0.5854,21
2026-03-24T03:23:00,0.58545,0.58545,0.58545,0.58545,5
2026-03-24T03:24:00,0.58545,0.58545,0.5854,0.5854,12
2026-03-24T03:26:00,0.58535,0.58535,0.58535,0.58535,12
2026-03-24T03:28:00,0.5854,0.58545,0.5854,0.58545,11
2026-03-24T03:29:00,0.5855,0.5855,0.58545,0.58545,6
2026-03-24T03:30:00,0.5854,0.5854,0.58515,0.58515,14
2026-03-24T03:31:00,0.58515,0.58515,0.58495,0.58495,64
2026-03-24T03:32:00,0.58495,0.58505,0.58495,0.58505,12
2026-03-24T03:33:00,0.58505,0.58515,0.58505,0.58515,5
2026-03-24T03:34:00,0.5851,0.58515,0.5851,0.58515,14
2026-03-24T03:35:00,0.5851,0.58515,0.5851,0.5851,8
2026-03-24T03:36:00,0.5851,0.5851,0.5851,0.5851,1
2026-03-24T03:37:00,0.585,0.585,0.585,0.585,4
2026-03-24T03:38:00,0.585,0.58505,0.585,0.58505,5
2026-03-24T03:39:00,0.58515,0.58525,0.58515,0.58525,6
2026-03-24T03:40:00,0.5853,0.58535,0.5853,0.58535,9
2026-03-24T03:41:00,0.5853,0.5853,0.5853,0.5853,2
2026-03-24T03:42:00,0.5853,0.5853,0.58525,0.5853,16
2026-03-24T03:43:00,0.5853,0.5853,0.5853,0.5853,2
2026-03-24T03:44:00,0.58525,0.58525,0.58525,0.58525,2
2026-03-24T03:45:00,0.5852,0.5852,0.585,0.585,24
2026-03-24T03:46:00,0.58505,0.58505,0.58505,0.58505,7
2026-03-24T03:47:00,0.58515,0.58525,0.58515,0.58525,22
2026-03-24T03:48:00,0.58525,0.58525,0.58505,0.5851,9
2026-03-24T03:49:00,0.58505,0.58515,0.58505,0.58505,21
2026-03-24T03:50:00,0.585,0.585,0.58495,0.58495,14
2026-03-24T03:51:00,0.58495,0.58495,0.58485,0.5849,28
2026-03-24T03:52:00,0.5849,0.58495,0.5849,0.58495,5
2026-03-24T03:53:00,0.5849,0.58495,0.58485,0.58485,4
2026-03-24T03:54:00,0.5849,0.5849,0.5849,0.5849,5
2026-03-24T03:55:00,0.58485,0.5849,0.58485,0.5849,5
2026-03-24T03:56:00,0.585,0.585,0.585,0.585,1
2026-03-24T03:57:00,0.585,0.58505,0.585,0.58505,6
2026-03-24T03:58:00,0.58495,0.58495,0.58495,0.58495,2
2026-03-24T03:59:00,0.58495,0.58495,0.58495,0.58495,1
2026-03-24T04:00:00,0.585,0.585,0.58495,0.58495,5
2026-03-24T04:01:00,0.58505,0.58505,0.585,0.585,3
2026-03-24T04:02:00,0.58495,0.58495,0.5848,0.58485,43
2026-03-24T04:03:00,0.58485,0.58485,0.5848,0.58485,5
2026-03-24T04:04:00,0.5848,0.5849,0.5848,0.5849,3
2026-03-24T04:05:00,0.5849,0.58495,0.5849,0.58495,7
2026-03-24T04:06:00,0.58485,0.58485,0.5848,0.5848,5
2026-03-24T04:07:00,0.5848,0.5848,0.58475,0.5848,5
2026-03-24T04:08:00,0.5848,0.5848,0.5847,0.5847,6
2026-03-24T04:09:00,0.58475,0.58475,0.58475,0.58475,4
2026-03-24T04:10:00,0.5848,0.5848,0.5848,0.5848,9
2026-03-24T04:11:00,0.58475,0.58475,0.5847,0.5847,58
2026-03-24T04:12:00,0.58465,0.5847,0.58465,0.5847,9
2026-03-24T04:13:00,0.5846,0.5846,0.5846,0.5846,6
2026-03-24T04:14:00,0.5846,0.5846,0.5846,0.5846,1
2026-03-24T04:15:00,0.5846,0.5846,0.58445,0.58445,33
2026-03-24T04:16:00,0.58445,0.58445,0.58435,0.58445,16
2026-03-24T04:17:00,0.5844,0.5844,0.58435,0.58435,6
2026-03-24T04:18:00,0.58445,0.58445,0.58445,0.58445,6
2026-03-24T04:20:00,0.5845,0.5846,0.5845,0.5846,4
2026-03-24T04:22:00,0.58455,0.58455,0.58445,0.58445,15
2026-03-24T04:23:00,0.5845,0.5845,0.5845,0.5845,3
2026-03-24T04:24:00,0.5845,0.5845,0.5845,0.5845,5
2026-03-24T04:25:00,0.5845,0.5845,0.5845,0.5845,2
2026-03-24T04:26:00,0.58445,0.58445,0.5844,0.5844,7
2026-03-24T04:27:00,0.5844,0.5844,0.5844,0.5844,3
2026-03-24T04:28:00,0.58445,0.58445,0.5844,0.5844,16
2026-03-24T04:29:00,0.58445,0.58445,0.5844,0.5844,4
2026-03-24T04:30:00,0.58445,0.58445,0.58445,0.58445,3
2026-03-24T04:31:00,0.5844,0.5844,0.5843,0.58435,15
2026-03-24T04:32:00,0.5844,0.5844,0.5844,0.5844,7
2026-03-24T04:33:00,0.58445,0.58445,0.58435,0.5844,20
2026-03-24T04:34:00,0.5844,0.58445,0.5844,0.58445,2
2026-03-24T04:35:00,0.58445,0.58445,0.5844,0.5844,16
2026-03-24T04:36:00,0.5844,0.5844,0.5844,0.5844,13
2026-03-24T04:37:00,0.5844,0.5844,0.5844,0.5844,11
2026-03-24T04:38:00,0.58445,0.58445,0.5844,0.5844,22
2026-03-24T04:39:00,0.5844,0.5844,0.5844,0.5844,2
2026-03-24T04:40:00,0.5844,0.58445,0.5844,0.5844,24
2026-03-24T04:41:00,0.58445,0.58455,0.58445,0.58455,20
2026-03-24T04:42:00,0.5845,0.5845,0.58445,0.5845,7
2026-03-24T04:44:00,0.58445,0.58445,0.5844,0.5844,11
2026-03-24T04:45:00,0.58445,0.58455,0.58445,0.58455,4
2026-03-24T04:46:00,0.58445,0.58455,0.58445,0.58455,9
2026-03-24T04:47:00,0.58465,0.58465,0.5846,0.5846,3
2026-03-24T04:48:00,0.58465,0.5847,0.58465,0.5847,7
2026-03-24T04:49:00,0.5847,0.5847,0.5847,0.5847,5
2026-03-24T04:50:00,0.58465,0.58465,0.58465,0.58465,1
2026-03-24T04:51:00,0.58465,0.58465,0.58465,0.58465,1
2026-03-24T04:53:00,0.58475,0.58475,0.58475,0.58475,4
2026-03-24T04:54:00,0.58475,0.58475,0.58475,0.58475,1
2026-03-24T04:55:00,0.58475,0.58475,0.5847,0.5847,13
2026-03-24T04:56:00,0.58465,0.58465,0.5846,0.58465,15
2026-03-24T04:57:00,0.5847,0.5847,0.58465,0.58465,3
2026-03-24T04:58:00,0.58465,0.58465,0.58465,0.58465,1
2026-03-24T04:59:00,0.5847,0.5847,0.5847,0.5847,3
2026-03-24T05:00:00,0.58475,0.58475,0.5847,0.58475,22
2026-03-24T05:01:00,0.58475,0.58475,0.5846,0.5846,19
2026-03-24T05:02:00,0.58455,0.58455,0.5845,0.5845,9
2026-03-24T05:03:00,0.5844,0.5844,0.5844,0.5844,4
2026-03-24T05:05:00,0.58435,0.58435,0.58395,0.58405,209
2026-03-24T05:06:00,0.58405,0.58415,0.584,0.58405,93
2026-03-24T05:07:00,0.5841,0.58415,0.58405,0.58415,26
2026-03-24T05:08:00,0.5842,0.5842,0.5841,0.5841,12
2026-03-24T05:09:00,0.5841,0.5841,0.58395,0.584,17
2026-03-24T05:10:00,0.5841,0.58415,0.58405,0.58405,44
2026-03-24T05:11:00,0.5842,0.58425,0.58415,0.58425,33
2026-03-24T05:12:00,0.58425,0.58445,0.58425,0.58445,7
2026-03-24T05:13:00,0.5845,0.5845,0.58445,0.5845,11
2026-03-24T05:14:00,0.5845,0.5845,0.5844,0.5844,7
2026-03-24T05:15:00,0.58435,0.58435,0.5842,0.5843,91
2026-03-24T05:16:00,0.5843,0.5843,0.5843,0.5843,5
2026-03-24T05:17:00,0.5843,0.5843,0.5843,0.5843,3
2026-03-24T05:18:00,0.58435,0.5848,0.58435,0.58475,171
2026-03-24T05:19:00,0.58465,0.5847,0.5844,0.5844,29
2026-03-24T05:20:00,0.5844,0.5844,0.58435,0.5844,18
2026-03-24T05:21:00,0.5844,0.58445,0.58425,0.58425,33
2026-03-24T05:22:00,0.58425,0.58425,0.5842,0.5842,5
2026-03-24T05:23:00,0.5842,0.58435,0.5842,0.58435,5
2026-03-24T05:24:00,0.5844,0.5844,0.5843,0.5844,32
2026-03-24T05:25:00,0.5844,0.5844,0.5844,0.5844,11
2026-03-24T05:27:00,0.5843,0.58435,0.58425,0.58425,9
2026-03-24T05:28:00,0.5843,0.5843,0.58405,0.58405,57
2026-03-24T05:29:00,0.5841,0.5842,0.5841,0.5842,11
2026-03-24T05:30:00,0.5841,0.5841,0.5841,0.5841,7
2026-03-24T05:31:00,0.5842,0.5842,0.5841,0.5842,8
2026-03-24T05:32:00,0.5842,0.5842,0.5842,0.5842,6
2026-03-24T05:33:00,0.58425,0.5843,0.58425,0.58425,5
2026-03-24T05:34:00,0.5843,0.5843,0.5843,0.5843,4
2026-03-24T05:35:00,0.58425,0.58445,0.58425,0.58445,10
2026-03-24T05:36:00,0.5844,0.5844,0.58435,0.58435,15
2026-03-24T05:37:00,0.58435,0.58435,0.58435,0.58435,3
2026-03-24T05:38:00,0.5844,0.5844,0.5844,0.5844,5
2026-03-24T05:39:00,0.5844,0.58445,0.5844,0.58445,11
2026-03-24T05:40:00,0.58445,0.5846,0.58445,0.5846,33
2026-03-24T05:41:00,0.58465,0.5847,0.58465,0.5847,2
2026-03-24T05:42:00,0.5847,0.58475,0.5847,0.58475,4
2026-03-24T05:43:00,0.5848,0.5848,0.58465,0.5847,17
2026-03-24T05:44:00,0.5847,0.5847,0.5846,0.58465,17
2026-03-24T05:45:00,0.5846,0.58465,0.5846,0.58465,5
2026-03-24T05:46:00,0.58485,0.58485,0.58475,0.58475,3
2026-03-24T05:48:00,0.58475,0.58475,0.5847,0.5847,8
2026-03-24T05:49:00,0.58475,0.58475,0.58465,0.58475,8
2026-03-24T05:50:00,0.5847,0.5847,0.58465,0.58465,5
2026-03-24T05:51:00,0.5846,0.58465,0.5846,0.58465,5
2026-03-24T05:52:00,0.5846,0.5847,0.5846,0.5847,13
2026-03-24T05:53:00,0.58465,0.58475,0.58465,0.58465,4
2026-03-24T05:54:00,0.5846,0.5846,0.5846,0.5846,13
2026-03-24T05:55:00,0.5846,0.5847,0.5846,0.5847,39
2026-03-24T05:56:00,0.58465,0.5847,0.5846,0.5846,6
2026-03-24T05:58:00,0.5847,0.58475,0.5847,0.58475,4
2026-03-24T06:00:00,0.58475,0.58475,0.58465,0.58465,15
2026-03-24T06:01:00,0.5847,0.5847,0.58465,0.5847,15
2026-03-24T06:02:00,0.5848,0.585,0.5848,0.58495,20
2026-03-24T06:03:00,0.58495,0.5852,0.58495,0.58515,26
2026-03-24T06:04:00,0.5851,0.58515,0.58495,0.58495,22
2026-03-24T06:05:00,0.58495,0.58515,0.58495,0.58515,17
2026-03-24T06:06:00,0.58505,0.58515,0.58505,0.58515,4
2026-03-24T06:07:00,0.5852,0.5852,0.5851,0.5851,2
2026-03-24T06:08:00,0.5851,0.5851,0.5851,0.5851,4
2026-03-24T06:09:00,0.5851,0.5852,0.5851,0.5852,6
2026-03-24T06:10:00,0.58515,0.58515,0.58505,0.58505,26
2026-03-24T06:11:00,0.5851,0.5851,0.5851,0.5851,7
2026-03-24T06:12:00,0.585,0.585,0.5849,0.5849,9
2026-03-24T06:14:00,0.5848,0.58485,0.5848,0.58485,17
2026-03-24T06:15:00,0.5849,0.5849,0.58485,0.58485,5
2026-03-24T06:16:00,0.58495,0.585,0.58495,0.585,9
2026-03-24T06:17:00,0.58495,0.58495,0.58495,0.58495,4
2026-03-24T06:18:00,0.585,0.585,0.585,0.585,1
2026-03-24T06:19:00,0.58485,0.58485,0.58485,0.58485,3
2026-03-24T06:20:00,0.5848,0.5848,0.58475,0.5848,37
2026-03-24T06:21:00,0.58485,0.58485,0.58485,0.58485,1
2026-03-24T06:24:00,0.58495,0.58495,0.58495,0.58495,2
2026-03-24T06:25:00,0.5849,0.58515,0.5849,0.58515,5
2026-03-24T06:27:00,0.58515,0.58515,0.58515,0.58515,12
2026-03-24T06:28:00,0.5851,0.5851,0.5851,0.5851,7
2026-03-24T06:29:00,0.585,0.585,0.585,0.585,3
2026-03-24T06:30:00,0.58505,0.58505,0.58505,0.58505,3
2026-03-24T06:31:00,0.58515,0.58515,0.585,0.58505,25
2026-03-24T06:32:00,0.58505,0.58505,0.585,0.585,12
2026-03-24T06:33:00,0.5851,0.5851,0.58505,0.5851,20
2026-03-24T06:34:00,0.58515,0.58515,0.58515,0.58515,1
2026-03-24T06:35:00,0.58505,0.5851,0.58505,0.5851,12
2026-03-24T06:36:00,0.585,0.585,0.5849,0.58495,12
2026-03-24T06:37:00,0.58495,0.5851,0.58495,0.5851,3
2026-03-24T06:38:00,0.58505,0.58505,0.58505,0.58505,1
2026-03-24T06:39:00,0.585,0.585,0.58495,0.58495,2
2026-03-24T06:40:00,0.58505,0.5851,0.58495,0.585,23
2026-03-24T06:41:00,0.58505,0.5851,0.58505,0.5851,4
2026-03-24T06:42:00,0.5851,0.5851,0.5851,0.5851,3
2026-03-24T06:43:00,0.58505,0.5851,0.58505,0.5851,8
2026-03-24T06:44:00,0.5851,0.5851,0.58505,0.58505,10
2026-03-24T06:45:00,0.585,0.58505,0.58495,0.58495,24
2026-03-24T06:46:00,0.5851,0.5853,0.5851,0.5853,20
2026-03-24T06:47:00,0.58525,0.58525,0.58515,0.58525,19
2026-03-24T06:48:00,0.58525,0.5853,0.5851,0.58515,30
2026-03-24T06:49:00,0.58515,0.5852,0.58515,0.58515,6
2026-03-24T06:52:00,0.58525,0.5853,0.58525,0.5853,5
2026-03-24T06:53:00,0.58525,0.5854,0.58525,0.58535,35
2026-03-24T06:54:00,0.5854,0.5857,0.5854,0.5857,22
2026-03-24T06:55:00,0.5857,0.5857,0.58565,0.58565,24
2026-03-24T06:56:00,0.58565,0.58565,0.58555,0.58555,6
2026-03-24T06:57:00,0.58555,0.58565,0.58555,0.58565,4
2026-03-24T06:58:00,0.5856,0.58565,0.5856,0.58565,4
2026-03-24T06:59:00,0.5856,0.58575,0.5856,0.5857,13
2026-03-24T07:00:00,0.58575,0.5859,0.58555,0.58585,79
2026-03-24T07:01:00,0.5858,0.586,0.58575,0.58595,114
2026-03-24T07:02:00,0.58595,0.5862,0.5859,0.5862,38
2026-03-24T07:03:00,0.58625,0.5864,0.58625,0.58625,78
2026-03-24T07:04:00,0.58625,0.5863,0.58615,0.58625,46
2026-03-24T07:05:00,0.58625,0.58655,0.58625,0.58645,48
2026-03-24T07:06:00,0.58655,0.5866,0.58655,0.58655,10
2026-03-24T07:07:00,0.5865,0.5865,0.58645,0.58645,11
2026-03-24T07:08:00,0.58645,0.5865,0.5864,0.5864,56
2026-03-24T07:09:00,0.58645,0.5868,0.58645,0.5867,61
2026-03-24T07:10:00,0.5868,0.5873,0.5868,0.5872,90
2026-03-24T07:11:00,0.58715,0.5873,0.58705,0.5872,105
2026-03-24T07:12:00,0.58715,0.58775,0.58705,0.58775,147
2026-03-24T07:13:00,0.58775,0.58775,0.58735,0.5874,52
2026-03-24T07:14:00,0.5874,0.5875,0.5874,0.5875,37
2026-03-24T07:15:00,0.5875,0.5875,0.5872,0.58725,30
2026-03-24T07:16:00,0.58725,0.58745,0.5872,0.58735,48
2026-03-24T07:17:00,0.5874,0.5875,0.58715,0.58715,39
2026-03-24T07:18:00,0.58705,0.58705,0.58695,0.58695,44
2026-03-24T07:19:00,0.5869,0.58695,0.58685,0.58685,10
2026-03-24T07:20:00,0.58685,0.58685,0.5867,0.5868,63
2026-03-24T07:21:00,0.58685,0.58685,0.5868,0.58685,16
2026-03-24T07:22:00,0.587,0.58705,0.587,0.58705,22
2026-03-24T07:23:00,0.58705,0.58705,0.587,0.587,9
2026-03-24T07:24:00,0.587,0.58705,0.58695,0.587,16
2026-03-24T07:25:00,0.5868,0.5868,0.5868,0.5868,3
2026-03-24T07:26:00,0.5868,0.5868,0.58665,0.58665,6
2026-03-24T07:27:00,0.5867,0.58675,0.5867,0.58675,5
2026-03-24T07:28:00,0.5867,0.5868,0.5867,0.5868,11
2026-03-24T07:29:00,0.58675,0.5868,0.58665,0.58665,7
2026-03-24T07:30:00,0.58655,0.58665,0.5864,0.5864,47
2026-03-24T07:31:00,0.5864,0.58645,0.5863,0.58635,16
2026-03-24T07:32:00,0.58635,0.5864,0.58625,0.5863,22
2026-03-24T07:33:00,0.5862,0.58625,0.5862,0.58625,21
2026-03-24T07:34:00,0.5862,0.5863,0.58615,0.58625,20
2026-03-24T07:35:00,0.5863,0.58635,0.58625,0.5863,20
2026-03-24T07:36:00,0.5863,0.58635,0.5863,0.58635,4
2026-03-24T07:37:00,0.58645,0.58655,0.58635,0.58635,39
2026-03-24T07:38:00,0.5863,0.58635,0.5863,0.58635,11
2026-03-24T07:39:00,0.58635,0.5865,0.58635,0.5865,3
2026-03-24T07:40:00,0.58655,0.5866,0.58645,0.58645,16
2026-03-24T07:41:00,0.58645,0.58655,0.58645,0.5865,8
2026-03-24T07:42:00,0.5866,0.5866,0.58645,0.58645,11
2026-03-24T07:43:00,0.58645,0.5866,0.58645,0.58655,21
2026-03-24T07:44:00,0.58665,0.58685,0.58665,0.58685,22
2026-03-24T07:45:00,0.5866,0.5866,0.5863,0.58645,220
2026-03-24T07:46:00,0.5865,0.5865,0.5864,0.5864,8
2026-03-24T07:47:00,0.5864,0.5864,0.5864,0.5864,9
2026-03-24T07:48:00,0.5864,0.58655,0.5864,0.5864,30
2026-03-24T07:49:00,0.5865,0.5865,0.5864,0.58645,4
2026-03-24T07:50:00,0.5864,0.58655,0.58625,0.58655,56
2026-03-24T07:51:00,0.5866,0.58665,0.5866,0.5866,33
2026-03-24T07:52:00,0.5866,0.58675,0.5866,0.58675,10
2026-03-24T07:53:00,0.5868,0.5868,0.58675,0.58675,6
2026-03-24T07:54:00,0.5867,0.5867,0.5866,0.5866,25
2026-03-24T07:55:00,0.5866,0.5866,0.5865,0.5865,14
2026-03-24T07:56:00,0.58655,0.5866,0.5865,0.5865,17
2026-03-24T07:57:00,0.58655,0.58655,0.5864,0.5865,28
2026-03-24T07:58:00,0.5866,0.5866,0.5865,0.5865,11
2026-03-24T07:59:00,0.5865,0.58655,0.58645,0.58655,24
2026-03-24T08:00:00,0.5865,0.5865,0.5862,0.58645,86
2026-03-24T08:01:00,0.58645,0.58645,0.58595,0.58595,98
2026-03-24T08:02:00,0.58595,0.5861,0.5859,0.5861,45
2026-03-24T08:03:00,0.5861,0.5861,0.58585,0.58585,51
2026-03-24T08:04:00,0.5859,0.5861,0.5858,0.5861,111
2026-03-24T08:05:00,0.5861,0.58635,0.5861,0.5863,74
2026-03-24T08:06:00,0.5863,0.58645,0.5863,0.5864,26
2026-03-24T08:07:00,0.58645,0.58645,0.58625,0.58625,21
2026-03-24T08:08:00,0.5862,0.5862,0.5861,0.5861,28
2026-03-24T08:09:00,0.58605,0.5863,0.586,0.5862,28
2026-03-24T08:10:00,0.5862,0.58625,0.5861,0.58615,32
2026-03-24T08:11:00,0.5861,0.5862,0.5861,0.5862,9
2026-03-24T08:12:00,0.58615,0.58625,0.58615,0.58625,10
2026-03-24T08:13:00,0.5863,0.5863,0.58615,0.58615,53
2026-03-24T08:14:00,0.58605,0.58605,0.5859,0.58595,22
2026-03-24T08:15:00,0.5859,0.5861,0.5859,0.586,134
2026-03-24T08:16:00,0.58595,0.58605,0.58585,0.58585,85
2026-03-24T08:17:00,0.5858,0.58585,0.5857,0.5857,25
2026-03-24T08:18:00,0.58565,0.5857,0.58555,0.58555,71
2026-03-24T08:19:00,0.5855,0.5855,0.5852,0.5852,32
2026-03-24T08:20:00,0.5852,0.58525,0.58505,0.5852,52
2026-03-24T08:21:00,0.58515,0.58525,0.5851,0.5852,46
2026-03-24T08:22:00,0.5852,0.5853,0.5852,0.58525,53
2026-03-24T08:23:00,0.58525,0.5854,0.5852,0.58525,15
2026-03-24T08:24:00,0.5852,0.58525,0.5851,0.58515,13
2026-03-24T08:25:00,0.5851,0.5851,0.58485,0.5849,53
2026-03-24T08:26:00,0.5849,0.58495,0.5847,0.5847,49
2026-03-24T08:27:00,0.5847,0.5847,0.5845,0.58455,147
2026-03-24T08:28:00,0.58455,0.5846,0.5845,0.5846,41
2026-03-24T08:29:00,0.5846,0.58465,0.58445,0.58445,48
2026-03-24T08:30:00,0.58445,0.58455,0.58435,0.58455,75
2026-03-24T08:31:00,0.58455,0.5846,0.5845,0.5845,27
2026-03-24T08:32:00,0.5846,0.5847,0.58455,0.58455,19
2026-03-24T08:33:00,0.58465,0.5847,0.58455,0.58455,23
2026-03-24T08:34:00,0.58455,0.58465,0.58455,0.5846,6
2026-03-24T08:35:00,0.58465,0.5848,0.58465,0.5848,3
2026-03-24T08:36:00,0.58485,0.58485,0.58485,0.58485,12
2026-03-24T08:37:00,0.58485,0.58495,0.58485,0.5849,7
2026-03-24T08:38:00,0.5848,0.5848,0.5847,0.5847,11
2026-03-24T08:39:00,0.58465,0.58475,0.5846,0.58465,19
2026-03-24T08:40:00,0.5847,0.58475,0.5847,0.58475,2
2026-03-24T08:41:00,0.5849,0.5849,0.58485,0.58485,5
2026-03-24T08:42:00,0.58485,0.58485,0.58475,0.5848,10
2026-03-24T08:43:00,0.5847,0.5847,0.58465,0.5847,8
2026-03-24T08:44:00,0.5847,0.58475,0.5847,0.58475,5
2026-03-24T08:45:00,0.5847,0.5848,0.58465,0.58475,18
2026-03-24T08:46:00,0.5847,0.58485,0.5846,0.5848,27
2026-03-24T08:47:00,0.5848,0.5849,0.5848,0.58485,10
2026-03-24T08:48:00,0.5848,0.5848,0.5847,0.5847,10
2026-03-24T08:49:00,0.5847,0.5847,0.5845,0.5845,19
2026-03-24T08:50:00,0.5845,0.58455,0.5839,0.584,461
2026-03-24T08:51:00,0.5839,0.58425,0.5839,0.5841,94
2026-03-24T08:52:00,0.5842,0.5844,0.5842,0.5844,27
2026-03-24T08:53:00,0.58455,0.5846,0.5843,0.58435,35
2026-03-24T08:54:00,0.58435,0.5846,0.58435,0.58435,43
2026-03-24T08:55:00,0.5844,0.5845,0.5844,0.58445,11
2026-03-24T08:56:00,0.5843,0.5843,0.5841,0.58415,22
2026-03-24T08:57:00,0.58425,0.58425,0.5841,0.5841,17
2026-03-24T08:58:00,0.58415,0.58415,0.584,0.58415,9
2026-03-24T08:59:00,0.5841,0.5842,0.5841,0.5841,23
2026-03-24T09:00:00,0.5841,0.5841,0.58395,0.58405,125
2026-03-24T09:01:00,0.58405,0.58425,0.58405,0.5841,17
2026-03-24T09:02:00,0.5841,0.5843,0.58405,0.5843,33
2026-03-24T09:03:00,0.58425,0.58425,0.5841,0.5841,20
2026-03-24T09:04:00,0.58425,0.5843,0.58415,0.58425,17
2026-03-24T09:05:00,0.5842,0.5842,0.58415,0.5842,3
2026-03-24T09:06:00,0.5841,0.5841,0.58385,0.58395,68
2026-03-24T09:07:00,0.5839,0.58395,0.58375,0.5838,19
2026-03-24T09:08:00,0.5838,0.5839,0.5838,0.58385,18
2026-03-24T09:09:00,0.5839,0.5839,0.58385,0.58385,3
2026-03-24T09:10:00,0.5839,0.58405,0.5839,0.58405,41
2026-03-24T09:11:00,0.5841,0.5841,0.58385,0.58385,11
2026-03-24T09:12:00,0.58385,0.58385,0.5838,0.5838,12
2026-03-24T09:13:00,0.5838,0.58385,0.5837,0.5837,13
2026-03-24T09:14:00,0.58365,0.58365,0.58345,0.5835,39
2026-03-24T09:15:00,0.58345,0.58355,0.5834,0.58345,29
2026-03-24T09:16:00,0.5834,0.58355,0.58335,0.58355,52
2026-03-24T09:17:00,0.5836,0.5837,0.58355,0.5837,13
2026-03-24T09:18:00,0.58365,0.5837,0.5836,0.5837,24
2026-03-24T09:19:00,0.58375,0.58375,0.58365,0.58365,2
2026-03-24T09:20:00,0.58365,0.58365,0.5835,0.5835,21
2026-03-24T09:21:00,0.58355,0.58355,0.5835,0.5835,7
2026-03-24T09:22:00,0.5834,0.5835,0.58335,0.5835,33
2026-03-24T09:23:00,0.58345,0.5835,0.58345,0.5835,27
2026-03-24T09:24:00,0.5834,0.5835,0.5834,0.5834,16
2026-03-24T09:25:00,0.58355,0.58355,0.58355,0.58355,1
2026-03-24T09:26:00,0.5835,0.5835,0.5834,0.58345,19
2026-03-24T09:27:00,0.58345,0.5835,0.58345,0.5835,14
2026-03-24T09:28:00,0.5835,0.58365,0.5835,0.58365,16
2026-03-24T09:29:00,0.58365,0.58365,0.5836,0.5836,11
2026-03-24T09:30:00,0.58355,0.5836,0.5835,0.5836,40
2026-03-24T09:31:00,0.58365,0.5837,0.58355,0.5836,16
2026-03-24T09:32:00,0.5838,0.5838,0.58365,0.5837,16
2026-03-24T09:33:00,0.58375,0.5838,0.58375,0.58375,11
2026-03-24T09:34:00,0.58375,0.5838,0.58365,0.58365,35
2026-03-24T09:35:00,0.5836,0.5837,0.5836,0.5837,11
2026-03-24T09:36:00,0.5837,0.5837,0.5836,0.58365,69
2026-03-24T09:37:00,0.5837,0.58385,0.5837,0.58385,61
2026-03-24T09:38:00,0.5838,0.5838,0.58365,0.58365,10
2026-03-24T09:39:00,0.5838,0.58385,0.5838,0.58385,26
2026-03-24T09:40:00,0.58395,0.584,0.58395,0.58395,10
2026-03-24T09:41:00,0.584,0.5841,0.584,0.58405,45
2026-03-24T09:42:00,0.584,0.5841,0.584,0.5841,10
2026-03-24T09:43:00,0.58405,0.58405,0.584,0.58405,18
2026-03-24T09:44:00,0.58415,0.58415,0.58405,0.58415,259
2026-03-24T09:45:00,0.5841,0.58415,0.5841,0.58415,18
2026-03-24T09:46:00,0.5841,0.58415,0.584,0.58405,25
2026-03-24T09:47:00,0.5841,0.5841,0.58405,0.5841,37
2026-03-24T09:48:00,0.58415,0.58425,0.58415,0.58425,14
2026-03-24T09:49:00,0.58425,0.58435,0.5842,0.58435,84
2026-03-24T09:50:00,0.5843,0.58435,0.5843,0.58435,24
2026-03-24T09:51:00,0.5843,0.5843,0.58415,0.58415,13
2026-03-24T09:52:00,0.5842,0.5842,0.58415,0.5842,5
2026-03-24T09:53:00,0.5842,0.58435,0.5842,0.58435,14
2026-03-24T09:54:00,0.58435,0.58445,0.58435,0.58445,19
2026-03-24T09:55:00,0.58445,0.58465,0.58445,0.5846,33
2026-03-24T09:56:00,0.5846,0.58475,0.5846,0.58465,50
2026-03-24T09:57:00,0.5847,0.58475,0.5847,0.58475,16
2026-03-24T09:58:00,0.58475,0.58475,0.58475,0.58475,4
2026-03-24T09:59:00,0.5848,0.5848,0.5847,0.5847,17
2026-03-24T10:00:00,0.5847,0.5847,0.58465,0.5847,10
2026-03-24T10:01:00,0.5846,0.5846,0.5844,0.5844,21
2026-03-24T10:02:00,0.5844,0.5844,0.5842,0.58435,48
2026-03-24T10:03:00,0.5843,0.58435,0.58425,0.5843,92
2026-03-24T10:04:00,0.5844,0.58455,0.5844,0.5845,45
2026-03-24T10:05:00,0.58445,0.5845,0.58445,0.5845,15
2026-03-24T10:06:00,0.58445,0.58455,0.58445,0.58455,2
2026-03-24T10:07:00,0.5845,0.5847,0.5845,0.5847,21
2026-03-24T10:08:00,0.58475,0.5848,0.5847,0.5847,9
2026-03-24T10:09:00,0.58465,0.5848,0.58465,0.5848,10
2026-03-24T10:10:00,0.58475,0.58475,0.5847,0.5847,25
2026-03-24T10:11:00,0.58475,0.58475,0.58475,0.58475,9
2026-03-24T10:12:00,0.58465,0.5847,0.5846,0.5847,21
2026-03-24T10:13:00,0.58475,0.5849,0.58475,0.5849,16
2026-03-24T10:14:00,0.5849,0.58495,0.58485,0.5849,60
2026-03-24T10:15:00,0.58485,0.5849,0.5848,0.5849,31
2026-03-24T10:16:00,0.5849,0.58505,0.5849,0.585,32
2026-03-24T10:17:00,0.585,0.58505,0.5849,0.58505,59
2026-03-24T10:18:00,0.5851,0.5851,0.585,0.5851,29
2026-03-24T10:19:00,0.5852,0.58525,0.5852,0.5852,31
2026-03-24T10:20:00,0.5852,0.5852,0.58505,0.5852,31
2026-03-24T10:21:00,0.5852,0.58525,0.58515,0.58525,35
2026-03-24T10:22:00,0.58525,0.58525,0.5852,0.58525,45
2026-03-24T10:23:00,0.58525,0.58525,0.5852,0.58525,18
2026-03-24T10:24:00,0.58525,0.58525,0.5851,0.5851,38
2026-03-24T10:25:00,0.5851,0.5852,0.5851,0.5851,10
2026-03-24T10:26:00,0.585,0.58515,0.585,0.58515,5
2026-03-24T10:27:00,0.585,0.585,0.585,0.585,5
2026-03-24T10:28:00,0.5849,0.5849,0.5848,0.58485,5
2026-03-24T10:29:00,0.58485,0.5849,0.58485,0.5849,19
2026-03-24T10:30:00,0.58485,0.58485,0.58485,0.58485,24
2026-03-24T10:31:00,0.5848,0.5848,0.5848,0.5848,3
2026-03-24T10:32:00,0.5849,0.5849,0.5849,0.5849,1
2026-03-24T10:33:00,0.58485,0.5849,0.5847,0.58485,19
2026-03-24T10:34:00,0.58475,0.5848,0.5846,0.5846,13
2026-03-24T10:35:00,0.58465,0.58465,0.58465,0.58465,7
2026-03-24T10:36:00,0.5848,0.5848,0.5848,0.5848,12
2026-03-24T10:37:00,0.5848,0.585,0.5848,0.585,17
2026-03-24T10:38:00,0.585,0.58505,0.5849,0.5849,14
2026-03-24T10:39:00,0.5849,0.585,0.5849,0.585,6
2026-03-24T10:40:00,0.58505,0.58505,0.58505,0.58505,3
2026-03-24T10:41:00,0.5849,0.58495,0.5849,0.58495,7
2026-03-24T10:42:00,0.58485,0.58485,0.5848,0.5848,6
2026-03-24T10:43:00,0.5849,0.58505,0.58485,0.58485,32
2026-03-24T10:44:00,0.58485,0.585,0.5848,0.585,30
2026-03-24T10:45:00,0.585,0.5851,0.585,0.5851,12
2026-03-24T10:46:00,0.5851,0.5851,0.58505,0.58505,8
2026-03-24T10:47:00,0.58485,0.58485,0.58475,0.58475,19
2026-03-24T10:48:00,0.58465,0.58465,0.5846,0.5846,7
2026-03-24T10:49:00,0.58465,0.58465,0.58445,0.58455,16
2026-03-24T10:50:00,0.58465,0.5847,0.58465,0.5847,3
2026-03-24T10:51:00,0.5849,0.5849,0.5849,0.5849,1
2026-03-24T10:52:00,0.5849,0.5849,0.5848,0.5848,6
2026-03-24T10:53:00,0.5848,0.5848,0.5848,0.5848,6
2026-03-24T10:54:00,0.5848,0.5848,0.5848,0.5848,2
2026-03-24T10:55:00,0.5848,0.5848,0.5848,0.5848,2
2026-03-24T10:56:00,0.58495,0.58495,0.58495,0.58495,9
2026-03-24T10:57:00,0.58495,0.58505,0.58495,0.58505,27
2026-03-24T10:58:00,0.58505,0.5851,0.58505,0.5851,11
2026-03-24T10:59:00,0.58515,0.58525,0.58515,0.58525,9
2026-03-24T11:00:00,0.5852,0.5854,0.5852,0.5854,16
2026-03-24T11:01:00,0.5854,0.5854,0.5849,0.5849,155
2026-03-24T11:02:00,0.58495,0.5852,0.58495,0.5851,30
2026-03-24T11:03:00,0.5851,0.5853,0.5851,0.5853,5
2026-03-24T11:04:00,0.58525,0.58525,0.5852,0.58525,22
2026-03-24T11:05:00,0.5853,0.5853,0.58525,0.58525,6
2026-03-24T11:06:00,0.5854,0.58555,0.5854,0.58555,23
2026-03-24T11:07:00,0.58545,0.5856,0.58545,0.5856,26
2026-03-24T11:08:00,0.5857,0.5857,0.58565,0.5857,21
2026-03-24T11:09:00,0.5857,0.58575,0.5857,0.5857,29
2026-03-24T11:10:00,0.5857,0.5858,0.58565,0.58565,23
2026-03-24T11:11:00,0.58565,0.5857,0.58565,0.5857,2
2026-03-24T11:12:00,0.58575,0.58575,0.5856,0.5856,15
2026-03-24T11:13:00,0.58555,0.58555,0.58555,0.58555,7
2026-03-24T11:14:00,0.58555,0.58565,0.58555,0.58565,19
2026-03-24T11:15:00,0.5855,0.5855,0.5854,0.5854,7
2026-03-24T11:16:00,0.5854,0.5854,0.58535,0.58535,5
2026-03-24T11:17:00,0.58515,0.5852,0.58505,0.58505,22
2026-03-24T11:18:00,0.58505,0.5852,0.58505,0.5852,10
2026-03-24T11:19:00,0.58515,0.5853,0.58515,0.5853,14
2026-03-24T11:20:00,0.5854,0.5854,0.58535,0.58535,3
2026-03-24T11:21:00,0.58535,0.58535,0.58535,0.58535,3
2026-03-24T11:22:00,0.5853,0.5854,0.5853,0.5854,16
2026-03-24T11:23:00,0.5853,0.5853,0.5853,0.5853,1
2026-03-24T11:25:00,0.58525,0.58525,0.58505,0.58515,19
2026-03-24T11:26:00,0.58515,0.58515,0.58515,0.58515,4
2026-03-24T11:27:00,0.58505,0.58515,0.58505,0.58515,7
2026-03-24T11:28:00,0.5852,0.5853,0.5852,0.5853,6
2026-03-24T11:29:00,0.5853,0.5853,0.58515,0.58515,5
2026-03-24T11:30:00,0.5852,0.5852,0.5851,0.5851,8
2026-03-24T11:31:00,0.58505,0.58505,0.58505,0.58505,1
2026-03-24T11:32:00,0.5852,0.5852,0.58515,0.5852,10
2026-03-24T11:33:00,0.5853,0.5853,0.5852,0.5852,2
2026-03-24T11:35:00,0.5853,0.5853,0.5851,0.5851,6
2026-03-24T11:36:00,0.58515,0.58515,0.58515,0.58515,3
2026-03-24T11:37:00,0.58515,0.58515,0.58515,0.58515,6
2026-03-24T11:38:00,0.5852,0.5852,0.5852,0.5852,6
2026-03-24T11:39:00,0.5853,0.58535,0.58525,0.5853,10
2026-03-24T11:40:00,0.58525,0.5854,0.58525,0.5854,10
2026-03-24T11:41:00,0.58535,0.58535,0.58525,0.58535,8
2026-03-24T11:42:00,0.58535,0.58545,0.58535,0.58545,15
2026-03-24T11:43:00,0.58535,0.58535,0.58525,0.5853,15
2026-03-24T11:44:00,0.58535,0.58545,0.58535,0.58535,12
2026-03-24T11:45:00,0.58525,0.58525,0.58525,0.58525,1
2026-03-24T11:46:00,0.5853,0.5854,0.58525,0.58525,62
2026-03-24T11:47:00,0.58525,0.5854,0.58525,0.5853,7
2026-03-24T11:48:00,0.5853,0.58535,0.5853,0.58535,6
2026-03-24T11:49:00,0.5853,0.5853,0.58525,0.58525,4
2026-03-24T11:50:00,0.5852,0.5852,0.5851,0.58515,20
2026-03-24T11:51:00,0.5851,0.5851,0.5848,0.58485,47
2026-03-24T11:52:00,0.5847,0.58475,0.58455,0.58455,84
2026-03-24T11:53:00,0.58455,0.5846,0.58395,0.5841,441
2026-03-24T11:54:00,0.5842,0.5846,0.5842,0.58435,144
2026-03-24T11:55:00,0.58435,0.5846,0.58435,0.5846,40
2026-03-24T11:56:00,0.58455,0.58475,0.58455,0.58475,5
2026-03-24T11:57:00,0.58465,0.5848,0.58465,0.5847,25
2026-03-24T11:58:00,0.58485,0.5849,0.5848,0.5849,22
2026-03-24T11:59:00,0.5849,0.58495,0.5849,0.58495,44
2026-03-24T12:00:00,0.58495,0.58505,0.5849,0.5849,51
2026-03-24T12:01:00,0.5849,0.5849,0.5849,0.5849,3
2026-03-24T12:02:00,0.5849,0.585,0.5849,0.585,32
2026-03-24T12:03:00,0.5849,0.5849,0.5849,0.5849,8
2026-03-24T12:04:00,0.5849,0.5849,0.58465,0.58465,26
2026-03-24T12:05:00,0.5846,0.5846,0.58445,0.5845,14
2026-03-24T12:06:00,0.58445,0.5845,0.58445,0.5845,9
2026-03-24T12:07:00,0.5845,0.5845,0.58445,0.58445,5
2026-03-24T12:08:00,0.5844,0.5844,0.5843,0.58435,11
2026-03-24T12:09:00,0.58445,0.58455,0.5844,0.58445,19
2026-03-24T12:10:00,0.5845,0.5845,0.5844,0.5844,26
2026-03-24T12:11:00,0.58435,0.5844,0.5843,0.5843,13
2026-03-24T12:12:00,0.5844,0.58445,0.5844,0.58445,4
2026-03-24T12:13:00,0.5844,0.5845,0.5844,0.5845,24
2026-03-24T12:14:00,0.58445,0.58445,0.5843,0.58435,17
2026-03-24T12:15:00,0.58435,0.58435,0.5843,0.5843,19
2026-03-24T12:16:00,0.5843,0.5843,0.58425,0.5843,5
2026-03-24T12:17:00,0.5842,0.5842,0.58415,0.58415,7
2026-03-24T12:18:00,0.5843,0.58435,0.5843,0.5843,26
2026-03-24T12:19:00,0.58425,0.58425,0.5842,0.58425,10
2026-03-24T12:20:00,0.58425,0.5843,0.5841,0.5841,62
2026-03-24T12:21:00,0.5841,0.5842,0.5841,0.5841,12
2026-03-24T12:22:00,0.58415,0.58415,0.58405,0.58405,33
2026-03-24T12:23:00,0.5841,0.5842,0.5841,0.5841,10
2026-03-24T12:24:00,0.58415,0.58435,0.58415,0.58425,49
2026-03-24T12:25:00,0.58425,0.5844,0.5842,0.5844,39
2026-03-24T12:26:00,0.5844,0.5846,0.5844,0.5845,50
2026-03-24T12:27:00,0.58455,0.5846,0.58455,0.5846,11
2026-03-24T12:28:00,0.5846,0.58465,0.58455,0.58465,12
2026-03-24T12:29:00,0.58465,0.58465,0.58455,0.58455,29
2026-03-24T12:30:00,0.58455,0.5846,0.58435,0.58455,95
2026-03-24T12:31:00,0.5845,0.5845,0.58435,0.5844,24
2026-03-24T12:32:00,0.5844,0.5844,0.58425,0.5843,25
2026-03-24T12:33:00,0.58425,0.5843,0.584,0.584,24
2026-03-24T12:34:00,0.584,0.584,0.5839,0.584,71
2026-03-24T12:35:00,0.584,0.58415,0.5839,0.584,25
2026-03-24T12:36:00,0.58405,0.5841,0.58405,0.58405,20
2026-03-24T12:37:00,0.58395,0.58395,0.5838,0.58385,37
2026-03-24T12:38:00,0.5838,0.58385,0.5837,0.5838,16
2026-03-24T12:39:00,0.5838,0.58385,0.5838,0.5838,15
2026-03-24T12:40:00,0.5838,0.58385,0.58375,0.5838,31
2026-03-24T12:41:00,0.58385,0.5839,0.5837,0.5837,43
2026-03-24T12:42:00,0.58375,0.5838,0.58375,0.58375,21
2026-03-24T12:43:00,0.58375,0.5838,0.58375,0.58375,30
2026-03-24T12:44:00,0.58375,0.5838,0.58365,0.5837,51
2026-03-24T12:45:00,0.5837,0.5839,0.5837,0.58385,51
2026-03-24T12:46:00,0.5839,0.5841,0.5839,0.5841,77
2026-03-24T12:47:00,0.58415,0.58415,0.58405,0.58415,56
2026-03-24T12:48:00,0.58415,0.5842,0.58405,0.5841,13
2026-03-24T12:49:00,0.5841,0.5841,0.58395,0.58405,31
2026-03-24T12:50:00,0.58405,0.58405,0.584,0.584,36
2026-03-24T12:51:00,0.584,0.58415,0.584,0.58405,73
2026-03-24T12:52:00,0.5841,0.5847,0.5841,0.5847,170
2026-03-24T12:53:00,0.58465,0.5847,0.58435,0.5844,49
2026-03-24T12:54:00,0.58435,0.58465,0.58435,0.5846,195
2026-03-24T12:55:00,0.58465,0.58465,0.5844,0.5844,27
2026-03-24T12:56:00,0.5844,0.58445,0.58435,0.5844,19
2026-03-24T12:57:00,0.58435,0.5844,0.5843,0.58435,94
2026-03-24T12:58:00,0.5843,0.5843,0.58425,0.58425,54
2026-03-24T12:59:00,0.58425,0.58425,0.58415,0.5842,47
2026-03-24T13:00:00,0.58415,0.5842,0.584,0.58405,49
2026-03-24T13:01:00,0.58405,0.5842,0.58405,0.5842,19
2026-03-24T13:02:00,0.58425,0.5845,0.58425,0.5845,34
2026-03-24T13:03:00,0.58455,0.5846,0.58455,0.5846,22
2026-03-24T13:04:00,0.5846,0.5846,0.58435,0.5844,48
2026-03-24T13:05:00,0.5844,0.5845,0.5844,0.58445,26
2026-03-24T13:06:00,0.5844,0.5845,0.5842,0.5842,77
2026-03-24T13:07:00,0.58415,0.5842,0.5838,0.5839,239
2026-03-24T13:08:00,0.5839,0.584,0.58345,0.58365,108
2026-03-24T13:09:00,0.58365,0.58365,0.58315,0.5834,259
2026-03-24T13:10:00,0.58335,0.58355,0.58325,0.58345,72
2026-03-24T13:11:00,0.5836,0.58375,0.5836,0.5837,14
2026-03-24T13:12:00,0.5837,0.58375,0.58365,0.58365,48
2026-03-24T13:13:00,0.5837,0.5839,0.5837,0.58385,10
2026-03-24T13:14:00,0.5838,0.5838,0.58355,0.5836,44
2026-03-24T13:15:00,0.58365,0.5838,0.58365,0.5838,71
2026-03-24T13:16:00,0.58375,0.5839,0.58375,0.5838,10
2026-03-24T13:17:00,0.58375,0.58375,0.58365,0.5837,21
2026-03-24T13:18:00,0.58375,0.58375,0.58355,0.58355,22
2026-03-24T13:19:00,0.5835,0.5835,0.58345,0.58345,4
2026-03-24T13:20:00,0.5834,0.58345,0.5834,0.58345,27
2026-03-24T13:21:00,0.58345,0.5835,0.5834,0.58345,39
2026-03-24T13:22:00,0.5835,0.5836,0.58345,0.5836,24
2026-03-24T13:23:00,0.58355,0.58385,0.58355,0.58385,18
2026-03-24T13:24:00,0.5838,0.5838,0.5836,0.5836,13
2026-03-24T13:25:00,0.5836,0.584,0.5836,0.58395,230
2026-03-24T13:26:00,0.5839,0.5839,0.58345,0.58355,70
2026-03-24T13:27:00,0.5836,0.5836,0.5833,0.58335,148
2026-03-24T13:28:00,0.58335,0.58335,0.58325,0.58335,38
2026-03-24T13:29:00,0.58335,0.5834,0.58325,0.58325,60
2026-03-24T13:30:00,0.5832,0.5834,0.5831,0.5833,100
2026-03-24T13:31:00,0.5833,0.58375,0.58315,0.58375,92
2026-03-24T13:32:00,0.5837,0.5837,0.5835,0.5836,113
2026-03-24T13:33:00,0.5836,0.58365,0.58355,0.58355,54
2026-03-24T13:34:00,0.5835,0.5836,0.58335,0.5835,85
2026-03-24T13:35:00,0.58355,0.58355,0.5832,0.5833,131
2026-03-24T13:36:00,0.58335,0.5834,0.58315,0.58325,52
2026-03-24T13:37:00,0.5833,0.58355,0.5833,0.5834,49
2026-03-24T13:38:00,0.58345,0.5835,0.5833,0.5834,44
2026-03-24T13:39:00,0.5835,0.5835,0.5832,0.5832,40
2026-03-24T13:40:00,0.5833,0.5834,0.58315,0.58325,67
2026-03-24T13:41:00,0.58315,0.58325,0.58295,0.58295,74
2026-03-24T13:42:00,0.583,0.5833,0.583,0.58325,155
2026-03-24T13:43:00,0.5832,0.5832,0.583,0.583,99
2026-03-24T13:44:00,0.5831,0.58315,0.58295,0.58305,182
2026-03-24T13:45:00,0.583,0.58315,0.5829,0.58315,146
2026-03-24T13:46:00,0.58315,0.5832,0.58305,0.5832,66
2026-03-24T13:47:00,0.5831,0.58315,0.58305,0.58315,44
2026-03-24T13:48:00,0.58315,0.58315,0.583,0.58315,200
2026-03-24T13:49:00,0.58315,0.5832,0.58305,0.58305,78
2026-03-24T13:50:00,0.5832,0.5833,0.5831,0.5831,43
2026-03-24T13:51:00,0.5831,0.5832,0.5831,0.5831,27
2026-03-24T13:52:00,0.58305,0.58335,0.58305,0.58335,61
2026-03-24T13:53:00,0.5834,0.5835,0.58335,0.58345,130
2026-03-24T13:54:00,0.58345,0.5835,0.58325,0.58325,20
2026-03-24T13:55:00,0.5833,0.58345,0.5833,0.58345,41
2026-03-24T13:56:00,0.5835,0.5835,0.58345,0.58345,12
2026-03-24T13:57:00,0.58345,0.5837,0.58345,0.5835,56
2026-03-24T13:58:00,0.5835,0.5836,0.58335,0.5836,29
2026-03-24T13:59:00,0.5835,0.58375,0.58345,0.58375,33
2026-03-24T14:00:00,0.5838,0.5842,0.58375,0.58395,101
2026-03-24T14:01:00,0.584,0.584,0.58385,0.58385,48
2026-03-24T14:02:00,0.58375,0.5841,0.58375,0.5841,34
2026-03-24T14:03:00,0.58405,0.5842,0.58405,0.58415,21
2026-03-24T14:04:00,0.58415,0.58425,0.5841,0.5842,32
2026-03-24T14:05:00,0.5842,0.5842,0.58395,0.584,63
2026-03-24T14:06:00,0.5839,0.58405,0.5839,0.58395,68
2026-03-24T14:07:00,0.58405,0.5845,0.58405,0.5845,79
2026-03-24T14:08:00,0.58445,0.58445,0.58435,0.58435,27
2026-03-24T14:09:00,0.5844,0.58445,0.58415,0.58445,120
2026-03-24T14:10:00,0.58445,0.5846,0.5844,0.5846,259
2026-03-24T14:11:00,0.5845,0.5845,0.58435,0.58435,26
2026-03-24T14:12:00,0.5843,0.5843,0.5841,0.5841,36
2026-03-24T14:13:00,0.5841,0.5841,0.5839,0.58405,93
2026-03-24T14:14:00,0.584,0.58425,0.58395,0.58425,24
2026-03-24T14:15:00,0.58425,0.5844,0.5842,0.5843,46
2026-03-24T14:16:00,0.5841,0.58415,0.5841,0.58415,7
2026-03-24T14:17:00,0.58415,0.58415,0.5841,0.5841,17
2026-03-24T14:18:00,0.5841,0.5843,0.5841,0.5843,29
2026-03-24T14:19:00,0.5843,0.5844,0.5843,0.5844,15
2026-03-24T14:20:00,0.58435,0.58435,0.5843,0.5843,22
2026-03-24T14:21:00,0.58435,0.58435,0.5843,0.58435,24
2026-03-24T14:22:00,0.58425,0.5844,0.5841,0.5841,24
2026-03-24T14:23:00,0.58415,0.5844,0.58415,0.5844,100
2026-03-24T14:24:00,0.5843,0.5844,0.5843,0.5844,26
2026-03-24T14:25:00,0.58435,0.58435,0.5842,0.58435,30
2026-03-24T14:26:00,0.5844,0.5846,0.5844,0.5845,41
2026-03-24T14:27:00,0.58445,0.5846,0.58435,0.5846,16
2026-03-24T14:28:00,0.5846,0.5846,0.5845,0.5845,7
2026-03-24T14:29:00,0.5845,0.5845,0.5843,0.58435,36
2026-03-24T14:30:00,0.5844,0.5846,0.58435,0.58455,21
2026-03-24T14:31:00,0.58455,0.58465,0.5845,0.5846,26
2026-03-24T14:32:00,0.5846,0.5846,0.5845,0.5845,26
2026-03-24T14:33:00,0.5846,0.5848,0.5846,0.5847,35
2026-03-24T14:34:00,0.5847,0.5847,0.5846,0.5846,50
2026-03-24T14:35:00,0.58465,0.58465,0.5845,0.5846,24
2026-03-24T14:36:00,0.58445,0.58445,0.5843,0.58435,20
2026-03-24T14:37:00,0.5842,0.58435,0.58415,0.58415,31
2026-03-24T14:38:00,0.5841,0.58415,0.584,0.58415,27
2026-03-24T14:39:00,0.5841,0.58425,0.5841,0.58425,65
2026-03-24T14:40:00,0.5842,0.5845,0.58415,0.5845,40
2026-03-24T14:41:00,0.58445,0.58455,0.58435,0.58445,30
2026-03-24T14:42:00,0.5844,0.5846,0.58435,0.5846,33
2026-03-24T14:43:00,0.58455,0.5846,0.5842,0.5842,19
2026-03-24T14:44:00,0.5842,0.58445,0.5842,0.58445,22
2026-03-24T14:45:00,0.5845,0.5845,0.58415,0.58415,28
2026-03-24T14:46:00,0.5842,0.5847,0.5842,0.58465,213
2026-03-24T14:47:00,0.58465,0.5847,0.5843,0.5843,72
2026-03-24T14:48:00,0.58445,0.58445,0.5843,0.5843,13
2026-03-24T14:49:00,0.5843,0.5843,0.58405,0.58405,15
2026-03-24T14:50:00,0.58395,0.58395,0.58385,0.58385,29
2026-03-24T14:51:00,0.58395,0.5848,0.5839,0.5848,284
2026-03-24T14:52:00,0.5848,0.58585,0.58475,0.58535,704
2026-03-24T14:53:00,0.5853,0.5856,0.5851,0.5856,267
2026-03-24T14:54:00,0.58555,0.58555,0.5849,0.585,144
2026-03-24T14:55:00,0.58505,0.5851,0.58465,0.58505,144
2026-03-24T14:56:00,0.58495,0.5852,0.58485,0.58505,112
2026-03-24T14:57:00,0.58505,0.58505,0.58485,0.58485,76
2026-03-24T14:58:00,0.58475,0.58475,0.58455,0.5847,77
2026-03-24T14:59:00,0.58455,0.5846,0.58365,0.58425,915
2026-03-24T15:00:00,0.5843,0.58485,0.5843,0.5845,309
2026-03-24T15:01:00,0.58445,0.5846,0.58435,0.58455,82
2026-03-24T15:02:00,0.58445,0.5845,0.58415,0.5844,74
2026-03-24T15:03:00,0.5844,0.58445,0.58425,0.5843,49
2026-03-24T15:04:00,0.58445,0.58445,0.5842,0.58435,84
2026-03-24T15:05:00,0.5842,0.5843,0.58415,0.58415,44
2026-03-24T15:06:00,0.58425,0.58435,0.58385,0.58405,164
2026-03-24T15:07:00,0.58405,0.58425,0.58405,0.58425,113
2026-03-24T15:08:00,0.5842,0.5843,0.584,0.58415,73
2026-03-24T15:09:00,0.5842,0.58425,0.58405,0.58405,27
2026-03-24T15:10:00,0.5841,0.58415,0.5839,0.5841,56
2026-03-24T15:11:00,0.58415,0.5843,0.58405,0.58405,23
2026-03-24T15:12:00,0.58415,0.58415,0.5841,0.5841,4
2026-03-24T15:13:00,0.58405,0.58405,0.58405,0.58405,5
2026-03-24T15:14:00,0.58415,0.5843,0.58405,0.5843,8
2026-03-24T15:15:00,0.5842,0.5843,0.58415,0.5843,74
2026-03-24T15:16:00,0.58425,0.5844,0.58425,0.5844,79
2026-03-24T15:17:00,0.5843,0.5843,0.584,0.584,14
2026-03-24T15:18:00,0.58425,0.58445,0.58425,0.5844,55
2026-03-24T15:19:00,0.5843,0.58445,0.5843,0.58435,69
2026-03-24T15:20:00,0.58435,0.58435,0.58405,0.5842,45
2026-03-24T15:21:00,0.58415,0.5843,0.58415,0.5842,49
2026-03-24T15:22:00,0.5843,0.58445,0.5843,0.58435,27
2026-03-24T15:23:00,0.58435,0.58435,0.5843,0.5843,29
2026-03-24T15:24:00,0.58445,0.58455,0.58445,0.58455,25
2026-03-24T15:25:00,0.5846,0.58485,0.5846,0.5848,15
2026-03-24T15:26:00,0.5848,0.5848,0.5846,0.5846,179
2026-03-24T15:27:00,0.5846,0.58465,0.58455,0.58455,59
2026-03-24T15:28:00,0.58455,0.58455,0.58445,0.5845,15
2026-03-24T15:29:00,0.5845,0.58455,0.58445,0.5845,24
2026-03-24T15:30:00,0.58455,0.5847,0.58455,0.5846,47
2026-03-24T15:31:00,0.58455,0.58465,0.58435,0.58435,88
2026-03-24T15:32:00,0.5843,0.5843,0.5841,0.5841,62
2026-03-24T15:33:00,0.5842,0.5842,0.5841,0.5841,12
2026-03-24T15:34:00,0.5841,0.58415,0.584,0.58415,31
2026-03-24T15:35:00,0.58415,0.5843,0.5841,0.5842,33
2026-03-24T15:36:00,0.58415,0.5843,0.58415,0.58425,44
2026-03-24T15:37:00,0.58425,0.5843,0.58425,0.58425,9
2026-03-24T15:38:00,0.58435,0.58435,0.58425,0.58435,28
2026-03-24T15:39:00,0.5843,0.5844,0.58425,0.58425,15
2026-03-24T15:40:00,0.5842,0.58425,0.5842,0.5842,23
2026-03-24T15:41:00,0.5842,0.5842,0.58405,0.5842,30
2026-03-24T15:42:00,0.58415,0.58425,0.5841,0.58415,53
2026-03-24T15:43:00,0.5841,0.58425,0.58405,0.58405,52
2026-03-24T15:44:00,0.5841,0.58415,0.58405,0.58415,15
2026-03-24T15:45:00,0.584,0.58405,0.584,0.584,13
2026-03-24T15:46:00,0.58395,0.58395,0.5839,0.58395,19
2026-03-24T15:47:00,0.5839,0.58395,0.5839,0.5839,8
2026-03-24T15:48:00,0.58385,0.5839,0.58375,0.5839,113
2026-03-24T15:49:00,0.5839,0.5839,0.5837,0.5837,20
2026-03-24T15:50:00,0.5837,0.58385,0.58365,0.5838,11
2026-03-24T15:51:00,0.58375,0.5839,0.58375,0.5839,11
2026-03-24T15:52:00,0.5839,0.58395,0.5838,0.5839,19
2026-03-24T15:53:00,0.5839,0.5839,0.5837,0.5837,30
2026-03-24T15:54:00,0.58375,0.58375,0.58365,0.58365,7
2026-03-24T15:55:00,0.58365,0.58365,0.58345,0.58345,50
2026-03-24T15:56:00,0.58345,0.5836,0.58325,0.58335,123
2026-03-24T15:57:00,0.58345,0.58355,0.58335,0.5834,80
2026-03-24T15:58:00,0.58345,0.5835,0.5834,0.58345,33
2026-03-24T15:59:00,0.58345,0.5835,0.5834,0.5834,61
2026-03-24T16:00:00,0.5834,0.5834,0.5832,0.58325,488
2026-03-24T16:01:00,0.5832,0.5833,0.58315,0.58315,95
2026-03-24T16:02:00,0.5832,0.5832,0.58295,0.5831,215
2026-03-24T16:03:00,0.5831,0.5832,0.5831,0.5831,38
2026-03-24T16:04:00,0.58315,0.58325,0.5831,0.5831,45
2026-03-24T16:05:00,0.5831,0.58315,0.58305,0.58305,27
2026-03-24T16:06:00,0.58295,0.58305,0.5829,0.583,28
2026-03-24T16:07:00,0.58305,0.5832,0.58305,0.58315,24
2026-03-24T16:08:00,0.5831,0.58315,0.5831,0.58315,24
2026-03-24T16:09:00,0.5832,0.5833,0.58315,0.5833,45
2026-03-24T16:10:00,0.5832,0.58335,0.5831,0.5831,21
2026-03-24T16:11:00,0.58315,0.5832,0.5831,0.5831,12
2026-03-24T16:12:00,0.58305,0.5833,0.58305,0.58325,20
2026-03-24T16:13:00,0.58315,0.58315,0.58315,0.58315,16
2026-03-24T16:14:00,0.5832,0.5833,0.5832,0.5833,9
2026-03-24T16:15:00,0.5834,0.5835,0.5833,0.5835,25
2026-03-24T16:16:00,0.5834,0.58355,0.5834,0.5835,13
2026-03-24T16:17:00,0.5836,0.58365,0.58355,0.58355,26
2026-03-24T16:18:00,0.58355,0.58355,0.5835,0.5835,7
2026-03-24T16:19:00,0.5836,0.58365,0.5836,0.58365,20
2026-03-24T16:20:00,0.5836,0.58365,0.5836,0.5836,10
2026-03-24T16:21:00,0.5835,0.58365,0.5835,0.58365,9
2026-03-24T16:22:00,0.58365,0.5838,0.58365,0.5838,21
2026-03-24T16:23:00,0.5837,0.58375,0.5837,0.58375,11
2026-03-24T16:24:00,0.5837,0.5838,0.5837,0.5838,3
2026-03-24T16:25:00,0.5837,0.58375,0.5837,0.5837,20
2026-03-24T16:26:00,0.58375,0.58375,0.58365,0.58365,17
2026-03-24T16:27:00,0.58365,0.5838,0.58365,0.5838,17
2026-03-24T16:28:00,0.58385,0.58385,0.58375,0.58375,18
2026-03-24T16:29:00,0.58375,0.58375,0.58375,0.58375,8
2026-03-24T16:30:00,0.58385,0.58395,0.5838,0.5839,88
2026-03-24T16:31:00,0.5838,0.58385,0.5838,0.5838,13
2026-03-24T16:32:00,0.5838,0.5838,0.5837,0.5838,7
2026-03-24T16:33:00,0.5838,0.5838,0.5837,0.5837,10
2026-03-24T16:34:00,0.58375,0.5838,0.58375,0.5838,11
2026-03-24T16:35:00,0.58375,0.58375,0.58345,0.58355,16
2026-03-24T16:36:00,0.58355,0.58355,0.5835,0.5835,5
2026-03-24T16:37:00,0.5835,0.5835,0.5834,0.5834,2
2026-03-24T16:38:00,0.58335,0.58335,0.58325,0.5833,11
2026-03-24T16:39:00,0.5832,0.5832,0.58315,0.58315,8
2026-03-24T16:40:00,0.5831,0.5832,0.5831,0.5832,7
2026-03-24T16:41:00,0.58315,0.58325,0.58315,0.58325,21
2026-03-24T16:42:00,0.5832,0.58325,0.58315,0.58325,63
2026-03-24T16:43:00,0.58335,0.58345,0.58335,0.58345,11
2026-03-24T16:44:00,0.5835,0.58355,0.5835,0.58355,5
2026-03-24T16:45:00,0.58355,0.5837,0.58355,0.5837,7
2026-03-24T16:46:00,0.5836,0.5837,0.5835,0.5835,13
2026-03-24T16:47:00,0.58345,0.58345,0.5834,0.5834,5
2026-03-24T16:48:00,0.5834,0.5834,0.5834,0.5834,3
2026-03-24T16:49:00,0.5834,0.58345,0.5834,0.5834,12
2026-03-24T16:50:00,0.5834,0.5835,0.5834,0.5835,13
2026-03-24T16:51:00,0.5835,0.5836,0.5835,0.58355,16
2026-03-24T16:52:00,0.5835,0.5835,0.58345,0.5835,7
2026-03-24T16:53:00,0.5835,0.5835,0.5834,0.5834,24
2026-03-24T16:54:00,0.5834,0.5834,0.5834,0.5834,4
2026-03-24T16:55:00,0.58325,0.58325,0.58315,0.5832,83
2026-03-24T16:56:00,0.5833,0.58345,0.5833,0.58345,6
2026-03-24T16:57:00,0.5833,0.5833,0.58325,0.58325,2
2026-03-24T16:58:00,0.58325,0.58325,0.58325,0.58325,2
2026-03-24T16:59:00,0.58325,0.58325,0.5832,0.5832,13
2026-03-24T17:00:00,0.5832,0.5832,0.5832,0.5832,5
2026-03-24T17:01:00,0.5832,0.5832,0.58315,0.5832,36
2026-03-24T17:02:00,0.58315,0.58315,0.5828,0.5829,106
2026-03-24T17:03:00,0.5829,0.5829,0.5825,0.5825,63
2026-03-24T17:04:00,0.5825,0.58255,0.582,0.582,304
2026-03-24T17:05:00,0.58205,0.58205,0.58125,0.58145,611
2026-03-24T17:06:00,0.58145,0.58175,0.58135,0.5815,153
2026-03-24T17:07:00,0.58145,0.5817,0.58135,0.5815,75
2026-03-24T17:08:00,0.58155,0.58155,0.5813,0.5813,54
2026-03-24T17:09:00,0.5814,0.58155,0.58125,0.58125,158
2026-03-24T17:10:00,0.5813,0.58145,0.58115,0.58145,44
2026-03-24T17:11:00,0.58145,0.58165,0.58145,0.58145,50
2026-03-24T17:12:00,0.5815,0.5815,0.58115,0.58115,56
2026-03-24T17:13:00,0.58115,0.58155,0.58105,0.5815,56
2026-03-24T17:14:00,0.5815,0.58155,0.5814,0.5815,37
2026-03-24T17:15:00,0.58145,0.5816,0.58145,0.58155,59
2026-03-24T17:16:00,0.5814,0.58155,0.58125,0.58155,35
2026-03-24T17:17:00,0.5815,0.58165,0.5814,0.5814,69
2026-03-24T17:18:00,0.58145,0.5816,0.58145,0.5815,50
2026-03-24T17:19:00,0.5815,0.58165,0.58145,0.5815,31
2026-03-24T17:20:00,0.5815,0.58175,0.5815,0.5817,73
2026-03-24T17:21:00,0.58175,0.58185,0.5816,0.58165,38
2026-03-24T17:22:00,0.58165,0.58175,0.58155,0.5816,26
2026-03-24T17:23:00,0.58175,0.5818,0.58165,0.58175,20
2026-03-24T17:24:00,0.58175,0.5818,0.58175,0.58175,29
2026-03-24T17:25:00,0.5816,0.58165,0.5816,0.5816,5
2026-03-24T17:26:00,0.58165,0.58175,0.5815,0.5815,40
2026-03-24T17:27:00,0.58155,0.5817,0.58155,0.5817,16
2026-03-24T17:28:00,0.5817,0.5818,0.5817,0.5818,8
2026-03-24T17:29:00,0.5818,0.58185,0.58175,0.5818,14
2026-03-24T17:30:00,0.5818,0.58215,0.5818,0.5821,76
2026-03-24T17:31:00,0.5821,0.5821,0.582,0.582,28
2026-03-24T17:32:00,0.58195,0.58195,0.5818,0.58185,21
2026-03-24T17:33:00,0.58185,0.5819,0.58155,0.58155,35
2026-03-24T17:34:00,0.5816,0.58175,0.5816,0.58165,28
2026-03-24T17:35:00,0.58165,0.58175,0.5816,0.58175,49
2026-03-24T17:36:00,0.58165,0.58185,0.58165,0.58185,8
2026-03-24T17:37:00,0.5818,0.58195,0.5818,0.58195,20
2026-03-24T17:38:00,0.58205,0.58205,0.58195,0.58195,12
2026-03-24T17:39:00,0.5819,0.5819,0.5819,0.5819,6
2026-03-24T17:40:00,0.58195,0.58205,0.58195,0.58205,7
2026-03-24T17:41:00,0.5818,0.5818,0.5818,0.5818,1
2026-03-24T17:42:00,0.58175,0.58175,0.5815,0.58155,22
2026-03-24T17:43:00,0.5816,0.5816,0.5815,0.5815,24
2026-03-24T17:44:00,0.5814,0.5814,0.5813,0.58135,28
2026-03-24T17:45:00,0.5814,0.5814,0.5813,0.58135,103
2026-03-24T17:46:00,0.58135,0.58135,0.58125,0.58125,54
2026-03-24T17:47:00,0.5813,0.5813,0.58125,0.58125,50
2026-03-24T17:48:00,0.58125,0.5813,0.5812,0.5813,22
2026-03-24T17:49:00,0.5813,0.58145,0.5813,0.58135,56
2026-03-24T17:50:00,0.58125,0.58125,0.58115,0.5812,84
2026-03-24T17:51:00,0.58125,0.58135,0.58125,0.5813,17
2026-03-24T17:52:00,0.58125,0.58155,0.5812,0.58135,214
2026-03-24T17:53:00,0.5813,0.5813,0.58115,0.5813,18
2026-03-24T17:54:00,0.5813,0.58135,0.58125,0.58125,26
2026-03-24T17:55:00,0.58125,0.5825,0.5812,0.58215,846
2026-03-24T17:56:00,0.58225,0.5825,0.5821,0.5821,136
2026-03-24T17:57:00,0.5821,0.58225,0.58195,0.5821,58
2026-03-24T17:58:00,0.5821,0.5823,0.58205,0.5821,86
2026-03-24T17:59:00,0.582,0.5821,0.58195,0.5821,60
2026-03-24T18:00:00,0.5821,0.58255,0.5821,0.58225,119
2026-03-24T18:01:00,0.58225,0.58225,0.582,0.582,49
2026-03-24T18:02:00,0.582,0.582,0.58185,0.582,34
2026-03-24T18:03:00,0.582,0.582,0.58195,0.58195,4
2026-03-24T18:04:00,0.58205,0.58215,0.582,0.58215,15
2026-03-24T18:05:00,0.58215,0.58215,0.582,0.5821,10
2026-03-24T18:06:00,0.58205,0.5822,0.58205,0.5822,6
2026-03-24T18:07:00,0.58195,0.58205,0.58195,0.58205,13
2026-03-24T18:08:00,0.5821,0.5821,0.58185,0.58185,15
2026-03-24T18:09:00,0.5819,0.5819,0.5818,0.5818,12
2026-03-24T18:10:00,0.5818,0.5819,0.5818,0.58185,12
2026-03-24T18:11:00,0.5819,0.58205,0.5819,0.582,31
2026-03-24T18:12:00,0.58205,0.58205,0.582,0.58205,6
2026-03-24T18:13:00,0.58205,0.58205,0.58205,0.58205,5
2026-03-24T18:14:00,0.58205,0.5821,0.582,0.5821,57
2026-03-24T18:15:00,0.58205,0.58205,0.58195,0.582,39
2026-03-24T18:16:00,0.582,0.58215,0.58195,0.58215,22
2026-03-24T18:17:00,0.58215,0.5822,0.58205,0.58215,77
2026-03-24T18:18:00,0.5821,0.5822,0.5821,0.5822,18
2026-03-24T18:19:00,0.58225,0.5826,0.58225,0.5825,226
2026-03-24T18:20:00,0.5826,0.5829,0.5825,0.58265,83
2026-03-24T18:21:00,0.5826,0.58265,0.58255,0.58265,22
2026-03-24T18:22:00,0.58255,0.58255,0.5824,0.58245,23
2026-03-24T18:23:00,0.58245,0.58255,0.58245,0.58255,16
2026-03-24T18:24:00,0.5826,0.58275,0.5826,0.58275,33
2026-03-24T18:25:00,0.5827,0.5828,0.5827,0.58275,12
2026-03-24T18:26:00,0.5828,0.5829,0.5828,0.58285,25
2026-03-24T18:27:00,0.5829,0.583,0.5829,0.583,40
2026-03-24T18:28:00,0.5829,0.5829,0.58285,0.58285,30
2026-03-24T18:29:00,0.5828,0.583,0.5828,0.58295,49
2026-03-24T18:30:00,0.583,0.583,0.58285,0.5829,39
2026-03-24T18:31:00,0.5829,0.58335,0.5829,0.58335,69
2026-03-24T18:32:00,0.58335,0.5835,0.5833,0.58335,44
2026-03-24T18:33:00,0.5834,0.5834,0.58315,0.5832,42
2026-03-24T18:34:00,0.58325,0.58325,0.5832,0.5832,8
2026-03-24T18:35:00,0.58325,0.5833,0.58325,0.5833,2
2026-03-24T18:36:00,0.5834,0.5834,0.58315,0.5833,28
2026-03-24T18:37:00,0.5833,0.5833,0.5833,0.5833,5
2026-03-24T18:38:00,0.5834,0.5837,0.58335,0.5837,186
2026-03-24T18:39:00,0.58365,0.5839,0.58355,0.5839,48
2026-03-24T18:40:00,0.58375,0.58375,0.58365,0.5837,24
2026-03-24T18:41:00,0.58365,0.58365,0.58325,0.58335,67
2026-03-24T18:42:00,0.5833,0.58345,0.58315,0.5834,208
2026-03-24T18:43:00,0.5834,0.58345,0.58335,0.58335,80
2026-03-24T18:44:00,0.5834,0.5834,0.58335,0.58335,6
2026-03-24T18:45:00,0.58345,0.58345,0.58335,0.58335,10
2026-03-24T18:46:00,0.58335,0.5834,0.58325,0.5834,13
2026-03-24T18:47:00,0.58335,0.5834,0.5832,0.5832,27
2026-03-24T18:48:00,0.5832,0.58335,0.5832,0.58325,14
2026-03-24T18:49:00,0.5832,0.5833,0.5832,0.58325,8
2026-03-24T18:50:00,0.5833,0.5833,0.58325,0.58325,17
2026-03-24T18:51:00,0.58325,0.58335,0.58325,0.5833,10
2026-03-24T18:52:00,0.5833,0.58345,0.5833,0.58345,20
2026-03-24T18:53:00,0.58345,0.58355,0.58345,0.5835,32
2026-03-24T18:54:00,0.58345,0.58345,0.5834,0.58345,11
2026-03-24T18:55:00,0.58345,0.58345,0.58315,0.58315,14
2026-03-24T18:56:00,0.58315,0.58315,0.5831,0.5831,18
2026-03-24T18:57:00,0.5832,0.5832,0.58315,0.58315,13
2026-03-24T18:58:00,0.5831,0.58325,0.5831,0.5832,43
2026-03-24T18:59:00,0.5832,0.58325,0.5832,0.58325,372
2026-03-24T19:00:00,0.5833,0.58355,0.5833,0.58355,439
2026-03-24T19:01:00,0.58355,0.5837,0.58355,0.58355,240
2026-03-24T19:02:00,0.58355,0.5836,0.5835,0.58355,83
2026-03-24T19:03:00,0.5835,0.5837,0.5835,0.5837,63
2026-03-24T19:04:00,0.5837,0.58385,0.5837,0.5838,260
2026-03-24T19:05:00,0.58375,0.58375,0.58365,0.58375,31
2026-03-24T19:06:00,0.5838,0.5839,0.5838,0.5839,33
2026-03-24T19:07:00,0.58385,0.5839,0.58385,0.5839,44
2026-03-24T19:08:00,0.58385,0.58395,0.58385,0.58395,61
2026-03-24T19:09:00,0.584,0.58415,0.584,0.5841,118
2026-03-24T19:10:00,0.5841,0.58415,0.58405,0.58405,22
2026-03-24T19:11:00,0.5841,0.58415,0.5841,0.5841,48
2026-03-24T19:12:00,0.58415,0.58415,0.5841,0.58415,26
2026-03-24T19:13:00,0.58415,0.5842,0.58405,0.58405,64
2026-03-24T19:14:00,0.584,0.5841,0.584,0.5841,52
2026-03-24T19:15:00,0.5841,0.5841,0.584,0.58405,9
2026-03-24T19:16:00,0.584,0.5841,0.584,0.5841,83
2026-03-24T19:17:00,0.58405,0.5841,0.584,0.58405,45
2026-03-24T19:18:00,0.584,0.58405,0.584,0.58405,21
2026-03-24T19:19:00,0.584,0.5841,0.584,0.5841,52
2026-03-24T19:20:00,0.5841,0.5841,0.584,0.58405,25
2026-03-24T19:21:00,0.5841,0.5841,0.58405,0.58405,39
2026-03-24T19:22:00,0.58405,0.58405,0.58405,0.58405,26
2026-03-24T19:23:00,0.58405,0.58405,0.58395,0.584,23
2026-03-24T19:24:00,0.58395,0.58405,0.58395,0.58405,25
2026-03-24T19:25:00,0.58405,0.58405,0.584,0.584,22
2026-03-24T19:26:00,0.584,0.584,0.5839,0.5839,8
2026-03-24T19:27:00,0.58395,0.58395,0.58395,0.58395,1
2026-03-24T19:28:00,0.5839,0.5839,0.5839,0.5839,3
2026-03-24T19:29:00,0.5839,0.5839,0.5838,0.5838,39
2026-03-24T19:30:00,0.58375,0.58385,0.5836,0.58385,328
2026-03-24T19:31:00,0.5838,0.5838,0.58375,0.58375,14
2026-03-24T19:32:00,0.58375,0.5838,0.5837,0.5837,7
2026-03-24T19:33:00,0.58365,0.5837,0.58365,0.5837,8
2026-03-24T19:34:00,0.5837,0.5837,0.58365,0.58365,12
2026-03-24T19:35:00,0.5837,0.5837,0.5836,0.5836,9
2026-03-24T19:36:00,0.58355,0.58365,0.58355,0.58365,4
2026-03-24T19:37:00,0.5836,0.58365,0.5836,0.58365,9
2026-03-24T19:38:00,0.58365,0.58365,0.58365,0.58365,1
2026-03-24T19:39:00,0.5836,0.5836,0.58355,0.58355,12
2026-03-24T19:40:00,0.5836,0.5836,0.58355,0.58355,9
2026-03-24T19:41:00,0.5836,0.5837,0.5836,0.58365,6
2026-03-24T19:42:00,0.58365,0.58375,0.58365,0.58375,9
2026-03-24T19:43:00,0.58375,0.58375,0.58375,0.58375,15
2026-03-24T19:44:00,0.58375,0.58375,0.5837,0.5837,9
2026-03-24T19:45:00,0.5837,0.5837,0.58365,0.5837,18
2026-03-24T19:46:00,0.58365,0.58365,0.58365,0.58365,4
2026-03-24T19:47:00,0.58375,0.58375,0.5837,0.5837,6
2026-03-24T19:49:00,0.5837,0.58375,0.5837,0.58375,32
2026-03-24T19:50:00,0.58375,0.58375,0.58375,0.58375,22
2026-03-24T19:51:00,0.5838,0.5838,0.58365,0.58365,39
2026-03-24T19:52:00,0.58365,0.58365,0.58365,0.58365,2
2026-03-24T19:54:00,0.58365,0.5837,0.58365,0.5837,10
2026-03-24T19:55:00,0.58365,0.5837,0.58355,0.58355,10
2026-03-24T19:56:00,0.58365,0.58365,0.5836,0.5836,6
2026-03-24T19:57:00,0.5836,0.5836,0.58355,0.58355,4
2026-03-24T19:58:00,0.5836,0.5836,0.5836,0.5836,5
2026-03-24T19:59:00,0.58365,0.58365,0.5836,0.5836,8
2026-03-24T20:00:00,0.5836,0.5836,0.5836,0.5836,15
2026-03-24T20:01:00,0.5836,0.58365,0.5836,0.58365,32
2026-03-24T20:02:00,0.5837,0.5837,0.5837,0.5837,4
2026-03-24T20:03:00,0.58365,0.58365,0.58365,0.58365,2
2026-03-24T20:04:00,0.58365,0.58365,0.5836,0.5836,10
2026-03-24T20:06:00,0.58355,0.5836,0.58355,0.5836,8
2026-03-24T20:07:00,0.58355,0.5836,0.58355,0.5836,4
2026-03-24T20:08:00,0.58355,0.5836,0.58355,0.5836,2
2026-03-24T20:09:00,0.58355,0.58355,0.58355,0.58355,2
2026-03-24T20:10:00,0.58345,0.5835,0.58345,0.5835,2
2026-03-24T20:11:00,0.58345,0.58345,0.58345,0.58345,1
2026-03-24T20:12:00,0.5834,0.5834,0.5834,0.5834,2
2026-03-24T20:13:00,0.58345,0.5835,0.58345,0.5835,10
2026-03-24T20:14:00,0.5835,0.5835,0.58345,0.58345,20
2026-03-24T20:15:00,0.5835,0.5835,0.5835,0.5835,1
2026-03-24T20:17:00,0.5835,0.5835,0.5835,0.5835,29
2026-03-24T20:18:00,0.5835,0.5835,0.5835,0.5835,1
2026-03-24T20:19:00,0.58355,0.5837,0.58355,0.5837,47
2026-03-24T20:20:00,0.58385,0.5847,0.58385,0.5847,328
2026-03-24T20:21:00,0.5846,0.58495,0.58435,0.5848,137
2026-03-24T20:22:00,0.585,0.58555,0.585,0.58555,114
2026-03-24T20:23:00,0.58555,0.5859,0.58545,0.58585,125
2026-03-24T20:24:00,0.5858,0.5863,0.58575,0.5863,83
2026-03-24T20:25:00,0.5862,0.58625,0.58585,0.58615,230
2026-03-24T20:26:00,0.5861,0.58685,0.5861,0.58675,195
2026-03-24T20:27:00,0.5868,0.58685,0.58595,0.5862,396
2026-03-24T20:28:00,0.58595,0.58595,0.58535,0.5855,190
2026-03-24T20:29:00,0.5855,0.5855,0.58525,0.5854,101
2026-03-24T20:30:00,0.58535,0.58555,0.5853,0.5854,16
2026-03-24T20:31:00,0.5854,0.5855,0.58505,0.58505,38
2026-03-24T20:32:00,0.58505,0.5853,0.58505,0.58525,64
2026-03-24T20:33:00,0.5853,0.5854,0.58525,0.58535,22
2026-03-24T20:34:00,0.5854,0.58545,0.5853,0.5853,15
2026-03-24T20:35:00,0.5854,0.5854,0.58535,0.58535,8
2026-03-24T20:36:00,0.5853,0.58565,0.5853,0.5856,12
2026-03-24T20:37:00,0.58565,0.58565,0.58535,0.58555,71
2026-03-24T20:38:00,0.58565,0.58565,0.58565,0.58565,5
2026-03-24T20:39:00,0.58545,0.58635,0.58545,0.58635,159
2026-03-24T20:40:00,0.58635,0.58635,0.58555,0.5857,56
2026-03-24T20:41:00,0.5856,0.58575,0.5851,0.58515,39
2026-03-24T20:42:00,0.5852,0.58535,0.58515,0.58525,50
2026-03-24T20:43:00,0.58525,0.5854,0.5851,0.5851,41
2026-03-24T20:44:00,0.5851,0.58525,0.5851,0.5852,9
2026-03-24T20:45:00,0.58525,0.5854,0.58525,0.5854,18
2026-03-24T20:46:00,0.5852,0.5852,0.5848,0.585,89
2026-03-24T20:47:00,0.5849,0.5849,0.5848,0.58485,9
2026-03-24T20:48:00,0.58485,0.58505,0.5848,0.585,12
2026-03-24T20:49:00,0.58515,0.58515,0.5851,0.5851,13
2026-03-24T20:50:00,0.58505,0.58505,0.58495,0.58505,86
2026-03-24T20:51:00,0.5851,0.5851,0.5851,0.5851,1
2026-03-24T20:52:00,0.5854,0.5854,0.58525,0.58525,8
2026-03-24T20:53:00,0.5852,0.5852,0.58515,0.58515,3
2026-03-24T20:54:00,0.5853,0.5853,0.5853,0.5853,4
2026-03-24T20:55:00,0.5853,0.5855,0.5853,0.5855,24
2026-03-24T20:56:00,0.5854,0.5854,0.58535,0.58535,17
2026-03-24T20:58:00,0.5853,0.58535,0.5853,0.58535,21
2026-03-24T20:59:00,0.58535,0.58535,0.58525,0.58525,37
2026-03-24T22:00:00,0.5853,0.58585,0.5853,0.5855,133
2026-03-24T22:01:00,0.5854,0.5854,0.58525,0.58525,29
2026-03-24T22:02:00,0.5853,0.58535,0.58525,0.58535,42
2026-03-24T22:03:00,0.5853,0.5853,0.5851,0.58525,48
2026-03-24T22:04:00,0.5853,0.5853,0.5853,0.5853,5
2026-03-24T22:05:00,0.5854,0.5854,0.5853,0.58535,63
2026-03-24T22:06:00,0.58535,0.58535,0.58535,0.58535,31
2026-03-24T22:07:00,0.58535,0.58545,0.58535,0.58545,20
2026-03-24T22:08:00,0.58545,0.58555,0.58545,0.58555,14
2026-03-24T22:09:00,0.58565,0.58565,0.58555,0.58555,26
2026-03-24T22:10:00,0.58555,0.58555,0.58555,0.58555,2
2026-03-24T22:11:00,0.58555,0.58555,0.58535,0.58535,15
2026-03-24T22:12:00,0.58545,0.58545,0.58545,0.58545,5
2026-03-24T22:13:00,0.58535,0.58535,0.58535,0.58535,5
2026-03-24T22:14:00,0.58535,0.58535,0.5853,0.58535,8
2026-03-24T22:15:00,0.58525,0.58545,0.58525,0.5854,100
2026-03-24T22:16:00,0.58545,0.58575,0.58545,0.5857,129
2026-03-24T22:17:00,0.5857,0.5857,0.58535,0.58535,75
2026-03-24T22:18:00,0.58545,0.58545,0.58545,0.58545,11
2026-03-24T22:19:00,0.58555,0.58565,0.58555,0.58565,11
2026-03-24T22:20:00,0.58565,0.5857,0.58565,0.58565,6
2026-03-24T22:21:00,0.5856,0.5856,0.5856,0.5856,2
2026-03-24T22:25:00,0.58545,0.58545,0.58525,0.58525,15
2026-03-24T22:26:00,0.5852,0.5853,0.5852,0.5853,4
2026-03-24T22:27:00,0.5853,0.5853,0.5853,0.5853,50
2026-03-24T22:28:00,0.5853,0.5853,0.5852,0.5852,10
2026-03-24T22:29:00,0.58525,0.58535,0.58525,0.58535,22
2026-03-24T22:30:00,0.58545,0.58545,0.58545,0.58545,1
2026-03-24T22:31:00,0.5854,0.58545,0.5854,0.5854,8
2026-03-24T22:33:00,0.58535,0.58535,0.58535,0.58535,2
2026-03-24T22:34:00,0.5854,0.5854,0.5854,0.5854,1
2026-03-24T22:37:00,0.5853,0.58535,0.5853,0.58535,4
2026-03-24T22:38:00,0.5854,0.58545,0.5854,0.58545,12
2026-03-24T22:39:00,0.5854,0.5854,0.58535,0.58535,3
2026-03-24T22:40:00,0.58535,0.58535,0.58535,0.58535,6
2026-03-24T22:41:00,0.5853,0.58535,0.5853,0.58535,11
2026-03-24T22:42:00,0.58535,0.5855,0.58535,0.5855,21
2026-03-24T22:43:00,0.58555,0.5856,0.58555,0.5856,20
2026-03-24T22:44:00,0.5855,0.5855,0.58545,0.58545,6
2026-03-24T22:45:00,0.5855,0.5856,0.5855,0.58555,12
2026-03-24T22:46:00,0.5855,0.58555,0.58545,0.58545,32
2026-03-24T22:47:00,0.5855,0.5855,0.5855,0.5855,3
2026-03-24T22:48:00,0.5854,0.5854,0.5854,0.5854,2
2026-03-24T22:50:00,0.58555,0.58555,0.58555,0.58555,5
2026-03-24T22:51:00,0.58555,0.58555,0.58555,0.58555,1
2026-03-24T22:53:00,0.5855,0.5855,0.5855,0.5855,3
2026-03-24T22:55:00,0.58545,0.58545,0.58545,0.58545,4
2026-03-24T22:57:00,0.58545,0.58545,0.5854,0.5854,13
2026-03-24T22:58:00,0.5855,0.58555,0.5855,0.5855,22
2026-03-24T22:59:00,0.58555,0.58555,0.58555,0.58555,2
2026-03-24T23:00:00,0.5856,0.58565,0.58555,0.5856,83
2026-03-24T23:01:00,0.58565,0.58565,0.5856,0.58565,6
2026-03-24T23:02:00,0.58565,0.58565,0.58545,0.58545,19
2026-03-24T23:03:00,0.5854,0.5854,0.5852,0.5852,15
2026-03-24T23:04:00,0.5852,0.5852,0.5851,0.5851,36
2026-03-24T23:05:00,0.5851,0.58515,0.5851,0.58515,49
2026-03-24T23:06:00,0.5852,0.5853,0.5852,0.58525,26
2026-03-24T23:07:00,0.58525,0.58525,0.5852,0.5852,73
2026-03-24T23:08:00,0.5852,0.5852,0.5852,0.5852,13
2026-03-24T23:09:00,0.5853,0.5853,0.58525,0.58525,6
2026-03-24T23:10:00,0.58525,0.5853,0.5852,0.5853,13
2026-03-24T23:11:00,0.5853,0.5853,0.5853,0.5853,2
2026-03-24T23:12:00,0.58525,0.58525,0.58525,0.58525,4
2026-03-24T23:13:00,0.5852,0.5852,0.5852,0.5852,17
2026-03-24T23:14:00,0.5853,0.5853,0.5853,0.5853,1
2026-03-24T23:15:00,0.5853,0.5853,0.5853,0.5853,8
2026-03-24T23:16:00,0.5853,0.58555,0.5853,0.5855,76
2026-03-24T23:17:00,0.58545,0.5855,0.5853,0.5853,50
2026-03-24T23:19:00,0.5853,0.5853,0.5853,0.5853,2
2026-03-24T23:20:00,0.58535,0.58535,0.58535,0.58535,7
2026-03-24T23:21:00,0.58545,0.58545,0.58545,0.58545,5
2026-03-24T23:22:00,0.58545,0.5855,0.5854,0.58545,30
2026-03-24T23:23:00,0.5854,0.5854,0.5854,0.5854,16
2026-03-24T23:25:00,0.5855,0.5856,0.5855,0.58555,9
2026-03-24T23:26:00,0.58555,0.5856,0.58555,0.5856,7
2026-03-24T23:27:00,0.5857,0.5857,0.5857,0.5857,2
2026-03-24T23:28:00,0.5857,0.5857,0.5857,0.5857,7
2026-03-24T23:29:00,0.58575,0.58575,0.58575,0.58575,5
2026-03-24T23:30:00,0.5858,0.5858,0.58575,0.58575,7
2026-03-24T23:31:00,0.5857,0.5857,0.58565,0.58565,9
2026-03-24T23:32:00,0.5857,0.5857,0.58565,0.58565,6
2026-03-24T23:33:00,0.5856,0.58565,0.5856,0.5856,6
2026-03-24T23:34:00,0.5856,0.58565,0.5856,0.58565,18
2026-03-24T23:35:00,0.58565,0.58565,0.5856,0.58565,24
2026-03-24T23:36:00,0.58575,0.58575,0.5857,0.5857,6
2026-03-24T23:37:00,0.58575,0.58575,0.58575,0.58575,1
2026-03-24T23:38:00,0.5857,0.5857,0.5857,0.5857,8
2026-03-24T23:39:00,0.5857,0.58575,0.5857,0.58575,3
2026-03-24T23:40:00,0.5857,0.5857,0.58565,0.5857,26
2026-03-24T23:41:00,0.58565,0.5857,0.58555,0.5857,22
2026-03-24T23:42:00,0.58565,0.58565,0.5856,0.5856,8
2026-03-24T23:43:00,0.5856,0.5856,0.58545,0.5855,30
2026-03-24T23:44:00,0.5855,0.5855,0.5855,0.5855,1
2026-03-24T23:45:00,0.5854,0.5854,0.5853,0.58535,5
2026-03-24T23:46:00,0.58535,0.58535,0.5853,0.5853,8
2026-03-24T23:48:00,0.58535,0.5854,0.58525,0.5854,37
2026-03-24T23:49:00,0.5854,0.5855,0.5854,0.5855,14
2026-03-24T23:50:00,0.58545,0.58545,0.58535,0.58535,12
2026-03-24T23:55:00,0.58535,0.58535,0.58535,0.58535,3
2026-03-24T23:56:00,0.58545,0.58545,0.58545,0.58545,3
2026-03-24T23:57:00,0.58545,0.58545,0.58545,0.58545,4
2026-03-24T23:58:00,0.5854,0.5854,0.58535,0.5854,12
2026-03-24T23:59:00,0.58535,0.58535,0.58525,0.58525,9
2026-03-25T00:00:00,0.5853,0.5853,0.58525,0.58525,31
2026-03-25T00:01:00,0.58525,0.5854,0.58525,0.5854,81
2026-03-25T00:02:00,0.58545,0.58545,0.5854,0.58545,9
2026-03-25T00:03:00,0.5854,0.58545,0.5853,0.58545,12
2026-03-25T00:04:00,0.5853,0.58545,0.5853,0.58545,8
2026-03-25T00:05:00,0.58555,0.58555,0.58555,0.58555,2
2026-03-25T00:06:00,0.58545,0.58545,0.58545,0.58545,9
2026-03-25T00:07:00,0.58565,0.58565,0.5856,0.5856,10
2026-03-25T00:08:00,0.5857,0.58585,0.5857,0.5858,21
2026-03-25T00:09:00,0.58575,0.5858,0.5857,0.5858,54
2026-03-25T00:10:00,0.58585,0.5859,0.58585,0.5859,4
2026-03-25T00:11:00,0.5859,0.58605,0.5859,0.58595,10
2026-03-25T00:12:00,0.586,0.586,0.586,0.586,6
2026-03-25T00:13:00,0.58605,0.58605,0.586,0.586,53
2026-03-25T00:14:00,0.5859,0.5859,0.58585,0.58585,2
2026-03-25T00:15:00,0.58585,0.58585,0.58575,0.58575,32
2026-03-25T00:16:00,0.58575,0.58575,0.5856,0.5856,26
2026-03-25T00:17:00,0.58565,0.58565,0.58555,0.58555,11
2026-03-25T00:18:00,0.5854,0.58545,0.5854,0.5854,10
2026-03-25T00:19:00,0.58535,0.58535,0.5853,0.58535,13
2026-03-25T00:20:00,0.5853,0.5854,0.58525,0.5853,76
2026-03-25T00:21:00,0.5852,0.58525,0.5851,0.5851,37
2026-03-25T00:22:00,0.58515,0.58515,0.5851,0.5851,8
2026-03-25T00:23:00,0.58515,0.5854,0.58515,0.58535,37
2026-03-25T00:24:00,0.58535,0.58535,0.5853,0.5853,5
2026-03-25T00:25:00,0.5854,0.58545,0.5854,0.58545,12
2026-03-25T00:26:00,0.58545,0.58545,0.58535,0.5854,4
2026-03-25T00:27:00,0.58535,0.5854,0.5853,0.5854,23
2026-03-25T00:28:00,0.5853,0.5853,0.5853,0.5853,3
2026-03-25T00:29:00,0.5853,0.5853,0.5852,0.58525,80
2026-03-25T00:30:00,0.5852,0.5852,0.5846,0.58515,379
2026-03-25T00:31:00,0.5852,0.58545,0.5852,0.5854,40
2026-03-25T00:32:00,0.58535,0.58545,0.58535,0.58545,6
2026-03-25T00:33:00,0.5855,0.5856,0.5855,0.5856,4
2026-03-25T00:34:00,0.5856,0.58575,0.5856,0.58575,10
2026-03-25T00:35:00,0.5857,0.5858,0.58565,0.5858,34
2026-03-25T00:36:00,0.58585,0.58585,0.5858,0.58585,18
2026-03-25T00:37:00,0.58585,0.58585,0.58575,0.58575,14
2026-03-25T00:38:00,0.58575,0.5858,0.58575,0.5858,3
2026-03-25T00:39:00,0.5859,0.5859,0.58575,0.58575,12
2026-03-25T00:41:00,0.5857,0.5857,0.58565,0.5857,4
2026-03-25T00:42:00,0.58565,0.58565,0.5856,0.5856,5
2026-03-25T00:43:00,0.58565,0.5857,0.58565,0.5857,17
2026-03-25T00:44:00,0.58575,0.58575,0.5857,0.58575,39
2026-03-25T00:45:00,0.5858,0.58585,0.5858,0.58585,7
2026-03-25T00:46:00,0.5858,0.58585,0.5858,0.58585,17
2026-03-25T00:47:00,0.5859,0.5859,0.5859,0.5859,2
2026-03-25T00:48:00,0.58595,0.58595,0.5859,0.5859,22
2026-03-25T00:49:00,0.5859,0.5859,0.5858,0.5858,8
2026-03-25T00:50:00,0.58575,0.58585,0.58575,0.58585,8
2026-03-25T00:51:00,0.5859,0.58595,0.58585,0.58585,85
2026-03-25T00:52:00,0.5859,0.58595,0.5859,0.58595,5
2026-03-25T00:53:00,0.5859,0.5859,0.5859,0.5859,8
2026-03-25T00:54:00,0.5859,0.586,0.5859,0.58595,31
2026-03-25T00:55:00,0.58595,0.58595,0.58585,0.58585,14
2026-03-25T00:56:00,0.58595,0.58595,0.5859,0.5859,9
2026-03-25T00:57:00,0.58585,0.58585,0.5858,0.5858,24
2026-03-25T00:58:00,0.58575,0.58575,0.5857,0.5857,16
2026-03-25T00:59:00,0.5857,0.5857,0.58565,0.5857,12
2026-03-25T01:00:00,0.5856,0.58575,0.58555,0.5856,52
2026-03-25T01:01:00,0.58555,0.5856,0.5855,0.5855,8
2026-03-25T01:02:00,0.58565,0.5857,0.5856,0.5857,22
2026-03-25T01:03:00,0.5856,0.5856,0.5855,0.5856,31
2026-03-25T01:04:00,0.5856,0.58565,0.58555,0.5856,16
2026-03-25T01:05:00,0.58555,0.5858,0.58555,0.58575,56
2026-03-25T01:06:00,0.5857,0.58575,0.5855,0.58555,51
2026-03-25T01:07:00,0.58555,0.58575,0.58555,0.58575,57
2026-03-25T01:08:00,0.5858,0.5858,0.58565,0.5857,62
2026-03-25T01:09:00,0.58575,0.58585,0.5857,0.5858,29
2026-03-25T01:10:00,0.5858,0.58595,0.5858,0.5859,115
2026-03-25T01:11:00,0.58595,0.58605,0.58595,0.586,33
2026-03-25T01:12:00,0.5859,0.58595,0.5859,0.5859,41
2026-03-25T01:13:00,0.5859,0.5859,0.58575,0.5858,20
2026-03-25T01:14:00,0.5858,0.5858,0.5856,0.5856,31
2026-03-25T01:15:00,0.5856,0.5857,0.5855,0.5855,39
2026-03-25T01:16:00,0.58555,0.58565,0.58555,0.58565,8
2026-03-25T01:17:00,0.58565,0.58565,0.58565,0.58565,6
2026-03-25T01:18:00,0.5857,0.58575,0.5856,0.5856,26
2026-03-25T01:19:00,0.5856,0.58565,0.58555,0.58555,27
2026-03-25T01:20:00,0.58565,0.58565,0.58565,0.58565,9
2026-03-25T01:21:00,0.5857,0.5858,0.58565,0.5858,21
2026-03-25T01:22:00,0.5857,0.5858,0.5857,0.5858,7
2026-03-25T01:23:00,0.5858,0.5858,0.58575,0.5858,5
2026-03-25T01:24:00,0.5858,0.5858,0.5858,0.5858,6
2026-03-25T01:25:00,0.58565,0.58565,0.5856,0.5856,3
2026-03-25T01:26:00,0.5856,0.5857,0.5856,0.5857,13
2026-03-25T01:27:00,0.5856,0.5856,0.5856,0.5856,2
2026-03-25T01:28:00,0.58565,0.58565,0.58565,0.58565,1
2026-03-25T01:29:00,0.58565,0.58565,0.5855,0.5855,11
2026-03-25T01:30:00,0.5854,0.5854,0.58515,0.58515,31
2026-03-25T01:31:00,0.5852,0.58525,0.5851,0.58515,78
2026-03-25T01:32:00,0.58515,0.58515,0.58505,0.58505,7
2026-03-25T01:33:00,0.585,0.5851,0.585,0.58505,34
2026-03-25T01:34:00,0.585,0.5851,0.585,0.5851,9
2026-03-25T01:35:00,0.5851,0.58515,0.5851,0.58515,4
2026-03-25T01:36:00,0.5852,0.5853,0.5852,0.5853,7
2026-03-25T01:37:00,0.5854,0.5854,0.5853,0.5853,10
2026-03-25T01:38:00,0.5853,0.5853,0.58525,0.5853,16
2026-03-25T01:39:00,0.5853,0.5853,0.5853,0.5853,1
2026-03-25T01:40:00,0.5853,0.5853,0.58525,0.58525,4
2026-03-25T01:41:00,0.5852,0.5852,0.58495,0.5852,171
2026-03-25T01:42:00,0.58525,0.5855,0.58525,0.58545,52
2026-03-25T01:43:00,0.5855,0.5855,0.58535,0.58535,31
2026-03-25T01:44:00,0.5852,0.5852,0.58505,0.58505,5
2026-03-25T01:45:00,0.585,0.58515,0.585,0.58515,29
2026-03-25T01:46:00,0.5851,0.5851,0.58495,0.585,11
2026-03-25T01:47:00,0.585,0.585,0.585,0.585,8
2026-03-25T01:48:00,0.58495,0.585,0.58495,0.585,7
2026-03-25T01:49:00,0.585,0.585,0.585,0.585,1
2026-03-25T01:50:00,0.58495,0.58495,0.5849,0.5849,8
2026-03-25T01:51:00,0.5849,0.5849,0.5849,0.5849,3
2026-03-25T01:52:00,0.5848,0.5848,0.5848,0.5848,7
2026-03-25T01:53:00,0.58485,0.5849,0.58475,0.58475,26
2026-03-25T01:54:00,0.58475,0.5848,0.58475,0.5848,13
2026-03-25T01:56:00,0.5848,0.5848,0.58475,0.58475,2
2026-03-25T01:57:00,0.58475,0.58475,0.5847,0.5847,11
2026-03-25T01:58:00,0.58475,0.58475,0.58475,0.58475,1
2026-03-25T01:59:00,0.5847,0.5847,0.58455,0.58455,9
2026-03-25T02:00:00,0.5846,0.5846,0.58445,0.58445,41
2026-03-25T02:01:00,0.58445,0.58445,0.5844,0.58445,21
2026-03-25T02:02:00,0.5845,0.58455,0.58445,0.58445,55
2026-03-25T02:03:00,0.58445,0.58445,0.58445,0.58445,4
2026-03-25T02:04:00,0.58445,0.58445,0.5844,0.5844,11
2026-03-25T02:05:00,0.58435,0.5844,0.58435,0.58435,16
2026-03-25T02:06:00,0.58445,0.58445,0.58445,0.58445,6
2026-03-25T02:07:00,0.58445,0.58445,0.5844,0.5844,2
2026-03-25T02:08:00,0.5844,0.5844,0.58425,0.58425,9
2026-03-25T02:09:00,0.5842,0.5842,0.58405,0.5841,26
2026-03-25T02:10:00,0.584,0.58405,0.584,0.584,4
2026-03-25T02:11:00,0.584,0.58405,0.5839,0.58395,137
2026-03-25T02:12:00,0.58395,0.58415,0.58395,0.58415,30
2026-03-25T02:13:00,0.5841,0.5841,0.5841,0.5841,1
2026-03-25T02:14:00,0.58415,0.5842,0.58415,0.5842,9
2026-03-25T02:15:00,0.58425,0.58425,0.5842,0.5842,2
2026-03-25T02:16:00,0.58425,0.58425,0.58415,0.58415,9
2026-03-25T02:17:00,0.5843,0.5843,0.58425,0.58425,7
2026-03-25T02:19:00,0.5845,0.5845,0.5845,0.5845,2
2026-03-25T02:20:00,0.58445,0.58445,0.5843,0.5843,9
2026-03-25T02:21:00,0.58435,0.58435,0.58435,0.58435,3
2026-03-25T02:22:00,0.58445,0.58445,0.5844,0.5844,3
2026-03-25T02:23:00,0.5843,0.58435,0.58425,0.5843,8
2026-03-25T02:24:00,0.5843,0.5844,0.5843,0.58435,24
2026-03-25T02:25:00,0.58445,0.58445,0.58445,0.58445,1
2026-03-25T02:26:00,0.5844,0.5844,0.5844,0.5844,3
2026-03-25T02:27:00,0.5844,0.5844,0.5844,0.5844,1
2026-03-25T02:28:00,0.58445,0.58445,0.58445,0.58445,4
2026-03-25T02:29:00,0.5844,0.5845,0.5844,0.58445,28
2026-03-25T02:30:00,0.5844,0.58445,0.5844,0.58445,7
2026-03-25T02:31:00,0.5844,0.5844,0.58435,0.5844,6
2026-03-25T02:32:00,0.5844,0.5844,0.5843,0.5843,6
2026-03-25T02:34:00,0.5843,0.5843,0.5843,0.5843,4
2026-03-25T02:35:00,0.5843,0.5843,0.5843,0.5843,3
2026-03-25T02:36:00,0.58435,0.58435,0.58435,0.58435,1
2026-03-25T02:38:00,0.5844,0.5844,0.5844,0.5844,2
2026-03-25T02:40:00,0.58435,0.58435,0.5843,0.58435,9
2026-03-25T02:41:00,0.58435,0.58435,0.58435,0.58435,3
2026-03-25T02:42:00,0.5844,0.58445,0.5844,0.58445,11
2026-03-25T02:43:00,0.58445,0.58445,0.58445,0.58445,5
2026-03-25T02:44:00,0.58445,0.58445,0.58445,0.58445,2
2026-03-25T02:45:00,0.5845,0.5846,0.5845,0.58455,8
2026-03-25T02:47:00,0.5845,0.5845,0.5844,0.5844,4
2026-03-25T02:48:00,0.58445,0.58445,0.5844,0.5844,3
2026-03-25T02:49:00,0.5843,0.5843,0.5842,0.58425,56
2026-03-25T02:50:00,0.58435,0.58435,0.5843,0.5843,28
2026-03-25T02:51:00,0.5842,0.5842,0.5842,0.5842,2
2026-03-25T02:52:00,0.5842,0.5842,0.584,0.584,5
2026-03-25T02:53:00,0.584,0.5841,0.584,0.58405,14
2026-03-25T02:54:00,0.5841,0.5841,0.5841,0.5841,3
2026-03-25T02:55:00,0.5841,0.5841,0.58405,0.58405,21
2026-03-25T02:56:00,0.5841,0.5842,0.5841,0.5842,19
2026-03-25T02:57:00,0.58425,0.5843,0.5842,0.58425,27
2026-03-25T02:58:00,0.5842,0.5842,0.5842,0.5842,15
2026-03-25T02:59:00,0.58415,0.5842,0.58415,0.5842,6
2026-03-25T03:00:00,0.58425,0.5843,0.58425,0.58425,42
2026-03-25T03:01:00,0.58425,0.58425,0.58425,0.58425,3
2026-03-25T03:02:00,0.58425,0.58425,0.58425,0.58425,1
2026-03-25T03:03:00,0.58425,0.58425,0.58425,0.58425,1
2026-03-25T03:04:00,0.58425,0.58425,0.5842,0.58425,16
2026-03-25T03:05:00,0.58425,0.58425,0.58425,0.58425,3
2026-03-25T03:06:00,0.58435,0.5844,0.58435,0.5844,3
2026-03-25T03:07:00,0.5844,0.5844,0.58435,0.58435,12
2026-03-25T03:08:00,0.58435,0.58435,0.5843,0.5843,4
2026-03-25T03:09:00,0.58435,0.58435,0.5843,0.5843,2
2026-03-25T03:10:00,0.5843,0.5843,0.58425,0.5843,40
2026-03-25T03:11:00,0.58435,0.58435,0.58435,0.58435,4
2026-03-25T03:12:00,0.58435,0.58435,0.58415,0.58415,23
2026-03-25T03:13:00,0.5841,0.5841,0.5841,0.5841,6
2026-03-25T03:14:00,0.5841,0.58415,0.5841,0.58415,10
2026-03-25T03:15:00,0.5841,0.5841,0.5841,0.5841,1
2026-03-25T03:16:00,0.5842,0.5842,0.5842,0.5842,7
2026-03-25T03:18:00,0.5842,0.5842,0.5842,0.5842,4
2026-03-25T03:19:00,0.58415,0.58415,0.58415,0.58415,1
2026-03-25T03:20:00,0.58415,0.58415,0.58415,0.58415,3
2026-03-25T03:21:00,0.58415,0.58415,0.58415,0.58415,4
2026-03-25T03:22:00,0.58405,0.58405,0.584,0.58405,15
2026-03-25T03:23:00,0.58405,0.58405,0.58405,0.58405,3
2026-03-25T03:25:00,0.5841,0.5841,0.5841,0.5841,3
2026-03-25T03:26:00,0.58405,0.58405,0.58405,0.58405,2
2026-03-25T03:27:00,0.58405,0.58405,0.58405,0.58405,1
2026-03-25T03:29:00,0.584,0.584,0.58395,0.58395,11
2026-03-25T03:30:00,0.58395,0.58395,0.58385,0.5839,12
2026-03-25T03:31:00,0.5839,0.584,0.5839,0.584,14
2026-03-25T03:32:00,0.584,0.584,0.58395,0.58395,6
2026-03-25T03:33:00,0.584,0.584,0.584,0.584,3
2026-03-25T03:34:00,0.584,0.5841,0.584,0.5841,15
2026-03-25T03:35:00,0.58415,0.58415,0.58415,0.58415,1
2026-03-25T03:36:00,0.5842,0.58435,0.5842,0.5843,13
2026-03-25T03:37:00,0.5843,0.5843,0.5843,0.5843,6
2026-03-25T03:38:00,0.5843,0.58435,0.5843,0.5843,18
2026-03-25T03:39:00,0.5843,0.5843,0.5843,0.5843,1
2026-03-25T03:40:00,0.5843,0.5843,0.58425,0.58425,6
2026-03-25T03:41:00,0.5842,0.5842,0.58415,0.5842,23
2026-03-25T03:42:00,0.58415,0.58425,0.58415,0.5842,10
2026-03-25T03:43:00,0.58415,0.58415,0.58415,0.58415,4
2026-03-25T03:45:00,0.5842,0.5842,0.5842,0.5842,16
2026-03-25T03:46:00,0.5842,0.5842,0.5842,0.5842,3
2026-03-25T03:47:00,0.58415,0.58415,0.58415,0.58415,1
2026-03-25T03:48:00,0.58415,0.58415,0.58415,0.58415,7
2026-03-25T03:49:00,0.58415,0.58415,0.58415,0.58415,2
2026-03-25T03:50:00,0.58415,0.58415,0.5841,0.5841,3
2026-03-25T03:51:00,0.5842,0.5842,0.5842,0.5842,1
2026-03-25T03:52:00,0.5842,0.5842,0.58415,0.58415,12
2026-03-25T03:53:00,0.58415,0.58415,0.58415,0.58415,2
2026-03-25T03:55:00,0.58415,0.58415,0.58415,0.58415,3
2026-03-25T03:56:00,0.5842,0.5842,0.5842,0.5842,1
2026-03-25T03:57:00,0.58425,0.58425,0.58415,0.58415,5
2026-03-25T03:58:00,0.58415,0.58415,0.5841,0.5841,11
2026-03-25T03:59:00,0.58405,0.58405,0.58395,0.584,98
2026-03-25T04:00:00,0.584,0.584,0.58395,0.584,62
2026-03-25T04:01:00,0.584,0.584,0.5839,0.58395,108
2026-03-25T04:02:00,0.58395,0.58395,0.5839,0.5839,2
2026-03-25T04:03:00,0.58395,0.58395,0.58395,0.58395,3
2026-03-25T04:04:00,0.58395,0.58395,0.58395,0.58395,2
2026-03-25T04:05:00,0.58395,0.58395,0.58395,0.58395,4
2026-03-25T04:06:00,0.58395,0.58395,0.58395,0.58395,3
2026-03-25T04:07:00,0.5839,0.5839,0.5838,0.58385,4
2026-03-25T04:08:00,0.58385,0.58385,0.5837,0.5837,9
2026-03-25T04:09:00,0.5837,0.58375,0.5837,0.58375,9
2026-03-25T04:10:00,0.58375,0.58375,0.5837,0.5837,10
2026-03-25T04:11:00,0.5837,0.58375,0.5837,0.58375,11
2026-03-25T04:12:00,0.5838,0.5838,0.5838,0.5838,1
2026-03-25T04:13:00,0.58375,0.5838,0.58375,0.5838,3
2026-03-25T04:14:00,0.5838,0.58385,0.5838,0.58385,7
2026-03-25T04:15:00,0.58385,0.58385,0.58385,0.58385,4
2026-03-25T04:16:00,0.58385,0.58385,0.58385,0.58385,8
2026-03-25T04:17:00,0.58385,0.58385,0.58385,0.58385,7
2026-03-25T04:19:00,0.584,0.58405,0.58395,0.58395,5
2026-03-25T04:20:00,0.58395,0.58395,0.58395,0.58395,9
2026-03-25T04:21:00,0.58395,0.58395,0.58395,0.58395,1
2026-03-25T04:22:00,0.584,0.584,0.584,0.584,1
2026-03-25T04:24:00,0.5839,0.584,0.5839,0.584,12
2026-03-25T04:25:00,0.584,0.584,0.5839,0.5839,3
2026-03-25T04:26:00,0.58395,0.584,0.58395,0.584,15
2026-03-25T04:27:00,0.584,0.584,0.58395,0.58395,5
2026-03-25T04:28:00,0.58395,0.58395,0.58395,0.58395,1
2026-03-25T04:30:00,0.58385,0.5839,0.58385,0.5839,9
2026-03-25T04:33:00,0.5838,0.5838,0.5838,0.5838,1
2026-03-25T04:34:00,0.5839,0.5839,0.58385,0.58385,2
2026-03-25T04:35:00,0.58385,0.58385,0.58385,0.58385,1
2026-03-25T04:36:00,0.58385,0.5839,0.58385,0.5839,11
2026-03-25T04:37:00,0.58385,0.58385,0.58385,0.58385,1
2026-03-25T04:40:00,0.5838,0.5838,0.5837,0.58375,51
2026-03-25T04:41:00,0.5837,0.58375,0.5837,0.58375,3
2026-03-25T04:43:00,0.5837,0.5837,0.58365,0.58365,5
2026-03-25T04:44:00,0.5836,0.5836,0.5835,0.5835,64
2026-03-25T04:46:00,0.5835,0.5835,0.58345,0.58345,17
2026-03-25T04:47:00,0.5834,0.5834,0.5833,0.5834,82
2026-03-25T04:48:00,0.5834,0.5834,0.5833,0.5833,40
2026-03-25T04:49:00,0.5833,0.58335,0.5833,0.58335,6
2026-03-25T04:50:00,0.5834,0.58345,0.58335,0.58335,7
2026-03-25T04:51:00,0.5834,0.5834,0.5834,0.5834,2
2026-03-25T04:52:00,0.58335,0.58335,0.58335,0.58335,7
2026-03-25T04:53:00,0.58335,0.58335,0.58335,0.58335,1
2026-03-25T04:54:00,0.5834,0.5834,0.5834,0.5834,3
2026-03-25T04:55:00,0.58345,0.58345,0.58345,0.58345,6
2026-03-25T04:56:00,0.58345,0.5835,0.58345,0.5835,7
2026-03-25T04:57:00,0.58345,0.58345,0.58345,0.58345,1
2026-03-25T04:58:00,0.5834,0.5834,0.58335,0.58335,3
2026-03-25T05:00:00,0.58335,0.58335,0.5832,0.5832,27
2026-03-25T05:01:00,0.5832,0.5833,0.5832,0.5833,13
2026-03-25T05:02:00,0.58325,0.58325,0.58325,0.58325,4
2026-03-25T05:05:00,0.58315,0.58315,0.58315,0.58315,9
2026-03-25T05:06:00,0.5832,0.5833,0.5832,0.5833,3
2026-03-25T05:08:00,0.58325,0.58335,0.58325,0.58335,14
2026-03-25T05:09:00,0.58335,0.5834,0.58335,0.5834,4
2026-03-25T05:10:00,0.5834,0.5834,0.5834,0.5834,1
2026-03-25T05:11:00,0.5834,0.5834,0.58335,0.5834,17
2026-03-25T05:13:00,0.5834,0.5834,0.5833,0.5833,36
2026-03-25T05:14:00,0.58335,0.58335,0.5833,0.5833,22
2026-03-25T05:15:00,0.58325,0.58325,0.5831,0.58315,37
2026-03-25T05:16:00,0.5831,0.58315,0.5831,0.58315,31
2026-03-25T05:17:00,0.5831,0.5831,0.58305,0.58305,12
2026-03-25T05:18:00,0.58305,0.58305,0.58305,0.58305,53
2026-03-25T05:19:00,0.58305,0.58305,0.58285,0.58285,77
2026-03-25T05:20:00,0.5829,0.58295,0.58285,0.58285,72
2026-03-25T05:21:00,0.5829,0.5829,0.58285,0.5829,34
2026-03-25T05:22:00,0.5829,0.5829,0.5829,0.5829,8
2026-03-25T05:23:00,0.58295,0.58295,0.58295,0.58295,2
2026-03-25T05:24:00,0.58295,0.583,0.58295,0.583,20
2026-03-25T05:25:00,0.5829,0.5829,0.58285,0.5829,8
2026-03-25T05:26:00,0.58285,0.5829,0.58285,0.5829,20
2026-03-25T05:27:00,0.5829,0.5829,0.58285,0.58285,5
2026-03-25T05:28:00,0.58295,0.58295,0.58295,0.58295,7
2026-03-25T05:29:00,0.58295,0.58305,0.58295,0.58305,10
2026-03-25T05:30:00,0.58305,0.58305,0.58305,0.58305,1
2026-03-25T05:31:00,0.5831,0.5831,0.5831,0.5831,2
2026-03-25T05:32:00,0.58315,0.58315,0.58315,0.58315,8
2026-03-25T05:33:00,0.58315,0.58315,0.58305,0.58305,4
2026-03-25T05:34:00,0.58305,0.5831,0.58305,0.5831,3
2026-03-25T05:35:00,0.5831,0.5831,0.5831,0.5831,4
2026-03-25T05:36:00,0.58315,0.5832,0.5831,0.58315,16
2026-03-25T05:39:00,0.5832,0.5832,0.5832,0.5832,2
2026-03-25T05:40:00,0.58325,0.58335,0.5832,0.58325,225
2026-03-25T05:41:00,0.58325,0.58325,0.58325,0.58325,1
2026-03-25T05:43:00,0.58325,0.58325,0.5832,0.5832,9
2026-03-25T05:45:00,0.5832,0.5832,0.5832,0.5832,3
2026-03-25T05:46:00,0.58315,0.58315,0.5831,0.5831,5
2026-03-25T05:47:00,0.5831,0.5831,0.5831,0.5831,6
2026-03-25T05:48:00,0.58305,0.5831,0.58305,0.5831,7
2026-03-25T05:49:00,0.583,0.583,0.583,0.583,36
2026-03-25T05:50:00,0.583,0.583,0.58285,0.58285,8
2026-03-25T05:51:00,0.58285,0.58295,0.58285,0.58295,7
2026-03-25T05:52:00,0.58295,0.58295,0.58295,0.58295,1
2026-03-25T05:53:00,0.58295,0.58295,0.58295,0.58295,4
2026-03-25T05:55:00,0.58285,0.58285,0.58285,0.58285,1
2026-03-25T05:56:00,0.5828,0.5828,0.5828,0.5828,1
2026-03-25T05:57:00,0.5828,0.5828,0.5828,0.5828,3
2026-03-25T05:58:00,0.58285,0.58285,0.58285,0.58285,1
2026-03-25T06:00:00,0.58285,0.5829,0.5828,0.58285,8
2026-03-25T06:01:00,0.5828,0.58285,0.5828,0.5828,9
2026-03-25T06:02:00,0.58275,0.5828,0.58275,0.5828,7
2026-03-25T06:03:00,0.5829,0.58295,0.5829,0.58295,5
2026-03-25T06:04:00,0.58295,0.58295,0.58295,0.58295,1
2026-03-25T06:05:00,0.58295,0.58295,0.58295,0.58295,4
2026-03-25T06:07:00,0.5829,0.5829,0.5828,0.5828,17
2026-03-25T06:08:00,0.58275,0.58275,0.58275,0.58275,1
2026-03-25T06:09:00,0.58275,0.58275,0.58255,0.58255,30
2026-03-25T06:10:00,0.5826,0.5827,0.5826,0.58265,11
2026-03-25T06:11:00,0.5827,0.58285,0.5827,0.58285,7
2026-03-25T06:12:00,0.58275,0.58275,0.5827,0.5827,8
2026-03-25T06:13:00,0.5827,0.5827,0.58265,0.58265,6
2026-03-25T06:14:00,0.5827,0.5827,0.5827,0.5827,1
2026-03-25T06:15:00,0.5827,0.58275,0.5827,0.58275,5
2026-03-25T06:16:00,0.5828,0.5828,0.5828,0.5828,12
2026-03-25T06:17:00,0.58285,0.58285,0.58285,0.58285,1
2026-03-25T06:18:00,0.5828,0.58285,0.5828,0.58285,7
2026-03-25T06:19:00,0.5829,0.5829,0.58285,0.58285,6
2026-03-25T06:20:00,0.5829,0.583,0.5829,0.583,10
2026-03-25T06:21:00,0.583,0.58305,0.583,0.58305,24
2026-03-25T06:22:00,0.58305,0.5831,0.58305,0.58305,8
2026-03-25T06:23:00,0.58305,0.58305,0.58305,0.58305,3
2026-03-25T06:24:00,0.5831,0.58315,0.5831,0.58315,8
2026-03-25T06:25:00,0.58315,0.58315,0.58305,0.58305,6
2026-03-25T06:27:00,0.583,0.583,0.583,0.583,1
2026-03-25T06:28:00,0.5829,0.58295,0.5829,0.5829,22
2026-03-25T06:29:00,0.58285,0.5829,0.58285,0.5829,3
2026-03-25T06:30:00,0.5829,0.5829,0.58285,0.58285,5
2026-03-25T06:32:00,0.5829,0.5829,0.5829,0.5829,14
2026-03-25T06:33:00,0.58285,0.583,0.58285,0.583,36
2026-03-25T06:34:00,0.58305,0.58305,0.58295,0.58295,7
2026-03-25T06:35:00,0.583,0.583,0.583,0.583,7
2026-03-25T06:37:00,0.583,0.583,0.583,0.583,10
2026-03-25T06:38:00,0.583,0.583,0.583,0.583,2
2026-03-25T06:40:00,0.58295,0.58295,0.5829,0.5829,10
2026-03-25T06:41:00,0.5829,0.58295,0.5829,0.58295,25
2026-03-25T06:42:00,0.583,0.583,0.583,0.583,2
2026-03-25T06:43:00,0.58295,0.58295,0.5829,0.5829,9
2026-03-25T06:44:00,0.583,0.583,0.583,0.583,7
2026-03-25T06:45:00,0.58295,0.58295,0.58295,0.58295,4
2026-03-25T06:46:00,0.5828,0.5828,0.5828,0.5828,4
2026-03-25T06:47:00,0.58295,0.58305,0.58295,0.58305,4
2026-03-25T06:48:00,0.5831,0.5831,0.5831,0.5831,5
2026-03-25T06:49:00,0.5831,0.58315,0.58305,0.58305,6
2026-03-25T06:51:00,0.5831,0.58325,0.5831,0.58325,4
2026-03-25T06:52:00,0.5833,0.5833,0.5832,0.58325,15
2026-03-25T06:53:00,0.5832,0.5832,0.58315,0.58315,4
2026-03-25T06:54:00,0.5831,0.5831,0.583,0.583,7
2026-03-25T06:55:00,0.58295,0.58295,0.5829,0.5829,5
2026-03-25T06:56:00,0.58295,0.58295,0.58295,0.58295,10
2026-03-25T06:57:00,0.583,0.583,0.583,0.583,17
2026-03-25T06:59:00,0.58295,0.58295,0.58295,0.58295,1
2026-03-25T07:00:00,0.583,0.58305,0.5829,0.58305,36
2026-03-25T07:01:00,0.58305,0.58315,0.58305,0.5831,30
2026-03-25T07:02:00,0.58305,0.58315,0.583,0.58315,35
2026-03-25T07:03:00,0.5832,0.5833,0.5832,0.58325,26
2026-03-25T07:04:00,0.5832,0.58325,0.5832,0.58325,31
2026-03-25T07:05:00,0.5833,0.5834,0.5833,0.5834,13
2026-03-25T07:06:00,0.58335,0.58335,0.58325,0.58325,12
2026-03-25T07:07:00,0.58325,0.58325,0.58325,0.58325,5
2026-03-25T07:08:00,0.5833,0.5833,0.58325,0.58325,12
2026-03-25T07:09:00,0.5832,0.5832,0.58305,0.58305,17
2026-03-25T07:10:00,0.58305,0.58315,0.58305,0.58315,3
2026-03-25T07:11:00,0.58325,0.58325,0.58325,0.58325,5
2026-03-25T07:12:00,0.58315,0.5833,0.58315,0.58325,12
2026-03-25T07:13:00,0.58325,0.5834,0.58325,0.5834,55
2026-03-25T07:14:00,0.5834,0.5835,0.5834,0.58345,21
2026-03-25T07:15:00,0.58345,0.58345,0.58345,0.58345,7
2026-03-25T07:16:00,0.5834,0.5835,0.5833,0.5835,35
2026-03-25T07:17:00,0.5835,0.58355,0.5835,0.5835,29
2026-03-25T07:18:00,0.58355,0.58355,0.5835,0.5835,30
2026-03-25T07:19:00,0.5835,0.5836,0.5835,0.58355,77
2026-03-25T07:20:00,0.5835,0.5836,0.5835,0.5836,14
2026-03-25T07:21:00,0.5836,0.5836,0.5835,0.5835,7
2026-03-25T07:22:00,0.58345,0.58345,0.5833,0.5834,55
2026-03-25T07:23:00,0.58335,0.5834,0.58335,0.5834,19
2026-03-25T07:24:00,0.58345,0.5835,0.58325,0.58325,81
2026-03-25T07:25:00,0.58325,0.58335,0.58325,0.58335,25
2026-03-25T07:26:00,0.58335,0.58335,0.5832,0.58325,14
2026-03-25T07:27:00,0.5833,0.58345,0.5833,0.5834,58
2026-03-25T07:28:00,0.5834,0.5834,0.5833,0.5833,7
2026-03-25T07:29:00,0.5833,0.58335,0.58325,0.58335,10
2026-03-25T07:30:00,0.58325,0.5833,0.58325,0.58325,33
2026-03-25T07:31:00,0.58315,0.5832,0.5831,0.5831,25
2026-03-25T07:32:00,0.58315,0.58325,0.5831,0.58325,98
2026-03-25T07:33:00,0.58325,0.58325,0.58315,0.58315,72
2026-03-25T07:34:00,0.5831,0.5832,0.5831,0.58315,77
2026-03-25T07:35:00,0.58295,0.58295,0.58275,0.58275,58
2026-03-25T07:36:00,0.5829,0.58315,0.5829,0.58315,21
2026-03-25T07:37:00,0.5831,0.5831,0.58305,0.58305,39
2026-03-25T07:38:00,0.5831,0.5831,0.58305,0.58305,33
2026-03-25T07:39:00,0.583,0.583,0.5829,0.5829,22
2026-03-25T07:40:00,0.583,0.58325,0.583,0.58325,7
2026-03-25T07:41:00,0.5832,0.5832,0.58315,0.5832,12
2026-03-25T07:42:00,0.5832,0.5833,0.58315,0.5833,19
2026-03-25T07:43:00,0.58325,0.58325,0.58325,0.58325,6
2026-03-25T07:44:00,0.58325,0.5833,0.58325,0.5833,10
2026-03-25T07:45:00,0.5833,0.5833,0.5833,0.5833,1
2026-03-25T07:46:00,0.5834,0.5834,0.58335,0.5834,15
2026-03-25T07:47:00,0.58335,0.58335,0.58335,0.58335,4
2026-03-25T07:48:00,0.58335,0.58335,0.58335,0.58335,6
2026-03-25T07:49:00,0.58335,0.5834,0.58335,0.58335,12
2026-03-25T07:50:00,0.58335,0.58335,0.5832,0.5832,12
2026-03-25T07:51:00,0.5832,0.5833,0.5832,0.58325,7
2026-03-25T07:52:00,0.5833,0.58335,0.58325,0.58335,15
2026-03-25T07:53:00,0.5833,0.58335,0.58325,0.58335,12
2026-03-25T07:54:00,0.5833,0.5833,0.5833,0.5833,4
2026-03-25T07:55:00,0.5833,0.58335,0.5833,0.58335,2
2026-03-25T07:56:00,0.5834,0.5834,0.5834,0.5834,2
2026-03-25T07:57:00,0.5834,0.5834,0.58325,0.58325,11
2026-03-25T07:58:00,0.5832,0.5833,0.5832,0.5832,14
2026-03-25T07:59:00,0.5832,0.5833,0.5832,0.5833,11
2026-03-25T08:00:00,0.5833,0.58335,0.58305,0.5831,52
2026-03-25T08:01:00,0.5831,0.58315,0.583,0.5831,84
2026-03-25T08:02:00,0.5831,0.58315,0.583,0.58315,93
2026-03-25T08:03:00,0.58315,0.58335,0.58315,0.5833,48
2026-03-25T08:04:00,0.5833,0.5834,0.58325,0.58325,30
2026-03-25T08:05:00,0.58325,0.58325,0.5831,0.5832,64
2026-03-25T08:06:00,0.58325,0.58355,0.58315,0.5834,178
2026-03-25T08:07:00,0.58345,0.58365,0.58335,0.58365,174
2026-03-25T08:08:00,0.58365,0.58365,0.58335,0.58335,52
2026-03-25T08:09:00,0.58335,0.58335,0.58325,0.5833,11
2026-03-25T08:10:00,0.58335,0.5835,0.5833,0.5835,30
2026-03-25T08:11:00,0.58345,0.5835,0.58345,0.58345,70
2026-03-25T08:12:00,0.5835,0.5836,0.5835,0.58355,45
2026-03-25T08:13:00,0.5835,0.58355,0.5834,0.58345,72
2026-03-25T08:14:00,0.5835,0.58355,0.58345,0.58355,20
2026-03-25T08:15:00,0.58355,0.5838,0.58355,0.5838,23
2026-03-25T08:16:00,0.58385,0.58395,0.58375,0.58395,11
2026-03-25T08:17:00,0.5839,0.58405,0.5839,0.584,24
2026-03-25T08:18:00,0.584,0.584,0.584,0.584,3
2026-03-25T08:19:00,0.5841,0.5841,0.584,0.58405,19
2026-03-25T08:20:00,0.5841,0.58425,0.5841,0.5842,29
2026-03-25T08:21:00,0.58425,0.58445,0.58425,0.58435,109
2026-03-25T08:22:00,0.5843,0.58435,0.58425,0.58425,27
2026-03-25T08:23:00,0.58415,0.5843,0.58405,0.58405,47
2026-03-25T08:24:00,0.58405,0.5842,0.58405,0.5842,14
2026-03-25T08:25:00,0.5842,0.5843,0.58415,0.58425,47
2026-03-25T08:26:00,0.5843,0.5843,0.58425,0.58425,21
2026-03-25T08:27:00,0.5843,0.5843,0.58425,0.5843,18
2026-03-25T08:28:00,0.5844,0.5844,0.58435,0.5844,7
2026-03-25T08:29:00,0.58435,0.5845,0.58435,0.58445,45
2026-03-25T08:30:00,0.58445,0.5845,0.5844,0.5844,22
2026-03-25T08:31:00,0.5845,0.58465,0.5845,0.58465,12
2026-03-25T08:32:00,0.5847,0.58485,0.5847,0.58485,110
2026-03-25T08:33:00,0.58485,0.5849,0.58485,0.58485,14
2026-03-25T08:34:00,0.5849,0.5849,0.58475,0.5849,35
2026-03-25T08:35:00,0.5848,0.5849,0.5848,0.58485,20
2026-03-25T08:36:00,0.5849,0.5849,0.58405,0.58415,595
2026-03-25T08:37:00,0.58415,0.5845,0.58415,0.58435,126
2026-03-25T08:38:00,0.5844,0.58465,0.58425,0.58455,344
2026-03-25T08:39:00,0.58455,0.58465,0.58445,0.5846,129
2026-03-25T08:40:00,0.5846,0.5848,0.5846,0.5848,46
2026-03-25T08:41:00,0.5847,0.5847,0.58465,0.58465,27
2026-03-25T08:42:00,0.5847,0.58475,0.5846,0.5846,20
2026-03-25T08:43:00,0.5846,0.5846,0.5845,0.5846,24
2026-03-25T08:44:00,0.5846,0.5846,0.58445,0.58445,7
2026-03-25T08:45:00,0.58445,0.5846,0.5843,0.5846,139
2026-03-25T08:46:00,0.5846,0.5848,0.5846,0.58475,58
2026-03-25T08:47:00,0.5847,0.5848,0.5847,0.5848,28
2026-03-25T08:48:00,0.5848,0.58485,0.58475,0.5848,40
2026-03-25T08:49:00,0.58485,0.58495,0.58485,0.58495,19
2026-03-25T08:50:00,0.58495,0.58495,0.58485,0.58485,60
2026-03-25T08:51:00,0.58485,0.58495,0.5848,0.5849,48
2026-03-25T08:52:00,0.5849,0.5849,0.5848,0.5848,33
2026-03-25T08:53:00,0.58485,0.58485,0.58475,0.5848,63
2026-03-25T08:54:00,0.58475,0.5848,0.58465,0.5847,34
2026-03-25T08:55:00,0.58465,0.5848,0.5846,0.5848,11
2026-03-25T08:56:00,0.5848,0.5848,0.5847,0.5847,8
2026-03-25T08:57:00,0.5846,0.5846,0.5845,0.5845,17
2026-03-25T08:58:00,0.58455,0.5846,0.58455,0.5846,15
2026-03-25T08:59:00,0.5846,0.5846,0.58455,0.58455,8
2026-03-25T09:00:00,0.5845,0.5846,0.5845,0.5845,35
2026-03-25T09:01:00,0.5845,0.58465,0.5845,0.58455,32
2026-03-25T09:02:00,0.58455,0.58475,0.58455,0.5847,11
2026-03-25T09:03:00,0.58475,0.58475,0.58475,0.58475,8
2026-03-25T09:04:00,0.5847,0.5848,0.58465,0.58465,11
2026-03-25T09:05:00,0.58465,0.5848,0.5846,0.5847,41
2026-03-25T09:06:00,0.58475,0.5848,0.58475,0.58475,32
2026-03-25T09:07:00,0.5847,0.5847,0.5847,0.5847,12
2026-03-25T09:08:00,0.5847,0.5847,0.58455,0.5846,9
2026-03-25T09:09:00,0.58455,0.58465,0.58455,0.5846,7
2026-03-25T09:10:00,0.5846,0.5848,0.5846,0.5848,27
2026-03-25T09:11:00,0.58475,0.58475,0.58465,0.5847,35
2026-03-25T09:12:00,0.5848,0.5848,0.5848,0.5848,8
2026-03-25T09:13:00,0.58465,0.5847,0.58465,0.58465,16
2026-03-25T09:14:00,0.5846,0.5846,0.58455,0.58455,19
2026-03-25T09:15:00,0.58455,0.5846,0.58455,0.58455,17
2026-03-25T09:16:00,0.58455,0.58455,0.5845,0.5845,10
2026-03-25T09:17:00,0.5845,0.5845,0.5844,0.5844,18
2026-03-25T09:18:00,0.58435,0.5844,0.58435,0.5844,7
2026-03-25T09:19:00,0.5844,0.58445,0.5844,0.5844,12
2026-03-25T09:20:00,0.5844,0.5844,0.58425,0.58425,19
2026-03-25T09:21:00,0.58425,0.58425,0.5842,0.5842,4
2026-03-25T09:22:00,0.5842,0.5842,0.58415,0.58415,19
2026-03-25T09:23:00,0.5841,0.5841,0.5838,0.5838,38
2026-03-25T09:24:00,0.5838,0.58385,0.58375,0.5838,20
2026-03-25T09:25:00,0.5838,0.5838,0.5837,0.58375,46
2026-03-25T09:26:00,0.5837,0.5838,0.5837,0.5838,25
2026-03-25T09:27:00,0.58375,0.58375,0.58365,0.5837,30
2026-03-25T09:28:00,0.58375,0.5838,0.58365,0.5837,26
2026-03-25T09:29:00,0.58375,0.58375,0.58375,0.58375,3
2026-03-25T09:30:00,0.58375,0.5838,0.58375,0.5838,12
2026-03-25T09:31:00,0.5838,0.5838,0.58375,0.5838,19
2026-03-25T09:32:00,0.58375,0.58375,0.58375,0.58375,5
2026-03-25T09:33:00,0.5836,0.5836,0.58355,0.5836,14
2026-03-25T09:34:00,0.58355,0.58355,0.5835,0.5835,8
2026-03-25T09:35:00,0.58355,0.5836,0.58355,0.5836,19
2026-03-25T09:36:00,0.58355,0.58355,0.58345,0.58345,10
2026-03-25T09:37:00,0.58345,0.58355,0.58345,0.5835,26
2026-03-25T09:38:00,0.5834,0.5834,0.58335,0.5834,35
2026-03-25T09:39:00,0.58345,0.5835,0.58345,0.58345,14
2026-03-25T09:40:00,0.58355,0.5837,0.58355,0.5837,17
2026-03-25T09:41:00,0.58365,0.58375,0.5836,0.58375,48
2026-03-25T09:42:00,0.5837,0.5837,0.58345,0.58345,30
2026-03-25T09:43:00,0.5835,0.5835,0.58335,0.58335,15
2026-03-25T09:44:00,0.58335,0.58335,0.5833,0.58335,10
2026-03-25T09:45:00,0.5833,0.5833,0.5833,0.5833,10
2026-03-25T09:46:00,0.5833,0.5834,0.58325,0.58325,36
2026-03-25T09:47:00,0.58325,0.58325,0.58305,0.58305,14
2026-03-25T09:48:00,0.58305,0.5831,0.58295,0.5831,25
2026-03-25T09:49:00,0.5831,0.58315,0.5831,0.5831,13
2026-03-25T09:50:00,0.58315,0.5832,0.58315,0.5832,5
2026-03-25T09:51:00,0.58325,0.5833,0.58325,0.58325,11
2026-03-25T09:52:00,0.58335,0.58335,0.58325,0.58325,13
2026-03-25T09:53:00,0.58325,0.58325,0.58325,0.58325,4
2026-03-25T09:54:00,0.58325,0.5833,0.58325,0.58325,12
2026-03-25T09:55:00,0.5833,0.5833,0.5833,0.5833,3
2026-03-25T09:56:00,0.58335,0.58335,0.5833,0.5833,5
2026-03-25T09:57:00,0.58325,0.58325,0.58325,0.58325,6
2026-03-25T09:58:00,0.5833,0.58355,0.5832,0.58335,339
2026-03-25T09:59:00,0.58335,0.58365,0.58335,0.58345,97
2026-03-25T10:00:00,0.58355,0.5837,0.58345,0.5837,32
2026-03-25T10:01:00,0.5837,0.5838,0.5836,0.58365,29
2026-03-25T10:02:00,0.5836,0.5839,0.5836,0.58375,61
2026-03-25T10:03:00,0.5838,0.5838,0.58365,0.5837,8
2026-03-25T10:04:00,0.5837,0.5837,0.5836,0.5837,24
2026-03-25T10:05:00,0.58365,0.5837,0.58355,0.5837,15
2026-03-25T10:06:00,0.5837,0.5837,0.58355,0.58355,9
2026-03-25T10:07:00,0.58355,0.58355,0.5835,0.58355,16
2026-03-25T10:08:00,0.58355,0.58355,0.5835,0.5835,17
2026-03-25T10:09:00,0.5835,0.5835,0.5834,0.5834,2
2026-03-25T10:10:00,0.58345,0.58345,0.5833,0.58335,23
2026-03-25T10:11:00,0.58335,0.58335,0.58335,0.58335,6
2026-03-25T10:12:00,0.5834,0.5834,0.58335,0.5834,20
2026-03-25T10:13:00,0.58335,0.5834,0.5833,0.5833,17
2026-03-25T10:14:00,0.58325,0.58325,0.5832,0.58325,12
2026-03-25T10:15:00,0.5832,0.5832,0.5831,0.58315,19
2026-03-25T10:16:00,0.5832,0.5833,0.58315,0.5833,29
2026-03-25T10:17:00,0.58325,0.58335,0.58325,0.58335,41
2026-03-25T10:18:00,0.58325,0.58325,0.5831,0.5831,40
2026-03-25T10:19:00,0.58315,0.5832,0.5831,0.5831,88
2026-03-25T10:20:00,0.5831,0.5832,0.5831,0.5832,34
2026-03-25T10:21:00,0.58315,0.5832,0.58315,0.5832,12
2026-03-25T10:22:00,0.5832,0.58325,0.5831,0.5831,13
2026-03-25T10:23:00,0.583,0.583,0.5829,0.58295,31
2026-03-25T10:24:00,0.5829,0.58295,0.58285,0.58295,23
2026-03-25T10:25:00,0.583,0.583,0.58295,0.58295,23
2026-03-25T10:26:00,0.5829,0.58305,0.5829,0.58305,43
2026-03-25T10:27:00,0.583,0.583,0.583,0.583,17
2026-03-25T10:28:00,0.583,0.58305,0.583,0.58305,8
2026-03-25T10:29:00,0.58305,0.58305,0.58295,0.58295,16
2026-03-25T10:30:00,0.5829,0.583,0.5829,0.583,20
2026-03-25T10:31:00,0.583,0.58305,0.583,0.58305,16
2026-03-25T10:32:00,0.58305,0.58305,0.58295,0.58295,15
2026-03-25T10:33:00,0.5829,0.58295,0.58285,0.5829,14
2026-03-25T10:34:00,0.58295,0.58295,0.5829,0.5829,3
2026-03-25T10:35:00,0.58295,0.58305,0.58295,0.58305,11
2026-03-25T10:36:00,0.583,0.58305,0.583,0.58305,6
2026-03-25T10:37:00,0.5831,0.5831,0.5831,0.5831,4
2026-03-25T10:38:00,0.5832,0.5832,0.58315,0.58315,2
2026-03-25T10:39:00,0.58315,0.58315,0.5831,0.5831,3
2026-03-25T10:40:00,0.5831,0.58315,0.5831,0.58315,10
2026-03-25T10:41:00,0.5832,0.58335,0.5832,0.5833,8
2026-03-25T10:42:00,0.58325,0.58325,0.5832,0.5832,5
2026-03-25T10:43:00,0.58305,0.58305,0.58305,0.58305,15
2026-03-25T10:44:00,0.58305,0.58305,0.583,0.583,12
2026-03-25T10:45:00,0.583,0.58305,0.583,0.58305,4
2026-03-25T10:46:00,0.5831,0.58315,0.5831,0.58315,11
2026-03-25T10:47:00,0.58315,0.58325,0.58315,0.58325,14
2026-03-25T10:48:00,0.5833,0.58335,0.5833,0.58335,15
2026-03-25T10:49:00,0.5835,0.5836,0.5835,0.58355,17
2026-03-25T10:50:00,0.5835,0.58355,0.58345,0.5835,20
2026-03-25T10:51:00,0.58355,0.5836,0.5835,0.5835,8
2026-03-25T10:52:00,0.5835,0.5835,0.58345,0.58345,8
2026-03-25T10:53:00,0.58345,0.58355,0.5834,0.58355,14
2026-03-25T10:54:00,0.58355,0.5836,0.58355,0.5836,6
2026-03-25T10:55:00,0.5836,0.5837,0.5836,0.58365,21
2026-03-25T10:56:00,0.58355,0.5836,0.58355,0.5836,5
2026-03-25T10:57:00,0.58365,0.58365,0.5836,0.5836,7
2026-03-25T10:58:00,0.58365,0.58365,0.58365,0.58365,16
2026-03-25T10:59:00,0.5837,0.5837,0.58365,0.58365,8
2026-03-25T11:00:00,0.58365,0.5837,0.58365,0.5837,19
2026-03-25T11:01:00,0.58375,0.58385,0.58375,0.58385,20
2026-03-25T11:02:00,0.58385,0.5839,0.58375,0.5839,13
2026-03-25T11:03:00,0.58395,0.58395,0.58395,0.58395,2
2026-03-25T11:04:00,0.58395,0.5842,0.58395,0.5842,145
2026-03-25T11:05:00,0.5842,0.5842,0.5841,0.58415,8
2026-03-25T11:06:00,0.58405,0.5841,0.58405,0.5841,9
2026-03-25T11:07:00,0.58405,0.58405,0.58405,0.58405,12
2026-03-25T11:08:00,0.58405,0.5841,0.58405,0.5841,15
2026-03-25T11:09:00,0.58405,0.5841,0.584,0.58405,31
2026-03-25T11:10:00,0.58395,0.58395,0.5839,0.5839,10
2026-03-25T11:11:00,0.58395,0.58395,0.58395,0.58395,22
2026-03-25T11:12:00,0.5839,0.58395,0.5839,0.58395,14
2026-03-25T11:13:00,0.58395,0.58395,0.5839,0.58395,8
2026-03-25T11:14:00,0.584,0.584,0.58395,0.58395,31
2026-03-25T11:15:00,0.58395,0.58395,0.58385,0.58395,28
2026-03-25T11:16:00,0.5839,0.58395,0.5839,0.58395,18
2026-03-25T11:17:00,0.58395,0.58395,0.5839,0.58395,16
2026-03-25T11:18:00,0.58395,0.584,0.58395,0.584,9
2026-03-25T11:19:00,0.584,0.58405,0.58395,0.58405,48
2026-03-25T11:20:00,0.58405,0.58405,0.584,0.58405,13
2026-03-25T11:21:00,0.58405,0.58405,0.58405,0.58405,2
2026-03-25T11:22:00,0.5841,0.58415,0.5841,0.58415,4
2026-03-25T11:23:00,0.5842,0.58425,0.5842,0.58425,5
2026-03-25T11:24:00,0.58425,0.5843,0.58425,0.5843,76
2026-03-25T11:25:00,0.58425,0.5843,0.58425,0.5843,18
2026-03-25T11:26:00,0.5841,0.5841,0.5841,0.5841,1
2026-03-25T11:27:00,0.58405,0.58405,0.58405,0.58405,1
2026-03-25T11:28:00,0.584,0.58405,0.58395,0.58395,29
2026-03-25T11:29:00,0.584,0.58405,0.584,0.58405,10
2026-03-25T11:30:00,0.58415,0.58415,0.58415,0.58415,2
2026-03-25T11:31:00,0.58415,0.5842,0.58415,0.58415,7
2026-03-25T11:32:00,0.58415,0.58415,0.58415,0.58415,2
2026-03-25T11:33:00,0.58405,0.5841,0.58405,0.5841,13
2026-03-25T11:34:00,0.58405,0.58405,0.58405,0.58405,4
2026-03-25T11:35:00,0.584,0.58405,0.584,0.58405,4
2026-03-25T11:36:00,0.5841,0.58415,0.5841,0.58415,7
2026-03-25T11:37:00,0.58405,0.5841,0.58405,0.5841,5
2026-03-25T11:38:00,0.5841,0.5841,0.5841,0.5841,18
2026-03-25T11:39:00,0.5841,0.5841,0.5841,0.5841,1
2026-03-25T11:40:00,0.58405,0.58405,0.584,0.584,8
2026-03-25T11:41:00,0.58405,0.58405,0.58405,0.58405,1
2026-03-25T11:42:00,0.584,0.58405,0.584,0.58405,8
2026-03-25T11:43:00,0.58405,0.5841,0.58405,0.5841,18
2026-03-25T11:44:00,0.5842,0.5842,0.5842,0.5842,1
2026-03-25T11:45:00,0.58415,0.58415,0.5841,0.5841,12
2026-03-25T11:46:00,0.58405,0.58405,0.58405,0.58405,5
2026-03-25T11:47:00,0.58405,0.58405,0.58335,0.58335,401
2026-03-25T11:48:00,0.5834,0.58365,0.5834,0.58345,113
2026-03-25T11:49:00,0.58355,0.5837,0.58355,0.5836,35
2026-03-25T11:50:00,0.58375,0.58385,0.58355,0.58355,121
2026-03-25T11:51:00,0.5837,0.58375,0.58365,0.58365,42
2026-03-25T11:52:00,0.5837,0.58375,0.5837,0.5837,10
2026-03-25T11:54:00,0.58375,0.58385,0.58375,0.58385,7
2026-03-25T11:55:00,0.58385,0.58385,0.58385,0.58385,1
2026-03-25T11:56:00,0.58385,0.58385,0.5838,0.5838,9
2026-03-25T11:57:00,0.5838,0.58385,0.5838,0.5838,30
2026-03-25T11:58:00,0.58385,0.5839,0.58385,0.5839,24
2026-03-25T11:59:00,0.5839,0.58405,0.5839,0.58405,13
2026-03-25T12:00:00,0.5841,0.58425,0.5841,0.58415,137
2026-03-25T12:01:00,0.58415,0.5843,0.58415,0.58425,14
2026-03-25T12:02:00,0.5842,0.58425,0.58415,0.58425,34
2026-03-25T12:03:00,0.5842,0.5842,0.5841,0.58415,30
2026-03-25T12:04:00,0.58415,0.58415,0.5841,0.5841,14
2026-03-25T12:05:00,0.5841,0.5841,0.58405,0.5841,23
2026-03-25T12:06:00,0.58415,0.58425,0.58415,0.58425,6
2026-03-25T12:07:00,0.58425,0.5844,0.58425,0.5844,31
2026-03-25T12:08:00,0.5845,0.5845,0.5844,0.5844,4
2026-03-25T12:09:00,0.5844,0.5845,0.5844,0.5845,11
2026-03-25T12:10:00,0.5844,0.58445,0.5844,0.58445,22
2026-03-25T12:11:00,0.58445,0.58445,0.5844,0.58445,10
2026-03-25T12:12:00,0.58445,0.5845,0.5844,0.58445,36
2026-03-25T12:13:00,0.5845,0.5845,0.58425,0.58425,181
2026-03-25T12:14:00,0.58435,0.58445,0.5843,0.5844,55
2026-03-25T12:15:00,0.5844,0.58445,0.58415,0.58415,35
2026-03-25T12:16:00,0.5841,0.5841,0.5837,0.5837,55
2026-03-25T12:17:00,0.5837,0.5837,0.58335,0.58335,40
2026-03-25T12:18:00,0.58335,0.58355,0.5833,0.58335,37
2026-03-25T12:19:00,0.5833,0.58355,0.5833,0.58335,22
2026-03-25T12:20:00,0.58325,0.58335,0.5832,0.5833,87
2026-03-25T12:21:00,0.5833,0.58345,0.5833,0.5834,85
2026-03-25T12:22:00,0.58335,0.5834,0.58315,0.5832,28
2026-03-25T12:23:00,0.58315,0.5832,0.5827,0.5831,368
2026-03-25T12:24:00,0.5831,0.5831,0.58295,0.58305,15
2026-03-25T12:25:00,0.58305,0.58335,0.58305,0.5833,79
2026-03-25T12:26:00,0.58325,0.58325,0.5831,0.5832,27
2026-03-25T12:27:00,0.5832,0.58325,0.58305,0.58315,61
2026-03-25T12:28:00,0.5832,0.58325,0.58305,0.5831,57
2026-03-25T12:29:00,0.5831,0.58325,0.58305,0.5832,31
2026-03-25T12:30:00,0.58315,0.58315,0.5829,0.583,38
2026-03-25T12:31:00,0.583,0.583,0.5828,0.58285,41
2026-03-25T12:32:00,0.5829,0.5829,0.5828,0.5829,38
2026-03-25T12:33:00,0.5829,0.583,0.5829,0.583,27
2026-03-25T12:34:00,0.583,0.58315,0.583,0.58315,46
2026-03-25T12:35:00,0.5832,0.58325,0.58315,0.5832,54
2026-03-25T12:36:00,0.58325,0.5834,0.58325,0.58335,20
2026-03-25T12:37:00,0.5834,0.58345,0.58335,0.58345,25
2026-03-25T12:38:00,0.5836,0.5836,0.58345,0.58345,4
2026-03-25T12:39:00,0.58335,0.58345,0.58335,0.58345,10
2026-03-25T12:40:00,0.58335,0.58345,0.58325,0.58325,18
2026-03-25T12:41:00,0.58315,0.58325,0.58315,0.58325,12
2026-03-25T12:42:00,0.5833,0.58345,0.58325,0.58345,19
2026-03-25T12:43:00,0.58335,0.58335,0.5833,0.58335,15
2026-03-25T12:44:00,0.5833,0.5833,0.58325,0.58325,6
2026-03-25T12:45:00,0.5832,0.5832,0.58305,0.58305,30
2026-03-25T12:46:00,0.5831,0.58315,0.5831,0.5831,13
2026-03-25T12:47:00,0.583,0.58315,0.583,0.58315,5
2026-03-25T12:48:00,0.58315,0.58315,0.58305,0.58305,16
2026-03-25T12:49:00,0.58305,0.58305,0.58305,0.58305,1
2026-03-25T12:50:00,0.58305,0.58305,0.583,0.583,9
2026-03-25T12:51:00,0.5831,0.5831,0.5831,0.5831,7
2026-03-25T12:52:00,0.5831,0.5832,0.5831,0.5832,16
2026-03-25T12:53:00,0.5832,0.58325,0.5832,0.58325,10
2026-03-25T12:54:00,0.58325,0.58345,0.58325,0.58345,15
2026-03-25T12:55:00,0.58355,0.58365,0.5835,0.5836,34
2026-03-25T12:56:00,0.5836,0.58365,0.58345,0.5835,21
2026-03-25T12:57:00,0.5834,0.5834,0.5834,0.5834,3
2026-03-25T12:58:00,0.58345,0.5835,0.58345,0.58345,19
2026-03-25T12:59:00,0.58345,0.5835,0.58345,0.5835,12
2026-03-25T13:00:00,0.58345,0.5838,0.58335,0.5838,483
2026-03-25T13:01:00,0.58375,0.5838,0.5837,0.5838,24
2026-03-25T13:02:00,0.5838,0.5838,0.5837,0.5837,26
2026-03-25T13:03:00,0.58375,0.58395,0.58375,0.58395,17
2026-03-25T13:04:00,0.5839,0.584,0.58385,0.5839,14
2026-03-25T13:05:00,0.5838,0.5839,0.5838,0.5839,26
2026-03-25T13:06:00,0.584,0.5841,0.58385,0.58385,12
2026-03-25T13:07:00,0.5839,0.58395,0.58385,0.5839,37
2026-03-25T13:08:00,0.58395,0.58395,0.58375,0.58375,7
2026-03-25T13:09:00,0.58375,0.58375,0.58355,0.58355,30
2026-03-25T13:10:00,0.58355,0.5837,0.58355,0.5837,6
2026-03-25T13:11:00,0.58375,0.5838,0.58365,0.58365,33
2026-03-25T13:12:00,0.5837,0.58375,0.5835,0.5835,58
2026-03-25T13:13:00,0.5835,0.58355,0.58345,0.5835,44
2026-03-25T13:14:00,0.5835,0.5836,0.58345,0.5836,39
2026-03-25T13:15:00,0.58365,0.58365,0.5836,0.5836,16
2026-03-25T13:16:00,0.5836,0.5836,0.58355,0.5836,30
2026-03-25T13:17:00,0.5836,0.58365,0.5836,0.58365,20
2026-03-25T13:18:00,0.58365,0.5837,0.58365,0.5837,3
2026-03-25T13:19:00,0.5837,0.58385,0.5837,0.58385,19
2026-03-25T13:20:00,0.58385,0.58385,0.5838,0.5838,7
2026-03-25T13:21:00,0.58375,0.58375,0.5836,0.5836,19
2026-03-25T13:22:00,0.58355,0.58355,0.5835,0.5835,12
2026-03-25T13:23:00,0.5835,0.58355,0.5835,0.58355,9
2026-03-25T13:24:00,0.5836,0.5836,0.5836,0.5836,6
2026-03-25T13:25:00,0.5836,0.5836,0.5836,0.5836,7
2026-03-25T13:26:00,0.58345,0.5835,0.58345,0.58345,20
2026-03-25T13:27:00,0.5834,0.5835,0.5833,0.5835,41
2026-03-25T13:28:00,0.5834,0.58345,0.5834,0.58345,149
2026-03-25T13:29:00,0.5834,0.58345,0.5834,0.58345,16
2026-03-25T13:30:00,0.5835,0.5838,0.5835,0.5836,112
2026-03-25T13:31:00,0.5837,0.5837,0.5834,0.58345,37
2026-03-25T13:32:00,0.58345,0.5836,0.58345,0.58355,18
2026-03-25T13:33:00,0.58355,0.58355,0.5833,0.5833,41
2026-03-25T13:34:00,0.58335,0.5834,0.58325,0.5834,33
2026-03-25T13:35:00,0.58335,0.5834,0.58335,0.5834,19
2026-03-25T13:36:00,0.58345,0.5835,0.58315,0.5835,73
2026-03-25T13:37:00,0.5835,0.5836,0.5834,0.5834,38
2026-03-25T13:38:00,0.5834,0.5835,0.5834,0.5835,25
2026-03-25T13:39:00,0.58345,0.5835,0.58325,0.58325,35
2026-03-25T13:40:00,0.58325,0.5835,0.58325,0.58345,29
2026-03-25T13:41:00,0.5835,0.5835,0.58335,0.58335,35
2026-03-25T13:42:00,0.5834,0.58355,0.5834,0.58355,22
2026-03-25T13:43:00,0.5835,0.5835,0.58335,0.5834,28
2026-03-25T13:44:00,0.58335,0.5834,0.5833,0.5834,44
2026-03-25T13:45:00,0.58345,0.58345,0.58325,0.58325,33
2026-03-25T13:46:00,0.58325,0.58325,0.5831,0.5831,17
2026-03-25T13:47:00,0.58305,0.58315,0.58305,0.5831,26
2026-03-25T13:48:00,0.58315,0.58315,0.58295,0.583,47
2026-03-25T13:49:00,0.583,0.583,0.58275,0.58275,25
2026-03-25T13:50:00,0.58275,0.5828,0.58265,0.58265,17
2026-03-25T13:51:00,0.5827,0.58285,0.5827,0.58285,16
2026-03-25T13:52:00,0.5827,0.58275,0.5826,0.58275,193
2026-03-25T13:53:00,0.5828,0.5829,0.5827,0.5827,53
2026-03-25T13:54:00,0.5827,0.58275,0.58265,0.58265,26
2026-03-25T13:55:00,0.5826,0.5827,0.5826,0.5827,31
2026-03-25T13:56:00,0.5827,0.5827,0.58265,0.58265,27
2026-03-25T13:57:00,0.58265,0.58275,0.5826,0.5827,247
2026-03-25T13:58:00,0.5827,0.5829,0.58265,0.5827,65
2026-03-25T13:59:00,0.5826,0.5826,0.58245,0.58255,33
2026-03-25T14:00:00,0.5826,0.5826,0.58215,0.58225,126
2026-03-25T14:01:00,0.58225,0.58255,0.58225,0.58245,85
2026-03-25T14:02:00,0.58245,0.5827,0.58245,0.5826,103
2026-03-25T14:03:00,0.58255,0.58255,0.58245,0.5825,29
2026-03-25T14:04:00,0.58245,0.58265,0.58245,0.58255,28
2026-03-25T14:05:00,0.5825,0.5826,0.5824,0.5826,36
2026-03-25T14:06:00,0.5827,0.58285,0.5827,0.58275,49
2026-03-25T14:07:00,0.58275,0.5828,0.5826,0.5826,81
2026-03-25T14:08:00,0.58265,0.58285,0.58265,0.58275,31
2026-03-25T14:09:00,0.58275,0.583,0.58275,0.58295,29
2026-03-25T14:10:00,0.58295,0.583,0.5829,0.5829,92
2026-03-25T14:11:00,0.5829,0.5829,0.58265,0.5829,62
2026-03-25T14:12:00,0.5829,0.583,0.5829,0.58295,28
2026-03-25T14:13:00,0.583,0.58315,0.58295,0.5831,162
2026-03-25T14:14:00,0.58305,0.5833,0.58305,0.58325,34
2026-03-25T14:15:00,0.58325,0.58325,0.5832,0.58325,19
2026-03-25T14:16:00,0.58325,0.58345,0.58325,0.58345,32
2026-03-25T14:17:00,0.5834,0.58345,0.58335,0.58335,37
2026-03-25T14:18:00,0.58335,0.58345,0.58335,0.5834,24
2026-03-25T14:19:00,0.5834,0.5835,0.5833,0.58335,32
2026-03-25T14:20:00,0.5834,0.58355,0.5834,0.58355,29
2026-03-25T14:21:00,0.5835,0.5835,0.58345,0.5835,30
2026-03-25T14:22:00,0.5835,0.58355,0.58345,0.5835,24
2026-03-25T14:23:00,0.5835,0.5835,0.58305,0.58305,121
2026-03-25T14:24:00,0.583,0.583,0.58275,0.5828,39
2026-03-25T14:25:00,0.58285,0.5835,0.58285,0.5834,440
2026-03-25T14:26:00,0.5834,0.5834,0.5832,0.58335,53
2026-03-25T14:27:00,0.5834,0.58365,0.5834,0.58365,28
2026-03-25T14:28:00,0.58355,0.5836,0.58345,0.58345,19
2026-03-25T14:29:00,0.5834,0.5835,0.5834,0.5835,29
2026-03-25T14:30:00,0.58355,0.5836,0.58345,0.5836,59
2026-03-25T14:31:00,0.5836,0.58365,0.58345,0.58345,13
2026-03-25T14:32:00,0.58355,0.5837,0.58355,0.58365,22
2026-03-25T14:33:00,0.58365,0.5837,0.58365,0.5837,7
2026-03-25T14:34:00,0.5836,0.58365,0.5836,0.58365,16
2026-03-25T14:35:00,0.5837,0.5837,0.5834,0.58345,34
2026-03-25T14:36:00,0.5834,0.5834,0.5834,0.5834,7
2026-03-25T14:37:00,0.5833,0.5834,0.5833,0.58335,17
2026-03-25T14:38:00,0.58335,0.58345,0.58335,0.58335,37
2026-03-25T14:39:00,0.58335,0.5834,0.5833,0.5834,7
2026-03-25T14:40:00,0.5833,0.58335,0.58325,0.58325,11
2026-03-25T14:41:00,0.5833,0.58355,0.5833,0.58345,31
2026-03-25T14:42:00,0.5834,0.58355,0.5834,0.5835,21
2026-03-25T14:43:00,0.58345,0.58345,0.5833,0.5834,19
2026-03-25T14:44:00,0.58345,0.58345,0.5834,0.5834,5
2026-03-25T14:45:00,0.58335,0.58345,0.58335,0.58345,33
2026-03-25T14:46:00,0.5835,0.58355,0.58345,0.58355,24
2026-03-25T14:47:00,0.58355,0.58355,0.5835,0.58355,12
2026-03-25T14:48:00,0.58355,0.5837,0.58355,0.5837,28
2026-03-25T14:49:00,0.58365,0.5837,0.58365,0.58365,27
2026-03-25T14:50:00,0.5837,0.58385,0.58365,0.5838,20
2026-03-25T14:51:00,0.5838,0.5842,0.5838,0.58385,281
2026-03-25T14:52:00,0.5839,0.58395,0.58375,0.58375,50
2026-03-25T14:53:00,0.58375,0.58385,0.58375,0.5838,21
2026-03-25T14:54:00,0.58375,0.58375,0.5837,0.58375,11
2026-03-25T14:55:00,0.5837,0.5837,0.5837,0.5837,16
2026-03-25T14:56:00,0.5837,0.5837,0.5837,0.5837,6
2026-03-25T14:57:00,0.5837,0.5838,0.5837,0.5838,21
2026-03-25T14:58:00,0.58375,0.58385,0.58375,0.58385,25
2026-03-25T14:59:00,0.5838,0.5838,0.58365,0.5837,72
2026-03-25T15:00:00,0.58375,0.5839,0.58375,0.58385,71
2026-03-25T15:01:00,0.5838,0.58385,0.5838,0.58385,10
2026-03-25T15:02:00,0.58385,0.5839,0.58375,0.58375,25
2026-03-25T15:03:00,0.5837,0.584,0.5837,0.584,27
2026-03-25T15:04:00,0.58395,0.58395,0.5839,0.5839,4
2026-03-25T15:05:00,0.58385,0.58395,0.58385,0.58395,99
2026-03-25T15:06:00,0.58395,0.584,0.58395,0.58395,142
2026-03-25T15:07:00,0.58395,0.584,0.58385,0.58385,213
2026-03-25T15:08:00,0.58385,0.5839,0.5838,0.5838,63
2026-03-25T15:09:00,0.58375,0.58375,0.5835,0.5835,35
2026-03-25T15:10:00,0.58355,0.58365,0.58355,0.5836,49
2026-03-25T15:11:00,0.5836,0.5838,0.58355,0.5836,92
2026-03-25T15:12:00,0.5836,0.5837,0.58355,0.58365,194
2026-03-25T15:13:00,0.58365,0.5837,0.58355,0.5836,38
2026-03-25T15:14:00,0.5836,0.58365,0.58345,0.58345,67
2026-03-25T15:15:00,0.58345,0.58355,0.5834,0.5835,45
2026-03-25T15:16:00,0.58345,0.5835,0.5828,0.5828,146
2026-03-25T15:17:00,0.5828,0.5828,0.58255,0.58255,56
2026-03-25T15:18:00,0.5826,0.58295,0.5826,0.5829,49
2026-03-25T15:19:00,0.5829,0.58295,0.58275,0.58295,26
2026-03-25T15:20:00,0.583,0.58325,0.583,0.58305,100
2026-03-25T15:21:00,0.58305,0.5832,0.58305,0.5832,28
2026-03-25T15:22:00,0.5832,0.5833,0.5832,0.5833,78
2026-03-25T15:23:00,0.58325,0.5833,0.5832,0.5833,56
2026-03-25T15:24:00,0.58335,0.5835,0.58325,0.58325,27
2026-03-25T15:25:00,0.5832,0.58335,0.58315,0.58335,21
2026-03-25T15:26:00,0.58325,0.58325,0.58325,0.58325,7
2026-03-25T15:27:00,0.58325,0.58325,0.5832,0.58325,9
2026-03-25T15:28:00,0.58325,0.58335,0.58315,0.5833,18
2026-03-25T15:29:00,0.5833,0.58345,0.5833,0.58345,41
2026-03-25T15:30:00,0.5835,0.5836,0.58345,0.5836,46
2026-03-25T15:31:00,0.58355,0.5837,0.58355,0.5837,10
2026-03-25T15:32:00,0.58375,0.58375,0.5836,0.5836,69
2026-03-25T15:33:00,0.58355,0.5836,0.58355,0.5836,4
2026-03-25T15:34:00,0.58375,0.58375,0.58365,0.58365,6
2026-03-25T15:35:00,0.58365,0.58365,0.5835,0.58365,16
2026-03-25T15:36:00,0.58355,0.5836,0.5835,0.5835,41
2026-03-25T15:37:00,0.5834,0.58355,0.5834,0.58345,21
2026-03-25T15:38:00,0.58345,0.58345,0.5832,0.58325,21
2026-03-25T15:39:00,0.58325,0.58335,0.58325,0.58335,6
2026-03-25T15:40:00,0.58325,0.58335,0.58325,0.58335,10
2026-03-25T15:41:00,0.58325,0.58325,0.5831,0.58315,14
2026-03-25T15:42:00,0.5831,0.5831,0.58305,0.58305,10
2026-03-25T15:43:00,0.583,0.583,0.583,0.583,8
2026-03-25T15:44:00,0.58305,0.5832,0.58305,0.5832,16
2026-03-25T15:45:00,0.5833,0.5833,0.5833,0.5833,1
2026-03-25T15:46:00,0.5832,0.58325,0.58315,0.58325,25
2026-03-25T15:47:00,0.58315,0.5833,0.58315,0.5833,27
2026-03-25T15:48:00,0.58315,0.5832,0.58315,0.58315,28
2026-03-25T15:49:00,0.58315,0.5832,0.58315,0.58315,10
2026-03-25T15:50:00,0.58325,0.58325,0.5832,0.5832,8
2026-03-25T15:51:00,0.5832,0.5833,0.5832,0.5833,8
2026-03-25T15:52:00,0.5832,0.5832,0.58305,0.5831,24
2026-03-25T15:53:00,0.58305,0.5832,0.58305,0.58305,101
2026-03-25T15:54:00,0.58305,0.5831,0.583,0.58305,48
2026-03-25T15:55:00,0.58305,0.5833,0.58305,0.58315,61
2026-03-25T15:56:00,0.5833,0.5833,0.5831,0.58315,90
2026-03-25T15:57:00,0.58315,0.58315,0.583,0.583,124
2026-03-25T15:58:00,0.58305,0.58315,0.58305,0.5831,46
2026-03-25T15:59:00,0.5831,0.58315,0.5831,0.5831,29
2026-03-25T16:00:00,0.5831,0.5832,0.5831,0.58315,154
2026-03-25T16:01:00,0.5831,0.58325,0.5831,0.5832,142
2026-03-25T16:02:00,0.5832,0.58335,0.5831,0.5831,67
2026-03-25T16:03:00,0.58315,0.5832,0.58315,0.58315,17
2026-03-25T16:04:00,0.58305,0.58325,0.58305,0.5831,36
2026-03-25T16:05:00,0.58315,0.58315,0.5829,0.58295,27
2026-03-25T16:06:00,0.58295,0.58305,0.5829,0.58295,17
2026-03-25T16:07:00,0.58305,0.58305,0.583,0.583,20
2026-03-25T16:08:00,0.5829,0.58295,0.5829,0.58295,6
2026-03-25T16:09:00,0.58295,0.58305,0.58295,0.58305,13
2026-03-25T16:10:00,0.58275,0.58275,0.58275,0.58275,4
2026-03-25T16:11:00,0.5828,0.5829,0.5828,0.5829,8
2026-03-25T16:12:00,0.58295,0.58295,0.58285,0.5829,14
2026-03-25T16:13:00,0.5829,0.5829,0.5829,0.5829,5
2026-03-25T16:14:00,0.58295,0.583,0.58295,0.583,9
2026-03-25T16:15:00,0.58305,0.58305,0.5828,0.5828,53
2026-03-25T16:16:00,0.5828,0.58295,0.5828,0.58295,7
2026-03-25T16:17:00,0.58295,0.58295,0.58285,0.58295,12
2026-03-25T16:18:00,0.58285,0.58295,0.58285,0.58295,13
2026-03-25T16:19:00,0.5829,0.58295,0.58285,0.58295,34
2026-03-25T16:20:00,0.58295,0.5831,0.58295,0.58305,18
2026-03-25T16:21:00,0.58295,0.58305,0.58295,0.583,15
2026-03-25T16:22:00,0.583,0.5831,0.5829,0.5831,30
2026-03-25T16:23:00,0.5831,0.5833,0.5831,0.5831,24
2026-03-25T16:24:00,0.5831,0.5837,0.5831,0.58365,212
2026-03-25T16:25:00,0.58365,0.5839,0.5834,0.5838,227
2026-03-25T16:26:00,0.58375,0.5838,0.58355,0.58375,73
2026-03-25T16:27:00,0.58375,0.58375,0.58365,0.5837,27
2026-03-25T16:28:00,0.58365,0.58365,0.58355,0.58365,26
2026-03-25T16:29:00,0.58365,0.5838,0.58365,0.5838,59
2026-03-25T16:30:00,0.5838,0.5838,0.58355,0.5837,45
2026-03-25T16:31:00,0.58375,0.58385,0.5837,0.58385,18
2026-03-25T16:32:00,0.58375,0.58385,0.58375,0.5838,9
2026-03-25T16:33:00,0.5838,0.58385,0.5838,0.58385,8
2026-03-25T16:34:00,0.5839,0.5839,0.5837,0.5837,10
2026-03-25T16:35:00,0.58375,0.5838,0.58375,0.5838,6
2026-03-25T16:36:00,0.58385,0.58385,0.58375,0.58375,2
2026-03-25T16:37:00,0.58375,0.5838,0.58365,0.5837,48
2026-03-25T16:38:00,0.58365,0.58365,0.58355,0.58355,22
2026-03-25T16:39:00,0.5836,0.5836,0.58355,0.58355,10
2026-03-25T16:40:00,0.58365,0.5837,0.58365,0.5837,8
2026-03-25T16:41:00,0.58365,0.58365,0.58365,0.58365,5
2026-03-25T16:42:00,0.58365,0.58375,0.5836,0.5836,14
2026-03-25T16:43:00,0.58355,0.5838,0.58355,0.5838,10
2026-03-25T16:44:00,0.58375,0.58375,0.58375,0.58375,8
2026-03-25T16:45:00,0.58375,0.58375,0.58375,0.58375,3
2026-03-25T16:46:00,0.58375,0.5838,0.5837,0.5838,9
2026-03-25T16:47:00,0.58365,0.58365,0.58355,0.58355,10
2026-03-25T16:48:00,0.58355,0.58365,0.58355,0.58365,2
2026-03-25T16:49:00,0.58355,0.58355,0.58355,0.58355,1
2026-03-25T16:50:00,0.5836,0.5836,0.58345,0.58345,24
2026-03-25T16:51:00,0.58355,0.58365,0.5835,0.5835,122
2026-03-25T16:52:00,0.58345,0.5837,0.58345,0.5837,18
2026-03-25T16:53:00,0.5837,0.58375,0.5837,0.58375,10
2026-03-25T16:54:00,0.5837,0.58375,0.5837,0.5837,12
2026-03-25T16:55:00,0.58365,0.5837,0.58365,0.5837,7
2026-03-25T16:56:00,0.58365,0.58365,0.58365,0.58365,1
2026-03-25T16:57:00,0.58355,0.58355,0.58345,0.58345,9
2026-03-25T16:58:00,0.58345,0.58345,0.5834,0.58345,7
2026-03-25T16:59:00,0.58345,0.5835,0.58345,0.58345,13
2026-03-25T17:00:00,0.5835,0.5835,0.5835,0.5835,6
2026-03-25T17:01:00,0.5836,0.5836,0.5836,0.5836,2
2026-03-25T17:02:00,0.58355,0.58355,0.5832,0.5835,177
2026-03-25T17:03:00,0.58345,0.5835,0.58345,0.5835,5
2026-03-25T17:04:00,0.5833,0.5834,0.5833,0.5834,9
2026-03-25T17:05:00,0.5834,0.5834,0.58315,0.58325,17
2026-03-25T17:06:00,0.58325,0.5833,0.58325,0.5833,11
2026-03-25T17:07:00,0.58335,0.58345,0.58335,0.5834,24
2026-03-25T17:08:00,0.58335,0.58335,0.5833,0.5833,9
2026-03-25T17:09:00,0.5833,0.58335,0.58325,0.58325,7
2026-03-25T17:10:00,0.5833,0.5833,0.58325,0.5833,6
2026-03-25T17:11:00,0.5833,0.58335,0.5833,0.58335,16
2026-03-25T17:12:00,0.5833,0.58345,0.5833,0.58345,26
2026-03-25T17:13:00,0.58345,0.5835,0.58345,0.5835,27
2026-03-25T17:14:00,0.5835,0.5835,0.58345,0.58345,11
2026-03-25T17:15:00,0.5834,0.5834,0.5833,0.5833,3
2026-03-25T17:16:00,0.5834,0.5835,0.58335,0.58335,25
2026-03-25T17:17:00,0.58335,0.58345,0.58335,0.5834,4
2026-03-25T17:18:00,0.58345,0.58345,0.5833,0.5833,13
2026-03-25T17:19:00,0.5833,0.58355,0.5833,0.5835,65
2026-03-25T17:20:00,0.58345,0.5835,0.58345,0.5835,11
2026-03-25T17:21:00,0.58355,0.5836,0.58355,0.5836,13
2026-03-25T17:22:00,0.58365,0.58375,0.5836,0.5836,20
2026-03-25T17:23:00,0.58365,0.58375,0.58365,0.58365,39
2026-03-25T17:24:00,0.5836,0.5836,0.58355,0.58355,11
2026-03-25T17:25:00,0.58355,0.5836,0.58355,0.5836,4
2026-03-25T17:26:00,0.58375,0.58375,0.5837,0.58375,10
2026-03-25T17:27:00,0.5838,0.5838,0.58375,0.5838,5
2026-03-25T17:28:00,0.58375,0.58385,0.58375,0.58385,14
2026-03-25T17:29:00,0.5838,0.5838,0.5838,0.5838,7
2026-03-25T17:30:00,0.58375,0.5839,0.5837,0.5838,17
2026-03-25T17:31:00,0.58375,0.58375,0.58375,0.58375,10
2026-03-25T17:32:00,0.5837,0.58385,0.5837,0.58385,11
2026-03-25T17:33:00,0.5839,0.5839,0.5839,0.5839,13
2026-03-25T17:34:00,0.584,0.5841,0.584,0.58405,25
2026-03-25T17:35:00,0.5841,0.58415,0.5841,0.58415,14
2026-03-25T17:36:00,0.58415,0.58415,0.5841,0.5841,11
2026-03-25T17:37:00,0.58405,0.58405,0.58405,0.58405,17
2026-03-25T17:38:00,0.5841,0.5841,0.584,0.58405,14
2026-03-25T17:39:00,0.58405,0.5841,0.58405,0.58405,11
2026-03-25T17:40:00,0.58405,0.58405,0.584,0.58405,20
2026-03-25T17:41:00,0.584,0.5841,0.584,0.584,49
2026-03-25T17:42:00,0.5841,0.5841,0.58405,0.58405,15
2026-03-25T17:43:00,0.58405,0.5844,0.58405,0.58415,231
2026-03-25T17:44:00,0.5841,0.58425,0.5841,0.5842,37
2026-03-25T17:45:00,0.5842,0.5842,0.58405,0.5841,22
2026-03-25T17:46:00,0.5842,0.58425,0.5842,0.58425,3
2026-03-25T17:47:00,0.58415,0.58415,0.5841,0.5841,26
2026-03-25T17:48:00,0.58415,0.58415,0.584,0.58405,12
2026-03-25T17:49:00,0.5841,0.5841,0.5841,0.5841,1
2026-03-25T17:50:00,0.58405,0.58405,0.58395,0.58395,10
2026-03-25T17:51:00,0.584,0.584,0.58395,0.58395,5
2026-03-25T17:52:00,0.5841,0.58425,0.58395,0.58395,91
2026-03-25T17:53:00,0.58395,0.58395,0.5838,0.5839,61
2026-03-25T17:54:00,0.584,0.584,0.5838,0.58385,37
2026-03-25T17:55:00,0.58375,0.58375,0.5836,0.58375,25
2026-03-25T17:56:00,0.5837,0.5838,0.5837,0.5838,17
2026-03-25T17:57:00,0.5838,0.5839,0.5838,0.5839,17
2026-03-25T17:58:00,0.58385,0.58415,0.5838,0.5838,209
2026-03-25T17:59:00,0.5838,0.5838,0.58365,0.5837,15
2026-03-25T18:00:00,0.58365,0.58375,0.5836,0.5837,53
2026-03-25T18:01:00,0.58375,0.58385,0.58375,0.58375,37
2026-03-25T18:02:00,0.58375,0.58375,0.58375,0.58375,9
2026-03-25T18:03:00,0.5838,0.58385,0.58355,0.58355,52
2026-03-25T18:04:00,0.5836,0.58375,0.5836,0.58375,22
2026-03-25T18:05:00,0.5838,0.5838,0.5838,0.5838,3
2026-03-25T18:06:00,0.584,0.584,0.584,0.584,16
2026-03-25T18:07:00,0.58395,0.584,0.58395,0.58395,22
2026-03-25T18:08:00,0.58395,0.58395,0.58385,0.58385,5
2026-03-25T18:09:00,0.58385,0.5839,0.5838,0.5838,10
2026-03-25T18:10:00,0.58375,0.5838,0.5837,0.5837,38
2026-03-25T18:11:00,0.5837,0.5838,0.58365,0.58365,59
2026-03-25T18:12:00,0.5836,0.5837,0.5836,0.5837,16
2026-03-25T18:13:00,0.5836,0.5836,0.5836,0.5836,4
2026-03-25T18:14:00,0.5836,0.5836,0.5836,0.5836,6
2026-03-25T18:15:00,0.5837,0.5837,0.5837,0.5837,16
2026-03-25T18:16:00,0.58365,0.5837,0.58365,0.5837,25
2026-03-25T18:17:00,0.5837,0.5838,0.58365,0.58375,52
2026-03-25T18:18:00,0.5837,0.5837,0.5836,0.58365,29
2026-03-25T18:19:00,0.58365,0.58365,0.58365,0.58365,4
2026-03-25T18:20:00,0.5836,0.5837,0.5836,0.5837,4
2026-03-25T18:21:00,0.5837,0.58375,0.5837,0.58375,9
2026-03-25T18:22:00,0.58375,0.5838,0.58375,0.58375,14
2026-03-25T18:23:00,0.58375,0.58375,0.58375,0.58375,1
2026-03-25T18:24:00,0.58375,0.58375,0.58375,0.58375,6
2026-03-25T18:25:00,0.58375,0.58375,0.58375,0.58375,4
2026-03-25T18:26:00,0.5837,0.5837,0.58365,0.58365,5
2026-03-25T18:27:00,0.5837,0.5837,0.5837,0.5837,7
2026-03-25T18:28:00,0.58365,0.58365,0.58355,0.5836,28
2026-03-25T18:29:00,0.5836,0.5836,0.5836,0.5836,7
2026-03-25T18:30:00,0.58365,0.58365,0.58365,0.58365,16
2026-03-25T18:31:00,0.5836,0.5836,0.5836,0.5836,3
2026-03-25T18:32:00,0.58365,0.58365,0.5836,0.5836,6
2026-03-25T18:33:00,0.58365,0.58365,0.5836,0.5836,6
2026-03-25T18:34:00,0.58355,0.58355,0.58355,0.58355,3
2026-03-25T18:35:00,0.5835,0.5835,0.58345,0.58345,14
2026-03-25T18:36:00,0.5834,0.58345,0.5833,0.5833,58
2026-03-25T18:37:00,0.5833,0.5833,0.5833,0.5833,8
2026-03-25T18:38:00,0.5833,0.5833,0.58325,0.58325,3
2026-03-25T18:39:00,0.58325,0.58325,0.5832,0.58325,15
2026-03-25T18:40:00,0.58325,0.58325,0.5831,0.5831,55
2026-03-25T18:41:00,0.58305,0.5831,0.583,0.5831,8
2026-03-25T18:42:00,0.58305,0.58315,0.58305,0.58305,17
2026-03-25T18:43:00,0.583,0.58305,0.583,0.58305,2
2026-03-25T18:44:00,0.583,0.5831,0.583,0.5831,13
2026-03-25T18:46:00,0.583,0.5831,0.583,0.58305,7
2026-03-25T18:47:00,0.58305,0.58305,0.58305,0.58305,3
2026-03-25T18:48:00,0.58305,0.58305,0.583,0.58305,30
2026-03-25T18:49:00,0.583,0.583,0.583,0.583,2
2026-03-25T18:50:00,0.583,0.583,0.58295,0.58295,6
2026-03-25T18:52:00,0.583,0.583,0.58295,0.58295,8
2026-03-25T18:54:00,0.58295,0.58295,0.58295,0.58295,8
2026-03-25T18:55:00,0.58295,0.58295,0.5821,0.58215,744
2026-03-25T18:56:00,0.5822,0.5825,0.5822,0.58235,95
2026-03-25T18:57:00,0.5825,0.5826,0.5825,0.58255,12
2026-03-25T18:58:00,0.5826,0.5826,0.5826,0.5826,22
2026-03-25T18:59:00,0.5826,0.58265,0.5825,0.5826,313
2026-03-25T19:00:00,0.5826,0.5826,0.58245,0.5825,175
2026-03-25T19:01:00,0.5825,0.58255,0.58235,0.5824,45
2026-03-25T19:02:00,0.5825,0.5825,0.58235,0.58235,26
2026-03-25T19:03:00,0.58235,0.5824,0.5823,0.58235,24
2026-03-25T19:04:00,0.58235,0.58245,0.58235,0.58245,10
2026-03-25T19:05:00,0.5825,0.5825,0.5825,0.5825,2
2026-03-25T19:06:00,0.58245,0.58245,0.58245,0.58245,10
2026-03-25T19:07:00,0.58245,0.58245,0.58245,0.58245,3
2026-03-25T19:08:00,0.5824,0.58245,0.58235,0.58235,19
2026-03-25T19:09:00,0.5823,0.5823,0.58225,0.5823,22
2026-03-25T19:10:00,0.5823,0.5823,0.58225,0.5823,22
2026-03-25T19:11:00,0.5823,0.5823,0.5822,0.5822,20
2026-03-25T19:12:00,0.58225,0.58225,0.58225,0.58225,6
2026-03-25T19:13:00,0.5822,0.58225,0.58215,0.58225,25
2026-03-25T19:14:00,0.5822,0.58225,0.5822,0.58225,27
2026-03-25T19:15:00,0.5822,0.5823,0.5822,0.5823,46
2026-03-25T19:16:00,0.5824,0.5824,0.5824,0.5824,29
2026-03-25T19:17:00,0.5824,0.58245,0.5824,0.5824,22
2026-03-25T19:18:00,0.58245,0.58245,0.5824,0.5824,3
2026-03-25T19:19:00,0.5824,0.5825,0.5824,0.5825,10
2026-03-25T19:20:00,0.58255,0.58255,0.58255,0.58255,6
2026-03-25T19:21:00,0.58255,0.5826,0.5825,0.5825,5
2026-03-25T19:22:00,0.58245,0.58245,0.58245,0.58245,1
2026-03-25T19:23:00,0.5824,0.58245,0.5824,0.58245,9
2026-03-25T19:24:00,0.58245,0.5825,0.58245,0.5825,10
2026-03-25T19:25:00,0.58245,0.5825,0.5824,0.5824,21
2026-03-25T19:26:00,0.58235,0.5824,0.5823,0.5823,5
2026-03-25T19:27:00,0.58235,0.5824,0.58235,0.5824,6
2026-03-25T19:28:00,0.5824,0.58245,0.5824,0.5824,5
2026-03-25T19:29:00,0.5824,0.5824,0.58235,0.5824,8
2026-03-25T19:30:00,0.5824,0.58245,0.5824,0.5824,35
2026-03-25T19:31:00,0.58235,0.5824,0.5823,0.5823,14
2026-03-25T19:32:00,0.58235,0.58235,0.5823,0.58235,15
2026-03-25T19:33:00,0.5823,0.58235,0.5823,0.58235,3
2026-03-25T19:34:00,0.5823,0.58235,0.5823,0.58235,9
2026-03-25T19:35:00,0.5824,0.5825,0.5824,0.5824,46
2026-03-25T19:36:00,0.5823,0.58235,0.5823,0.58235,13
2026-03-25T19:37:00,0.58235,0.5824,0.58235,0.5824,24
2026-03-25T19:38:00,0.58235,0.5824,0.58235,0.58235,11
2026-03-25T19:39:00,0.58235,0.5824,0.58235,0.5824,7
2026-03-25T19:40:00,0.5824,0.58245,0.5824,0.58245,6
2026-03-25T19:41:00,0.58245,0.58245,0.58245,0.58245,5
2026-03-25T19:42:00,0.5825,0.5825,0.5825,0.5825,15
2026-03-25T19:43:00,0.5825,0.5825,0.58245,0.58245,62
2026-03-25T19:44:00,0.5824,0.5824,0.5824,0.5824,3
2026-03-25T19:46:00,0.5824,0.5824,0.5823,0.58235,9
2026-03-25T19:47:00,0.5823,0.58235,0.5823,0.58235,10
2026-03-25T19:48:00,0.5824,0.5824,0.5824,0.5824,12
2026-03-25T19:49:00,0.5824,0.58245,0.5824,0.58245,7
2026-03-25T19:50:00,0.5824,0.5825,0.5824,0.5825,8
2026-03-25T19:51:00,0.58255,0.58255,0.5824,0.5824,6
2026-03-25T19:52:00,0.5824,0.5824,0.5824,0.5824,6
2026-03-25T19:53:00,0.58245,0.58245,0.58245,0.58245,1
2026-03-25T19:54:00,0.5824,0.5824,0.5824,0.5824,4
2026-03-25T19:55:00,0.58245,0.58245,0.58245,0.58245,10
2026-03-25T19:56:00,0.58235,0.5824,0.58235,0.5824,9
2026-03-25T19:57:00,0.5824,0.58245,0.5824,0.58245,22
2026-03-25T19:58:00,0.5824,0.5824,0.5824,0.5824,5
2026-03-25T19:59:00,0.5824,0.58245,0.5824,0.5824,9
2026-03-25T20:01:00,0.5825,0.5825,0.5824,0.5824,2
2026-03-25T20:02:00,0.58245,0.58245,0.5824,0.5824,12
2026-03-25T20:03:00,0.58235,0.58235,0.58235,0.58235,13
2026-03-25T20:04:00,0.58235,0.58235,0.58235,0.58235,6
2026-03-25T20:05:00,0.58235,0.58235,0.58235,0.58235,11
2026-03-25T20:06:00,0.5823,0.58235,0.5823,0.58235,12
2026-03-25T20:09:00,0.58235,0.58235,0.5823,0.5823,14
2026-03-25T20:10:00,0.58235,0.58235,0.58235,0.58235,1
2026-03-25T20:14:00,0.58235,0.58235,0.58235,0.58235,1
2026-03-25T20:15:00,0.5823,0.5823,0.5823,0.5823,2
2026-03-25T20:16:00,0.58225,0.58225,0.58225,0.58225,2
2026-03-25T20:18:00,0.5822,0.58225,0.5822,0.58225,2
2026-03-25T20:20:00,0.5822,0.5822,0.5822,0.5822,2
2026-03-25T20:24:00,0.58225,0.58225,0.58225,0.58225,7
2026-03-25T20:25:00,0.5822,0.5822,0.5822,0.5822,4
2026-03-25T20:27:00,0.5822,0.5822,0.58215,0.58215,6
2026-03-25T20:28:00,0.5822,0.5822,0.5822,0.5822,11
2026-03-25T20:29:00,0.58215,0.58215,0.58215,0.58215,4
2026-03-25T20:30:00,0.5821,0.5821,0.58205,0.58205,6
2026-03-25T20:32:00,0.58215,0.58215,0.5821,0.5821,14
2026-03-25T20:33:00,0.58215,0.58215,0.58215,0.58215,18
2026-03-25T20:34:00,0.5822,0.5822,0.5822,0.5822,3
2026-03-25T20:35:00,0.5823,0.5823,0.5823,0.5823,3
2026-03-25T20:36:00,0.58225,0.58225,0.58225,0.58225,10
2026-03-25T20:38:00,0.5822,0.5822,0.5822,0.5822,6
2026-03-25T20:39:00,0.5822,0.5822,0.5822,0.5822,8
2026-03-25T20:41:00,0.58225,0.58225,0.58225,0.58225,5
2026-03-25T20:42:00,0.5823,0.5823,0.5823,0.5823,1
2026-03-25T20:43:00,0.58225,0.5823,0.58225,0.5823,7
2026-03-25T20:44:00,0.5823,0.5823,0.5823,0.5823,14
2026-03-25T20:45:00,0.58225,0.58225,0.58225,0.58225,12
2026-03-25T20:46:00,0.58225,0.58225,0.58225,0.58225,11
2026-03-25T20:47:00,0.5823,0.5823,0.5823,0.5823,1
2026-03-25T20:50:00,0.58225,0.58225,0.58225,0.58225,2
2026-03-25T20:51:00,0.58225,0.58225,0.58225,0.58225,4
2026-03-25T20:53:00,0.5822,0.5822,0.5822,0.5822,11
2026-03-25T20:54:00,0.5822,0.5822,0.5822,0.5822,2
2026-03-25T20:55:00,0.58215,0.58215,0.58215,0.58215,8
2026-03-25T20:56:00,0.58225,0.58225,0.58225,0.58225,1
2026-03-25T20:58:00,0.58225,0.58225,0.58225,0.58225,4
2026-03-25T20:59:00,0.58225,0.5823,0.5822,0.5822,50
2026-03-25T22:00:00,0.5825,0.58265,0.58205,0.5822,182
2026-03-25T22:01:00,0.58205,0.58205,0.58205,0.58205,1
2026-03-25T22:02:00,0.58205,0.58205,0.58195,0.582,10
2026-03-25T22:03:00,0.58205,0.58205,0.58205,0.58205,2
2026-03-25T22:04:00,0.582,0.582,0.58195,0.58195,2
2026-03-25T22:05:00,0.58205,0.5822,0.58205,0.58205,63
2026-03-25T22:06:00,0.58205,0.58205,0.58195,0.582,21
2026-03-25T22:07:00,0.582,0.582,0.58195,0.58195,3
2026-03-25T22:08:00,0.58195,0.58195,0.58195,0.58195,4
2026-03-25T22:09:00,0.58195,0.582,0.58195,0.582,28
2026-03-25T22:10:00,0.582,0.582,0.582,0.582,11
2026-03-25T22:11:00,0.58195,0.58195,0.58195,0.58195,1
2026-03-25T22:12:00,0.5819,0.5819,0.58185,0.58185,9
2026-03-25T22:13:00,0.5819,0.5819,0.58185,0.58185,6
2026-03-25T22:15:00,0.5819,0.5819,0.5819,0.5819,4
2026-03-25T22:16:00,0.5819,0.582,0.5819,0.58195,22
2026-03-25T22:17:00,0.58195,0.58195,0.58195,0.58195,2
2026-03-25T22:18:00,0.58195,0.58195,0.58195,0.58195,2
2026-03-25T22:19:00,0.58195,0.58195,0.58195,0.58195,10
2026-03-25T22:21:00,0.58195,0.58195,0.58195,0.58195,3
2026-03-25T22:22:00,0.58195,0.582,0.58195,0.582,8
2026-03-25T22:23:00,0.582,0.582,0.582,0.582,1
2026-03-25T22:24:00,0.582,0.582,0.582,0.582,8
2026-03-25T22:27:00,0.582,0.582,0.582,0.582,3
2026-03-25T22:30:00,0.58205,0.58205,0.58205,0.58205,12
2026-03-25T22:31:00,0.58205,0.5821,0.58205,0.5821,8
2026-03-25T22:32:00,0.5822,0.58225,0.5822,0.58225,5
2026-03-25T22:33:00,0.58225,0.58225,0.58225,0.58225,15
2026-03-25T22:34:00,0.5822,0.5822,0.5822,0.5822,2
2026-03-25T22:35:00,0.5822,0.5822,0.5822,0.5822,2
2026-03-25T22:36:00,0.5822,0.5822,0.5822,0.5822,3
2026-03-25T22:37:00,0.58215,0.5822,0.58215,0.5822,2
2026-03-25T22:40:00,0.58215,0.58215,0.5821,0.58215,19
2026-03-25T22:42:00,0.58215,0.58215,0.58215,0.58215,5
2026-03-25T22:43:00,0.5822,0.58225,0.5822,0.58225,13
2026-03-25T22:44:00,0.58235,0.5824,0.58235,0.5824,6
2026-03-25T22:45:00,0.58245,0.58245,0.5824,0.5824,28
2026-03-25T22:46:00,0.5824,0.5824,0.5824,0.5824,5
2026-03-25T22:48:00,0.5824,0.5824,0.5824,0.5824,9
2026-03-25T22:49:00,0.5824,0.5824,0.5824,0.5824,3
2026-03-25T22:50:00,0.58235,0.58235,0.58235,0.58235,2
2026-03-25T22:51:00,0.5823,0.5823,0.5823,0.5823,1
2026-03-25T22:52:00,0.5823,0.5823,0.58225,0.58225,6
2026-03-25T22:53:00,0.58225,0.58225,0.58225,0.58225,2
2026-03-25T22:54:00,0.5823,0.58235,0.5823,0.5823,20
2026-03-25T22:55:00,0.58235,0.58235,0.58235,0.58235,3
2026-03-25T22:56:00,0.58235,0.58235,0.58235,0.58235,2
2026-03-25T22:57:00,0.5823,0.5823,0.58225,0.58225,6
2026-03-25T22:59:00,0.5822,0.5822,0.5821,0.58215,14
2026-03-25T23:00:00,0.5822,0.5823,0.5822,0.5823,9
2026-03-25T23:01:00,0.5822,0.5822,0.58215,0.58215,17
2026-03-25T23:02:00,0.58215,0.58215,0.58215,0.58215,3
2026-03-25T23:03:00,0.5822,0.58225,0.5822,0.58225,9
2026-03-25T23:06:00,0.5821,0.5821,0.5821,0.5821,8
2026-03-25T23:08:00,0.58215,0.58215,0.58215,0.58215,1
2026-03-25T23:11:00,0.5821,0.5821,0.5821,0.5821,4
2026-03-25T23:17:00,0.5821,0.5821,0.5821,0.5821,5
2026-03-25T23:18:00,0.58205,0.58205,0.58205,0.58205,1
2026-03-25T23:21:00,0.5821,0.5821,0.5821,0.5821,1
2026-03-25T23:23:00,0.58215,0.58215,0.5821,0.5821,2
2026-03-25T23:24:00,0.58205,0.58205,0.58205,0.58205,1
2026-03-25T23:25:00,0.582,0.582,0.582,0.582,1
2026-03-25T23:26:00,0.58195,0.58195,0.58195,0.58195,1
2026-03-25T23:27:00,0.582,0.58205,0.582,0.58205,4
2026-03-25T23:28:00,0.5821,0.58215,0.5821,0.58215,5
2026-03-25T23:29:00,0.58215,0.58215,0.58215,0.58215,2
2026-03-25T23:30:00,0.58215,0.58215,0.58215,0.58215,1
2026-03-25T23:31:00,0.5821,0.5821,0.5821,0.5821,1
2026-03-25T23:32:00,0.5821,0.5821,0.5821,0.5821,1
2026-03-25T23:33:00,0.5821,0.58215,0.5821,0.5821,8
2026-03-25T23:34:00,0.5821,0.5821,0.58205,0.5821,8
2026-03-25T23:42:00,0.582,0.582,0.582,0.582,2
2026-03-25T23:43:00,0.582,0.58205,0.582,0.58205,4
2026-03-25T23:44:00,0.58205,0.58205,0.58205,0.58205,7
2026-03-25T23:46:00,0.582,0.5821,0.58195,0.5821,16
2026-03-25T23:47:00,0.58215,0.58215,0.58215,0.58215,14
2026-03-25T23:48:00,0.5821,0.5821,0.58205,0.58205,5
2026-03-25T23:51:00,0.58205,0.58205,0.58205,0.58205,7
2026-03-25T23:52:00,0.58205,0.58205,0.58205,0.58205,3
2026-03-25T23:55:00,0.5821,0.5821,0.58205,0.58205,6
2026-03-25T23:57:00,0.5822,0.5822,0.5822,0.5822,2
2026-03-25T23:59:00,0.5822,0.58225,0.5822,0.58225,8
2026-03-26T00:00:00,0.58235,0.58235,0.58235,0.58235,2
2026-03-26T00:01:00,0.5823,0.5823,0.5823,0.5823,1
2026-03-26T00:02:00,0.58225,0.58225,0.5822,0.5822,3
2026-03-26T00:03:00,0.5822,0.5822,0.5822,0.5822,6
2026-03-26T00:04:00,0.5822,0.5822,0.5821,0.5821,6
2026-03-26T00:05:00,0.5822,0.58225,0.5822,0.58225,7
2026-03-26T00:06:00,0.5823,0.5824,0.5823,0.5824,7
2026-03-26T00:07:00,0.58235,0.58235,0.5823,0.58235,10
2026-03-26T00:09:00,0.5823,0.5823,0.5823,0.5823,6
2026-03-26T00:10:00,0.58225,0.58225,0.5821,0.5821,41
2026-03-26T00:11:00,0.5822,0.5822,0.5822,0.5822,2
2026-03-26T00:12:00,0.58225,0.58225,0.58225,0.58225,1
2026-03-26T00:13:00,0.58225,0.58225,0.58225,0.58225,1
2026-03-26T00:14:00,0.5823,0.5823,0.58225,0.5823,16
2026-03-26T00:15:00,0.5822,0.5823,0.5822,0.5823,29
2026-03-26T00:16:00,0.58235,0.5824,0.5823,0.58235,21
2026-03-26T00:17:00,0.58235,0.58235,0.5823,0.5823,12
2026-03-26T00:18:00,0.5823,0.58235,0.5823,0.5823,6
2026-03-26T00:19:00,0.5823,0.5823,0.5823,0.5823,16
2026-03-26T00:20:00,0.5823,0.5823,0.5823,0.5823,13
2026-03-26T00:21:00,0.5823,0.58235,0.5823,0.58235,45
2026-03-26T00:22:00,0.58235,0.5825,0.58235,0.5825,14
2026-03-26T00:23:00,0.5825,0.5825,0.5825,0.5825,6
2026-03-26T00:24:00,0.5825,0.5825,0.58245,0.58245,31
2026-03-26T00:25:00,0.5824,0.5824,0.5823,0.5823,8
2026-03-26T00:26:00,0.5823,0.58235,0.5822,0.5822,20
2026-03-26T00:27:00,0.58215,0.58215,0.58215,0.58215,5
2026-03-26T00:28:00,0.5821,0.5821,0.5821,0.5821,3
2026-03-26T00:29:00,0.58205,0.58205,0.582,0.58205,14
2026-03-26T00:30:00,0.582,0.582,0.582,0.582,5
2026-03-26T00:31:00,0.5821,0.5821,0.582,0.582,38
2026-03-26T00:32:00,0.58195,0.58195,0.58195,0.58195,28
2026-03-26T00:33:00,0.58195,0.58195,0.58195,0.58195,9
2026-03-26T00:34:00,0.58195,0.58195,0.5819,0.5819,22
2026-03-26T00:36:00,0.5819,0.582,0.5819,0.582,14
2026-03-26T00:37:00,0.58195,0.58195,0.58195,0.58195,1
2026-03-26T00:39:00,0.58195,0.58195,0.5819,0.5819,8
2026-03-26T00:40:00,0.5819,0.5819,0.5819,0.5819,5
2026-03-26T00:41:00,0.58195,0.58195,0.58165,0.5817,292
2026-03-26T00:42:00,0.5817,0.5817,0.58155,0.58155,68
2026-03-26T00:43:00,0.58155,0.58155,0.5814,0.5814,144
2026-03-26T00:44:00,0.5814,0.5814,0.58135,0.58135,11
2026-03-26T00:45:00,0.5813,0.58135,0.5813,0.58135,36
2026-03-26T00:46:00,0.5813,0.5814,0.5813,0.58135,16
2026-03-26T00:47:00,0.5813,0.58135,0.5813,0.58135,13
2026-03-26T00:48:00,0.58135,0.58135,0.58135,0.58135,30
2026-03-26T00:49:00,0.5814,0.5814,0.58135,0.5814,14
2026-03-26T00:50:00,0.58145,0.58145,0.58135,0.58135,69
2026-03-26T00:51:00,0.5813,0.58135,0.5813,0.58135,21
2026-03-26T00:52:00,0.5814,0.58145,0.5813,0.58145,38
2026-03-26T00:53:00,0.5815,0.5815,0.5815,0.5815,3
2026-03-26T00:54:00,0.5815,0.58155,0.5815,0.5815,67
2026-03-26T00:55:00,0.5815,0.5815,0.58145,0.58145,19
2026-03-26T00:56:00,0.58145,0.5815,0.58145,0.5815,7
2026-03-26T00:57:00,0.5815,0.58165,0.5815,0.58165,17
2026-03-26T00:58:00,0.58155,0.5816,0.58155,0.5816,5
2026-03-26T00:59:00,0.58165,0.5817,0.58165,0.5817,12
2026-03-26T01:00:00,0.5817,0.58195,0.5817,0.5819,85
2026-03-26T01:01:00,0.58185,0.58215,0.58185,0.58205,114
2026-03-26T01:02:00,0.58205,0.58205,0.582,0.582,14
2026-03-26T01:03:00,0.58205,0.58205,0.58205,0.58205,2
2026-03-26T01:04:00,0.58185,0.58185,0.58185,0.58185,9
2026-03-26T01:05:00,0.5819,0.5819,0.5819,0.5819,3
2026-03-26T01:06:00,0.5818,0.5818,0.58175,0.5818,15
2026-03-26T01:07:00,0.5817,0.58175,0.5815,0.5817,107
2026-03-26T01:08:00,0.58175,0.58175,0.5816,0.5816,9
2026-03-26T01:09:00,0.5817,0.5817,0.5817,0.5817,2
2026-03-26T01:10:00,0.5817,0.5817,0.58165,0.58165,4
2026-03-26T01:11:00,0.58165,0.58165,0.58165,0.58165,2
2026-03-26T01:12:00,0.5817,0.5817,0.5817,0.5817,5
2026-03-26T01:13:00,0.5818,0.58185,0.5818,0.5818,6
2026-03-26T01:14:00,0.58175,0.58175,0.58175,0.58175,1
2026-03-26T01:15:00,0.5816,0.5816,0.5816,0.5816,8
2026-03-26T01:16:00,0.5816,0.5816,0.5816,0.5816,1
2026-03-26T01:17:00,0.5816,0.58165,0.5816,0.58165,5
2026-03-26T01:18:00,0.5817,0.5817,0.5817,0.5817,1
2026-03-26T01:19:00,0.58155,0.58155,0.58155,0.58155,3
2026-03-26T01:21:00,0.5817,0.5817,0.5817,0.5817,1
2026-03-26T01:22:00,0.58175,0.58175,0.5817,0.58175,5
2026-03-26T01:23:00,0.58165,0.5817,0.58165,0.5817,11
2026-03-26T01:24:00,0.58175,0.58175,0.5817,0.5817,7
2026-03-26T01:25:00,0.5816,0.58165,0.5816,0.58165,5
2026-03-26T01:26:00,0.58175,0.58175,0.5817,0.5817,6
2026-03-26T01:27:00,0.5817,0.5817,0.5817,0.5817,3
2026-03-26T01:28:00,0.5817,0.58175,0.5817,0.58175,6
2026-03-26T01:29:00,0.58175,0.5818,0.58175,0.5818,3
2026-03-26T01:30:00,0.58185,0.58195,0.5818,0.58195,24
2026-03-26T01:32:00,0.58195,0.58195,0.5819,0.5819,2
2026-03-26T01:33:00,0.582,0.582,0.582,0.582,1
2026-03-26T01:34:00,0.58195,0.58195,0.58185,0.58185,3
2026-03-26T01:35:00,0.58195,0.58195,0.58195,0.58195,1
2026-03-26T01:36:00,0.5819,0.5819,0.58185,0.58185,2
2026-03-26T01:37:00,0.5819,0.5819,0.5819,0.5819,1
2026-03-26T01:38:00,0.5819,0.5819,0.5819,0.5819,3
2026-03-26T01:39:00,0.58185,0.58185,0.58185,0.58185,1
2026-03-26T01:40:00,0.58185,0.58185,0.58185,0.58185,1
2026-03-26T01:41:00,0.58185,0.582,0.58185,0.582,14
2026-03-26T01:42:00,0.582,0.582,0.582,0.582,1
2026-03-26T01:43:00,0.5819,0.5819,0.5819,0.5819,3
2026-03-26T01:44:00,0.5818,0.5818,0.58175,0.58175,4
2026-03-26T01:45:00,0.5818,0.5818,0.5818,0.5818,2
2026-03-26T01:47:00,0.58175,0.58175,0.58175,0.58175,2
2026-03-26T01:48:00,0.5817,0.58175,0.5817,0.58175,7
2026-03-26T01:49:00,0.5817,0.5817,0.58165,0.58165,2
2026-03-26T01:50:00,0.5817,0.5817,0.5817,0.5817,7
2026-03-26T01:51:00,0.58165,0.58175,0.58165,0.58175,3
2026-03-26T01:52:00,0.58175,0.58175,0.58175,0.58175,1
2026-03-26T01:53:00,0.58175,0.58175,0.58175,0.58175,1
2026-03-26T01:54:00,0.5817,0.5817,0.5817,0.5817,3
2026-03-26T01:56:00,0.5818,0.58185,0.5818,0.58185,2
2026-03-26T01:57:00,0.58185,0.58185,0.58185,0.58185,3
2026-03-26T01:58:00,0.5818,0.5818,0.5818,0.5818,4
2026-03-26T01:59:00,0.58185,0.58195,0.58185,0.58195,3
2026-03-26T02:00:00,0.5819,0.5819,0.58185,0.58185,3
2026-03-26T02:01:00,0.5819,0.58195,0.5819,0.58195,7
2026-03-26T02:02:00,0.5819,0.58195,0.5819,0.5819,33
2026-03-26T02:03:00,0.5819,0.5819,0.5819,0.5819,2
2026-03-26T02:04:00,0.5819,0.5819,0.5819,0.5819,10
2026-03-26T02:05:00,0.58195,0.58195,0.58195,0.58195,1
2026-03-26T02:06:00,0.5819,0.5819,0.5819,0.5819,3
2026-03-26T02:07:00,0.58185,0.58185,0.58185,0.58185,1
2026-03-26T02:08:00,0.58185,0.58185,0.5818,0.5818,3
2026-03-26T02:09:00,0.58175,0.58175,0.58175,0.58175,1
2026-03-26T02:10:00,0.58175,0.5818,0.58175,0.5818,5
2026-03-26T02:11:00,0.58185,0.58185,0.5818,0.5818,2
2026-03-26T02:13:00,0.5818,0.5818,0.5818,0.5818,4
2026-03-26T02:17:00,0.5818,0.5818,0.5818,0.5818,2
2026-03-26T02:19:00,0.58185,0.58185,0.58185,0.58185,5
2026-03-26T02:20:00,0.58195,0.58195,0.58195,0.58195,2
2026-03-26T02:21:00,0.582,0.582,0.582,0.582,7
2026-03-26T02:22:00,0.58185,0.58185,0.5818,0.5818,5
2026-03-26T02:23:00,0.58185,0.58185,0.58185,0.58185,3
2026-03-26T02:24:00,0.5818,0.5818,0.5818,0.5818,1
2026-03-26T02:26:00,0.5818,0.5818,0.5818,0.5818,1
2026-03-26T02:27:00,0.5818,0.5818,0.5818,0.5818,8
2026-03-26T02:28:00,0.5817,0.58175,0.5817,0.58175,9
2026-03-26T02:30:00,0.58175,0.58175,0.58175,0.58175,1
2026-03-26T02:31:00,0.58165,0.58165,0.58165,0.58165,2
2026-03-26T02:32:00,0.58165,0.58165,0.58155,0.58155,10
2026-03-26T02:33:00,0.58155,0.58155,0.58155,0.58155,10
2026-03-26T02:34:00,0.58145,0.58145,0.58145,0.58145,7
2026-03-26T02:35:00,0.58145,0.58145,0.5813,0.58135,27
2026-03-26T02:37:00,0.5813,0.5813,0.58115,0.58125,24
2026-03-26T02:38:00,0.58125,0.5813,0.58125,0.5813,6
2026-03-26T02:39:00,0.58135,0.58135,0.5812,0.5812,8
2026-03-26T02:40:00,0.58125,0.5813,0.58125,0.5813,9
2026-03-26T02:41:00,0.5814,0.5814,0.58135,0.5814,11
2026-03-26T02:42:00,0.5815,0.5815,0.5815,0.5815,6
2026-03-26T02:44:00,0.5815,0.5815,0.5815,0.5815,2
2026-03-26T02:45:00,0.5815,0.5815,0.5815,0.5815,1
2026-03-26T02:46:00,0.5816,0.5816,0.5816,0.5816,5
2026-03-26T02:47:00,0.5815,0.5815,0.5815,0.5815,2
2026-03-26T02:48:00,0.5815,0.5815,0.5815,0.5815,2
2026-03-26T02:49:00,0.5815,0.5815,0.5815,0.5815,2
2026-03-26T02:51:00,0.5816,0.5816,0.5816,0.5816,1
2026-03-26T02:52:00,0.58155,0.58155,0.5815,0.58155,7
2026-03-26T02:53:00,0.5815,0.5815,0.5815,0.5815,5
2026-03-26T02:54:00,0.58145,0.58145,0.58145,0.58145,2
2026-03-26T02:55:00,0.58145,0.58145,0.58145,0.58145,2
2026-03-26T02:56:00,0.58145,0.58145,0.58145,0.58145,1
2026-03-26T02:57:00,0.58145,0.58145,0.5814,0.5814,25
2026-03-26T02:58:00,0.58135,0.58135,0.58135,0.58135,1
2026-03-26T02:59:00,0.5814,0.5814,0.5814,0.5814,1
2026-03-26T03:01:00,0.5814,0.5814,0.5814,0.5814,8
2026-03-26T03:02:00,0.5815,0.5815,0.5815,0.5815,6
2026-03-26T03:03:00,0.5815,0.5815,0.5815,0.5815,2
2026-03-26T03:05:00,0.5815,0.5815,0.5815,0.5815,6
2026-03-26T03:06:00,0.58155,0.58155,0.5815,0.5815,2
2026-03-26T03:07:00,0.58145,0.58145,0.58145,0.58145,2
2026-03-26T03:08:00,0.5815,0.5815,0.5815,0.5815,2
2026-03-26T03:09:00,0.5815,0.5815,0.58145,0.58145,6
2026-03-26T03:10:00,0.5815,0.5815,0.5815,0.5815,9
2026-03-26T03:11:00,0.5815,0.5815,0.5815,0.5815,2
2026-03-26T03:12:00,0.58155,0.5816,0.58155,0.5816,11
2026-03-26T03:13:00,0.5816,0.58175,0.58155,0.58175,7
2026-03-26T03:14:00,0.5818,0.58185,0.5818,0.58185,9
2026-03-26T03:15:00,0.5818,0.5818,0.5818,0.5818,2
2026-03-26T03:16:00,0.5818,0.58185,0.5818,0.58185,2
2026-03-26T03:17:00,0.5818,0.5818,0.5818,0.5818,10
2026-03-26T03:18:00,0.58185,0.58185,0.58185,0.58185,1
2026-03-26T03:19:00,0.5819,0.5819,0.58185,0.58185,5
2026-03-26T03:20:00,0.58185,0.58185,0.58185,0.58185,6
2026-03-26T03:21:00,0.5819,0.582,0.5819,0.58195,13
2026-03-26T03:22:00,0.582,0.582,0.58195,0.582,8
2026-03-26T03:23:00,0.582,0.582,0.582,0.582,9
2026-03-26T03:24:00,0.58205,0.58205,0.58205,0.58205,40
2026-03-26T03:25:00,0.58205,0.5822,0.58205,0.5822,78
2026-03-26T03:26:00,0.58215,0.5822,0.58215,0.58215,32
2026-03-26T03:28:00,0.58215,0.5822,0.58215,0.5822,3
2026-03-26T03:29:00,0.58215,0.58215,0.58215,0.58215,4
2026-03-26T03:30:00,0.58215,0.5823,0.58215,0.5823,4
2026-03-26T03:31:00,0.58225,0.58225,0.58225,0.58225,2
2026-03-26T03:32:00,0.5823,0.58235,0.5823,0.58235,15
2026-03-26T03:33:00,0.5823,0.5823,0.58225,0.58225,15
2026-03-26T03:34:00,0.58225,0.58225,0.58225,0.58225,6
2026-03-26T03:35:00,0.5823,0.5823,0.5823,0.5823,6
2026-03-26T03:36:00,0.5823,0.58235,0.5823,0.5823,6
2026-03-26T03:37:00,0.5823,0.58235,0.5823,0.58235,5
2026-03-26T03:38:00,0.58235,0.58235,0.58235,0.58235,6
2026-03-26T03:39:00,0.58235,0.5824,0.58235,0.5824,4
2026-03-26T03:40:00,0.58235,0.5824,0.58235,0.5824,5
2026-03-26T03:41:00,0.58235,0.58235,0.5823,0.5823,8
2026-03-26T03:42:00,0.58235,0.58235,0.58235,0.58235,1
2026-03-26T03:45:00,0.5823,0.5823,0.5823,0.5823,1
2026-03-26T03:46:00,0.5823,0.5823,0.58225,0.58225,2
2026-03-26T03:48:00,0.5823,0.5823,0.58225,0.58225,2
2026-03-26T03:51:00,0.5822,0.58225,0.5822,0.58225,2
2026-03-26T03:52:00,0.5822,0.5822,0.5822,0.5822,3
2026-03-26T03:53:00,0.5822,0.5822,0.5822,0.5822,1
2026-03-26T03:55:00,0.5822,0.58225,0.5822,0.58225,6
2026-03-26T03:56:00,0.5823,0.5823,0.5823,0.5823,1
2026-03-26T03:57:00,0.5823,0.5823,0.5823,0.5823,3
2026-03-26T03:58:00,0.58225,0.58225,0.58225,0.58225,1
2026-03-26T04:00:00,0.58225,0.58225,0.5822,0.5822,3
2026-03-26T04:01:00,0.58215,0.5822,0.58215,0.5822,19
2026-03-26T04:04:00,0.58215,0.58215,0.58215,0.58215,4
2026-03-26T04:05:00,0.58215,0.5822,0.58215,0.5822,5
2026-03-26T04:06:00,0.5822,0.5822,0.5822,0.5822,1
2026-03-26T04:07:00,0.5822,0.5822,0.58215,0.58215,13
2026-03-26T04:08:00,0.5821,0.58215,0.5821,0.58215,3
2026-03-26T04:09:00,0.58215,0.58215,0.58215,0.58215,1
2026-03-26T04:10:00,0.5822,0.5822,0.58215,0.58215,6
2026-03-26T04:12:00,0.5822,0.5822,0.5822,0.5822,2
2026-03-26T04:13:00,0.5823,0.58235,0.5823,0.58235,5
2026-03-26T04:15:00,0.58235,0.58235,0.58235,0.58235,1
2026-03-26T04:16:00,0.5824,0.5824,0.5824,0.5824,3
2026-03-26T04:17:00,0.5824,0.5824,0.5824,0.5824,1
2026-03-26T04:20:00,0.5824,0.58245,0.5824,0.58245,10
2026-03-26T04:21:00,0.5825,0.5825,0.5825,0.5825,2
2026-03-26T04:24:00,0.58235,0.58235,0.5823,0.5823,15
2026-03-26T04:25:00,0.58235,0.58235,0.58235,0.58235,2
2026-03-26T04:26:00,0.58235,0.58235,0.58235,0.58235,8
2026-03-26T04:27:00,0.58235,0.58235,0.58235,0.58235,3
2026-03-26T04:30:00,0.58235,0.58235,0.58235,0.58235,3
2026-03-26T04:31:00,0.58235,0.58235,0.58235,0.58235,2
2026-03-26T04:32:00,0.58235,0.58235,0.58235,0.58235,2
2026-03-26T04:33:00,0.5823,0.58235,0.5823,0.58235,10
2026-03-26T04:34:00,0.58235,0.58235,0.58235,0.58235,1
2026-03-26T04:37:00,0.5823,0.5823,0.5823,0.5823,61
2026-03-26T04:38:00,0.5823,0.5823,0.58225,0.58225,6
2026-03-26T04:39:00,0.58225,0.58225,0.58225,0.58225,1
2026-03-26T04:41:00,0.5823,0.5823,0.5822,0.5822,5
2026-03-26T04:42:00,0.5823,0.5823,0.5823,0.5823,11
2026-03-26T04:43:00,0.58225,0.5823,0.58225,0.5823,9
2026-03-26T04:45:00,0.5823,0.5825,0.5823,0.5825,65
2026-03-26T04:46:00,0.58245,0.58255,0.58245,0.5825,26
2026-03-26T04:50:00,0.5825,0.5825,0.5825,0.5825,3
2026-03-26T04:52:00,0.5825,0.5825,0.5825,0.5825,1
2026-03-26T04:53:00,0.58245,0.5825,0.5824,0.5824,31
2026-03-26T04:55:00,0.5824,0.5824,0.5824,0.5824,7
2026-03-26T04:56:00,0.5825,0.5825,0.58245,0.5825,10
2026-03-26T04:57:00,0.5824,0.5824,0.5824,0.5824,3
2026-03-26T04:58:00,0.58235,0.58235,0.5823,0.58235,11
2026-03-26T04:59:00,0.5824,0.5824,0.58235,0.58235,5
2026-03-26T05:00:00,0.58235,0.58235,0.5823,0.58235,24
2026-03-26T05:01:00,0.58235,0.58235,0.5823,0.58235,16
2026-03-26T05:03:00,0.58235,0.58235,0.58235,0.58235,7
2026-03-26T05:04:00,0.58235,0.58235,0.58235,0.58235,4
2026-03-26T05:05:00,0.5823,0.58235,0.5823,0.58235,10
2026-03-26T05:06:00,0.5823,0.5823,0.5823,0.5823,4
2026-03-26T05:07:00,0.5823,0.5823,0.5823,0.5823,7
2026-03-26T05:08:00,0.5823,0.58235,0.5823,0.58235,12
2026-03-26T05:09:00,0.58235,0.58235,0.58235,0.58235,8
2026-03-26T05:10:00,0.5824,0.58245,0.58235,0.58235,7
2026-03-26T05:11:00,0.5824,0.58245,0.5824,0.58245,5
2026-03-26T05:12:00,0.58235,0.58235,0.58225,0.5823,10
2026-03-26T05:14:00,0.58235,0.58235,0.5823,0.58235,20
2026-03-26T05:15:00,0.5823,0.5823,0.5822,0.5822,63
2026-03-26T05:16:00,0.5822,0.58225,0.58215,0.58215,37
2026-03-26T05:17:00,0.5822,0.5822,0.5822,0.5822,4
2026-03-26T05:18:00,0.58215,0.58215,0.58215,0.58215,4
2026-03-26T05:19:00,0.5822,0.5822,0.5822,0.5822,1
2026-03-26T05:20:00,0.58215,0.58215,0.58215,0.58215,14
2026-03-26T05:21:00,0.58215,0.58215,0.58205,0.58205,13
2026-03-26T05:22:00,0.5821,0.5821,0.5821,0.5821,3
2026-03-26T05:23:00,0.5821,0.5821,0.5821,0.5821,4
2026-03-26T05:24:00,0.58205,0.5821,0.58205,0.5821,5
2026-03-26T05:25:00,0.58205,0.5821,0.58195,0.58195,24
2026-03-26T05:26:00,0.58195,0.58195,0.58195,0.58195,10
2026-03-26T05:27:00,0.5819,0.5819,0.58185,0.5819,22
2026-03-26T05:28:00,0.5819,0.58195,0.5819,0.58195,7
2026-03-26T05:29:00,0.582,0.582,0.582,0.582,2
2026-03-26T05:30:00,0.582,0.582,0.582,0.582,3
2026-03-26T05:31:00,0.58195,0.58195,0.58185,0.5819,13
2026-03-26T05:32:00,0.5819,0.5819,0.5819,0.5819,4
2026-03-26T05:34:00,0.58195,0.58195,0.58195,0.58195,1
2026-03-26T05:35:00,0.582,0.582,0.58195,0.58195,10
2026-03-26T05:36:00,0.58195,0.582,0.58195,0.582,23
2026-03-26T05:37:00,0.58205,0.58205,0.5819,0.5819,11
2026-03-26T05:38:00,0.582,0.582,0.582,0.582,3
2026-03-26T05:39:00,0.58195,0.58195,0.58195,0.58195,4
2026-03-26T05:40:00,0.58195,0.582,0.5819,0.58195,7
2026-03-26T05:41:00,0.58215,0.58225,0.58215,0.5822,23
2026-03-26T05:42:00,0.58215,0.58215,0.58215,0.58215,2
2026-03-26T05:43:00,0.58215,0.58215,0.58205,0.58205,18
2026-03-26T05:44:00,0.58205,0.58205,0.58205,0.58205,3
2026-03-26T05:45:00,0.58195,0.58195,0.5819,0.5819,5
2026-03-26T05:46:00,0.58195,0.58195,0.5818,0.5818,8
2026-03-26T05:47:00,0.58185,0.58185,0.58175,0.58175,9
2026-03-26T05:48:00,0.5819,0.5819,0.58185,0.58185,14
2026-03-26T05:49:00,0.58185,0.58185,0.58185,0.58185,8
2026-03-26T05:50:00,0.58185,0.5819,0.58185,0.5819,10
2026-03-26T05:51:00,0.58185,0.58185,0.58185,0.58185,7
2026-03-26T05:52:00,0.5818,0.5818,0.58175,0.5818,23
2026-03-26T05:53:00,0.58175,0.58175,0.5817,0.5817,8
2026-03-26T05:54:00,0.5817,0.5817,0.5817,0.5817,9
2026-03-26T05:55:00,0.5817,0.5817,0.58165,0.5817,9
2026-03-26T05:56:00,0.5817,0.58185,0.5817,0.58185,16
2026-03-26T05:57:00,0.5818,0.5818,0.58175,0.5818,31
2026-03-26T05:58:00,0.58175,0.58175,0.58165,0.58165,7
2026-03-26T05:59:00,0.58165,0.58165,0.5816,0.5816,28
2026-03-26T06:00:00,0.58155,0.5817,0.5815,0.58165,43
2026-03-26T06:01:00,0.5816,0.58165,0.5815,0.5815,14
2026-03-26T06:02:00,0.5815,0.58165,0.5815,0.5816,60
2026-03-26T06:03:00,0.58155,0.5816,0.58155,0.58155,44
2026-03-26T06:04:00,0.58155,0.58165,0.58155,0.5816,34
2026-03-26T06:05:00,0.5816,0.5816,0.58145,0.58145,66
2026-03-26T06:06:00,0.58145,0.58145,0.5813,0.5813,41
2026-03-26T06:07:00,0.58135,0.5814,0.5813,0.58135,46
2026-03-26T06:08:00,0.5813,0.58135,0.5812,0.58135,64
2026-03-26T06:09:00,0.58135,0.5814,0.58135,0.5814,16
2026-03-26T06:10:00,0.5814,0.5814,0.5813,0.5813,52
2026-03-26T06:11:00,0.5813,0.5813,0.58125,0.58125,27
2026-03-26T06:12:00,0.5812,0.58125,0.5811,0.5811,117
2026-03-26T06:13:00,0.5811,0.5811,0.581,0.581,30
2026-03-26T06:14:00,0.581,0.5811,0.581,0.58105,31
2026-03-26T06:15:00,0.581,0.581,0.58095,0.58095,21
2026-03-26T06:16:00,0.581,0.581,0.581,0.581,2
2026-03-26T06:17:00,0.58115,0.5813,0.58115,0.5813,30
2026-03-26T06:18:00,0.5813,0.5813,0.58115,0.58115,24
2026-03-26T06:19:00,0.58115,0.5812,0.58105,0.5811,52
2026-03-26T06:20:00,0.5811,0.5812,0.5811,0.5812,36
2026-03-26T06:21:00,0.58115,0.58115,0.5811,0.5811,6
2026-03-26T06:22:00,0.58115,0.58115,0.58115,0.58115,5
2026-03-26T06:24:00,0.5812,0.5812,0.5812,0.5812,2
2026-03-26T06:25:00,0.5812,0.5813,0.5812,0.58125,58
2026-03-26T06:26:00,0.5813,0.5813,0.58125,0.5813,13
2026-03-26T06:27:00,0.58135,0.58135,0.58135,0.58135,6
2026-03-26T06:29:00,0.5815,0.5816,0.5815,0.5815,19
2026-03-26T06:30:00,0.5815,0.5815,0.5815,0.5815,4
2026-03-26T06:31:00,0.58155,0.58155,0.58155,0.58155,3
2026-03-26T06:32:00,0.58155,0.58155,0.58145,0.58145,6
2026-03-26T06:33:00,0.58145,0.5815,0.58145,0.58145,19
2026-03-26T06:34:00,0.58145,0.58145,0.58145,0.58145,7
2026-03-26T06:35:00,0.58145,0.58155,0.58145,0.58155,6
2026-03-26T06:36:00,0.5815,0.5815,0.58135,0.58135,11
2026-03-26T06:37:00,0.58135,0.58135,0.58135,0.58135,9
2026-03-26T06:38:00,0.5814,0.5814,0.5814,0.5814,10
2026-03-26T06:39:00,0.5814,0.58145,0.5814,0.58145,5
2026-03-26T06:40:00,0.5815,0.5815,0.5814,0.5814,16
2026-03-26T06:41:00,0.5813,0.5813,0.5812,0.5812,8
2026-03-26T06:42:00,0.58115,0.58115,0.58105,0.5811,20
2026-03-26T06:43:00,0.5812,0.58125,0.5812,0.58125,14
2026-03-26T06:44:00,0.5812,0.58125,0.58115,0.58115,36
2026-03-26T06:45:00,0.5812,0.58125,0.58115,0.58125,15
2026-03-26T06:46:00,0.58125,0.58125,0.5812,0.58125,23
2026-03-26T06:47:00,0.58125,0.58125,0.58125,0.58125,5
2026-03-26T06:48:00,0.58125,0.5813,0.58125,0.58125,26
2026-03-26T06:49:00,0.58125,0.58125,0.5812,0.58125,33
2026-03-26T06:50:00,0.5813,0.58135,0.5813,0.5813,55
2026-03-26T06:51:00,0.5813,0.58135,0.5813,0.58135,3
2026-03-26T06:52:00,0.58135,0.5814,0.58135,0.5814,5
2026-03-26T06:54:00,0.5814,0.58145,0.5814,0.58145,5
2026-03-26T06:55:00,0.5815,0.58165,0.5815,0.5816,6
2026-03-26T06:56:00,0.58165,0.5817,0.5816,0.5816,24
2026-03-26T06:57:00,0.58155,0.58155,0.5815,0.58155,53
2026-03-26T06:58:00,0.58155,0.58155,0.58155,0.58155,9
2026-03-26T06:59:00,0.5815,0.58155,0.5815,0.58155,6
2026-03-26T07:00:00,0.58155,0.58155,0.58135,0.58145,25
2026-03-26T07:01:00,0.58145,0.58145,0.58125,0.58125,120
2026-03-26T07:02:00,0.58125,0.58125,0.58115,0.58115,26
2026-03-26T07:03:00,0.58115,0.58135,0.5811,0.58115,101
2026-03-26T07:04:00,0.5811,0.5811,0.58105,0.58105,13
2026-03-26T07:05:00,0.581,0.581,0.5808,0.5808,56
2026-03-26T07:06:00,0.58085,0.5809,0.5807,0.58075,69
2026-03-26T07:07:00,0.58075,0.58075,0.58065,0.58065,29
2026-03-26T07:08:00,0.5807,0.58075,0.58065,0.5807,29
2026-03-26T07:09:00,0.58065,0.5807,0.58065,0.5807,5
2026-03-26T07:10:00,0.58075,0.58075,0.58055,0.58055,47
2026-03-26T07:11:00,0.5806,0.58065,0.5805,0.58055,31
2026-03-26T07:12:00,0.58055,0.5806,0.5805,0.5806,19
2026-03-26T07:13:00,0.58055,0.58075,0.58055,0.58075,13
2026-03-26T07:14:00,0.5807,0.58075,0.58065,0.5807,7
2026-03-26T07:15:00,0.5807,0.58075,0.58065,0.58065,10
2026-03-26T07:16:00,0.5807,0.58075,0.5806,0.5806,40
2026-03-26T07:17:00,0.58055,0.58055,0.58055,0.58055,4
2026-03-26T07:18:00,0.5806,0.5806,0.58055,0.58055,7
2026-03-26T07:19:00,0.58065,0.58065,0.58055,0.58055,21
2026-03-26T07:20:00,0.58055,0.58055,0.5802,0.5804,93
2026-03-26T07:21:00,0.5804,0.5806,0.5804,0.5806,44
2026-03-26T07:22:00,0.58075,0.5809,0.5807,0.5809,32
2026-03-26T07:23:00,0.58085,0.58085,0.58085,0.58085,6
2026-03-26T07:24:00,0.58095,0.58095,0.58085,0.58085,13
2026-03-26T07:25:00,0.58085,0.58095,0.58085,0.5809,30
2026-03-26T07:26:00,0.5808,0.5808,0.58075,0.58075,10
2026-03-26T07:27:00,0.58075,0.58075,0.5807,0.5807,5
2026-03-26T07:28:00,0.58075,0.5808,0.5807,0.5807,13
2026-03-26T07:29:00,0.58065,0.5807,0.58065,0.5807,8
2026-03-26T07:30:00,0.58065,0.58065,0.58065,0.58065,1
2026-03-26T07:31:00,0.5807,0.5807,0.5806,0.5806,33
2026-03-26T07:32:00,0.58055,0.58055,0.5804,0.5804,61
2026-03-26T07:33:00,0.58035,0.5805,0.58035,0.5805,16
2026-03-26T07:34:00,0.58045,0.58045,0.5804,0.58045,18
2026-03-26T07:35:00,0.5804,0.58045,0.5804,0.58045,13
2026-03-26T07:36:00,0.58045,0.58045,0.5804,0.5804,2
2026-03-26T07:37:00,0.58045,0.5805,0.58045,0.5805,18
2026-03-26T07:38:00,0.58055,0.5806,0.58055,0.5806,8
2026-03-26T07:39:00,0.58065,0.58065,0.5806,0.5806,4
2026-03-26T07:40:00,0.58065,0.58065,0.58065,0.58065,1
2026-03-26T07:41:00,0.5805,0.5805,0.5804,0.5804,10
2026-03-26T07:42:00,0.5804,0.5804,0.58035,0.58035,22
2026-03-26T07:43:00,0.5803,0.5804,0.5803,0.5804,67
2026-03-26T07:44:00,0.58035,0.58035,0.5803,0.58035,10
2026-03-26T07:45:00,0.58035,0.58045,0.58035,0.58045,37
2026-03-26T07:46:00,0.5804,0.58045,0.5804,0.58045,2
2026-03-26T07:47:00,0.58035,0.5804,0.58035,0.58035,5
2026-03-26T07:48:00,0.58035,0.58035,0.58035,0.58035,3
2026-03-26T07:49:00,0.5803,0.58035,0.5803,0.58035,29
2026-03-26T07:50:00,0.58035,0.5804,0.58025,0.58025,139
2026-03-26T07:51:00,0.5802,0.5802,0.5801,0.5801,85
2026-03-26T07:52:00,0.58005,0.58025,0.58005,0.5802,59
2026-03-26T07:53:00,0.58015,0.58015,0.58015,0.58015,26
2026-03-26T07:54:00,0.5801,0.58015,0.5801,0.58015,117
2026-03-26T07:55:00,0.58015,0.58025,0.58015,0.58015,62
2026-03-26T07:56:00,0.5802,0.5802,0.58015,0.58015,19
2026-03-26T07:57:00,0.58025,0.58025,0.58005,0.58005,26
2026-03-26T07:58:00,0.5801,0.5801,0.58005,0.5801,18
2026-03-26T07:59:00,0.58005,0.5801,0.58005,0.5801,8
2026-03-26T08:00:00,0.58005,0.58015,0.58005,0.5801,63
2026-03-26T08:01:00,0.58005,0.5802,0.58005,0.5801,30
2026-03-26T08:02:00,0.58015,0.58015,0.57995,0.58,40
2026-03-26T08:03:00,0.57995,0.58005,0.57995,0.58,23
2026-03-26T08:04:00,0.5801,0.5802,0.5801,0.5801,10
2026-03-26T08:05:00,0.58005,0.58005,0.58005,0.58005,3
2026-03-26T08:06:00,0.57995,0.58015,0.57995,0.58015,38
2026-03-26T08:07:00,0.5801,0.5802,0.58005,0.5802,12
2026-03-26T08:08:00,0.58015,0.58025,0.58015,0.58025,14
2026-03-26T08:09:00,0.5802,0.5802,0.5801,0.58015,33
2026-03-26T08:10:00,0.58015,0.5803,0.58015,0.5803,60
2026-03-26T08:11:00,0.5802,0.58025,0.5802,0.58025,4
2026-03-26T08:12:00,0.58025,0.58025,0.5802,0.5802,8
2026-03-26T08:13:00,0.5802,0.58025,0.58005,0.5801,35
2026-03-26T08:14:00,0.58005,0.5801,0.58,0.5801,7
2026-03-26T08:15:00,0.58015,0.58015,0.5801,0.5801,2
2026-03-26T08:16:00,0.5802,0.5802,0.58015,0.58015,9
2026-03-26T08:17:00,0.5802,0.58035,0.5802,0.5803,25
2026-03-26T08:18:00,0.58025,0.5803,0.5802,0.5803,16
2026-03-26T08:19:00,0.5803,0.5803,0.58015,0.58015,16
2026-03-26T08:20:00,0.5802,0.5803,0.5802,0.5803,21
2026-03-26T08:21:00,0.5802,0.58025,0.5802,0.58025,3
2026-03-26T08:22:00,0.58025,0.58025,0.5802,0.5802,3
2026-03-26T08:23:00,0.5802,0.5802,0.5802,0.5802,2
2026-03-26T08:24:00,0.5802,0.5802,0.58015,0.58015,8
2026-03-26T08:25:00,0.58015,0.58015,0.58005,0.5801,19
2026-03-26T08:26:00,0.5801,0.5802,0.5801,0.58015,19
2026-03-26T08:27:00,0.5801,0.5801,0.58,0.58005,20
2026-03-26T08:28:00,0.58005,0.58005,0.58,0.58,13
2026-03-26T08:29:00,0.57995,0.5801,0.57995,0.58,203
2026-03-26T08:30:00,0.57995,0.58,0.57995,0.58,65
2026-03-26T08:31:00,0.57995,0.58005,0.57985,0.57995,25
2026-03-26T08:32:00,0.58,0.58005,0.58,0.58,13
2026-03-26T08:33:00,0.58,0.58005,0.58,0.58005,5
2026-03-26T08:34:00,0.5801,0.58025,0.5801,0.5802,11
2026-03-26T08:35:00,0.5802,0.5802,0.58005,0.5801,13
2026-03-26T08:36:00,0.5801,0.5801,0.58,0.5801,9
2026-03-26T08:37:00,0.5801,0.5801,0.57995,0.57995,17
2026-03-26T08:38:00,0.57995,0.58,0.5799,0.58,14
2026-03-26T08:39:00,0.5801,0.58015,0.58005,0.58015,21
2026-03-26T08:40:00,0.5802,0.5803,0.5802,0.5803,16
2026-03-26T08:41:00,0.58025,0.5803,0.5802,0.5803,6
2026-03-26T08:42:00,0.58035,0.58035,0.58025,0.58025,21
2026-03-26T08:43:00,0.5802,0.5802,0.58005,0.58005,29
2026-03-26T08:44:00,0.58005,0.5801,0.58005,0.5801,10
2026-03-26T08:45:00,0.5801,0.58015,0.5801,0.58015,14
2026-03-26T08:46:00,0.58025,0.5803,0.58025,0.5803,15
2026-03-26T08:47:00,0.58035,0.5804,0.58025,0.5803,20
2026-03-26T08:48:00,0.58025,0.58025,0.58015,0.58015,32
2026-03-26T08:49:00,0.5802,0.5802,0.58015,0.58015,6
2026-03-26T08:51:00,0.5803,0.5803,0.5802,0.58025,27
2026-03-26T08:52:00,0.5802,0.5802,0.58015,0.58015,8
2026-03-26T08:53:00,0.58025,0.5803,0.58025,0.5803,9
2026-03-26T08:54:00,0.58025,0.58025,0.58025,0.58025,11
2026-03-26T08:55:00,0.58025,0.58025,0.58025,0.58025,10
2026-03-26T08:56:00,0.5803,0.5804,0.5803,0.5804,25
2026-03-26T08:57:00,0.5804,0.5804,0.58035,0.58035,12
2026-03-26T08:58:00,0.5804,0.5804,0.5803,0.5803,4
2026-03-26T08:59:00,0.58035,0.58035,0.58035,0.58035,8
2026-03-26T09:00:00,0.5804,0.5804,0.5802,0.5802,25
2026-03-26T09:01:00,0.5802,0.58025,0.58015,0.58025,17
2026-03-26T09:02:00,0.5803,0.58035,0.5803,0.58035,7
2026-03-26T09:04:00,0.5802,0.58035,0.5802,0.58035,7
2026-03-26T09:05:00,0.5804,0.58055,0.5804,0.58055,7
2026-03-26T09:06:00,0.58055,0.58055,0.5805,0.5805,4
2026-03-26T09:07:00,0.58055,0.58055,0.58045,0.58045,4
2026-03-26T09:08:00,0.5804,0.5805,0.5804,0.5804,5
2026-03-26T09:10:00,0.5804,0.58045,0.5804,0.58045,5
2026-03-26T09:11:00,0.58055,0.58055,0.58055,0.58055,7
2026-03-26T09:12:00,0.5805,0.58055,0.58045,0.5805,19
2026-03-26T09:13:00,0.5805,0.5805,0.5804,0.5804,20
2026-03-26T09:14:00,0.58035,0.58035,0.58035,0.58035,1
2026-03-26T09:15:00,0.58025,0.5803,0.5802,0.5802,8
2026-03-26T09:16:00,0.5802,0.58025,0.58015,0.58025,8
2026-03-26T09:17:00,0.5803,0.5803,0.5802,0.5802,20
2026-03-26T09:18:00,0.58025,0.58025,0.58005,0.58005,10
2026-03-26T09:19:00,0.5801,0.58015,0.5801,0.58015,6
2026-03-26T09:20:00,0.5802,0.5802,0.58005,0.5801,9
2026-03-26T09:21:00,0.5802,0.5802,0.5801,0.5801,9
2026-03-26T09:22:00,0.5801,0.5802,0.5801,0.5801,16
2026-03-26T09:23:00,0.58015,0.58025,0.58015,0.58025,2
2026-03-26T09:24:00,0.5803,0.58035,0.58025,0.5803,18
2026-03-26T09:25:00,0.58025,0.58025,0.58025,0.58025,1
2026-03-26T09:26:00,0.5802,0.5803,0.58015,0.5803,22
2026-03-26T09:27:00,0.58025,0.5804,0.58025,0.58035,12
2026-03-26T09:28:00,0.58035,0.58035,0.5803,0.5803,16
2026-03-26T09:29:00,0.5803,0.5803,0.58025,0.58025,26
2026-03-26T09:30:00,0.58025,0.5803,0.58015,0.58025,53
2026-03-26T09:31:00,0.5802,0.58025,0.58015,0.58025,9
2026-03-26T09:32:00,0.58015,0.5802,0.5801,0.58015,33
2026-03-26T09:33:00,0.58025,0.58025,0.5802,0.5802,13
2026-03-26T09:34:00,0.58025,0.58025,0.5802,0.5802,14
2026-03-26T09:35:00,0.5802,0.58025,0.58015,0.58025,25
2026-03-26T09:36:00,0.58025,0.58025,0.5802,0.5802,9
2026-03-26T09:37:00,0.58025,0.58025,0.58015,0.58015,16
2026-03-26T09:38:00,0.5802,0.5802,0.58005,0.5801,46
2026-03-26T09:39:00,0.5801,0.58015,0.58,0.5801,63
2026-03-26T09:40:00,0.58015,0.5802,0.58,0.58005,73
2026-03-26T09:42:00,0.58005,0.5801,0.58005,0.5801,11
2026-03-26T09:43:00,0.58015,0.58015,0.58005,0.58005,11
2026-03-26T09:44:00,0.5801,0.5801,0.58005,0.58005,15
2026-03-26T09:45:00,0.58005,0.58005,0.58,0.58005,8
2026-03-26T09:46:00,0.58005,0.5801,0.58005,0.5801,2
2026-03-26T09:47:00,0.5801,0.5802,0.5801,0.5801,61
2026-03-26T09:48:00,0.5801,0.5801,0.58005,0.58005,10
2026-03-26T09:49:00,0.58,0.58,0.58,0.58,6
2026-03-26T09:50:00,0.58,0.5801,0.58,0.58005,19
2026-03-26T09:51:00,0.58015,0.58015,0.58015,0.58015,3
2026-03-26T09:52:00,0.58025,0.5803,0.5802,0.58025,48
2026-03-26T09:53:00,0.58025,0.5803,0.5802,0.5803,52
2026-03-26T09:54:00,0.58035,0.58045,0.5803,0.58045,26
2026-03-26T09:55:00,0.5804,0.5805,0.5804,0.5805,44
2026-03-26T09:56:00,0.5805,0.58055,0.5804,0.5804,36
2026-03-26T09:57:00,0.5804,0.5806,0.5804,0.58055,51
2026-03-26T09:58:00,0.58055,0.5806,0.58045,0.58045,21
2026-03-26T09:59:00,0.5805,0.5806,0.5805,0.5806,14
2026-03-26T10:00:00,0.5806,0.58065,0.5806,0.5806,22
2026-03-26T10:01:00,0.5806,0.5806,0.5805,0.58055,16
2026-03-26T10:02:00,0.5806,0.58065,0.58055,0.58055,20
2026-03-26T10:03:00,0.5805,0.5805,0.5804,0.5804,20
2026-03-26T10:04:00,0.5804,0.5804,0.58035,0.5804,13
2026-03-26T10:05:00,0.5804,0.5809,0.5804,0.58085,94
2026-03-26T10:06:00,0.58075,0.5808,0.5806,0.5806,25
2026-03-26T10:07:00,0.5806,0.58065,0.5806,0.58065,16
2026-03-26T10:08:00,0.5807,0.5807,0.5807,0.5807,8
2026-03-26T10:09:00,0.5806,0.5807,0.5806,0.5807,20
2026-03-26T10:10:00,0.58075,0.58075,0.58075,0.58075,6
2026-03-26T10:11:00,0.5807,0.58075,0.5807,0.58075,27
2026-03-26T10:12:00,0.58075,0.5808,0.58075,0.58075,11
2026-03-26T10:13:00,0.58075,0.5808,0.58075,0.5808,5
2026-03-26T10:14:00,0.5808,0.5808,0.5808,0.5808,2
2026-03-26T10:15:00,0.58085,0.5809,0.5808,0.5808,37
2026-03-26T10:16:00,0.5809,0.5809,0.5808,0.58085,19
2026-03-26T10:17:00,0.58085,0.58085,0.58065,0.58065,16
2026-03-26T10:18:00,0.58065,0.58065,0.58065,0.58065,1
2026-03-26T10:19:00,0.58065,0.58065,0.58065,0.58065,1
2026-03-26T10:21:00,0.58075,0.5808,0.58075,0.58075,11
2026-03-26T10:22:00,0.58075,0.58075,0.5807,0.5807,6
2026-03-26T10:23:00,0.5807,0.58075,0.5807,0.58075,4
2026-03-26T10:24:00,0.5807,0.5807,0.5807,0.5807,3
2026-03-26T10:25:00,0.58065,0.5807,0.58065,0.5807,11
2026-03-26T10:26:00,0.5806,0.5806,0.5806,0.5806,1
2026-03-26T10:28:00,0.58065,0.5807,0.58065,0.5807,40
2026-03-26T10:29:00,0.5807,0.58075,0.5806,0.5806,23
2026-03-26T10:30:00,0.5806,0.5806,0.58045,0.58055,31
2026-03-26T10:31:00,0.5806,0.58065,0.5806,0.5806,16
2026-03-26T10:32:00,0.58065,0.58065,0.58065,0.58065,18
2026-03-26T10:33:00,0.58065,0.58065,0.58065,0.58065,13
2026-03-26T10:34:00,0.5807,0.5807,0.58065,0.58065,4
2026-03-26T10:35:00,0.5807,0.5807,0.5807,0.5807,3
2026-03-26T10:37:00,0.58075,0.5808,0.5807,0.5807,31
2026-03-26T10:39:00,0.58065,0.58065,0.58035,0.58045,88
2026-03-26T10:40:00,0.58035,0.58055,0.5803,0.58055,40
2026-03-26T10:41:00,0.5806,0.58065,0.5806,0.58065,14
2026-03-26T10:42:00,0.58065,0.58065,0.5805,0.5805,13
2026-03-26T10:43:00,0.5805,0.5805,0.58045,0.58045,20
2026-03-26T10:44:00,0.58045,0.58045,0.5804,0.5804,7
2026-03-26T10:45:00,0.5804,0.5804,0.5804,0.5804,3
2026-03-26T10:46:00,0.5804,0.5804,0.5804,0.5804,1
2026-03-26T10:47:00,0.58025,0.58025,0.58025,0.58025,1
2026-03-26T10:48:00,0.5803,0.5803,0.5803,0.5803,8
2026-03-26T10:49:00,0.5803,0.5803,0.5803,0.5803,6
2026-03-26T10:50:00,0.5804,0.5804,0.5804,0.5804,3
2026-03-26T10:51:00,0.5804,0.5804,0.58035,0.58035,13
2026-03-26T10:52:00,0.58035,0.58045,0.58035,0.58045,7
2026-03-26T10:54:00,0.58045,0.5805,0.58035,0.5804,11
2026-03-26T10:55:00,0.58035,0.58035,0.58035,0.58035,2
2026-03-26T10:56:00,0.5804,0.5804,0.5804,0.5804,4
2026-03-26T10:57:00,0.5804,0.58045,0.5804,0.5804,56
2026-03-26T10:58:00,0.5804,0.5804,0.5804,0.5804,2
2026-03-26T10:59:00,0.5804,0.5804,0.5804,0.5804,1
2026-03-26T11:00:00,0.5804,0.5805,0.5804,0.5805,5
2026-03-26T11:01:00,0.58045,0.5805,0.58025,0.58025,20
2026-03-26T11:02:00,0.5802,0.5803,0.58015,0.5803,9
2026-03-26T11:03:00,0.5803,0.5803,0.5803,0.5803,2
2026-03-26T11:04:00,0.58035,0.58035,0.58035,0.58035,9
2026-03-26T11:05:00,0.5803,0.58045,0.5803,0.58045,8
2026-03-26T11:06:00,0.5804,0.5804,0.5804,0.5804,1
2026-03-26T11:07:00,0.58035,0.58035,0.58035,0.58035,1
2026-03-26T11:08:00,0.5804,0.5805,0.5804,0.58045,20
2026-03-26T11:09:00,0.58045,0.58045,0.58045,0.58045,5
2026-03-26T11:10:00,0.5804,0.5804,0.58035,0.5804,32
2026-03-26T11:11:00,0.58035,0.58035,0.58025,0.58025,13
2026-03-26T11:12:00,0.5803,0.58035,0.5803,0.5803,5
2026-03-26T11:13:00,0.58025,0.58025,0.5802,0.5802,7
2026-03-26T11:14:00,0.5801,0.5801,0.5801,0.5801,2
2026-03-26T11:15:00,0.58005,0.5801,0.58005,0.5801,5
2026-03-26T11:16:00,0.58005,0.58005,0.58005,0.58005,3
2026-03-26T11:17:00,0.58005,0.5801,0.58005,0.5801,15
2026-03-26T11:18:00,0.58005,0.58005,0.58005,0.58005,4
2026-03-26T11:19:00,0.58,0.58005,0.58,0.58005,4
2026-03-26T11:20:00,0.58,0.58,0.5799,0.5799,32
2026-03-26T11:21:00,0.57995,0.58005,0.57995,0.58,11
2026-03-26T11:22:00,0.5799,0.57995,0.5799,0.5799,14
2026-03-26T11:23:00,0.57995,0.57995,0.57995,0.57995,29
2026-03-26T11:24:00,0.5799,0.57995,0.5799,0.57995,12
2026-03-26T11:25:00,0.5799,0.57995,0.5799,0.5799,148
2026-03-26T11:26:00,0.57995,0.57995,0.5798,0.5798,34
2026-03-26T11:27:00,0.5798,0.5798,0.5798,0.5798,7
2026-03-26T11:28:00,0.5798,0.57985,0.57975,0.57975,15
2026-03-26T11:29:00,0.57975,0.57975,0.57975,0.57975,4
2026-03-26T11:30:00,0.5798,0.57985,0.5798,0.5798,25
2026-03-26T11:31:00,0.5798,0.5798,0.57965,0.57975,31
2026-03-26T11:32:00,0.57975,0.57975,0.57975,0.57975,5
2026-03-26T11:33:00,0.57975,0.57975,0.57975,0.57975,18
2026-03-26T11:34:00,0.57975,0.5798,0.57975,0.57975,12
2026-03-26T11:35:00,0.5797,0.5797,0.57965,0.57965,22
2026-03-26T11:36:00,0.5797,0.5797,0.57965,0.57965,12
2026-03-26T11:37:00,0.57965,0.5797,0.57965,0.5797,27
2026-03-26T11:38:00,0.57965,0.57965,0.57965,0.57965,8
2026-03-26T11:39:00,0.57965,0.57965,0.57965,0.57965,12
2026-03-26T11:40:00,0.5796,0.5796,0.5796,0.5796,5
2026-03-26T11:41:00,0.5796,0.5796,0.5795,0.5795,66
2026-03-26T11:42:00,0.5795,0.5795,0.57945,0.57945,92
2026-03-26T11:43:00,0.5794,0.5794,0.5794,0.5794,37
2026-03-26T11:44:00,0.5794,0.5794,0.57935,0.57935,18
2026-03-26T11:46:00,0.5794,0.5794,0.5793,0.5793,15
2026-03-26T11:47:00,0.57925,0.5793,0.57925,0.5793,13
2026-03-26T11:48:00,0.5793,0.5793,0.5791,0.5792,94
2026-03-26T11:49:00,0.5792,0.57925,0.5792,0.5792,4
2026-03-26T11:50:00,0.5792,0.57925,0.5792,0.57925,10
2026-03-26T11:51:00,0.57925,0.5793,0.5792,0.57925,18
2026-03-26T11:52:00,0.5792,0.5793,0.5792,0.5792,33
2026-03-26T11:53:00,0.5792,0.57925,0.57915,0.5792,49
2026-03-26T11:54:00,0.5792,0.5793,0.5792,0.57925,21
2026-03-26T11:55:00,0.5793,0.5793,0.5792,0.5792,21
2026-03-26T11:56:00,0.57915,0.5792,0.5791,0.5791,51
2026-03-26T11:57:00,0.5791,0.57915,0.57905,0.5791,14
2026-03-26T11:58:00,0.57905,0.57905,0.5789,0.57895,79
2026-03-26T11:59:00,0.57895,0.57895,0.57885,0.5789,56
2026-03-26T12:00:00,0.57885,0.57885,0.57875,0.5788,37
2026-03-26T12:01:00,0.5788,0.5789,0.5788,0.5788,56
2026-03-26T12:02:00,0.57875,0.5789,0.57875,0.5788,36
2026-03-26T12:03:00,0.5788,0.5789,0.5788,0.5789,50
2026-03-26T12:04:00,0.5789,0.579,0.5789,0.579,30
2026-03-26T12:05:00,0.579,0.5792,0.57895,0.5792,107
2026-03-26T12:06:00,0.57925,0.57935,0.57925,0.5793,92
2026-03-26T12:07:00,0.57935,0.57955,0.57935,0.57955,224
2026-03-26T12:08:00,0.57955,0.5796,0.5795,0.5795,57
2026-03-26T12:09:00,0.5795,0.5795,0.5794,0.5794,25
2026-03-26T12:10:00,0.57945,0.5795,0.57945,0.5795,8
2026-03-26T12:11:00,0.57945,0.57955,0.57945,0.57955,14
2026-03-26T12:12:00,0.5796,0.57965,0.57955,0.57965,44
2026-03-26T12:13:00,0.57965,0.57965,0.5796,0.5796,12
2026-03-26T12:14:00,0.5797,0.5797,0.5796,0.5796,42
2026-03-26T12:15:00,0.57955,0.57965,0.57955,0.57965,38
2026-03-26T12:16:00,0.5796,0.5796,0.5796,0.5796,42
2026-03-26T12:17:00,0.57965,0.57975,0.57965,0.57975,60
2026-03-26T12:18:00,0.57975,0.57975,0.5795,0.5795,20
2026-03-26T12:19:00,0.5795,0.5795,0.57945,0.5795,16
2026-03-26T12:20:00,0.57945,0.57945,0.5794,0.57945,31
2026-03-26T12:21:00,0.57945,0.5795,0.5794,0.5794,48
2026-03-26T12:22:00,0.5794,0.57955,0.5794,0.5795,51
2026-03-26T12:23:00,0.5795,0.5796,0.5795,0.5796,21
2026-03-26T12:24:00,0.57955,0.5796,0.57945,0.57945,29
2026-03-26T12:25:00,0.5795,0.5796,0.5795,0.57955,52
2026-03-26T12:26:00,0.5796,0.5796,0.57955,0.5796,27
2026-03-26T12:27:00,0.5796,0.57965,0.57955,0.57965,26
2026-03-26T12:28:00,0.57965,0.5797,0.57965,0.57965,9
2026-03-26T12:29:00,0.5797,0.57975,0.5796,0.57965,111
2026-03-26T12:30:00,0.5797,0.5797,0.5794,0.5794,89
2026-03-26T12:31:00,0.5794,0.5795,0.5794,0.5795,28
2026-03-26T12:32:00,0.57945,0.5795,0.57935,0.5795,26
2026-03-26T12:33:00,0.57945,0.57945,0.57925,0.5793,32
2026-03-26T12:34:00,0.5793,0.57935,0.57925,0.57925,49
2026-03-26T12:35:00,0.57925,0.5793,0.57915,0.5792,63
2026-03-26T12:36:00,0.57925,0.57945,0.57925,0.57945,39
2026-03-26T12:37:00,0.57945,0.5795,0.5793,0.57945,47
2026-03-26T12:38:00,0.57945,0.57945,0.57935,0.5794,31
2026-03-26T12:39:00,0.57935,0.5794,0.5793,0.5794,58
2026-03-26T12:40:00,0.5794,0.5794,0.5793,0.5793,29
2026-03-26T12:41:00,0.57925,0.5793,0.57915,0.57915,67
2026-03-26T12:42:00,0.57915,0.5792,0.5791,0.5792,62
2026-03-26T12:43:00,0.57925,0.57925,0.5791,0.57925,51
2026-03-26T12:44:00,0.57925,0.57925,0.579,0.579,61
2026-03-26T12:45:00,0.57905,0.57925,0.57905,0.57925,37
2026-03-26T12:46:00,0.5792,0.5793,0.5792,0.57925,73
2026-03-26T12:47:00,0.5793,0.5793,0.57915,0.57915,24
2026-03-26T12:48:00,0.5791,0.5791,0.57905,0.5791,35
2026-03-26T12:49:00,0.5791,0.5792,0.5791,0.5792,54
2026-03-26T12:50:00,0.57915,0.57915,0.5791,0.57915,23
2026-03-26T12:51:00,0.57915,0.57915,0.5791,0.57915,24
2026-03-26T12:52:00,0.5792,0.57925,0.5792,0.57925,12
2026-03-26T12:53:00,0.5791,0.5791,0.57905,0.57905,46
2026-03-26T12:54:00,0.57905,0.5792,0.57905,0.5792,58
2026-03-26T12:55:00,0.5792,0.5793,0.57915,0.5793,52
2026-03-26T12:56:00,0.5792,0.57925,0.5791,0.5791,28
2026-03-26T12:57:00,0.57915,0.5793,0.57915,0.5793,43
2026-03-26T12:58:00,0.57925,0.5793,0.57925,0.57925,16
2026-03-26T12:59:00,0.5793,0.57945,0.5793,0.57935,16
2026-03-26T13:00:00,0.5794,0.57945,0.57935,0.57935,47
2026-03-26T13:01:00,0.57945,0.5795,0.5794,0.57945,64
2026-03-26T13:02:00,0.5795,0.5795,0.57935,0.57945,50
2026-03-26T13:03:00,0.5795,0.57955,0.57945,0.57955,9
2026-03-26T13:04:00,0.5796,0.57975,0.5796,0.5796,41
2026-03-26T13:05:00,0.5796,0.57965,0.5796,0.5796,13
2026-03-26T13:06:00,0.5796,0.5796,0.57955,0.5796,16
2026-03-26T13:07:00,0.5796,0.5797,0.5796,0.57965,12
2026-03-26T13:08:00,0.5796,0.57975,0.5796,0.57975,14
2026-03-26T13:09:00,0.57975,0.57975,0.57975,0.57975,13
2026-03-26T13:10:00,0.57955,0.57965,0.57955,0.57965,15
2026-03-26T13:11:00,0.5796,0.57965,0.5796,0.57965,13
2026-03-26T13:12:00,0.5797,0.57975,0.5797,0.57975,8
2026-03-26T13:13:00,0.5798,0.58005,0.5798,0.58005,33
2026-03-26T13:14:00,0.58,0.58,0.57995,0.58,14
2026-03-26T13:15:00,0.57995,0.58015,0.57995,0.5801,22
2026-03-26T13:16:00,0.58015,0.58025,0.5801,0.58015,25
2026-03-26T13:17:00,0.58015,0.58015,0.58,0.58015,50
2026-03-26T13:18:00,0.5801,0.58015,0.5801,0.5801,17
2026-03-26T13:19:00,0.58005,0.5801,0.58005,0.5801,15
2026-03-26T13:20:00,0.58015,0.5802,0.58015,0.58015,28
2026-03-26T13:21:00,0.58015,0.5802,0.5801,0.5802,12
2026-03-26T13:22:00,0.5802,0.5802,0.5801,0.5802,32
2026-03-26T13:23:00,0.58025,0.5803,0.5802,0.5802,21
2026-03-26T13:24:00,0.5802,0.58025,0.5802,0.5802,38
2026-03-26T13:25:00,0.5802,0.5803,0.58015,0.5803,31
2026-03-26T13:26:00,0.5803,0.5804,0.5803,0.58035,58
2026-03-26T13:27:00,0.5804,0.5804,0.5803,0.5803,33
2026-03-26T13:28:00,0.58025,0.58025,0.58015,0.5802,17
2026-03-26T13:29:00,0.5802,0.58035,0.5802,0.58035,15
2026-03-26T13:30:00,0.5803,0.5803,0.5802,0.58025,60
2026-03-26T13:31:00,0.58025,0.5803,0.58015,0.58015,40
2026-03-26T13:32:00,0.58015,0.58025,0.58,0.5801,67
2026-03-26T13:33:00,0.5801,0.5801,0.58005,0.5801,17
2026-03-26T13:34:00,0.58005,0.58015,0.58,0.58015,43
2026-03-26T13:35:00,0.5802,0.58035,0.5801,0.5801,47
2026-03-26T13:36:00,0.5801,0.58015,0.58,0.58015,16
2026-03-26T13:37:00,0.5802,0.5804,0.5802,0.5804,27
2026-03-26T13:38:00,0.5804,0.5804,0.58025,0.5804,21
2026-03-26T13:39:00,0.58035,0.58035,0.5801,0.5801,23
2026-03-26T13:40:00,0.5801,0.58025,0.58005,0.58005,59
2026-03-26T13:41:00,0.5801,0.58025,0.58005,0.58015,65
2026-03-26T13:42:00,0.58015,0.58035,0.5801,0.58035,122
2026-03-26T13:43:00,0.58035,0.58045,0.5803,0.5803,49
2026-03-26T13:44:00,0.5803,0.5807,0.5803,0.5807,72
2026-03-26T13:45:00,0.58075,0.58085,0.58065,0.5807,102
2026-03-26T13:46:00,0.58065,0.58075,0.5806,0.5807,63
2026-03-26T13:47:00,0.58065,0.58095,0.58055,0.58095,76
2026-03-26T13:48:00,0.5809,0.5809,0.58065,0.5807,37
2026-03-26T13:49:00,0.5807,0.5807,0.58055,0.58055,19
2026-03-26T13:50:00,0.5806,0.58065,0.58055,0.58055,29
2026-03-26T13:51:00,0.5806,0.5807,0.5806,0.5807,29
2026-03-26T13:52:00,0.5807,0.5808,0.5806,0.5806,109
2026-03-26T13:53:00,0.58055,0.5807,0.5804,0.5807,29
2026-03-26T13:54:00,0.58075,0.58075,0.58065,0.58065,8
2026-03-26T13:55:00,0.5806,0.5806,0.58045,0.58045,36
2026-03-26T13:56:00,0.58045,0.58045,0.5803,0.58035,27
2026-03-26T13:57:00,0.58045,0.58045,0.5803,0.5803,3
2026-03-26T13:58:00,0.5803,0.5803,0.58,0.58,138
2026-03-26T13:59:00,0.57995,0.58055,0.5799,0.58055,172
2026-03-26T14:00:00,0.58055,0.58065,0.5804,0.5805,84
2026-03-26T14:01:00,0.58045,0.5806,0.5804,0.5806,37
2026-03-26T14:02:00,0.58055,0.58055,0.5804,0.58045,42
2026-03-26T14:03:00,0.5804,0.5804,0.58025,0.5804,27
2026-03-26T14:04:00,0.5804,0.5805,0.5803,0.5803,37
2026-03-26T14:05:00,0.5804,0.5805,0.5802,0.5805,42
2026-03-26T14:06:00,0.58045,0.5806,0.58045,0.5806,27
2026-03-26T14:07:00,0.5806,0.5807,0.5806,0.5807,14
2026-03-26T14:08:00,0.58055,0.5806,0.5804,0.5804,42
2026-03-26T14:09:00,0.58035,0.5805,0.58035,0.58045,20
2026-03-26T14:10:00,0.5805,0.5805,0.5803,0.58035,28
2026-03-26T14:11:00,0.5803,0.58035,0.5801,0.5801,32
2026-03-26T14:12:00,0.58015,0.58035,0.58015,0.58035,20
2026-03-26T14:13:00,0.58035,0.5804,0.58025,0.5804,15
2026-03-26T14:14:00,0.5804,0.58055,0.5804,0.58055,34
2026-03-26T14:15:00,0.58055,0.5807,0.5804,0.58065,24
2026-03-26T14:16:00,0.5807,0.5807,0.58065,0.58065,40
2026-03-26T14:17:00,0.5806,0.5807,0.58055,0.5807,13
2026-03-26T14:18:00,0.58075,0.5808,0.58065,0.5807,12
2026-03-26T14:19:00,0.5807,0.5807,0.5806,0.5806,36
2026-03-26T14:20:00,0.5805,0.5806,0.58045,0.5806,34
2026-03-26T14:21:00,0.58055,0.58065,0.58055,0.58055,12
2026-03-26T14:22:00,0.58055,0.5808,0.58055,0.5808,24
2026-03-26T14:23:00,0.5807,0.58075,0.58065,0.58075,11
2026-03-26T14:24:00,0.5807,0.5807,0.58055,0.5806,23
2026-03-26T14:25:00,0.58055,0.58055,0.5805,0.58055,13
2026-03-26T14:26:00,0.58065,0.5807,0.58065,0.5807,13
2026-03-26T14:27:00,0.5807,0.5807,0.5806,0.5806,25
2026-03-26T14:28:00,0.58065,0.58065,0.5806,0.5806,7
2026-03-26T14:29:00,0.58065,0.58065,0.58045,0.58045,18
2026-03-26T14:30:00,0.58055,0.58065,0.58055,0.5806,8
2026-03-26T14:31:00,0.58065,0.58075,0.58065,0.5807,24
2026-03-26T14:32:00,0.58075,0.5808,0.5807,0.58075,19
2026-03-26T14:33:00,0.5807,0.5807,0.5806,0.5806,10
2026-03-26T14:34:00,0.5807,0.58085,0.5807,0.5808,29
2026-03-26T14:35:00,0.58075,0.5808,0.5806,0.5806,37
2026-03-26T14:36:00,0.58065,0.58075,0.58065,0.58065,16
2026-03-26T14:37:00,0.5806,0.5806,0.58045,0.58045,20
2026-03-26T14:38:00,0.58055,0.58055,0.58035,0.58045,22
2026-03-26T14:39:00,0.5805,0.58055,0.5804,0.58055,55
2026-03-26T14:40:00,0.58055,0.58085,0.5802,0.58035,271
2026-03-26T14:41:00,0.58045,0.58045,0.57995,0.5802,217
2026-03-26T14:42:00,0.5802,0.58025,0.57995,0.58005,75
2026-03-26T14:43:00,0.5801,0.58015,0.57995,0.57995,25
2026-03-26T14:44:00,0.57995,0.58,0.57975,0.57995,56
2026-03-26T14:45:00,0.57985,0.57995,0.57985,0.57995,14
2026-03-26T14:46:00,0.58,0.58,0.5798,0.57985,61
2026-03-26T14:47:00,0.5799,0.5801,0.57985,0.57995,55
2026-03-26T14:48:00,0.5799,0.5801,0.5798,0.5798,108
2026-03-26T14:49:00,0.57975,0.57985,0.5797,0.5798,59
2026-03-26T14:50:00,0.57975,0.58,0.57975,0.5799,39
2026-03-26T14:51:00,0.57995,0.58005,0.5799,0.57995,85
2026-03-26T14:52:00,0.58,0.58005,0.57975,0.57975,47
2026-03-26T14:53:00,0.5798,0.57985,0.57955,0.5796,71
2026-03-26T14:54:00,0.5796,0.5796,0.5794,0.5794,27
2026-03-26T14:55:00,0.5793,0.5797,0.57925,0.5797,46
2026-03-26T14:56:00,0.5796,0.57985,0.57955,0.5798,23
2026-03-26T14:57:00,0.5798,0.57995,0.57975,0.57975,35
2026-03-26T14:58:00,0.5798,0.57985,0.57975,0.57985,25
2026-03-26T14:59:00,0.57985,0.57985,0.5798,0.57985,15
2026-03-26T15:00:00,0.58,0.58005,0.57995,0.58,29
2026-03-26T15:01:00,0.58005,0.5801,0.5799,0.5799,24
2026-03-26T15:02:00,0.57995,0.58,0.57995,0.57995,40
2026-03-26T15:03:00,0.5799,0.58005,0.57985,0.58,29
2026-03-26T15:04:00,0.57995,0.57995,0.57985,0.57985,17
2026-03-26T15:05:00,0.57985,0.5802,0.5798,0.57995,178
2026-03-26T15:06:00,0.58,0.58005,0.5799,0.58005,34
2026-03-26T15:07:00,0.5802,0.58025,0.5797,0.57975,52
2026-03-26T15:08:00,0.5798,0.57985,0.5797,0.5797,13
2026-03-26T15:09:00,0.57975,0.5798,0.5797,0.5798,17
2026-03-26T15:10:00,0.57985,0.58005,0.57985,0.57995,179
2026-03-26T15:11:00,0.58,0.5801,0.58,0.58005,32
2026-03-26T15:12:00,0.5801,0.58015,0.58005,0.58005,19
2026-03-26T15:13:00,0.5801,0.5801,0.57995,0.57995,15
2026-03-26T15:14:00,0.58,0.58005,0.57995,0.57995,26
2026-03-26T15:15:00,0.57995,0.58,0.5799,0.58,9
2026-03-26T15:16:00,0.58,0.58,0.57975,0.57975,21
2026-03-26T15:17:00,0.5797,0.5797,0.5796,0.57965,20
2026-03-26T15:18:00,0.57965,0.5797,0.5796,0.57965,20
2026-03-26T15:19:00,0.5797,0.57975,0.57965,0.57965,13
2026-03-26T15:20:00,0.5797,0.5797,0.5797,0.5797,2
2026-03-26T15:21:00,0.57985,0.57985,0.5798,0.5798,14
2026-03-26T15:22:00,0.5798,0.5798,0.57975,0.5798,18
2026-03-26T15:23:00,0.5798,0.5798,0.5797,0.57975,16
2026-03-26T15:24:00,0.57975,0.57975,0.57975,0.57975,7
2026-03-26T15:25:00,0.57975,0.5798,0.57975,0.57975,12
2026-03-26T15:26:00,0.57975,0.5798,0.5797,0.5797,6
2026-03-26T15:27:00,0.5796,0.57965,0.5796,0.57965,5
2026-03-26T15:28:00,0.5797,0.5797,0.5797,0.5797,8
2026-03-26T15:29:00,0.5797,0.57975,0.5796,0.5796,18
2026-03-26T15:30:00,0.57955,0.5796,0.5795,0.5796,40
2026-03-26T15:31:00,0.5796,0.57965,0.5793,0.5793,31
2026-03-26T15:32:00,0.5794,0.5795,0.5794,0.5794,32
2026-03-26T15:33:00,0.57945,0.57955,0.5793,0.5793,36
2026-03-26T15:34:00,0.5793,0.5794,0.57925,0.5794,10
2026-03-26T15:35:00,0.57935,0.57945,0.57935,0.57945,44
2026-03-26T15:36:00,0.5794,0.57945,0.57925,0.57925,65
2026-03-26T15:37:00,0.57915,0.5793,0.5791,0.5793,50
2026-03-26T15:38:00,0.5792,0.5793,0.5792,0.57925,39
2026-03-26T15:39:00,0.57925,0.57925,0.579,0.5791,37
2026-03-26T15:40:00,0.5791,0.5792,0.5791,0.5792,29
2026-03-26T15:41:00,0.57925,0.57925,0.57895,0.57895,12
2026-03-26T15:42:00,0.57895,0.579,0.5789,0.57895,44
2026-03-26T15:43:00,0.57895,0.579,0.5789,0.5789,31
2026-03-26T15:44:00,0.5789,0.57905,0.5789,0.579,10
2026-03-26T15:45:00,0.579,0.57905,0.579,0.579,12
2026-03-26T15:46:00,0.57895,0.5794,0.57895,0.5793,213
2026-03-26T15:47:00,0.5793,0.57945,0.5792,0.5792,42
2026-03-26T15:48:00,0.57925,0.5794,0.57925,0.5794,14
2026-03-26T15:49:00,0.57935,0.5794,0.5793,0.57935,41
2026-03-26T15:50:00,0.5793,0.5794,0.5793,0.5794,10
2026-03-26T15:51:00,0.5794,0.5794,0.57935,0.57935,10
2026-03-26T15:52:00,0.57945,0.5795,0.57935,0.5794,11
2026-03-26T15:53:00,0.57945,0.5795,0.57935,0.5794,44
2026-03-26T15:54:00,0.5794,0.5794,0.5792,0.5793,44
2026-03-26T15:55:00,0.57935,0.57935,0.57925,0.57925,42
2026-03-26T15:56:00,0.57925,0.5793,0.5792,0.57925,24
2026-03-26T15:57:00,0.57925,0.57935,0.57925,0.57935,64
2026-03-26T15:58:00,0.57935,0.57935,0.5793,0.5793,30
2026-03-26T15:59:00,0.5793,0.57935,0.5793,0.5793,23
2026-03-26T16:00:00,0.5793,0.57935,0.5793,0.5793,41
2026-03-26T16:01:00,0.57935,0.57935,0.57925,0.57925,28
2026-03-26T16:02:00,0.5793,0.5794,0.5792,0.5792,48
2026-03-26T16:03:00,0.57925,0.57935,0.5792,0.57935,90
2026-03-26T16:04:00,0.57935,0.57935,0.5793,0.57935,6
2026-03-26T16:05:00,0.57935,0.5794,0.57915,0.57915,178
2026-03-26T16:06:00,0.57915,0.57925,0.57915,0.57925,41
2026-03-26T16:07:00,0.5792,0.57925,0.5792,0.5792,14
2026-03-26T16:08:00,0.57925,0.57935,0.57925,0.57935,5
2026-03-26T16:09:00,0.57935,0.57935,0.5793,0.5793,16
2026-03-26T16:10:00,0.5793,0.5793,0.5793,0.5793,5
2026-03-26T16:11:00,0.57925,0.57925,0.5791,0.5791,17
2026-03-26T16:12:00,0.57915,0.57925,0.57915,0.57925,14
2026-03-26T16:13:00,0.5792,0.57925,0.5792,0.57925,4
2026-03-26T16:14:00,0.5792,0.57935,0.57915,0.5793,63
2026-03-26T16:15:00,0.57925,0.57925,0.5791,0.5791,20
2026-03-26T16:16:00,0.579,0.579,0.57885,0.5789,40
2026-03-26T16:17:00,0.5788,0.5789,0.5787,0.5789,42
2026-03-26T16:18:00,0.57895,0.57895,0.5789,0.5789,18
2026-03-26T16:19:00,0.57895,0.57895,0.5789,0.5789,4
2026-03-26T16:20:00,0.5789,0.5789,0.5788,0.5788,8
2026-03-26T16:21:00,0.5789,0.5789,0.5787,0.5787,14
2026-03-26T16:22:00,0.57865,0.57865,0.5785,0.57855,118
2026-03-26T16:23:00,0.57855,0.5786,0.5785,0.5786,70
2026-03-26T16:24:00,0.5786,0.57865,0.57855,0.57865,28
2026-03-26T16:25:00,0.57855,0.5786,0.5784,0.5784,94
2026-03-26T16:26:00,0.5784,0.5785,0.5784,0.5785,116
2026-03-26T16:27:00,0.57845,0.57845,0.57845,0.57845,32
2026-03-26T16:28:00,0.5785,0.57855,0.57845,0.57845,36
2026-03-26T16:29:00,0.57845,0.57855,0.57845,0.57855,16
2026-03-26T16:30:00,0.5785,0.5785,0.57845,0.5785,21
2026-03-26T16:31:00,0.57845,0.5785,0.5784,0.5784,22
2026-03-26T16:32:00,0.5784,0.5784,0.57825,0.5783,31
2026-03-26T16:33:00,0.5783,0.5784,0.5783,0.57835,27
2026-03-26T16:34:00,0.5783,0.57855,0.5783,0.57855,37
2026-03-26T16:35:00,0.57845,0.57845,0.57845,0.57845,8
2026-03-26T16:36:00,0.57845,0.57845,0.57835,0.5784,40
2026-03-26T16:37:00,0.5784,0.57845,0.5784,0.5784,23
2026-03-26T16:38:00,0.5783,0.5783,0.57825,0.57825,34
2026-03-26T16:39:00,0.5783,0.5783,0.57825,0.57825,3
2026-03-26T16:40:00,0.57825,0.5783,0.5782,0.57825,36
2026-03-26T16:41:00,0.5783,0.57845,0.5783,0.57845,12
2026-03-26T16:42:00,0.5783,0.57835,0.5783,0.57835,11
2026-03-26T16:43:00,0.5783,0.57835,0.5783,0.5783,10
2026-03-26T16:44:00,0.5784,0.5784,0.5784,0.5784,21
2026-03-26T16:45:00,0.5784,0.57845,0.5784,0.5784,61
2026-03-26T16:46:00,0.5785,0.57855,0.5784,0.5784,18
2026-03-26T16:47:00,0.5784,0.57855,0.5784,0.57855,37
2026-03-26T16:48:00,0.57855,0.57855,0.5785,0.5785,8
2026-03-26T16:49:00,0.5784,0.57845,0.5784,0.57845,5
2026-03-26T16:50:00,0.5785,0.5785,0.57835,0.57835,10
2026-03-26T16:51:00,0.5783,0.5785,0.5783,0.57845,25
2026-03-26T16:52:00,0.57855,0.57855,0.57855,0.57855,3
2026-03-26T16:53:00,0.5785,0.5786,0.5785,0.5786,46
2026-03-26T16:54:00,0.5786,0.57865,0.5786,0.5786,32
2026-03-26T16:55:00,0.5786,0.5786,0.57855,0.57855,16
2026-03-26T16:56:00,0.57855,0.57855,0.57855,0.57855,5
2026-03-26T16:57:00,0.57855,0.57855,0.57845,0.57845,4
2026-03-26T16:58:00,0.5784,0.5784,0.5784,0.5784,4
2026-03-26T16:59:00,0.5784,0.5784,0.5784,0.5784,2
2026-03-26T17:00:00,0.57835,0.5785,0.57835,0.5785,19
2026-03-26T17:01:00,0.57845,0.5785,0.57845,0.57845,12
2026-03-26T17:02:00,0.57845,0.57845,0.57825,0.5784,26
2026-03-26T17:03:00,0.5784,0.5784,0.5784,0.5784,13
2026-03-26T17:04:00,0.5784,0.5784,0.5783,0.5783,10
2026-03-26T17:05:00,0.57835,0.57845,0.57835,0.57845,9
2026-03-26T17:06:00,0.57845,0.57855,0.57845,0.57855,17
2026-03-26T17:07:00,0.5785,0.5785,0.5784,0.5784,30
2026-03-26T17:08:00,0.57835,0.57845,0.57835,0.5784,20
2026-03-26T17:09:00,0.57845,0.57845,0.5784,0.57845,11
2026-03-26T17:10:00,0.57835,0.5784,0.5783,0.5784,27
2026-03-26T17:11:00,0.5784,0.5784,0.57835,0.5784,7
2026-03-26T17:12:00,0.57835,0.57835,0.57835,0.57835,1
2026-03-26T17:13:00,0.5784,0.57845,0.57835,0.57835,7
2026-03-26T17:14:00,0.5784,0.57845,0.57835,0.57835,9
2026-03-26T17:15:00,0.57835,0.57835,0.5783,0.57835,12
2026-03-26T17:16:00,0.5783,0.5783,0.5783,0.5783,1
2026-03-26T17:17:00,0.5783,0.5783,0.5783,0.5783,2
2026-03-26T17:18:00,0.57825,0.57825,0.57815,0.57815,3
2026-03-26T17:19:00,0.57815,0.57825,0.57815,0.57825,11
2026-03-26T17:20:00,0.57825,0.57825,0.5782,0.5782,7
2026-03-26T17:21:00,0.57815,0.57815,0.57815,0.57815,5
2026-03-26T17:22:00,0.57815,0.5782,0.5781,0.5781,31
2026-03-26T17:23:00,0.57815,0.57825,0.57815,0.57825,16
2026-03-26T17:24:00,0.57825,0.5783,0.5782,0.5782,21
2026-03-26T17:25:00,0.5782,0.5782,0.57815,0.57815,4
2026-03-26T17:26:00,0.57815,0.57815,0.57815,0.57815,5
2026-03-26T17:27:00,0.57815,0.57815,0.57805,0.5781,60
2026-03-26T17:28:00,0.5781,0.57815,0.57805,0.57815,28
2026-03-26T17:29:00,0.5782,0.5782,0.57815,0.5782,5
2026-03-26T17:30:00,0.57825,0.5783,0.57815,0.57825,19
2026-03-26T17:31:00,0.57825,0.57825,0.57815,0.57815,16
2026-03-26T17:32:00,0.57815,0.57825,0.57815,0.57825,10
2026-03-26T17:33:00,0.57825,0.57825,0.5782,0.57825,6
2026-03-26T17:34:00,0.57825,0.5783,0.57825,0.57825,35
2026-03-26T17:35:00,0.57825,0.57835,0.57825,0.57825,24
2026-03-26T17:36:00,0.57825,0.57825,0.5782,0.5782,2
2026-03-26T17:37:00,0.57815,0.57815,0.57815,0.57815,14
2026-03-26T17:38:00,0.5782,0.5783,0.5782,0.5782,7
2026-03-26T17:39:00,0.57815,0.5782,0.5781,0.5781,42
2026-03-26T17:40:00,0.5781,0.5781,0.5779,0.5779,131
2026-03-26T17:41:00,0.5779,0.5779,0.57785,0.57785,35
2026-03-26T17:42:00,0.5779,0.5779,0.5778,0.5778,60
2026-03-26T17:43:00,0.5778,0.5778,0.57775,0.57775,8
2026-03-26T17:44:00,0.5777,0.5778,0.5777,0.5778,44
2026-03-26T17:45:00,0.57775,0.5778,0.5777,0.5777,23
2026-03-26T17:46:00,0.5777,0.5778,0.5777,0.5777,16
2026-03-26T17:47:00,0.5777,0.57775,0.5777,0.57775,13
2026-03-26T17:48:00,0.5777,0.5778,0.5777,0.5778,38
2026-03-26T17:49:00,0.5778,0.5778,0.57775,0.57775,7
2026-03-26T17:50:00,0.5777,0.5777,0.5776,0.5776,26
2026-03-26T17:51:00,0.5777,0.5777,0.57765,0.57765,12
2026-03-26T17:52:00,0.5777,0.5777,0.57755,0.57755,35
2026-03-26T17:53:00,0.57755,0.5776,0.57745,0.57755,87
2026-03-26T17:54:00,0.57755,0.57755,0.57755,0.57755,26
2026-03-26T17:55:00,0.5775,0.5775,0.57735,0.57735,14
2026-03-26T17:56:00,0.57735,0.5775,0.57735,0.5775,16
2026-03-26T17:57:00,0.5775,0.5775,0.57745,0.5775,19
2026-03-26T17:58:00,0.5775,0.5775,0.57745,0.57745,17
2026-03-26T17:59:00,0.57735,0.57735,0.57725,0.5773,73
2026-03-26T18:00:00,0.57725,0.57745,0.57725,0.57745,112
2026-03-26T18:01:00,0.5774,0.57755,0.5774,0.5775,40
2026-03-26T18:02:00,0.57755,0.5776,0.57755,0.5776,10
2026-03-26T18:03:00,0.57755,0.57755,0.5774,0.57745,77
2026-03-26T18:04:00,0.5774,0.57745,0.57735,0.57735,64
2026-03-26T18:05:00,0.5774,0.57745,0.57735,0.57745,25
2026-03-26T18:06:00,0.57745,0.5775,0.57735,0.57735,115
2026-03-26T18:07:00,0.57735,0.5775,0.57735,0.5775,19
2026-03-26T18:08:00,0.5775,0.5775,0.5775,0.5775,10
2026-03-26T18:09:00,0.5775,0.57755,0.5775,0.57755,15
2026-03-26T18:10:00,0.57755,0.5776,0.5775,0.5775,19
2026-03-26T18:11:00,0.57745,0.5775,0.57745,0.57745,10
2026-03-26T18:12:00,0.57745,0.5775,0.57745,0.5775,12
2026-03-26T18:13:00,0.5775,0.57755,0.5775,0.57755,7
2026-03-26T18:14:00,0.5775,0.57755,0.5775,0.57755,16
2026-03-26T18:15:00,0.57755,0.57755,0.5775,0.57755,12
2026-03-26T18:16:00,0.57755,0.57755,0.5775,0.57755,81
2026-03-26T18:17:00,0.57755,0.57755,0.57745,0.57745,55
2026-03-26T18:18:00,0.57745,0.57745,0.57745,0.57745,14
2026-03-26T18:19:00,0.5775,0.5775,0.5775,0.5775,11
2026-03-26T18:20:00,0.57745,0.57745,0.57735,0.57735,7
2026-03-26T18:21:00,0.57725,0.5774,0.57725,0.57735,18
2026-03-26T18:22:00,0.5774,0.5774,0.5774,0.5774,4
2026-03-26T18:23:00,0.5774,0.57745,0.5774,0.57745,3
2026-03-26T18:24:00,0.5774,0.5774,0.57735,0.57735,3
2026-03-26T18:25:00,0.57745,0.57745,0.5774,0.5774,9
2026-03-26T18:26:00,0.57735,0.5774,0.5773,0.5773,9
2026-03-26T18:27:00,0.57735,0.5774,0.5773,0.5773,25
2026-03-26T18:28:00,0.57725,0.5773,0.57725,0.5773,12
2026-03-26T18:29:00,0.5773,0.57735,0.5773,0.5773,35
2026-03-26T18:30:00,0.57725,0.57735,0.57725,0.57735,22
2026-03-26T18:31:00,0.57745,0.57745,0.5774,0.57745,4
2026-03-26T18:32:00,0.5774,0.57745,0.5774,0.57745,5
2026-03-26T18:33:00,0.5775,0.5775,0.57745,0.57745,2
2026-03-26T18:34:00,0.57745,0.5775,0.57745,0.5775,11
2026-03-26T18:35:00,0.5775,0.5776,0.5775,0.5776,17
2026-03-26T18:36:00,0.57765,0.5777,0.57765,0.5777,20
2026-03-26T18:37:00,0.57765,0.57765,0.57755,0.57765,10
2026-03-26T18:38:00,0.5776,0.5777,0.5776,0.5777,5
2026-03-26T18:39:00,0.57775,0.57775,0.5777,0.5777,4
2026-03-26T18:40:00,0.5777,0.57775,0.5777,0.57775,6
2026-03-26T18:41:00,0.5777,0.57775,0.5777,0.57775,14
2026-03-26T18:42:00,0.5777,0.5777,0.57765,0.5777,50
2026-03-26T18:43:00,0.5777,0.57775,0.57765,0.57775,45
2026-03-26T18:44:00,0.57775,0.5778,0.57775,0.5778,24
2026-03-26T18:45:00,0.57775,0.57775,0.5777,0.5777,32
2026-03-26T18:46:00,0.5777,0.57775,0.57765,0.57765,26
2026-03-26T18:47:00,0.57775,0.57775,0.5777,0.5777,36
2026-03-26T18:48:00,0.5778,0.5778,0.57775,0.57775,42
2026-03-26T18:49:00,0.57775,0.57775,0.5777,0.5777,15
2026-03-26T18:50:00,0.57775,0.5778,0.57775,0.57775,29
2026-03-26T18:51:00,0.57775,0.5778,0.57775,0.57775,19
2026-03-26T18:52:00,0.57775,0.57775,0.57775,0.57775,21
2026-03-26T18:53:00,0.5778,0.57785,0.5778,0.57785,42
2026-03-26T18:54:00,0.57785,0.57785,0.5778,0.57785,11
2026-03-26T18:55:00,0.5778,0.57785,0.5778,0.57785,10
2026-03-26T18:56:00,0.57785,0.57785,0.5778,0.5778,22
2026-03-26T18:57:00,0.57785,0.5779,0.57785,0.57785,32
2026-03-26T18:58:00,0.57785,0.5779,0.57785,0.5779,77
2026-03-26T18:59:00,0.5779,0.5779,0.57775,0.5779,538
2026-03-26T19:00:00,0.5779,0.5779,0.57775,0.57775,101
2026-03-26T19:01:00,0.5778,0.5778,0.57775,0.57775,19
2026-03-26T19:02:00,0.5777,0.57775,0.5775,0.5775,49
2026-03-26T19:03:00,0.5775,0.57755,0.5775,0.5775,10
2026-03-26T19:04:00,0.5775,0.5776,0.5775,0.5776,35
2026-03-26T19:05:00,0.57755,0.57765,0.57755,0.57755,16
2026-03-26T19:06:00,0.5776,0.57765,0.57755,0.57755,24
2026-03-26T19:07:00,0.57755,0.57755,0.5775,0.5775,13
2026-03-26T19:08:00,0.5775,0.5775,0.5773,0.5774,77
2026-03-26T19:09:00,0.5774,0.5774,0.57735,0.57735,21
2026-03-26T19:10:00,0.57735,0.57735,0.5772,0.5772,143
2026-03-26T19:11:00,0.5772,0.57725,0.577,0.57705,60
2026-03-26T19:12:00,0.577,0.5771,0.577,0.5771,65
2026-03-26T19:13:00,0.5771,0.5771,0.577,0.57705,26
2026-03-26T19:14:00,0.5771,0.5771,0.577,0.5771,180
2026-03-26T19:15:00,0.57715,0.5772,0.57715,0.57715,10
2026-03-26T19:16:00,0.57715,0.57715,0.5771,0.57715,6
2026-03-26T19:17:00,0.57715,0.5773,0.57715,0.5773,32
2026-03-26T19:18:00,0.57725,0.5773,0.57725,0.57725,3
2026-03-26T19:19:00,0.57725,0.57725,0.57725,0.57725,16
2026-03-26T19:20:00,0.57725,0.57745,0.57725,0.57735,74
2026-03-26T19:21:00,0.57735,0.57735,0.57735,0.57735,2
2026-03-26T19:22:00,0.57735,0.57735,0.57735,0.57735,17
2026-03-26T19:23:00,0.5774,0.57745,0.57735,0.57735,10
2026-03-26T19:24:00,0.57735,0.57735,0.5773,0.5773,6
2026-03-26T19:25:00,0.57735,0.57735,0.5773,0.5773,21
2026-03-26T19:26:00,0.57735,0.57735,0.57725,0.57725,11
2026-03-26T19:27:00,0.5773,0.57735,0.57715,0.57715,54
2026-03-26T19:28:00,0.5772,0.57725,0.5771,0.5771,22
2026-03-26T19:29:00,0.57715,0.5772,0.57715,0.57715,13
2026-03-26T19:30:00,0.5772,0.57725,0.5772,0.5772,35
2026-03-26T19:31:00,0.57725,0.57725,0.57715,0.57715,26
2026-03-26T19:32:00,0.57715,0.5772,0.57715,0.5772,38
2026-03-26T19:33:00,0.5772,0.5772,0.5772,0.5772,11
2026-03-26T19:34:00,0.57725,0.57725,0.57725,0.57725,55
2026-03-26T19:35:00,0.57725,0.57735,0.57725,0.57735,4
2026-03-26T19:36:00,0.5774,0.5775,0.5774,0.57745,18
2026-03-26T19:37:00,0.57745,0.5775,0.57745,0.57745,18
2026-03-26T19:38:00,0.57745,0.5775,0.57745,0.5775,13
2026-03-26T19:39:00,0.5774,0.5774,0.5774,0.5774,3
2026-03-26T19:40:00,0.5774,0.57745,0.57735,0.57745,16
2026-03-26T19:41:00,0.5774,0.5774,0.5774,0.5774,33
2026-03-26T19:42:00,0.57735,0.57735,0.5773,0.5773,3
2026-03-26T19:44:00,0.5772,0.5772,0.57715,0.5772,15
2026-03-26T19:45:00,0.5772,0.5772,0.57715,0.57715,13
2026-03-26T19:46:00,0.57715,0.57715,0.57715,0.57715,5
2026-03-26T19:47:00,0.57715,0.57715,0.577,0.577,40
2026-03-26T19:48:00,0.577,0.577,0.577,0.577,2
2026-03-26T19:49:00,0.57705,0.57705,0.57695,0.57695,24
2026-03-26T19:50:00,0.577,0.57705,0.5769,0.5769,42
2026-03-26T19:51:00,0.5769,0.57695,0.5769,0.57695,38
2026-03-26T19:52:00,0.57695,0.577,0.57695,0.57695,30
2026-03-26T19:53:00,0.57695,0.577,0.57695,0.577,84
2026-03-26T19:54:00,0.57695,0.577,0.57695,0.57695,26
2026-03-26T19:55:00,0.57695,0.577,0.57695,0.577,9
2026-03-26T19:56:00,0.57695,0.57705,0.57695,0.57705,2
2026-03-26T19:57:00,0.577,0.577,0.577,0.577,9
2026-03-26T19:58:00,0.5769,0.5769,0.57685,0.57685,5
2026-03-26T19:59:00,0.5768,0.57685,0.5768,0.57685,32
2026-03-26T20:00:00,0.57685,0.57685,0.57675,0.5768,37
2026-03-26T20:01:00,0.57675,0.5768,0.5767,0.5767,25
2026-03-26T20:02:00,0.5768,0.5768,0.57675,0.57675,5
2026-03-26T20:03:00,0.5768,0.5768,0.5768,0.5768,12
2026-03-26T20:04:00,0.5768,0.5768,0.5768,0.5768,9
2026-03-26T20:05:00,0.57675,0.57675,0.57675,0.57675,6
2026-03-26T20:06:00,0.57675,0.57675,0.57675,0.57675,1
2026-03-26T20:07:00,0.5767,0.5767,0.5767,0.5767,9
2026-03-26T20:08:00,0.57675,0.57675,0.5767,0.5767,5
2026-03-26T20:09:00,0.57665,0.5767,0.57665,0.5767,27
2026-03-26T20:10:00,0.5767,0.57675,0.5767,0.57675,12
2026-03-26T20:11:00,0.57675,0.57955,0.57675,0.57955,1405
2026-03-26T20:12:00,0.5796,0.57985,0.57805,0.5789,1119
2026-03-26T20:13:00,0.5789,0.5789,0.5782,0.5789,274
2026-03-26T20:14:00,0.5788,0.57885,0.5784,0.5784,59
2026-03-26T20:15:00,0.57865,0.57865,0.57805,0.57855,175
2026-03-26T20:16:00,0.5786,0.57895,0.5786,0.5788,276
2026-03-26T20:17:00,0.5788,0.5788,0.57865,0.5787,24
2026-03-26T20:18:00,0.5788,0.5788,0.5785,0.57865,16
2026-03-26T20:19:00,0.5787,0.5787,0.57845,0.57845,12
2026-03-26T20:20:00,0.57845,0.57855,0.57835,0.5785,121
2026-03-26T20:21:00,0.5786,0.5787,0.57845,0.5787,53
2026-03-26T20:22:00,0.5787,0.57875,0.5785,0.5787,136
2026-03-26T20:23:00,0.57855,0.5786,0.57845,0.57845,33
2026-03-26T20:24:00,0.5784,0.5785,0.5782,0.5782,22
2026-03-26T20:25:00,0.5783,0.57835,0.5779,0.578,179
2026-03-26T20:26:00,0.57795,0.57815,0.5779,0.57815,11
2026-03-26T20:27:00,0.57815,0.57825,0.57815,0.57815,9
2026-03-26T20:28:00,0.5781,0.5781,0.57785,0.57795,18
2026-03-26T20:29:00,0.57805,0.57815,0.578,0.57815,8
2026-03-26T20:30:00,0.57815,0.57815,0.57805,0.57815,7
2026-03-26T20:31:00,0.57825,0.57835,0.57825,0.57835,9
2026-03-26T20:32:00,0.5783,0.5783,0.5783,0.5783,3
2026-03-26T20:33:00,0.5784,0.5785,0.5784,0.5784,26
2026-03-26T20:34:00,0.57835,0.57835,0.57825,0.57825,12
2026-03-26T20:35:00,0.57825,0.57825,0.57825,0.57825,5
2026-03-26T20:36:00,0.57825,0.5783,0.57825,0.57825,26
2026-03-26T20:37:00,0.5783,0.57835,0.5783,0.5783,4
2026-03-26T20:39:00,0.5784,0.5784,0.5784,0.5784,6
2026-03-26T20:40:00,0.5783,0.57835,0.5782,0.5782,25
2026-03-26T20:41:00,0.5783,0.5783,0.5782,0.5782,13
2026-03-26T20:42:00,0.5782,0.5782,0.5782,0.5782,3
2026-03-26T20:43:00,0.57825,0.57825,0.57825,0.57825,8
2026-03-26T20:44:00,0.5782,0.5782,0.5782,0.5782,9
2026-03-26T20:45:00,0.5782,0.57825,0.5781,0.5781,24
2026-03-26T20:46:00,0.5781,0.5781,0.578,0.57805,11
2026-03-26T20:47:00,0.57805,0.57805,0.57805,0.57805,14
2026-03-26T20:48:00,0.57805,0.57805,0.5779,0.5779,14
2026-03-26T20:49:00,0.57795,0.57795,0.57795,0.57795,17
2026-03-26T20:50:00,0.5779,0.5779,0.5778,0.57785,54
2026-03-26T20:51:00,0.57785,0.57785,0.57785,0.57785,3
2026-03-26T20:52:00,0.57775,0.57775,0.57775,0.57775,42
2026-03-26T20:53:00,0.5778,0.5778,0.5777,0.5777,24
2026-03-26T20:54:00,0.57765,0.5777,0.57765,0.5777,9
2026-03-26T20:55:00,0.57775,0.57785,0.57775,0.57775,15
2026-03-26T20:56:00,0.5778,0.5779,0.57775,0.57785,28
2026-03-26T20:57:00,0.57785,0.57795,0.57785,0.57795,62
2026-03-26T20:58:00,0.57795,0.57795,0.57785,0.57785,99
2026-03-26T20:59:00,0.5778,0.57795,0.5778,0.57795,22
2026-03-26T22:00:00,0.57795,0.578,0.5775,0.57795,130
2026-03-26T22:01:00,0.5779,0.5779,0.5779,0.5779,13
2026-03-26T22:02:00,0.57795,0.578,0.57795,0.578,6
2026-03-26T22:03:00,0.578,0.57805,0.578,0.57805,10
2026-03-26T22:04:00,0.57805,0.57815,0.57805,0.57805,24
2026-03-26T22:05:00,0.578,0.5781,0.578,0.5781,24
2026-03-26T22:06:00,0.57815,0.57815,0.5781,0.5781,20
2026-03-26T22:07:00,0.578,0.578,0.578,0.578,3
2026-03-26T22:08:00,0.578,0.578,0.5779,0.5779,7
2026-03-26T22:09:00,0.57795,0.57795,0.5779,0.5779,8
2026-03-26T22:10:00,0.5779,0.5779,0.5779,0.5779,14
2026-03-26T22:11:00,0.57795,0.578,0.57795,0.578,11
2026-03-26T22:12:00,0.57795,0.57805,0.57795,0.57805,15
2026-03-26T22:13:00,0.57805,0.57805,0.57805,0.57805,13
2026-03-26T22:14:00,0.57805,0.57805,0.57795,0.57795,27
2026-03-26T22:15:00,0.57795,0.57805,0.57795,0.57795,46
2026-03-26T22:16:00,0.57795,0.57795,0.57795,0.57795,4
2026-03-26T22:17:00,0.57795,0.57795,0.5779,0.57795,59
2026-03-26T22:18:00,0.57795,0.57795,0.5779,0.57795,27
2026-03-26T22:20:00,0.57805,0.57805,0.57795,0.57795,20
2026-03-26T22:21:00,0.5779,0.5779,0.5779,0.5779,8
2026-03-26T22:22:00,0.57785,0.57785,0.5778,0.5778,42
2026-03-26T22:23:00,0.5778,0.5778,0.57775,0.57775,46
2026-03-26T22:24:00,0.5777,0.5777,0.57765,0.57765,27
2026-03-26T22:25:00,0.57765,0.57765,0.5776,0.57765,52
2026-03-26T22:26:00,0.57765,0.57765,0.5776,0.5776,7
2026-03-26T22:27:00,0.5777,0.5777,0.5777,0.5777,2
2026-03-26T22:29:00,0.57775,0.57775,0.57775,0.57775,8
2026-03-26T22:30:00,0.57785,0.57785,0.57785,0.57785,4
2026-03-26T22:31:00,0.57785,0.57785,0.57775,0.57775,34
2026-03-26T22:32:00,0.57785,0.57785,0.5778,0.5778,16
2026-03-26T22:33:00,0.5778,0.57785,0.5777,0.5778,29
2026-03-26T22:38:00,0.57785,0.57785,0.57785,0.57785,6
2026-03-26T22:39:00,0.57785,0.57785,0.57785,0.57785,17
2026-03-26T22:40:00,0.57785,0.57785,0.57785,0.57785,3
2026-03-26T22:41:00,0.57795,0.57795,0.57795,0.57795,1
2026-03-26T22:42:00,0.5779,0.5779,0.5778,0.5778,18
2026-03-26T22:43:00,0.57785,0.57785,0.57785,0.57785,4
2026-03-26T22:44:00,0.57785,0.57785,0.57785,0.57785,26
2026-03-26T22:45:00,0.57785,0.5779,0.57785,0.57785,11
2026-03-26T22:46:00,0.5778,0.5778,0.5778,0.5778,16
2026-03-26T22:47:00,0.57785,0.57785,0.57785,0.57785,2
2026-03-26T22:52:00,0.57805,0.57805,0.57805,0.57805,2
2026-03-26T22:53:00,0.57805,0.5781,0.57805,0.57805,11
2026-03-26T22:54:00,0.57805,0.57805,0.57805,0.57805,2
2026-03-26T22:55:00,0.57795,0.57795,0.57795,0.57795,5
2026-03-26T22:56:00,0.57805,0.57805,0.578,0.578,3
2026-03-26T22:57:00,0.57795,0.57795,0.5779,0.57795,7
2026-03-26T22:58:00,0.57795,0.57795,0.57795,0.57795,2
2026-03-26T22:59:00,0.5779,0.5779,0.5779,0.5779,7
2026-03-26T23:00:00,0.57795,0.578,0.5779,0.57795,127
2026-03-26T23:02:00,0.57795,0.57795,0.57795,0.57795,11
2026-03-26T23:03:00,0.57795,0.57795,0.57795,0.57795,1
2026-03-26T23:04:00,0.57795,0.57795,0.5779,0.5779,3
2026-03-26T23:05:00,0.57795,0.57795,0.57785,0.5779,8
2026-03-26T23:06:00,0.5779,0.57795,0.5779,0.57795,2
2026-03-26T23:08:00,0.5779,0.5779,0.5779,0.5779,3
2026-03-26T23:09:00,0.57795,0.57795,0.57795,0.57795,5
2026-03-26T23:10:00,0.5779,0.5779,0.5779,0.5779,1
2026-03-26T23:12:00,0.5778,0.57785,0.5778,0.57785,5
2026-03-26T23:13:00,0.5779,0.5779,0.5779,0.5779,2
2026-03-26T23:17:00,0.578,0.578,0.578,0.578,3
2026-03-26T23:20:00,0.578,0.578,0.578,0.578,2
2026-03-26T23:22:00,0.578,0.578,0.578,0.578,2
2026-03-26T23:23:00,0.578,0.57805,0.578,0.57805,2
2026-03-26T23:25:00,0.578,0.578,0.578,0.578,1
2026-03-26T23:26:00,0.578,0.578,0.578,0.578,2
2026-03-26T23:28:00,0.57795,0.57795,0.5779,0.5779,13
2026-03-26T23:29:00,0.5779,0.57795,0.5779,0.57795,19
2026-03-26T23:30:00,0.5779,0.57795,0.5779,0.57795,25
2026-03-26T23:31:00,0.57795,0.57795,0.57795,0.57795,8
2026-03-26T23:35:00,0.57805,0.57805,0.57805,0.57805,2
2026-03-26T23:36:00,0.5781,0.5781,0.57805,0.5781,6
2026-03-26T23:37:00,0.5781,0.5781,0.578,0.578,35
2026-03-26T23:38:00,0.578,0.578,0.57795,0.57795,43
2026-03-26T23:39:00,0.57795,0.57795,0.57795,0.57795,7
2026-03-26T23:40:00,0.5779,0.5779,0.5779,0.5779,10
2026-03-26T23:41:00,0.5779,0.5779,0.57785,0.57785,4
2026-03-26T23:42:00,0.57785,0.57785,0.57785,0.57785,3
2026-03-26T23:43:00,0.5778,0.5778,0.5777,0.5777,53
2026-03-26T23:44:00,0.57765,0.57775,0.57765,0.57775,10
2026-03-26T23:45:00,0.57775,0.57775,0.5777,0.5777,39
2026-03-26T23:46:00,0.57765,0.57765,0.57765,0.57765,12
2026-03-26T23:47:00,0.57765,0.57765,0.5776,0.57765,15
2026-03-26T23:48:00,0.5777,0.5777,0.57765,0.5777,10
2026-03-26T23:49:00,0.5777,0.5777,0.57765,0.57765,5
2026-03-26T23:50:00,0.5777,0.57775,0.5777,0.57775,6
2026-03-26T23:51:00,0.5777,0.5777,0.5777,0.5777,1
2026-03-26T23:52:00,0.5777,0.5777,0.5777,0.5777,1
2026-03-26T23:53:00,0.57765,0.5777,0.57765,0.5777,7
2026-03-26T23:54:00,0.57765,0.5777,0.57765,0.5777,19
2026-03-26T23:55:00,0.5777,0.5777,0.5777,0.5777,7
2026-03-26T23:56:00,0.57765,0.57765,0.5776,0.5776,81
2026-03-26T23:57:00,0.57755,0.57755,0.57755,0.57755,3
2026-03-26T23:58:00,0.5776,0.57765,0.57755,0.57755,35
2026-03-26T23:59:00,0.57755,0.5776,0.57755,0.5776,49
2026-03-27T00:00:00,0.57755,0.5778,0.57755,0.57775,42
2026-03-27T00:01:00,0.5778,0.5779,0.5778,0.5779,5
2026-03-27T00:02:00,0.5779,0.57795,0.57785,0.5779,11
2026-03-27T00:03:00,0.57795,0.578,0.57795,0.578,8
2026-03-27T00:04:00,0.578,0.578,0.578,0.578,3
2026-03-27T00:05:00,0.5779,0.5779,0.5778,0.5778,9
2026-03-27T00:06:00,0.57785,0.57785,0.5778,0.5778,19
2026-03-27T00:07:00,0.5778,0.5778,0.57765,0.5777,18
2026-03-27T00:08:00,0.5777,0.5777,0.5777,0.5777,4
2026-03-27T00:09:00,0.57775,0.5778,0.57775,0.5778,10
2026-03-27T00:10:00,0.57775,0.57775,0.5777,0.5777,9
2026-03-27T00:11:00,0.5777,0.5777,0.5777,0.5777,4
2026-03-27T00:12:00,0.5777,0.57785,0.5777,0.57785,29
2026-03-27T00:13:00,0.5778,0.5778,0.57775,0.57775,15
2026-03-27T00:14:00,0.57775,0.57775,0.5776,0.5776,38
2026-03-27T00:15:00,0.5776,0.57775,0.5776,0.5777,28
2026-03-27T00:16:00,0.5777,0.57775,0.5777,0.57775,4
2026-03-27T00:17:00,0.57765,0.5777,0.57765,0.5777,3
2026-03-27T00:18:00,0.57765,0.57765,0.57755,0.57755,18
2026-03-27T00:19:00,0.57755,0.57755,0.57725,0.57725,9
2026-03-27T00:20:00,0.5774,0.5774,0.57725,0.57735,29
2026-03-27T00:21:00,0.57735,0.5774,0.5773,0.5773,63
2026-03-27T00:22:00,0.57735,0.57735,0.57705,0.5771,75
2026-03-27T00:23:00,0.57715,0.5772,0.577,0.577,17
2026-03-27T00:24:00,0.57705,0.5773,0.57705,0.5773,15
2026-03-27T00:25:00,0.5773,0.5773,0.57725,0.57725,23
2026-03-27T00:26:00,0.5771,0.5773,0.5771,0.5773,22
2026-03-27T00:27:00,0.5773,0.57735,0.57725,0.57725,29
2026-03-27T00:28:00,0.57725,0.5773,0.57725,0.57725,14
2026-03-27T00:29:00,0.5773,0.57735,0.57725,0.57725,14
2026-03-27T00:30:00,0.57725,0.5774,0.57725,0.5773,24
2026-03-27T00:31:00,0.57735,0.5774,0.57735,0.5774,25
2026-03-27T00:32:00,0.5773,0.5773,0.5773,0.5773,5
2026-03-27T00:33:00,0.57735,0.57735,0.57725,0.57725,28
2026-03-27T00:34:00,0.57735,0.57735,0.57725,0.5773,17
2026-03-27T00:35:00,0.5773,0.5773,0.5772,0.5772,2
2026-03-27T00:36:00,0.57715,0.5772,0.5771,0.5772,10
2026-03-27T00:37:00,0.57725,0.57725,0.5772,0.5772,6
2026-03-27T00:38:00,0.57725,0.57725,0.57715,0.57715,7
2026-03-27T00:39:00,0.5771,0.5772,0.5771,0.5772,11
2026-03-27T00:40:00,0.5772,0.57725,0.57715,0.57725,13
2026-03-27T00:41:00,0.5773,0.5773,0.5772,0.57725,8
2026-03-27T00:42:00,0.57725,0.5773,0.5772,0.5772,4
2026-03-27T00:43:00,0.5772,0.5772,0.5771,0.5771,22
2026-03-27T00:44:00,0.57715,0.57725,0.57715,0.5772,11
2026-03-27T00:45:00,0.5772,0.5772,0.577,0.57705,5
2026-03-27T00:46:00,0.5771,0.5771,0.5771,0.5771,1
2026-03-27T00:48:00,0.577,0.577,0.577,0.577,3
2026-03-27T00:49:00,0.577,0.577,0.577,0.577,19
2026-03-27T00:50:00,0.577,0.577,0.57685,0.57685,9
2026-03-27T00:51:00,0.57685,0.577,0.5768,0.577,15
2026-03-27T00:52:00,0.57695,0.57695,0.57695,0.57695,2
2026-03-27T00:53:00,0.57705,0.57705,0.57705,0.57705,1
2026-03-27T00:54:00,0.57715,0.57715,0.57705,0.57705,11
2026-03-27T00:55:00,0.5771,0.57715,0.5771,0.57715,24
2026-03-27T00:56:00,0.5772,0.5772,0.57715,0.57715,8
2026-03-27T00:57:00,0.57715,0.57715,0.57715,0.57715,10
2026-03-27T00:58:00,0.57715,0.5772,0.5771,0.5772,5
2026-03-27T00:59:00,0.5772,0.5773,0.5772,0.57725,27
2026-03-27T01:00:00,0.57725,0.5773,0.5772,0.5773,17
2026-03-27T01:01:00,0.57735,0.5774,0.5772,0.57725,54
2026-03-27T01:02:00,0.5773,0.57745,0.5773,0.57735,63
2026-03-27T01:03:00,0.57725,0.5773,0.5772,0.5772,36
2026-03-27T01:04:00,0.57715,0.5773,0.5771,0.5771,52
2026-03-27T01:05:00,0.57715,0.5773,0.57715,0.57715,39
2026-03-27T01:06:00,0.57725,0.5773,0.5771,0.57715,67
2026-03-27T01:07:00,0.57715,0.57715,0.577,0.57705,65
2026-03-27T01:08:00,0.57695,0.577,0.57685,0.577,105
2026-03-27T01:09:00,0.577,0.57705,0.5769,0.577,70
2026-03-27T01:10:00,0.577,0.5772,0.577,0.57705,51
2026-03-27T01:11:00,0.57705,0.5771,0.57705,0.5771,54
2026-03-27T01:12:00,0.5771,0.5771,0.57705,0.5771,19
2026-03-27T01:14:00,0.57715,0.57715,0.5771,0.5771,12
2026-03-27T01:15:00,0.57715,0.57715,0.57715,0.57715,5
2026-03-27T01:16:00,0.5772,0.5773,0.5772,0.5773,2
2026-03-27T01:17:00,0.57735,0.5774,0.57735,0.57735,11
2026-03-27T01:18:00,0.5773,0.57735,0.5773,0.57735,7
2026-03-27T01:19:00,0.57735,0.57735,0.57735,0.57735,4
2026-03-27T01:20:00,0.5774,0.57745,0.57735,0.5774,9
2026-03-27T01:21:00,0.5774,0.5774,0.5774,0.5774,5
2026-03-27T01:22:00,0.57745,0.57755,0.57745,0.57755,4
2026-03-27T01:23:00,0.5775,0.5775,0.57745,0.57745,5
2026-03-27T01:24:00,0.5775,0.57755,0.5775,0.57755,8
2026-03-27T01:25:00,0.5775,0.5775,0.5775,0.5775,4
2026-03-27T01:26:00,0.57755,0.5776,0.57755,0.5776,20
2026-03-27T01:27:00,0.5776,0.5776,0.5776,0.5776,2
2026-03-27T01:28:00,0.5776,0.57765,0.5776,0.57765,10
2026-03-27T01:30:00,0.57765,0.57775,0.57765,0.57775,7
2026-03-27T01:31:00,0.57775,0.57795,0.57775,0.57795,32
2026-03-27T01:32:00,0.57795,0.578,0.57795,0.578,11
2026-03-27T01:33:00,0.57795,0.57795,0.57795,0.57795,1
2026-03-27T01:34:00,0.5779,0.57795,0.5779,0.57795,5
2026-03-27T01:35:00,0.5779,0.5779,0.5779,0.5779,2
2026-03-27T01:36:00,0.57795,0.57795,0.57795,0.57795,7
2026-03-27T01:37:00,0.57795,0.57795,0.57785,0.5779,10
2026-03-27T01:39:00,0.57795,0.57795,0.57795,0.57795,3
2026-03-27T01:40:00,0.57795,0.578,0.57795,0.578,8
2026-03-27T01:41:00,0.57795,0.57795,0.57795,0.57795,1
2026-03-27T01:42:00,0.578,0.578,0.578,0.578,1
2026-03-27T01:43:00,0.578,0.578,0.57795,0.57795,28
2026-03-27T01:44:00,0.57795,0.57795,0.57795,0.57795,1
2026-03-27T01:45:00,0.57795,0.578,0.57795,0.578,11
2026-03-27T01:47:00,0.57785,0.57785,0.57785,0.57785,4
2026-03-27T01:48:00,0.57785,0.5779,0.57785,0.5779,31
2026-03-27T01:49:00,0.57785,0.5779,0.57785,0.5779,11
2026-03-27T01:50:00,0.5778,0.5778,0.5778,0.5778,10
2026-03-27T01:51:00,0.57785,0.5779,0.57785,0.5779,15
2026-03-27T01:52:00,0.57795,0.578,0.5779,0.5779,7
2026-03-27T01:53:00,0.5779,0.5779,0.5779,0.5779,5
2026-03-27T01:54:00,0.57785,0.5779,0.57785,0.5779,3
2026-03-27T01:55:00,0.5779,0.5779,0.5779,0.5779,5
2026-03-27T01:56:00,0.57795,0.5781,0.57795,0.57805,33
2026-03-27T01:57:00,0.5781,0.5782,0.5781,0.5782,13
2026-03-27T01:58:00,0.5782,0.57825,0.5782,0.57825,7
2026-03-27T01:59:00,0.57825,0.57825,0.57825,0.57825,15
2026-03-27T02:00:00,0.5783,0.57845,0.5783,0.57845,104
2026-03-27T02:01:00,0.5784,0.5784,0.57835,0.5784,13
2026-03-27T02:02:00,0.5784,0.5784,0.5784,0.5784,4
2026-03-27T02:03:00,0.5784,0.5784,0.5783,0.5783,7
2026-03-27T02:04:00,0.57825,0.57835,0.57825,0.57835,7
2026-03-27T02:05:00,0.5783,0.5783,0.57825,0.57825,4
2026-03-27T02:06:00,0.57815,0.5782,0.57815,0.5782,6
2026-03-27T02:07:00,0.57825,0.57825,0.57825,0.57825,6
2026-03-27T02:08:00,0.57825,0.57825,0.5782,0.57825,57
2026-03-27T02:09:00,0.57825,0.5783,0.57825,0.5783,3
2026-03-27T02:10:00,0.57835,0.57835,0.57835,0.57835,6
2026-03-27T02:11:00,0.5783,0.5783,0.5783,0.5783,5
2026-03-27T02:12:00,0.5783,0.57835,0.5783,0.57835,59
2026-03-27T02:13:00,0.57835,0.57835,0.5783,0.57835,9
2026-03-27T02:14:00,0.57835,0.57835,0.5783,0.5783,12
2026-03-27T02:15:00,0.57825,0.5783,0.57825,0.5783,9
2026-03-27T02:16:00,0.57825,0.57825,0.57825,0.57825,1
2026-03-27T02:18:00,0.5782,0.5782,0.5782,0.5782,2
2026-03-27T02:19:00,0.57825,0.5784,0.57825,0.5784,17
2026-03-27T02:20:00,0.5784,0.5784,0.57835,0.57835,7
2026-03-27T02:21:00,0.5783,0.5783,0.57825,0.5783,11
2026-03-27T02:22:00,0.5783,0.5783,0.5782,0.5782,10
2026-03-27T02:23:00,0.5782,0.5782,0.5781,0.5782,9
2026-03-27T02:24:00,0.5782,0.5783,0.5782,0.5783,7
2026-03-27T02:25:00,0.57835,0.57835,0.57835,0.57835,10
2026-03-27T02:28:00,0.57835,0.57835,0.57835,0.57835,2
2026-03-27T02:29:00,0.5784,0.5784,0.5784,0.5784,1
2026-03-27T02:30:00,0.5784,0.57845,0.5784,0.57845,20
2026-03-27T02:31:00,0.5784,0.57855,0.5784,0.5785,9
2026-03-27T02:32:00,0.57845,0.57855,0.57845,0.57855,24
2026-03-27T02:33:00,0.5785,0.5786,0.5785,0.57855,32
2026-03-27T02:34:00,0.5786,0.57865,0.5786,0.57865,26
2026-03-27T02:35:00,0.5786,0.5786,0.5786,0.5786,2
2026-03-27T02:37:00,0.5785,0.5785,0.5785,0.5785,4
2026-03-27T02:38:00,0.57845,0.57845,0.57845,0.57845,3
2026-03-27T02:39:00,0.57845,0.57855,0.57845,0.57855,9
2026-03-27T02:40:00,0.57855,0.57855,0.57855,0.57855,5
2026-03-27T02:41:00,0.57855,0.57855,0.57855,0.57855,4
2026-03-27T02:42:00,0.57855,0.57855,0.57855,0.57855,1
2026-03-27T02:43:00,0.57855,0.5786,0.57855,0.5786,14
2026-03-27T02:44:00,0.5786,0.5786,0.5786,0.5786,2
2026-03-27T02:45:00,0.5786,0.5787,0.5786,0.5787,26
2026-03-27T02:46:00,0.57865,0.5787,0.57865,0.5787,3
2026-03-27T02:47:00,0.5787,0.5787,0.5787,0.5787,7
2026-03-27T02:48:00,0.5787,0.5787,0.5787,0.5787,9
2026-03-27T02:49:00,0.5786,0.5786,0.57855,0.57855,19
2026-03-27T02:50:00,0.57855,0.57855,0.57855,0.57855,8
2026-03-27T02:51:00,0.5785,0.57855,0.57845,0.57855,6
2026-03-27T02:52:00,0.57855,0.57855,0.5785,0.5785,2
2026-03-27T02:53:00,0.57855,0.5786,0.5785,0.5786,9
2026-03-27T02:54:00,0.5786,0.5786,0.5786,0.5786,11
2026-03-27T02:55:00,0.57865,0.5787,0.57865,0.5787,6
2026-03-27T02:56:00,0.5786,0.5786,0.5786,0.5786,6
2026-03-27T02:57:00,0.57855,0.57855,0.57855,0.57855,1
2026-03-27T02:59:00,0.5785,0.57855,0.5785,0.57855,21
2026-03-27T03:00:00,0.5785,0.5786,0.5785,0.5786,10
2026-03-27T03:01:00,0.5786,0.5786,0.5786,0.5786,3
2026-03-27T03:02:00,0.57855,0.5786,0.57855,0.5786,6
2026-03-27T03:03:00,0.57865,0.57865,0.5786,0.5786,8
2026-03-27T03:04:00,0.57865,0.57865,0.57865,0.57865,4
2026-03-27T03:05:00,0.57855,0.57855,0.57855,0.57855,5
2026-03-27T03:06:00,0.5785,0.5785,0.5785,0.5785,2
2026-03-27T03:07:00,0.57845,0.5785,0.57845,0.5785,42
2026-03-27T03:08:00,0.57855,0.57855,0.5785,0.5785,7
2026-03-27T03:09:00,0.5785,0.57855,0.5785,0.57855,5
2026-03-27T03:10:00,0.57855,0.57865,0.57855,0.57855,83
2026-03-27T03:12:00,0.5786,0.5787,0.5786,0.5787,22
2026-03-27T03:13:00,0.5787,0.5787,0.57865,0.57865,9
2026-03-27T03:14:00,0.5787,0.5787,0.5787,0.5787,1
2026-03-27T03:15:00,0.5787,0.5787,0.57865,0.57865,6
2026-03-27T03:16:00,0.57855,0.57865,0.57855,0.57865,6
2026-03-27T03:23:00,0.5786,0.5786,0.5786,0.5786,5
2026-03-27T03:24:00,0.57865,0.57865,0.57865,0.57865,1
2026-03-27T03:26:00,0.5786,0.5786,0.5786,0.5786,4
2026-03-27T03:27:00,0.5786,0.5786,0.5786,0.5786,2
2026-03-27T03:28:00,0.57855,0.5786,0.57855,0.57855,10
2026-03-27T03:29:00,0.57865,0.57865,0.5786,0.5786,2
2026-03-27T03:30:00,0.5786,0.57885,0.5786,0.5788,50
2026-03-27T03:31:00,0.57875,0.57875,0.57875,0.57875,6
2026-03-27T03:34:00,0.5787,0.5787,0.5787,0.5787,3
2026-03-27T03:35:00,0.57875,0.57875,0.57875,0.57875,2
2026-03-27T03:36:00,0.57875,0.5788,0.57875,0.5788,3
2026-03-27T03:37:00,0.57885,0.5789,0.5788,0.5788,17
2026-03-27T03:39:00,0.57885,0.57895,0.57885,0.57895,10
2026-03-27T03:40:00,0.5789,0.57895,0.5789,0.5789,4
2026-03-27T03:42:00,0.57885,0.57885,0.5788,0.5788,2
2026-03-27T03:44:00,0.5788,0.5788,0.57875,0.57875,2
2026-03-27T03:45:00,0.57875,0.57875,0.57875,0.57875,2
2026-03-27T03:46:00,0.5787,0.5787,0.5787,0.5787,1
2026-03-27T03:48:00,0.5786,0.57865,0.5786,0.57865,8
2026-03-27T03:49:00,0.5786,0.5786,0.5786,0.5786,4
2026-03-27T03:50:00,0.5786,0.5786,0.5786,0.5786,4
2026-03-27T03:51:00,0.5786,0.57865,0.5786,0.57865,9
2026-03-27T03:52:00,0.5787,0.5787,0.5787,0.5787,1
2026-03-27T03:54:00,0.57855,0.57855,0.57855,0.57855,4
2026-03-27T03:55:00,0.57855,0.5786,0.5785,0.5786,13
2026-03-27T03:56:00,0.5786,0.5786,0.5786,0.5786,2
2026-03-27T03:57:00,0.57865,0.57865,0.5786,0.5786,3
2026-03-27T03:58:00,0.5787,0.57875,0.5787,0.57875,9
2026-03-27T03:59:00,0.5787,0.5788,0.5787,0.57875,25
2026-03-27T04:00:00,0.57875,0.57885,0.57875,0.57875,21
2026-03-27T04:01:00,0.57875,0.57875,0.57875,0.57875,1
2026-03-27T04:05:00,0.5787,0.5787,0.5787,0.5787,3
2026-03-27T04:06:00,0.57875,0.5788,0.57875,0.57875,16
2026-03-27T04:07:00,0.5787,0.5787,0.5787,0.5787,1
2026-03-27T04:10:00,0.57875,0.5788,0.57875,0.5788,4
2026-03-27T04:11:00,0.5788,0.5788,0.5788,0.5788,1
2026-03-27T04:15:00,0.5787,0.5787,0.5787,0.5787,9
2026-03-27T04:16:00,0.57875,0.57875,0.57875,0.57875,3
2026-03-27T04:17:00,0.5787,0.5787,0.5787,0.5787,6
2026-03-27T04:18:00,0.57875,0.57875,0.57875,0.57875,2
2026-03-27T04:20:00,0.5788,0.57885,0.5788,0.57885,5
2026-03-27T04:21:00,0.57885,0.5789,0.57885,0.5789,6
2026-03-27T04:22:00,0.5789,0.5789,0.5789,0.5789,9
2026-03-27T04:23:00,0.5789,0.5789,0.5789,0.5789,1
2026-03-27T04:24:00,0.57885,0.57885,0.57885,0.57885,5
2026-03-27T04:25:00,0.5788,0.5788,0.5788,0.5788,2
2026-03-27T04:26:00,0.5788,0.5788,0.5788,0.5788,2
2026-03-27T04:27:00,0.57875,0.57875,0.57875,0.57875,1
2026-03-27T04:28:00,0.57875,0.57875,0.57875,0.57875,10
2026-03-27T04:30:00,0.57875,0.57875,0.57875,0.57875,6
2026-03-27T04:31:00,0.5788,0.5788,0.5788,0.5788,3
2026-03-27T04:32:00,0.5788,0.5788,0.5788,0.5788,4
2026-03-27T04:33:00,0.5788,0.5789,0.5788,0.5789,14
2026-03-27T04:34:00,0.5789,0.5789,0.5789,0.5789,1
2026-03-27T04:36:00,0.5788,0.57885,0.5788,0.57885,4
2026-03-27T04:37:00,0.57885,0.5789,0.57885,0.5789,2
2026-03-27T04:38:00,0.5789,0.5789,0.5789,0.5789,2
2026-03-27T04:39:00,0.5789,0.5789,0.5789,0.5789,2
2026-03-27T04:40:00,0.57885,0.57885,0.57885,0.57885,1
2026-03-27T04:41:00,0.5789,0.5789,0.5789,0.5789,2
2026-03-27T04:45:00,0.5789,0.5789,0.5789,0.5789,1
2026-03-27T04:46:00,0.5789,0.5789,0.57885,0.5789,4
2026-03-27T04:50:00,0.57885,0.5789,0.57885,0.5789,9
2026-03-27T04:51:00,0.57895,0.579,0.57895,0.579,7
2026-03-27T04:53:00,0.57895,0.57895,0.5789,0.5789,6
2026-03-27T04:54:00,0.5789,0.57895,0.5789,0.57895,6
2026-03-27T04:55:00,0.57895,0.579,0.57895,0.579,5
2026-03-27T04:56:00,0.579,0.57905,0.579,0.57905,7
2026-03-27T04:57:00,0.57905,0.57905,0.57905,0.57905,3
2026-03-27T04:58:00,0.57905,0.5791,0.57905,0.5791,22
2026-03-27T04:59:00,0.5791,0.5791,0.57905,0.57905,14
2026-03-27T05:01:00,0.57905,0.57905,0.57905,0.57905,3
2026-03-27T05:02:00,0.579,0.5791,0.579,0.57905,8
2026-03-27T05:03:00,0.57905,0.57905,0.57905,0.57905,6
2026-03-27T05:04:00,0.5791,0.57915,0.5791,0.5791,41
2026-03-27T05:05:00,0.57905,0.57915,0.57905,0.57915,60
2026-03-27T05:06:00,0.57915,0.5793,0.57915,0.5793,24
2026-03-27T05:07:00,0.57935,0.57935,0.57935,0.57935,2
2026-03-27T05:08:00,0.5793,0.5793,0.5793,0.5793,1
2026-03-27T05:09:00,0.5793,0.5793,0.57925,0.57925,3
2026-03-27T05:12:00,0.5792,0.5793,0.5792,0.5793,10
2026-03-27T05:14:00,0.57935,0.57935,0.57935,0.57935,12
2026-03-27T05:15:00,0.57935,0.57935,0.5793,0.5793,3
2026-03-27T05:16:00,0.57935,0.57935,0.5793,0.5793,6
2026-03-27T05:17:00,0.57925,0.5793,0.57925,0.5793,12
2026-03-27T05:18:00,0.57925,0.57925,0.5792,0.57925,11
2026-03-27T05:19:00,0.57925,0.5793,0.57925,0.57925,13
2026-03-27T05:20:00,0.57915,0.57915,0.57915,0.57915,3
2026-03-27T05:24:00,0.57905,0.57905,0.57905,0.57905,2
2026-03-27T05:25:00,0.579,0.579,0.57895,0.57895,12
2026-03-27T05:26:00,0.5789,0.5789,0.5789,0.5789,6
2026-03-27T05:27:00,0.57895,0.57895,0.57895,0.57895,1
2026-03-27T05:29:00,0.5789,0.5789,0.5789,0.5789,1
2026-03-27T05:32:00,0.57885,0.57885,0.57885,0.57885,1
2026-03-27T05:33:00,0.5788,0.5788,0.5788,0.5788,1
2026-03-27T05:34:00,0.57875,0.57875,0.57875,0.57875,1
2026-03-27T05:35:00,0.5788,0.5788,0.5788,0.5788,4
2026-03-27T05:36:00,0.57885,0.57885,0.57885,0.57885,2
2026-03-27T05:37:00,0.5788,0.5788,0.5788,0.5788,1
2026-03-27T05:38:00,0.57885,0.57885,0.57885,0.57885,2
2026-03-27T05:39:00,0.5788,0.5788,0.5788,0.5788,1
2026-03-27T05:40:00,0.5789,0.5789,0.5789,0.5789,2
2026-03-27T05:41:00,0.5788,0.5788,0.5788,0.5788,3
2026-03-27T05:42:00,0.5788,0.5789,0.5788,0.5789,9
2026-03-27T05:43:00,0.5789,0.5789,0.5789,0.5789,1
2026-03-27T05:44:00,0.5789,0.57895,0.5789,0.57895,5
2026-03-27T05:45:00,0.57895,0.57895,0.57895,0.57895,2
2026-03-27T05:47:00,0.57905,0.57905,0.57905,0.57905,2
2026-03-27T05:48:00,0.57905,0.57905,0.579,0.579,19
2026-03-27T05:49:00,0.57895,0.57895,0.57895,0.57895,1
2026-03-27T05:50:00,0.5789,0.57895,0.5789,0.57895,5
2026-03-27T05:51:00,0.579,0.57905,0.579,0.57905,8
2026-03-27T05:52:00,0.579,0.579,0.579,0.579,8
2026-03-27T05:53:00,0.57905,0.57905,0.57905,0.57905,1
2026-03-27T05:54:00,0.579,0.579,0.579,0.579,5
2026-03-27T05:55:00,0.57895,0.57895,0.57885,0.5789,12
2026-03-27T05:56:00,0.5789,0.5789,0.5789,0.5789,14
2026-03-27T05:57:00,0.57885,0.57885,0.57885,0.57885,6
2026-03-27T05:59:00,0.5787,0.5787,0.57865,0.57865,22
2026-03-27T06:00:00,0.5787,0.57875,0.5786,0.57865,26
2026-03-27T06:01:00,0.5786,0.57865,0.57855,0.5786,21
2026-03-27T06:02:00,0.5785,0.5787,0.5785,0.5787,41
2026-03-27T06:03:00,0.5786,0.5786,0.57855,0.5786,20
2026-03-27T06:04:00,0.5785,0.5785,0.5785,0.5785,8
2026-03-27T06:05:00,0.5785,0.5785,0.5785,0.5785,15
2026-03-27T06:06:00,0.5785,0.57855,0.5785,0.5785,7
2026-03-27T06:07:00,0.57855,0.5786,0.5785,0.5785,4
2026-03-27T06:08:00,0.57845,0.5785,0.57845,0.5785,2
2026-03-27T06:09:00,0.57855,0.57865,0.57855,0.57865,7
2026-03-27T06:10:00,0.57875,0.5788,0.57875,0.5788,10
2026-03-27T06:11:00,0.57875,0.57875,0.5787,0.5787,4
2026-03-27T06:13:00,0.57865,0.57865,0.57865,0.57865,13
2026-03-27T06:14:00,0.57875,0.57885,0.57875,0.57885,13
2026-03-27T06:15:00,0.5789,0.5789,0.5789,0.5789,1
2026-03-27T06:16:00,0.5789,0.5789,0.5789,0.5789,1
2026-03-27T06:18:00,0.5789,0.5789,0.57885,0.57885,10
2026-03-27T06:19:00,0.57865,0.57865,0.57865,0.57865,1
2026-03-27T06:20:00,0.57875,0.57875,0.57875,0.57875,4
2026-03-27T06:21:00,0.5788,0.57885,0.5788,0.57885,2
2026-03-27T06:22:00,0.57885,0.57885,0.5788,0.5788,8
2026-03-27T06:23:00,0.5788,0.5788,0.5788,0.5788,3
2026-03-27T06:24:00,0.57885,0.57895,0.57885,0.5789,17
2026-03-27T06:26:00,0.57885,0.579,0.57885,0.579,8
2026-03-27T06:27:00,0.57895,0.57895,0.57895,0.57895,10
2026-03-27T06:28:00,0.579,0.579,0.579,0.579,1
2026-03-27T06:29:00,0.5789,0.57895,0.5789,0.57895,8
2026-03-27T06:30:00,0.57895,0.579,0.57895,0.579,8
2026-03-27T06:31:00,0.579,0.579,0.579,0.579,3
2026-03-27T06:32:00,0.57895,0.57895,0.5789,0.5789,12
2026-03-27T06:34:00,0.5789,0.579,0.5789,0.57895,16
2026-03-27T06:35:00,0.5789,0.5789,0.5789,0.5789,2
2026-03-27T06:36:00,0.57885,0.5789,0.5788,0.5789,6
2026-03-27T06:37:00,0.57895,0.57895,0.57895,0.57895,1
2026-03-27T06:38:00,0.57895,0.57895,0.5789,0.5789,7
2026-03-27T06:39:00,0.57895,0.57895,0.57895,0.57895,1
2026-03-27T06:41:00,0.57895,0.57895,0.57895,0.57895,1
2026-03-27T06:42:00,0.579,0.579,0.579,0.579,2
2026-03-27T06:44:00,0.57895,0.57895,0.57895,0.57895,1
2026-03-27T06:45:00,0.5789,0.5789,0.5789,0.5789,2
2026-03-27T06:47:00,0.5788,0.5788,0.5787,0.5787,12
2026-03-27T06:48:00,0.5787,0.5788,0.5787,0.5788,12
2026-03-27T06:49:00,0.57875,0.57875,0.5787,0.5787,4
2026-03-27T06:50:00,0.5787,0.5787,0.5787,0.5787,4
2026-03-27T06:51:00,0.5787,0.5787,0.5787,0.5787,8
2026-03-27T06:53:00,0.5786,0.5786,0.5786,0.5786,3
2026-03-27T06:54:00,0.5786,0.5787,0.5786,0.5787,14
2026-03-27T06:55:00,0.5787,0.57875,0.57865,0.57875,34
2026-03-27T06:56:00,0.5787,0.57875,0.5787,0.57875,6
2026-03-27T06:57:00,0.57875,0.57875,0.57875,0.57875,4
2026-03-27T06:59:00,0.5787,0.57875,0.5787,0.57875,9
2026-03-27T07:00:00,0.57875,0.5788,0.5787,0.5787,7
2026-03-27T07:01:00,0.57875,0.57885,0.57875,0.57885,46
2026-03-27T07:02:00,0.5788,0.5788,0.57875,0.5788,8
2026-03-27T07:03:00,0.57855,0.57855,0.57855,0.57855,1
2026-03-27T07:04:00,0.5787,0.57875,0.5787,0.57875,8
2026-03-27T07:05:00,0.5787,0.5787,0.5787,0.5787,5
2026-03-27T07:06:00,0.5786,0.5786,0.57855,0.57855,7
2026-03-27T07:07:00,0.5786,0.57865,0.5786,0.57865,6
2026-03-27T07:08:00,0.57865,0.57865,0.5786,0.57865,16
2026-03-27T07:09:00,0.57865,0.57875,0.57865,0.57875,21
2026-03-27T07:10:00,0.5787,0.57875,0.5787,0.57875,8
2026-03-27T07:11:00,0.5788,0.57885,0.5788,0.5788,5
2026-03-27T07:12:00,0.57885,0.57885,0.57885,0.57885,3
2026-03-27T07:13:00,0.57885,0.57885,0.5788,0.5788,10
2026-03-27T07:14:00,0.5787,0.5787,0.5787,0.5787,5
2026-03-27T07:15:00,0.5788,0.5788,0.5787,0.5787,5
2026-03-27T07:16:00,0.57865,0.57875,0.57865,0.57875,4
2026-03-27T07:18:00,0.5787,0.5787,0.5786,0.5786,6
2026-03-27T07:19:00,0.5786,0.5786,0.5786,0.5786,5
2026-03-27T07:20:00,0.5786,0.57865,0.5786,0.57865,9
2026-03-27T07:21:00,0.57865,0.57865,0.57865,0.57865,1
2026-03-27T07:22:00,0.5786,0.57865,0.5786,0.5786,13
2026-03-27T07:23:00,0.5785,0.57855,0.5785,0.57855,14
2026-03-27T07:24:00,0.5786,0.5786,0.5786,0.5786,7
2026-03-27T07:25:00,0.57865,0.57865,0.5786,0.5786,7
2026-03-27T07:26:00,0.57855,0.5786,0.5785,0.5785,4
2026-03-27T07:27:00,0.5785,0.57855,0.5785,0.57855,10
2026-03-27T07:28:00,0.5785,0.5785,0.57845,0.57845,12
2026-03-27T07:29:00,0.5785,0.5785,0.57835,0.5784,24
2026-03-27T07:30:00,0.57845,0.5785,0.57845,0.57845,28
2026-03-27T07:31:00,0.57845,0.57855,0.57845,0.57855,30
2026-03-27T07:32:00,0.5786,0.57865,0.5786,0.57865,61
2026-03-27T07:33:00,0.57865,0.57875,0.57865,0.57875,36
2026-03-27T07:34:00,0.57875,0.5788,0.5787,0.5787,9
2026-03-27T07:36:00,0.57875,0.57875,0.57855,0.5786,74
2026-03-27T07:37:00,0.57865,0.5787,0.5786,0.5787,24
2026-03-27T07:38:00,0.57865,0.5787,0.57865,0.5787,7
2026-03-27T07:39:00,0.57855,0.57855,0.57855,0.57855,9
2026-03-27T07:40:00,0.5785,0.5785,0.57835,0.57835,39
2026-03-27T07:41:00,0.57835,0.57835,0.57825,0.5783,18
2026-03-27T07:42:00,0.57825,0.57825,0.5782,0.5782,6
2026-03-27T07:43:00,0.5782,0.57835,0.5782,0.57835,12
2026-03-27T07:44:00,0.5783,0.57835,0.57825,0.5783,13
2026-03-27T07:45:00,0.57825,0.57835,0.57825,0.5783,12
2026-03-27T07:46:00,0.5784,0.5785,0.5784,0.5785,12
2026-03-27T07:47:00,0.5785,0.57855,0.5785,0.57855,5
2026-03-27T07:48:00,0.5786,0.5786,0.5786,0.5786,5
2026-03-27T07:49:00,0.5787,0.57875,0.57865,0.57865,20
2026-03-27T07:50:00,0.5787,0.5787,0.5786,0.5786,10
2026-03-27T07:51:00,0.5786,0.5786,0.57855,0.57855,11
2026-03-27T07:52:00,0.5785,0.5785,0.57845,0.5785,69
2026-03-27T07:53:00,0.5785,0.5785,0.5785,0.5785,14
2026-03-27T07:54:00,0.5784,0.57845,0.5783,0.5783,26
2026-03-27T07:55:00,0.57835,0.57835,0.5781,0.5781,121
2026-03-27T07:56:00,0.5781,0.57815,0.57805,0.57815,36
2026-03-27T07:57:00,0.57815,0.57815,0.57805,0.5781,19
2026-03-27T07:58:00,0.57805,0.57805,0.57795,0.57795,12
2026-03-27T07:59:00,0.578,0.57805,0.578,0.57805,4
2026-03-27T08:00:00,0.578,0.57825,0.578,0.5782,132
2026-03-27T08:01:00,0.5781,0.57845,0.5781,0.5783,134
2026-03-27T08:02:00,0.57825,0.57825,0.57805,0.57805,19
2026-03-27T08:03:00,0.57805,0.5781,0.578,0.5781,37
2026-03-27T08:04:00,0.57815,0.57815,0.578,0.578,21
2026-03-27T08:05:00,0.57795,0.57795,0.57785,0.57795,31
2026-03-27T08:06:00,0.578,0.57805,0.578,0.57805,9
2026-03-27T08:07:00,0.5781,0.5781,0.57795,0.57795,20
2026-03-27T08:08:00,0.57795,0.57805,0.57795,0.578,7
2026-03-27T08:09:00,0.57805,0.5781,0.57805,0.57805,28
2026-03-27T08:10:00,0.57805,0.5781,0.57795,0.57795,10
2026-03-27T08:11:00,0.578,0.57815,0.578,0.57815,16
2026-03-27T08:12:00,0.57815,0.5782,0.5781,0.5782,28
2026-03-27T08:13:00,0.57825,0.57825,0.57825,0.57825,1
2026-03-27T08:14:00,0.57815,0.5782,0.57815,0.5782,4
2026-03-27T08:15:00,0.57805,0.5781,0.57805,0.5781,6
2026-03-27T08:16:00,0.5781,0.57815,0.5781,0.57815,10
2026-03-27T08:17:00,0.5782,0.5782,0.578,0.578,16
2026-03-27T08:18:00,0.57795,0.5781,0.57795,0.5781,24
2026-03-27T08:19:00,0.57805,0.57805,0.578,0.578,3
2026-03-27T08:20:00,0.57795,0.578,0.57795,0.57795,7
2026-03-27T08:21:00,0.578,0.57815,0.578,0.57815,34
2026-03-27T08:22:00,0.5781,0.57815,0.578,0.57815,28
2026-03-27T08:23:00,0.57815,0.57815,0.57815,0.57815,7
2026-03-27T08:24:00,0.5781,0.57815,0.5781,0.57815,24
2026-03-27T08:25:00,0.5781,0.57825,0.5781,0.57825,47
2026-03-27T08:26:00,0.5783,0.57835,0.5783,0.57835,27
2026-03-27T08:27:00,0.57835,0.5784,0.57835,0.57835,26
2026-03-27T08:28:00,0.5783,0.5783,0.57825,0.5783,6
2026-03-27T08:29:00,0.5784,0.57855,0.5784,0.57855,23
2026-03-27T08:30:00,0.5785,0.57865,0.5785,0.5786,46
2026-03-27T08:31:00,0.5787,0.5787,0.5786,0.5786,28
2026-03-27T08:32:00,0.57865,0.5788,0.57865,0.5788,28
2026-03-27T08:33:00,0.57885,0.5789,0.57885,0.57885,46
2026-03-27T08:34:00,0.5788,0.5789,0.57875,0.57875,17
2026-03-27T08:35:00,0.5788,0.5788,0.5786,0.5786,18
2026-03-27T08:36:00,0.57855,0.5786,0.5785,0.5786,13
2026-03-27T08:37:00,0.57855,0.5786,0.57855,0.5786,4
2026-03-27T08:38:00,0.57865,0.57865,0.5786,0.5786,13
2026-03-27T08:39:00,0.5786,0.5786,0.57855,0.57855,6
2026-03-27T08:40:00,0.5786,0.5786,0.5786,0.5786,3
2026-03-27T08:41:00,0.57855,0.5787,0.57855,0.5787,8
2026-03-27T08:42:00,0.5787,0.5788,0.5787,0.5788,15
2026-03-27T08:43:00,0.5787,0.5787,0.5787,0.5787,1
2026-03-27T08:44:00,0.5787,0.57875,0.5787,0.57875,16
2026-03-27T08:45:00,0.57875,0.5788,0.5787,0.57875,30
2026-03-27T08:46:00,0.57875,0.5788,0.57865,0.57865,38
2026-03-27T08:47:00,0.57865,0.57865,0.57865,0.57865,5
2026-03-27T08:48:00,0.5786,0.5787,0.5786,0.5787,20
2026-03-27T08:49:00,0.57865,0.57865,0.57865,0.57865,4
2026-03-27T08:50:00,0.5787,0.57875,0.57865,0.57875,20
2026-03-27T08:51:00,0.5786,0.5786,0.5786,0.5786,4
2026-03-27T08:52:00,0.5786,0.5786,0.5786,0.5786,5
2026-03-27T08:53:00,0.57845,0.57845,0.57845,0.57845,4
2026-03-27T08:54:00,0.5785,0.57855,0.5785,0.57855,12
2026-03-27T08:55:00,0.57855,0.57855,0.5785,0.5785,7
2026-03-27T08:56:00,0.5785,0.5785,0.5784,0.5784,16
2026-03-27T08:57:00,0.57845,0.5785,0.57845,0.5785,22
2026-03-27T08:58:00,0.5785,0.5785,0.57835,0.5784,72
2026-03-27T08:59:00,0.5784,0.5784,0.5783,0.5783,37
2026-03-27T09:00:00,0.57825,0.5784,0.57825,0.5784,51
2026-03-27T09:01:00,0.5784,0.5784,0.57815,0.57815,70
2026-03-27T09:02:00,0.5781,0.5783,0.5781,0.5782,39
2026-03-27T09:03:00,0.5782,0.5783,0.57815,0.57825,24
2026-03-27T09:04:00,0.5782,0.5782,0.5781,0.5781,15
2026-03-27T09:05:00,0.5781,0.5782,0.578,0.578,12
2026-03-27T09:06:00,0.578,0.578,0.5779,0.57795,12
2026-03-27T09:07:00,0.57785,0.578,0.57785,0.57795,22
2026-03-27T09:08:00,0.57795,0.578,0.5779,0.57795,31
2026-03-27T09:09:00,0.57795,0.57795,0.57795,0.57795,6
2026-03-27T09:10:00,0.5779,0.57795,0.5779,0.5779,10
2026-03-27T09:11:00,0.5779,0.57795,0.5778,0.57795,59
2026-03-27T09:12:00,0.5779,0.57805,0.5779,0.57805,23
2026-03-27T09:13:00,0.57815,0.5783,0.57815,0.5783,6
2026-03-27T09:14:00,0.57825,0.57825,0.57815,0.57815,12
2026-03-27T09:15:00,0.5781,0.5781,0.5781,0.5781,9
2026-03-27T09:16:00,0.57805,0.57805,0.578,0.57805,18
2026-03-27T09:17:00,0.57805,0.57805,0.578,0.578,6
2026-03-27T09:18:00,0.57795,0.5781,0.57795,0.5781,23
2026-03-27T09:19:00,0.57815,0.5783,0.57815,0.5782,13
2026-03-27T09:20:00,0.57815,0.57825,0.57815,0.57825,18
2026-03-27T09:21:00,0.57835,0.57845,0.57835,0.5784,43
2026-03-27T09:22:00,0.5784,0.5785,0.5784,0.57845,8
2026-03-27T09:23:00,0.5784,0.5784,0.5784,0.5784,8
2026-03-27T09:24:00,0.5785,0.57855,0.5785,0.5785,25
2026-03-27T09:25:00,0.5785,0.5786,0.5785,0.5786,33
2026-03-27T09:26:00,0.57855,0.57865,0.57855,0.57865,6
2026-03-27T09:27:00,0.57865,0.57865,0.5786,0.5786,5
2026-03-27T09:28:00,0.5786,0.5786,0.57855,0.57855,10
2026-03-27T09:30:00,0.5785,0.5785,0.5785,0.5785,8
2026-03-27T09:31:00,0.57845,0.5785,0.5784,0.5785,9
2026-03-27T09:32:00,0.5786,0.57865,0.5786,0.57865,10
2026-03-27T09:33:00,0.5787,0.57885,0.5787,0.57885,48
2026-03-27T09:34:00,0.57885,0.5789,0.5788,0.5788,11
2026-03-27T09:35:00,0.5788,0.5788,0.5787,0.5787,7
2026-03-27T09:36:00,0.57865,0.57885,0.57865,0.57885,9
2026-03-27T09:37:00,0.5788,0.5788,0.5788,0.5788,5
2026-03-27T09:38:00,0.5788,0.57885,0.5788,0.57885,7
2026-03-27T09:39:00,0.57875,0.57875,0.57875,0.57875,6
2026-03-27T09:40:00,0.57875,0.57875,0.5787,0.5787,9
2026-03-27T09:41:00,0.5786,0.5786,0.57855,0.5786,9
2026-03-27T09:42:00,0.57865,0.5787,0.57865,0.57865,9
2026-03-27T09:43:00,0.57855,0.5786,0.57855,0.57855,17
2026-03-27T09:44:00,0.57855,0.57855,0.57855,0.57855,6
2026-03-27T09:45:00,0.5785,0.5785,0.5784,0.57845,10
2026-03-27T09:46:00,0.5785,0.5785,0.57845,0.57845,22
2026-03-27T09:47:00,0.5783,0.57835,0.5783,0.57835,9
2026-03-27T09:48:00,0.57825,0.57825,0.57825,0.57825,5
2026-03-27T09:49:00,0.5783,0.5783,0.5783,0.5783,1
2026-03-27T09:50:00,0.57835,0.57835,0.57835,0.57835,4
2026-03-27T09:51:00,0.57835,0.57835,0.5783,0.5783,5
2026-03-27T09:52:00,0.5783,0.5783,0.5783,0.5783,14
2026-03-27T09:53:00,0.5783,0.57835,0.5783,0.5783,20
2026-03-27T09:54:00,0.5784,0.5784,0.5784,0.5784,2
2026-03-27T09:55:00,0.57835,0.57835,0.57835,0.57835,2
2026-03-27T09:56:00,0.5784,0.57845,0.5784,0.57845,7
2026-03-27T09:57:00,0.57845,0.57845,0.5784,0.5784,9
2026-03-27T09:58:00,0.57845,0.57845,0.57845,0.57845,9
2026-03-27T09:59:00,0.5784,0.5784,0.57835,0.5784,25
2026-03-27T10:00:00,0.57845,0.57845,0.5784,0.57845,18
2026-03-27T10:01:00,0.57845,0.5785,0.57845,0.5785,3
2026-03-27T10:02:00,0.57845,0.5786,0.57845,0.5786,7
2026-03-27T10:03:00,0.5786,0.57875,0.5786,0.5787,15
2026-03-27T10:04:00,0.57865,0.57865,0.57865,0.57865,1
2026-03-27T10:05:00,0.5787,0.57885,0.5787,0.57885,20
2026-03-27T10:06:00,0.5789,0.579,0.57885,0.5789,45
2026-03-27T10:07:00,0.579,0.579,0.57895,0.57895,5
2026-03-27T10:08:00,0.579,0.57915,0.579,0.57905,13
2026-03-27T10:09:00,0.57885,0.57885,0.57885,0.57885,10
2026-03-27T10:10:00,0.57885,0.57885,0.57875,0.57885,14
2026-03-27T10:11:00,0.5788,0.57885,0.5788,0.57885,5
2026-03-27T10:12:00,0.57885,0.57885,0.57865,0.57865,55
2026-03-27T10:13:00,0.57865,0.5787,0.5786,0.5786,12
2026-03-27T10:14:00,0.57855,0.57865,0.57855,0.5786,21
2026-03-27T10:15:00,0.5786,0.5786,0.5786,0.5786,1
2026-03-27T10:16:00,0.5785,0.5785,0.5785,0.5785,3
2026-03-27T10:17:00,0.5785,0.5786,0.5785,0.57855,16
2026-03-27T10:18:00,0.57855,0.57855,0.57855,0.57855,5
2026-03-27T10:19:00,0.57855,0.5786,0.57855,0.5786,5
2026-03-27T10:20:00,0.57855,0.57855,0.5785,0.5785,8
2026-03-27T10:22:00,0.57845,0.5785,0.5784,0.5785,14
2026-03-27T10:23:00,0.57855,0.57855,0.57855,0.57855,6
2026-03-27T10:24:00,0.5786,0.5786,0.5786,0.5786,1
2026-03-27T10:25:00,0.57855,0.57855,0.57855,0.57855,2
2026-03-27T10:26:00,0.5787,0.5787,0.5787,0.5787,2
2026-03-27T10:27:00,0.57865,0.5787,0.57865,0.57865,19
2026-03-27T10:28:00,0.57865,0.5787,0.57865,0.5787,10
2026-03-27T10:29:00,0.57875,0.5788,0.57875,0.5788,12
2026-03-27T10:30:00,0.57885,0.5789,0.57885,0.5789,6
2026-03-27T10:31:00,0.57885,0.5789,0.57885,0.57885,7
2026-03-27T10:32:00,0.57885,0.57885,0.5787,0.5787,11
2026-03-27T10:33:00,0.57865,0.57865,0.57865,0.57865,4
2026-03-27T10:34:00,0.57865,0.5787,0.57865,0.5787,3
2026-03-27T10:35:00,0.5787,0.5787,0.5786,0.57865,52
2026-03-27T10:36:00,0.5786,0.5786,0.5786,0.5786,1
2026-03-27T10:37:00,0.57855,0.57855,0.5785,0.5785,11
2026-03-27T10:38:00,0.57845,0.57845,0.57835,0.57835,10
2026-03-27T10:39:00,0.57825,0.57825,0.57825,0.57825,8
2026-03-27T10:40:00,0.57825,0.5783,0.57815,0.5782,42
2026-03-27T10:41:00,0.57815,0.5782,0.5781,0.57815,56
2026-03-27T10:42:00,0.5781,0.57825,0.5781,0.5782,16
2026-03-27T10:43:00,0.5781,0.57815,0.5781,0.5781,15
2026-03-27T10:44:00,0.57805,0.5781,0.57805,0.5781,3
2026-03-27T10:45:00,0.57805,0.5781,0.57805,0.5781,8
2026-03-27T10:46:00,0.5781,0.5782,0.5781,0.5782,5
2026-03-27T10:47:00,0.57815,0.57815,0.57815,0.57815,3
2026-03-27T10:48:00,0.5782,0.5782,0.57815,0.5782,4
2026-03-27T10:49:00,0.5783,0.57835,0.57825,0.57825,4
2026-03-27T10:50:00,0.5782,0.5783,0.5782,0.5783,7
2026-03-27T10:51:00,0.57825,0.57825,0.5782,0.5782,12
2026-03-27T10:52:00,0.57825,0.57825,0.5782,0.57825,12
2026-03-27T10:53:00,0.5783,0.5784,0.5782,0.57835,21
2026-03-27T10:54:00,0.5783,0.5783,0.5783,0.5783,10
2026-03-27T10:55:00,0.57835,0.57835,0.5782,0.57825,5
2026-03-27T10:56:00,0.57825,0.5783,0.5782,0.5783,19
2026-03-27T10:57:00,0.5782,0.5782,0.5782,0.5782,3
2026-03-27T10:58:00,0.57815,0.57815,0.5781,0.5781,8
2026-03-27T10:59:00,0.5782,0.5782,0.5782,0.5782,3
2026-03-27T11:00:00,0.57825,0.57825,0.5781,0.5781,14
2026-03-27T11:01:00,0.57805,0.57805,0.578,0.57805,13
2026-03-27T11:02:00,0.5781,0.57815,0.5781,0.57815,46
2026-03-27T11:03:00,0.5782,0.5782,0.57815,0.57815,8
2026-03-27T11:04:00,0.5782,0.5782,0.57815,0.57815,5
2026-03-27T11:05:00,0.57815,0.5782,0.57815,0.57815,21
2026-03-27T11:06:00,0.57815,0.57815,0.578,0.578,14
2026-03-27T11:07:00,0.57805,0.57805,0.57795,0.57795,19
2026-03-27T11:08:00,0.578,0.5781,0.578,0.57805,22
2026-03-27T11:09:00,0.5781,0.5782,0.5781,0.57815,14
2026-03-27T11:10:00,0.5782,0.57825,0.5782,0.57825,12
2026-03-27T11:11:00,0.5782,0.57825,0.5782,0.57825,18
2026-03-27T11:12:00,0.5782,0.5782,0.5781,0.5782,20
2026-03-27T11:13:00,0.57825,0.5783,0.5782,0.5783,12
2026-03-27T11:14:00,0.5783,0.5783,0.5782,0.5782,3
2026-03-27T11:15:00,0.57815,0.5783,0.57815,0.57825,7
2026-03-27T11:16:00,0.5783,0.5783,0.5783,0.5783,1
2026-03-27T11:17:00,0.5783,0.57835,0.57825,0.57825,19
2026-03-27T11:19:00,0.57825,0.57825,0.5782,0.57825,14
2026-03-27T11:20:00,0.57825,0.57825,0.5782,0.5782,28
2026-03-27T11:21:00,0.57815,0.5782,0.57815,0.5782,15
2026-03-27T11:22:00,0.5781,0.5781,0.57805,0.57805,29
2026-03-27T11:23:00,0.5781,0.5781,0.57805,0.57805,6
2026-03-27T11:24:00,0.57805,0.5781,0.57805,0.5781,17
2026-03-27T11:25:00,0.5781,0.5781,0.57805,0.5781,11
2026-03-27T11:26:00,0.57815,0.5782,0.5781,0.5782,22
2026-03-27T11:27:00,0.5782,0.57825,0.5781,0.5782,58
2026-03-27T11:28:00,0.5782,0.5782,0.5782,0.5782,3
2026-03-27T11:29:00,0.5782,0.57825,0.57815,0.57825,9
2026-03-27T11:30:00,0.57825,0.57825,0.5782,0.5782,15
2026-03-27T11:31:00,0.57825,0.57825,0.57815,0.57815,12
2026-03-27T11:32:00,0.57825,0.5783,0.57825,0.57825,7
2026-03-27T11:33:00,0.57825,0.5783,0.57825,0.5783,5
2026-03-27T11:34:00,0.5783,0.5783,0.5783,0.5783,4
2026-03-27T11:35:00,0.57835,0.57835,0.5782,0.5782,25
2026-03-27T11:36:00,0.5782,0.5782,0.57815,0.57815,6
2026-03-27T11:37:00,0.57825,0.5783,0.5782,0.5782,18
2026-03-27T11:38:00,0.57815,0.5783,0.5781,0.5783,14
2026-03-27T11:39:00,0.57825,0.5783,0.5782,0.5782,58
2026-03-27T11:40:00,0.5782,0.5782,0.5782,0.5782,2
2026-03-27T11:41:00,0.57825,0.5783,0.57825,0.5783,14
2026-03-27T11:42:00,0.57825,0.5783,0.57825,0.5783,11
2026-03-27T11:43:00,0.5783,0.57835,0.57825,0.57835,14
2026-03-27T11:44:00,0.57835,0.57835,0.57835,0.57835,2
2026-03-27T11:45:00,0.57835,0.57835,0.57825,0.5783,14
2026-03-27T11:47:00,0.57815,0.57815,0.57815,0.57815,4
2026-03-27T11:48:00,0.5781,0.5781,0.57805,0.57805,2
2026-03-27T11:49:00,0.5781,0.5781,0.57805,0.5781,13
2026-03-27T11:50:00,0.5781,0.5781,0.578,0.578,14
2026-03-27T11:51:00,0.57795,0.578,0.57795,0.57795,5
2026-03-27T11:52:00,0.57795,0.57795,0.57795,0.57795,6
2026-03-27T11:53:00,0.57795,0.57805,0.57795,0.578,10
2026-03-27T11:54:00,0.57805,0.57805,0.57795,0.57795,60
2026-03-27T11:55:00,0.578,0.578,0.57785,0.5779,225
2026-03-27T11:56:00,0.5779,0.5779,0.57785,0.57785,51
2026-03-27T11:57:00,0.57785,0.57785,0.5778,0.5778,9
2026-03-27T11:58:00,0.5778,0.5778,0.57775,0.57775,5
2026-03-27T11:59:00,0.5777,0.5777,0.57745,0.5775,218
2026-03-27T12:00:00,0.5775,0.57755,0.5775,0.57755,41
2026-03-27T12:01:00,0.57755,0.5776,0.5773,0.5773,126
2026-03-27T12:02:00,0.57735,0.57745,0.5773,0.5773,64
2026-03-27T12:03:00,0.5773,0.57735,0.5772,0.5773,47
2026-03-27T12:04:00,0.5773,0.5773,0.57705,0.5771,120
2026-03-27T12:05:00,0.5771,0.5771,0.57705,0.5771,28
2026-03-27T12:06:00,0.57715,0.57715,0.57685,0.57685,191
2026-03-27T12:07:00,0.57685,0.5771,0.5768,0.57705,109
2026-03-27T12:08:00,0.577,0.577,0.57685,0.57685,17
2026-03-27T12:09:00,0.5769,0.57695,0.57685,0.5769,11
2026-03-27T12:10:00,0.5769,0.5769,0.57675,0.57675,18
2026-03-27T12:11:00,0.57685,0.577,0.57685,0.577,69
2026-03-27T12:12:00,0.5771,0.5771,0.577,0.577,16
2026-03-27T12:13:00,0.57705,0.57715,0.57705,0.57715,10
2026-03-27T12:14:00,0.57715,0.5772,0.577,0.577,76
2026-03-27T12:15:00,0.57695,0.577,0.57685,0.57685,17
2026-03-27T12:16:00,0.57695,0.577,0.57695,0.577,5
2026-03-27T12:17:00,0.57695,0.57705,0.57695,0.57705,13
2026-03-27T12:18:00,0.57705,0.5771,0.57705,0.5771,15
2026-03-27T12:19:00,0.57715,0.57715,0.57715,0.57715,1
2026-03-27T12:20:00,0.5771,0.5771,0.57685,0.57685,80
2026-03-27T12:21:00,0.57685,0.5769,0.5768,0.5768,18
2026-03-27T12:22:00,0.5768,0.5768,0.57675,0.5768,22
2026-03-27T12:23:00,0.5768,0.5769,0.5768,0.57685,108
2026-03-27T12:24:00,0.57685,0.57705,0.57685,0.57705,34
2026-03-27T12:25:00,0.57705,0.57715,0.57705,0.5771,182
2026-03-27T12:26:00,0.57705,0.5771,0.57705,0.57705,29
2026-03-27T12:27:00,0.5771,0.5771,0.57705,0.57705,18
2026-03-27T12:28:00,0.57705,0.57705,0.57695,0.57695,32
2026-03-27T12:29:00,0.57695,0.577,0.57695,0.577,40
2026-03-27T12:30:00,0.577,0.577,0.5768,0.5768,54
2026-03-27T12:31:00,0.5768,0.5768,0.5767,0.5768,63
2026-03-27T12:32:00,0.57675,0.5768,0.57675,0.57675,57
2026-03-27T12:33:00,0.57675,0.5768,0.57675,0.5768,11
2026-03-27T12:34:00,0.57675,0.5768,0.57655,0.5766,73
2026-03-27T12:35:00,0.57665,0.57665,0.5766,0.5766,17
2026-03-27T12:36:00,0.5766,0.57665,0.5766,0.57665,34
2026-03-27T12:37:00,0.57665,0.57665,0.57655,0.5766,92
2026-03-27T12:38:00,0.5766,0.5767,0.5766,0.57665,19
2026-03-27T12:39:00,0.57665,0.5768,0.57665,0.5768,43
2026-03-27T12:40:00,0.5768,0.5768,0.5768,0.5768,22
2026-03-27T12:41:00,0.57675,0.57695,0.57675,0.5769,21
2026-03-27T12:42:00,0.57685,0.57685,0.5768,0.57685,42
2026-03-27T12:43:00,0.57685,0.57685,0.5768,0.5768,22
2026-03-27T12:44:00,0.5768,0.5769,0.57675,0.5769,22
2026-03-27T12:45:00,0.57695,0.577,0.57695,0.577,8
2026-03-27T12:46:00,0.577,0.577,0.57695,0.57695,49
2026-03-27T12:47:00,0.5769,0.57695,0.5768,0.57695,35
2026-03-27T12:48:00,0.57695,0.577,0.5768,0.5768,16
2026-03-27T12:49:00,0.5768,0.57685,0.57675,0.57685,101
2026-03-27T12:50:00,0.57685,0.57695,0.57685,0.57695,13
2026-03-27T12:51:00,0.57695,0.57705,0.5769,0.57705,25
2026-03-27T12:52:00,0.57705,0.5771,0.57705,0.57705,11
2026-03-27T12:53:00,0.5771,0.57715,0.5771,0.57715,11
2026-03-27T12:54:00,0.57705,0.57705,0.5769,0.57695,16
2026-03-27T12:55:00,0.57705,0.5771,0.57705,0.5771,11
2026-03-27T12:56:00,0.5771,0.57715,0.57695,0.57695,27
2026-03-27T12:57:00,0.57695,0.57695,0.57695,0.57695,3
2026-03-27T12:58:00,0.577,0.57705,0.577,0.57705,4
2026-03-27T12:59:00,0.577,0.57705,0.57695,0.57695,8
2026-03-27T13:00:00,0.57695,0.57695,0.5768,0.5768,24
2026-03-27T13:01:00,0.5768,0.57685,0.57675,0.5768,40
2026-03-27T13:02:00,0.5768,0.57685,0.5767,0.5768,53
2026-03-27T13:03:00,0.5768,0.5768,0.5766,0.5767,24
2026-03-27T13:04:00,0.57685,0.57685,0.57675,0.57675,14
2026-03-27T13:05:00,0.5768,0.5768,0.5767,0.5768,30
2026-03-27T13:06:00,0.5768,0.57685,0.57675,0.57685,8
2026-03-27T13:07:00,0.57685,0.5769,0.57685,0.57685,33
2026-03-27T13:08:00,0.5769,0.57705,0.5769,0.577,40
2026-03-27T13:09:00,0.57695,0.57695,0.5768,0.57685,73
2026-03-27T13:10:00,0.5769,0.5769,0.5767,0.57675,38
2026-03-27T13:11:00,0.5767,0.5768,0.5767,0.5767,17
2026-03-27T13:12:00,0.5767,0.5767,0.57665,0.57665,48
2026-03-27T13:13:00,0.5767,0.5767,0.57665,0.5767,36
2026-03-27T13:14:00,0.57675,0.57675,0.57665,0.57665,15
2026-03-27T13:15:00,0.5767,0.5768,0.5767,0.5768,17
2026-03-27T13:16:00,0.5769,0.577,0.5769,0.57695,18
2026-03-27T13:17:00,0.57695,0.57695,0.57685,0.5769,28
2026-03-27T13:18:00,0.5769,0.577,0.5769,0.577,11
2026-03-27T13:19:00,0.57705,0.5771,0.57695,0.57695,40
2026-03-27T13:20:00,0.5771,0.57715,0.57705,0.5771,44
2026-03-27T13:21:00,0.5771,0.57715,0.57705,0.57705,46
2026-03-27T13:22:00,0.57705,0.5771,0.577,0.57705,29
2026-03-27T13:23:00,0.577,0.577,0.5769,0.57695,21
2026-03-27T13:24:00,0.57695,0.57715,0.57695,0.5771,29
2026-03-27T13:25:00,0.5772,0.57725,0.5771,0.5771,13
2026-03-27T13:26:00,0.5771,0.5771,0.577,0.57705,237
2026-03-27T13:27:00,0.57705,0.57715,0.577,0.57715,385
2026-03-27T13:28:00,0.5772,0.57725,0.57715,0.57715,284
2026-03-27T13:29:00,0.57715,0.5772,0.57715,0.5772,14
2026-03-27T13:30:00,0.57715,0.5773,0.57705,0.57705,50
2026-03-27T13:31:00,0.57705,0.57705,0.57685,0.57685,44
2026-03-27T13:32:00,0.5768,0.5768,0.5767,0.5768,26
2026-03-27T13:33:00,0.5768,0.57685,0.5767,0.5767,31
2026-03-27T13:34:00,0.5767,0.57675,0.5767,0.57675,4
2026-03-27T13:35:00,0.57665,0.5767,0.5766,0.57665,42
2026-03-27T13:36:00,0.57675,0.57675,0.5766,0.57665,27
2026-03-27T13:37:00,0.57665,0.57695,0.57665,0.57695,24
2026-03-27T13:38:00,0.57695,0.5771,0.57695,0.57705,29
2026-03-27T13:39:00,0.5771,0.5772,0.5771,0.5772,20
2026-03-27T13:40:00,0.5772,0.5772,0.5771,0.5771,28
2026-03-27T13:41:00,0.57725,0.57725,0.57695,0.57705,40
2026-03-27T13:42:00,0.57705,0.5771,0.577,0.5771,23
2026-03-27T13:43:00,0.5771,0.5772,0.5771,0.57715,45
2026-03-27T13:44:00,0.5772,0.57735,0.5772,0.5773,40
2026-03-27T13:45:00,0.5773,0.5775,0.57725,0.5774,41
2026-03-27T13:46:00,0.57745,0.5777,0.5774,0.57765,23
2026-03-27T13:47:00,0.57775,0.57775,0.57765,0.57775,42
2026-03-27T13:48:00,0.5777,0.5779,0.5777,0.5778,57
2026-03-27T13:49:00,0.5778,0.5779,0.5777,0.5777,41
2026-03-27T13:50:00,0.5777,0.5777,0.57745,0.57745,23
2026-03-27T13:51:00,0.5775,0.5775,0.5773,0.5773,35
2026-03-27T13:52:00,0.57725,0.5774,0.57725,0.5773,29
2026-03-27T13:53:00,0.5774,0.57745,0.57725,0.57735,20
2026-03-27T13:54:00,0.5773,0.57735,0.5773,0.5773,20
2026-03-27T13:55:00,0.57725,0.57725,0.57715,0.57725,29
2026-03-27T13:56:00,0.5772,0.5773,0.5772,0.5772,31
2026-03-27T13:57:00,0.5772,0.57725,0.5772,0.57725,40
2026-03-27T13:58:00,0.5772,0.57725,0.5772,0.5772,26
2026-03-27T13:59:00,0.5772,0.57735,0.5772,0.57735,135
2026-03-27T14:00:00,0.57735,0.5775,0.57725,0.57745,171
2026-03-27T14:01:00,0.5775,0.57755,0.57735,0.5774,69
2026-03-27T14:02:00,0.57745,0.5776,0.57735,0.57755,81
2026-03-27T14:03:00,0.57755,0.57765,0.5775,0.5776,69
2026-03-27T14:04:00,0.57765,0.57765,0.57755,0.57755,74
2026-03-27T14:05:00,0.5776,0.5777,0.57755,0.5776,80
2026-03-27T14:06:00,0.57755,0.5776,0.5775,0.57755,23
2026-03-27T14:07:00,0.5775,0.57765,0.5775,0.5776,50
2026-03-27T14:08:00,0.57755,0.57755,0.5774,0.57745,48
2026-03-27T14:09:00,0.57745,0.5775,0.5774,0.5774,50
2026-03-27T14:10:00,0.57745,0.5777,0.57745,0.5776,22
2026-03-27T14:11:00,0.5776,0.57775,0.5776,0.5777,113
2026-03-27T14:12:00,0.57775,0.57775,0.57765,0.57765,78
2026-03-27T14:13:00,0.57765,0.57765,0.5774,0.5774,26
2026-03-27T14:14:00,0.5775,0.57775,0.5775,0.57775,33
2026-03-27T14:15:00,0.5777,0.57775,0.5776,0.57765,85
2026-03-27T14:16:00,0.5776,0.5779,0.5776,0.57785,45
2026-03-27T14:17:00,0.57785,0.57805,0.5778,0.578,72
2026-03-27T14:18:00,0.578,0.57805,0.5779,0.5779,32
2026-03-27T14:19:00,0.57795,0.578,0.57785,0.57795,6
2026-03-27T14:20:00,0.57795,0.578,0.5779,0.57795,23
2026-03-27T14:21:00,0.578,0.578,0.5778,0.5779,22
2026-03-27T14:22:00,0.5779,0.5779,0.57785,0.57785,49
2026-03-27T14:23:00,0.5778,0.5779,0.57775,0.57775,70
2026-03-27T14:24:00,0.5778,0.5779,0.5778,0.57785,34
2026-03-27T14:25:00,0.57795,0.57805,0.57795,0.578,21
2026-03-27T14:26:00,0.57795,0.57795,0.5777,0.5777,17
2026-03-27T14:27:00,0.57775,0.57775,0.5776,0.57765,25
2026-03-27T14:28:00,0.5777,0.5777,0.57765,0.5777,30
2026-03-27T14:29:00,0.5777,0.5777,0.57765,0.57765,24
2026-03-27T14:30:00,0.57755,0.57765,0.5775,0.5776,33
2026-03-27T14:31:00,0.57755,0.57765,0.57755,0.57765,21
2026-03-27T14:32:00,0.5776,0.57765,0.57755,0.5776,19
2026-03-27T14:33:00,0.5776,0.57775,0.5776,0.5777,35
2026-03-27T14:34:00,0.57775,0.5779,0.5777,0.5779,23
2026-03-27T14:35:00,0.5779,0.5779,0.5777,0.57775,25
2026-03-27T14:36:00,0.57775,0.57775,0.5776,0.57765,24
2026-03-27T14:37:00,0.5777,0.5777,0.5775,0.5775,130
2026-03-27T14:38:00,0.5775,0.5775,0.5772,0.5772,111
2026-03-27T14:39:00,0.5774,0.57745,0.57735,0.57745,26
2026-03-27T14:40:00,0.5774,0.5775,0.57735,0.5775,35
2026-03-27T14:41:00,0.57745,0.57745,0.5773,0.5773,24
2026-03-27T14:42:00,0.5773,0.5774,0.5773,0.5774,9
2026-03-27T14:43:00,0.57735,0.57735,0.57725,0.5773,17
2026-03-27T14:44:00,0.57725,0.57735,0.57725,0.5773,15
2026-03-27T14:45:00,0.57735,0.5774,0.57725,0.57725,30
2026-03-27T14:46:00,0.5773,0.5773,0.57715,0.5773,27
2026-03-27T14:47:00,0.57735,0.5774,0.57725,0.5774,20
2026-03-27T14:48:00,0.57745,0.57745,0.5774,0.57745,24
2026-03-27T14:49:00,0.5774,0.57745,0.5774,0.57745,19
2026-03-27T14:50:00,0.5775,0.57755,0.57745,0.5775,23
2026-03-27T14:51:00,0.57755,0.57765,0.57755,0.57755,31
2026-03-27T14:52:00,0.57755,0.5776,0.5775,0.5776,32
2026-03-27T14:53:00,0.5776,0.57765,0.5775,0.5775,27
2026-03-27T14:54:00,0.57755,0.5776,0.5774,0.5774,33
2026-03-27T14:55:00,0.57745,0.57765,0.57745,0.57765,27
2026-03-27T14:56:00,0.57765,0.5777,0.57765,0.57765,40
2026-03-27T14:57:00,0.5776,0.57765,0.57755,0.57765,44
2026-03-27T14:58:00,0.57765,0.57765,0.57745,0.5775,85
2026-03-27T14:59:00,0.57745,0.57755,0.57735,0.5774,156
2026-03-27T15:00:00,0.5774,0.5776,0.5774,0.5775,86
2026-03-27T15:01:00,0.57745,0.57765,0.57745,0.57765,67
2026-03-27T15:02:00,0.5776,0.57775,0.57755,0.57775,48
2026-03-27T15:03:00,0.5778,0.5779,0.5777,0.57785,47
2026-03-27T15:04:00,0.5778,0.57785,0.5778,0.57785,26
2026-03-27T15:05:00,0.5778,0.57785,0.5777,0.57785,33
2026-03-27T15:06:00,0.5778,0.57785,0.57755,0.57755,49
2026-03-27T15:07:00,0.5775,0.5775,0.5774,0.5774,3
2026-03-27T15:08:00,0.5773,0.57745,0.5773,0.57745,23
2026-03-27T15:09:00,0.5775,0.5775,0.57745,0.57745,4
2026-03-27T15:10:00,0.57755,0.5776,0.5775,0.57755,15
2026-03-27T15:11:00,0.57755,0.57765,0.5775,0.5775,35
2026-03-27T15:12:00,0.57745,0.5775,0.57745,0.5775,16
2026-03-27T15:13:00,0.5774,0.57745,0.5774,0.57745,10
2026-03-27T15:14:00,0.57755,0.5776,0.5774,0.5774,21
2026-03-27T15:15:00,0.57745,0.5775,0.5774,0.5774,14
2026-03-27T15:16:00,0.5774,0.5775,0.5773,0.57735,89
2026-03-27T15:17:00,0.5774,0.5775,0.5771,0.5771,336
2026-03-27T15:18:00,0.5772,0.57735,0.5772,0.57735,63
2026-03-27T15:19:00,0.5773,0.5774,0.5773,0.5773,113
2026-03-27T15:20:00,0.5773,0.57735,0.5772,0.5773,73
2026-03-27T15:21:00,0.5773,0.57735,0.57725,0.57735,30
2026-03-27T15:22:00,0.57735,0.57735,0.57725,0.57725,37
2026-03-27T15:23:00,0.5773,0.5781,0.5773,0.57805,497
2026-03-27T15:24:00,0.5781,0.57815,0.5776,0.5776,129
2026-03-27T15:25:00,0.5776,0.57765,0.57745,0.57755,22
2026-03-27T15:26:00,0.57765,0.57765,0.5776,0.57765,38
2026-03-27T15:27:00,0.57765,0.5777,0.57755,0.57765,7
2026-03-27T15:28:00,0.5777,0.5778,0.5776,0.5778,19
2026-03-27T15:29:00,0.57775,0.57775,0.57765,0.57765,18
2026-03-27T15:30:00,0.5777,0.57795,0.5777,0.57795,54
2026-03-27T15:31:00,0.57795,0.5782,0.5779,0.5782,53
2026-03-27T15:32:00,0.57815,0.57835,0.57805,0.5783,50
2026-03-27T15:33:00,0.57835,0.5784,0.5783,0.57835,90
2026-03-27T15:34:00,0.5784,0.5784,0.57825,0.5783,62
2026-03-27T15:35:00,0.5784,0.5784,0.57815,0.5782,41
2026-03-27T15:36:00,0.57825,0.57825,0.57805,0.57815,105
2026-03-27T15:37:00,0.5782,0.5784,0.57815,0.5782,57
2026-03-27T15:38:00,0.5782,0.5782,0.5781,0.5782,61
2026-03-27T15:39:00,0.57815,0.57815,0.578,0.578,16
2026-03-27T15:40:00,0.578,0.578,0.5778,0.5778,10
2026-03-27T15:41:00,0.57785,0.57785,0.5776,0.5777,13
2026-03-27T15:42:00,0.57765,0.5777,0.57765,0.5777,13
2026-03-27T15:43:00,0.57775,0.5778,0.5777,0.5777,12
2026-03-27T15:44:00,0.57775,0.5778,0.57775,0.5778,9
2026-03-27T15:45:00,0.5778,0.57785,0.57775,0.57775,16
2026-03-27T15:46:00,0.5776,0.5776,0.57745,0.5776,91
2026-03-27T15:47:00,0.57755,0.57765,0.57755,0.57755,8
2026-03-27T15:48:00,0.57755,0.5776,0.5775,0.5776,24
2026-03-27T15:49:00,0.57755,0.5776,0.57755,0.57755,14
2026-03-27T15:50:00,0.5776,0.57765,0.5776,0.5776,18
2026-03-27T15:51:00,0.5775,0.5776,0.5775,0.57755,29
2026-03-27T15:52:00,0.5775,0.5775,0.5773,0.5773,45
2026-03-27T15:53:00,0.5773,0.57735,0.5773,0.5773,8
2026-03-27T15:54:00,0.57725,0.57735,0.57725,0.57735,35
2026-03-27T15:55:00,0.5773,0.5773,0.5772,0.5772,27
2026-03-27T15:56:00,0.5772,0.5772,0.5771,0.57715,129
2026-03-27T15:57:00,0.5772,0.5773,0.5771,0.5772,281
2026-03-27T15:58:00,0.5773,0.57735,0.5772,0.5773,53
2026-03-27T15:59:00,0.5773,0.57735,0.57725,0.57725,277
2026-03-27T16:00:00,0.57725,0.57725,0.57715,0.5772,96
2026-03-27T16:01:00,0.5772,0.57725,0.5771,0.5772,77
2026-03-27T16:02:00,0.5772,0.5774,0.5772,0.5773,79
2026-03-27T16:03:00,0.5773,0.57755,0.5773,0.5775,71
2026-03-27T16:04:00,0.57745,0.5775,0.5774,0.5774,19
2026-03-27T16:05:00,0.57745,0.57745,0.5773,0.57735,13
2026-03-27T16:06:00,0.57725,0.5773,0.5772,0.5773,23
2026-03-27T16:07:00,0.57725,0.57725,0.57715,0.57715,12
2026-03-27T16:08:00,0.57715,0.57725,0.57715,0.5772,25
2026-03-27T16:09:00,0.57715,0.57725,0.57715,0.57715,20
2026-03-27T16:10:00,0.57715,0.57715,0.57705,0.57705,13
2026-03-27T16:11:00,0.57705,0.57705,0.57695,0.57695,18
2026-03-27T16:12:00,0.577,0.57715,0.577,0.5771,23
2026-03-27T16:13:00,0.5771,0.5772,0.5771,0.5771,21
2026-03-27T16:14:00,0.57705,0.57715,0.57705,0.57715,12
2026-03-27T16:15:00,0.57715,0.57715,0.57715,0.57715,5
2026-03-27T16:16:00,0.5771,0.57715,0.57705,0.57715,18
2026-03-27T16:17:00,0.5771,0.57715,0.57705,0.57705,31
2026-03-27T16:18:00,0.5772,0.57725,0.57715,0.57715,4
2026-03-27T16:19:00,0.57715,0.57715,0.57715,0.57715,4
2026-03-27T16:20:00,0.5773,0.57735,0.57725,0.57735,15
2026-03-27T16:21:00,0.57735,0.57735,0.5772,0.5773,13
2026-03-27T16:22:00,0.5773,0.5773,0.5772,0.5772,11
2026-03-27T16:23:00,0.57725,0.57725,0.5772,0.57725,27
2026-03-27T16:24:00,0.57725,0.57725,0.57705,0.57705,31
2026-03-27T16:25:00,0.577,0.5771,0.577,0.5771,22
2026-03-27T16:26:00,0.57705,0.57705,0.577,0.577,19
2026-03-27T16:27:00,0.57705,0.57715,0.57705,0.57715,9
2026-03-27T16:28:00,0.57715,0.57715,0.577,0.5771,107
2026-03-27T16:29:00,0.5771,0.5772,0.5771,0.5772,42
2026-03-27T16:30:00,0.5772,0.57725,0.57715,0.57715,35
2026-03-27T16:31:00,0.5771,0.57715,0.57705,0.57715,53
2026-03-27T16:32:00,0.57705,0.5771,0.57705,0.57705,25
2026-03-27T16:33:00,0.5771,0.57715,0.57705,0.57705,61
2026-03-27T16:34:00,0.577,0.57705,0.577,0.57705,9
2026-03-27T16:35:00,0.577,0.577,0.57695,0.57695,16
2026-03-27T16:36:00,0.577,0.577,0.57695,0.57695,4
2026-03-27T16:37:00,0.57695,0.57695,0.5768,0.5768,23
2026-03-27T16:38:00,0.5768,0.57685,0.5768,0.5768,14
2026-03-27T16:39:00,0.57685,0.57685,0.5768,0.5768,8
2026-03-27T16:40:00,0.5767,0.5767,0.57665,0.57665,21
2026-03-27T16:41:00,0.57665,0.5769,0.57665,0.5769,22
2026-03-27T16:42:00,0.5769,0.577,0.5769,0.577,7
2026-03-27T16:43:00,0.5769,0.577,0.5769,0.577,16
2026-03-27T16:44:00,0.57695,0.57695,0.57695,0.57695,7
2026-03-27T16:45:00,0.57695,0.57695,0.57685,0.5769,17
2026-03-27T16:46:00,0.57695,0.5771,0.5769,0.5771,25
2026-03-27T16:47:00,0.5771,0.5771,0.57695,0.577,23
2026-03-27T16:48:00,0.577,0.5771,0.577,0.57705,41
2026-03-27T16:49:00,0.5771,0.57715,0.5771,0.57715,6
2026-03-27T16:50:00,0.5771,0.5773,0.5771,0.5771,20
2026-03-27T16:51:00,0.5771,0.57715,0.5771,0.5771,18
2026-03-27T16:52:00,0.577,0.577,0.57695,0.57695,7
2026-03-27T16:53:00,0.57705,0.57705,0.57695,0.577,10
2026-03-27T16:54:00,0.57705,0.57705,0.57695,0.57695,6
2026-03-27T16:55:00,0.57695,0.577,0.57695,0.577,5
2026-03-27T16:56:00,0.5769,0.577,0.5769,0.577,2
2026-03-27T16:57:00,0.577,0.57705,0.57695,0.57695,10
2026-03-27T16:58:00,0.5769,0.5769,0.57685,0.57685,12
2026-03-27T16:59:00,0.5768,0.5768,0.5768,0.5768,17
2026-03-27T17:00:00,0.5768,0.5768,0.57665,0.57665,20
2026-03-27T17:01:00,0.5767,0.5767,0.57655,0.5766,28
2026-03-27T17:02:00,0.5766,0.5766,0.57645,0.57655,23
2026-03-27T17:03:00,0.5766,0.5766,0.5766,0.5766,11
2026-03-27T17:04:00,0.5766,0.57665,0.5766,0.5766,12
2026-03-27T17:05:00,0.5766,0.57665,0.57645,0.57645,17
2026-03-27T17:06:00,0.57645,0.5771,0.57645,0.57705,324
2026-03-27T17:07:00,0.5771,0.5774,0.5768,0.57685,474
2026-03-27T17:08:00,0.5768,0.5768,0.57665,0.5767,38
2026-03-27T17:09:00,0.5767,0.5767,0.57655,0.57665,21
2026-03-27T17:10:00,0.57655,0.57665,0.57645,0.57645,13
2026-03-27T17:11:00,0.5765,0.5765,0.5765,0.5765,10
2026-03-27T17:12:00,0.57645,0.5765,0.57635,0.57635,11
2026-03-27T17:13:00,0.5764,0.57645,0.5764,0.5764,16
2026-03-27T17:14:00,0.5764,0.5764,0.5764,0.5764,4
2026-03-27T17:15:00,0.5764,0.5764,0.57625,0.57625,26
2026-03-27T17:16:00,0.5763,0.5763,0.57615,0.57625,123
2026-03-27T17:17:00,0.5762,0.57625,0.57615,0.57615,74
2026-03-27T17:18:00,0.57615,0.57615,0.5761,0.5761,9
2026-03-27T17:19:00,0.5761,0.5761,0.5761,0.5761,9
2026-03-27T17:20:00,0.57615,0.57615,0.57605,0.5761,28
2026-03-27T17:21:00,0.5761,0.5761,0.57605,0.57605,3
2026-03-27T17:22:00,0.57605,0.5761,0.57605,0.57605,21
2026-03-27T17:23:00,0.5761,0.57615,0.57605,0.57605,10
2026-03-27T17:24:00,0.57605,0.5761,0.576,0.576,21
2026-03-27T17:25:00,0.576,0.576,0.5759,0.5759,35
2026-03-27T17:26:00,0.57585,0.5759,0.57575,0.57575,38
2026-03-27T17:27:00,0.57575,0.57575,0.57565,0.5757,71
2026-03-27T17:28:00,0.5757,0.5757,0.57565,0.57565,44
2026-03-27T17:29:00,0.5756,0.57565,0.57555,0.5756,70
2026-03-27T17:30:00,0.5756,0.5757,0.5755,0.57555,42
2026-03-27T17:31:00,0.57555,0.57565,0.57555,0.5756,17
2026-03-27T17:32:00,0.5756,0.5756,0.5756,0.5756,3
2026-03-27T17:33:00,0.5756,0.57565,0.5756,0.57565,43
2026-03-27T17:34:00,0.57565,0.57575,0.57565,0.5757,40
2026-03-27T17:35:00,0.5756,0.5757,0.5756,0.57565,16
2026-03-27T17:36:00,0.5757,0.5757,0.57565,0.57565,13
2026-03-27T17:37:00,0.5756,0.57565,0.5756,0.57565,11
2026-03-27T17:38:00,0.57565,0.57565,0.57555,0.57555,29
2026-03-27T17:39:00,0.57555,0.5756,0.57555,0.5756,13
2026-03-27T17:40:00,0.57555,0.5756,0.5755,0.5755,11
2026-03-27T17:41:00,0.5755,0.5755,0.57545,0.5755,17
2026-03-27T17:42:00,0.57545,0.5755,0.57545,0.5755,15
2026-03-27T17:43:00,0.57555,0.57555,0.57555,0.57555,3
2026-03-27T17:44:00,0.57545,0.5755,0.57545,0.5755,9
2026-03-27T17:45:00,0.57555,0.57565,0.57555,0.57565,31
2026-03-27T17:46:00,0.57555,0.57555,0.57555,0.57555,1
2026-03-27T17:47:00,0.5756,0.57565,0.5756,0.57565,11
2026-03-27T17:48:00,0.57565,0.57565,0.5756,0.5756,28
2026-03-27T17:49:00,0.57565,0.5757,0.57565,0.57565,24
2026-03-27T17:50:00,0.5756,0.5757,0.5756,0.5757,6
2026-03-27T17:51:00,0.57575,0.5758,0.57575,0.5758,31
2026-03-27T17:52:00,0.57575,0.57575,0.5757,0.5757,11
2026-03-27T17:53:00,0.57575,0.57575,0.5757,0.5757,7
2026-03-27T17:54:00,0.57565,0.57565,0.57565,0.57565,2
2026-03-27T17:55:00,0.5757,0.5757,0.57565,0.57565,3
2026-03-27T17:56:00,0.5756,0.57565,0.57555,0.5756,77
2026-03-27T17:57:00,0.5756,0.57565,0.5756,0.5756,17
2026-03-27T17:58:00,0.57565,0.57565,0.57565,0.57565,4
2026-03-27T17:59:00,0.57565,0.57565,0.57565,0.57565,14
2026-03-27T18:00:00,0.57565,0.5757,0.57565,0.57565,21
2026-03-27T18:01:00,0.5757,0.5758,0.57565,0.57575,39
2026-03-27T18:02:00,0.57575,0.57575,0.57565,0.57565,15
2026-03-27T18:03:00,0.57565,0.5757,0.57565,0.5757,19
2026-03-27T18:04:00,0.57565,0.57575,0.5756,0.5757,151
2026-03-27T18:05:00,0.57575,0.57575,0.57565,0.57565,10
2026-03-27T18:06:00,0.5756,0.5756,0.57555,0.57555,13
2026-03-27T18:07:00,0.57555,0.5756,0.57545,0.57545,16
2026-03-27T18:08:00,0.57555,0.57555,0.57555,0.57555,7
2026-03-27T18:09:00,0.57555,0.5756,0.57555,0.5756,15
2026-03-27T18:10:00,0.5756,0.5756,0.57545,0.57545,43
2026-03-27T18:11:00,0.5755,0.57555,0.5755,0.5755,21
2026-03-27T18:12:00,0.57545,0.57545,0.5754,0.5754,16
2026-03-27T18:13:00,0.57545,0.57545,0.57535,0.57535,20
2026-03-27T18:14:00,0.57545,0.57545,0.5754,0.5754,19
2026-03-27T18:15:00,0.57545,0.5755,0.57545,0.57545,25
2026-03-27T18:16:00,0.57545,0.5755,0.5754,0.5754,31
2026-03-27T18:17:00,0.5756,0.5756,0.57555,0.57555,6
2026-03-27T18:18:00,0.57575,0.57575,0.5756,0.5756,36
2026-03-27T18:19:00,0.57565,0.5758,0.57565,0.57575,24
2026-03-27T18:20:00,0.57575,0.57575,0.57575,0.57575,6
2026-03-27T18:21:00,0.57575,0.57575,0.57575,0.57575,4
2026-03-27T18:22:00,0.57555,0.57565,0.57555,0.57565,8
2026-03-27T18:23:00,0.5756,0.57565,0.5756,0.5756,16
2026-03-27T18:24:00,0.5756,0.5756,0.5755,0.5755,53
2026-03-27T18:25:00,0.57555,0.5756,0.57555,0.5756,4
2026-03-27T18:26:00,0.57565,0.57575,0.57565,0.57575,27
2026-03-27T18:27:00,0.57575,0.57575,0.5756,0.5756,56
2026-03-27T18:28:00,0.57565,0.5757,0.57565,0.5757,15
2026-03-27T18:29:00,0.5757,0.5757,0.5757,0.5757,3
2026-03-27T18:30:00,0.5757,0.5758,0.5757,0.57575,18
2026-03-27T18:31:00,0.57575,0.57575,0.5757,0.5757,12
2026-03-27T18:32:00,0.5757,0.57575,0.5757,0.5757,7
2026-03-27T18:33:00,0.57575,0.5758,0.5757,0.57575,17
2026-03-27T18:34:00,0.5758,0.5758,0.5757,0.5757,14
2026-03-27T18:35:00,0.57575,0.5758,0.57575,0.5758,33
2026-03-27T18:36:00,0.5758,0.57585,0.5758,0.5758,12
2026-03-27T18:37:00,0.57595,0.57595,0.5759,0.5759,7
2026-03-27T18:38:00,0.5759,0.5759,0.57585,0.57585,6
2026-03-27T18:39:00,0.5759,0.57595,0.5759,0.5759,35
2026-03-27T18:40:00,0.5759,0.5759,0.57585,0.57585,13
2026-03-27T18:41:00,0.5758,0.57595,0.5758,0.57595,3
2026-03-27T18:42:00,0.57595,0.57595,0.5758,0.57595,39
2026-03-27T18:43:00,0.57595,0.5762,0.57595,0.57595,200
2026-03-27T18:44:00,0.57595,0.57595,0.5759,0.5759,76
2026-03-27T18:45:00,0.5759,0.5759,0.57585,0.5759,36
2026-03-27T18:46:00,0.5759,0.57595,0.57585,0.5759,20
2026-03-27T18:47:00,0.57585,0.57585,0.5758,0.5758,16
2026-03-27T18:48:00,0.5757,0.57575,0.5757,0.57575,11
2026-03-27T18:49:00,0.57575,0.5758,0.57575,0.57575,29
2026-03-27T18:50:00,0.57575,0.57585,0.57575,0.57585,14
2026-03-27T18:51:00,0.5758,0.57585,0.5758,0.5758,7
2026-03-27T18:52:00,0.57575,0.5758,0.57575,0.5758,28
2026-03-27T18:53:00,0.5758,0.5758,0.5757,0.5758,23
2026-03-27T18:54:00,0.5758,0.57585,0.5758,0.5758,16
2026-03-27T18:55:00,0.5758,0.5758,0.5757,0.57575,46
2026-03-27T18:56:00,0.57575,0.5758,0.57575,0.57575,23
2026-03-27T18:57:00,0.5758,0.5758,0.57575,0.57575,41
2026-03-27T18:58:00,0.5758,0.57585,0.5757,0.57575,117
2026-03-27T18:59:00,0.57575,0.5758,0.5757,0.57575,438
2026-03-27T19:00:00,0.5758,0.57585,0.57575,0.57575,259
2026-03-27T19:01:00,0.57575,0.57575,0.57565,0.57565,12
2026-03-27T19:02:00,0.57565,0.57565,0.57555,0.57555,30
2026-03-27T19:03:00,0.57555,0.57555,0.57555,0.57555,7
2026-03-27T19:04:00,0.57555,0.57555,0.57555,0.57555,33
2026-03-27T19:05:00,0.5756,0.5756,0.5756,0.5756,5
2026-03-27T19:06:00,0.57555,0.5756,0.57555,0.5756,12
2026-03-27T19:07:00,0.5756,0.5756,0.57555,0.5756,12
2026-03-27T19:08:00,0.5756,0.5756,0.5756,0.5756,10
2026-03-27T19:09:00,0.5756,0.57565,0.57555,0.57555,11
2026-03-27T19:10:00,0.5756,0.57565,0.5756,0.57565,4
2026-03-27T19:11:00,0.5756,0.57565,0.5756,0.57565,9
2026-03-27T19:12:00,0.5757,0.5758,0.5757,0.5758,27
2026-03-27T19:13:00,0.57575,0.57595,0.57575,0.5759,30
2026-03-27T19:14:00,0.5759,0.5759,0.5758,0.5758,11
2026-03-27T19:15:00,0.5758,0.5758,0.5758,0.5758,12
2026-03-27T19:16:00,0.5758,0.5758,0.5758,0.5758,10
2026-03-27T19:17:00,0.5758,0.57585,0.5758,0.57585,7
2026-03-27T19:18:00,0.5759,0.5759,0.57585,0.57585,6
2026-03-27T19:19:00,0.57585,0.5759,0.5758,0.5759,4
2026-03-27T19:20:00,0.5759,0.5759,0.5758,0.57585,16
2026-03-27T19:21:00,0.5758,0.5758,0.5758,0.5758,4
2026-03-27T19:23:00,0.57585,0.57585,0.5758,0.5758,5
2026-03-27T19:24:00,0.5758,0.5758,0.5758,0.5758,6
2026-03-27T19:25:00,0.5758,0.5758,0.57575,0.57575,2
2026-03-27T19:26:00,0.57575,0.57575,0.57575,0.57575,5
2026-03-27T19:27:00,0.57575,0.57575,0.57575,0.57575,24
2026-03-27T19:28:00,0.57575,0.5758,0.57575,0.5758,10
2026-03-27T19:29:00,0.57575,0.57575,0.57575,0.57575,4
2026-03-27T19:30:00,0.5758,0.5758,0.5758,0.5758,1
2026-03-27T19:31:00,0.57575,0.5758,0.57575,0.5758,3
2026-03-27T19:32:00,0.57585,0.57585,0.57575,0.57575,12
2026-03-27T19:33:00,0.57575,0.5758,0.57575,0.57575,22
2026-03-27T19:34:00,0.57585,0.5759,0.5758,0.5759,10
2026-03-27T19:35:00,0.57585,0.57585,0.57575,0.5758,15
2026-03-27T19:36:00,0.5758,0.5758,0.57575,0.57575,12
2026-03-27T19:37:00,0.5758,0.5758,0.57575,0.57575,11
2026-03-27T19:38:00,0.5758,0.57585,0.57575,0.5758,16
2026-03-27T19:39:00,0.5758,0.57585,0.5758,0.5758,21
2026-03-27T19:40:00,0.5758,0.57595,0.57575,0.5758,450
2026-03-27T19:41:00,0.57575,0.57575,0.5757,0.57575,59
2026-03-27T19:42:00,0.5757,0.5757,0.5757,0.5757,1
2026-03-27T19:43:00,0.5757,0.5758,0.5757,0.57575,15
2026-03-27T19:44:00,0.57575,0.5758,0.57575,0.5758,11
2026-03-27T19:45:00,0.57575,0.57575,0.5757,0.5757,26
2026-03-27T19:46:00,0.5757,0.5757,0.5756,0.57565,10
2026-03-27T19:47:00,0.5757,0.57575,0.5757,0.57575,27
2026-03-27T19:48:00,0.57575,0.5758,0.57575,0.5758,6
2026-03-27T19:49:00,0.57575,0.5758,0.57575,0.5758,10
2026-03-27T19:50:00,0.57575,0.57575,0.5757,0.5757,16
2026-03-27T19:51:00,0.57575,0.57575,0.5757,0.57575,12
2026-03-27T19:52:00,0.57575,0.57575,0.5757,0.57575,3
2026-03-27T19:53:00,0.5758,0.57595,0.5758,0.57595,13
2026-03-27T19:54:00,0.5759,0.57595,0.5759,0.57595,27
2026-03-27T19:55:00,0.57595,0.57615,0.57595,0.57615,13
2026-03-27T19:56:00,0.57615,0.57615,0.57605,0.5761,112
2026-03-27T19:57:00,0.57605,0.57605,0.57605,0.57605,5
2026-03-27T19:58:00,0.5761,0.57615,0.5761,0.57615,42
2026-03-27T19:59:00,0.57615,0.57615,0.576,0.57605,82
2026-03-27T20:00:00,0.57605,0.57605,0.576,0.576,24
2026-03-27T20:01:00,0.57585,0.5763,0.57585,0.57615,264
2026-03-27T20:02:00,0.576,0.5761,0.576,0.5761,15
2026-03-27T20:03:00,0.57605,0.5761,0.57605,0.5761,2
2026-03-27T20:04:00,0.57605,0.57605,0.57605,0.57605,6
2026-03-27T20:05:00,0.57605,0.57605,0.57595,0.57595,3
2026-03-27T20:06:00,0.576,0.576,0.57595,0.57595,2
2026-03-27T20:07:00,0.57595,0.57595,0.57585,0.57585,5
2026-03-27T20:08:00,0.5759,0.57595,0.57585,0.57595,14
2026-03-27T20:09:00,0.5759,0.5759,0.5759,0.5759,5
2026-03-27T20:10:00,0.57595,0.57595,0.5759,0.5759,8
2026-03-27T20:11:00,0.5759,0.5759,0.5759,0.5759,1
2026-03-27T20:12:00,0.5759,0.5759,0.5759,0.5759,6
2026-03-27T20:14:00,0.57595,0.57595,0.57595,0.57595,1
2026-03-27T20:15:00,0.576,0.576,0.57595,0.576,12
2026-03-27T20:16:00,0.57605,0.57605,0.576,0.57605,33
2026-03-27T20:17:00,0.57605,0.57605,0.576,0.57605,74
2026-03-27T20:18:00,0.57605,0.57605,0.576,0.576,2
2026-03-27T20:19:00,0.576,0.576,0.5759,0.57595,7
2026-03-27T20:20:00,0.576,0.576,0.5759,0.5759,95
2026-03-27T20:22:00,0.57595,0.57595,0.57595,0.57595,1
2026-03-27T20:23:00,0.5759,0.5759,0.5759,0.5759,22
2026-03-27T20:25:00,0.57595,0.57595,0.5759,0.5759,20
2026-03-27T20:27:00,0.57595,0.57595,0.57595,0.57595,7
2026-03-27T20:28:00,0.5759,0.57595,0.5759,0.5759,114
2026-03-27T20:29:00,0.5759,0.5759,0.57585,0.5759,39
2026-03-27T20:30:00,0.57595,0.57595,0.57595,0.57595,14
2026-03-27T20:32:00,0.5759,0.576,0.57585,0.57585,66
2026-03-27T20:33:00,0.57575,0.57575,0.57565,0.5757,6
2026-03-27T20:34:00,0.57565,0.57565,0.57565,0.57565,13
2026-03-27T20:36:00,0.57565,0.57565,0.57565,0.57565,2
2026-03-27T20:37:00,0.57575,0.57575,0.57575,0.57575,14
2026-03-27T20:38:00,0.57585,0.57585,0.57585,0.57585,2
2026-03-27T20:39:00,0.57575,0.57575,0.57575,0.57575,12
2026-03-27T20:40:00,0.57585,0.57585,0.57585,0.57585,6
2026-03-27T20:41:00,0.5759,0.5759,0.5759,0.5759,17
2026-03-27T20:42:00,0.57595,0.57595,0.57595,0.57595,8
2026-03-27T20:43:00,0.57595,0.57615,0.57595,0.57605,37
2026-03-27T20:44:00,0.57605,0.5761,0.57605,0.5761,10
2026-03-27T20:45:00,0.5761,0.57615,0.57605,0.5761,28
2026-03-27T20:46:00,0.5762,0.5762,0.57615,0.5762,25
2026-03-27T20:47:00,0.5762,0.5762,0.5761,0.5761,18
2026-03-27T20:49:00,0.57605,0.57605,0.57605,0.57605,1
2026-03-27T20:50:00,0.5761,0.57615,0.5761,0.57615,16
2026-03-27T20:51:00,0.57615,0.57615,0.5761,0.5761,4
2026-03-27T20:52:00,0.57615,0.57615,0.57605,0.5761,16
2026-03-27T20:54:00,0.5761,0.5762,0.5761,0.5762,42
2026-03-27T20:55:00,0.57625,0.5763,0.5762,0.5763,37
2026-03-27T20:56:00,0.57625,0.57625,0.57615,0.57615,6
2026-03-27T20:58:00,0.57615,0.57615,0.57605,0.5761,37
2026-03-27T20:59:00,0.57605,0.5762,0.57605,0.5762,8
2026-03-29T22:00:00,0.57555,0.5757,0.5752,0.5753,148
2026-03-29T22:01:00,0.5752,0.5752,0.57475,0.5749,238
2026-03-29T22:02:00,0.5751,0.5752,0.575,0.5752,45
2026-03-29T22:03:00,0.5753,0.57535,0.5749,0.5749,23
2026-03-29T22:04:00,0.5749,0.57495,0.5748,0.5749,60
2026-03-29T22:05:00,0.57505,0.5751,0.5749,0.5749,34
2026-03-29T22:06:00,0.57485,0.5749,0.5747,0.57475,194
2026-03-29T22:07:00,0.5748,0.57485,0.57475,0.5748,46
2026-03-29T22:08:00,0.5749,0.5749,0.57465,0.57465,43
2026-03-29T22:09:00,0.5746,0.5748,0.57455,0.5748,72
2026-03-29T22:10:00,0.57485,0.5749,0.57485,0.57485,17
2026-03-29T22:11:00,0.5749,0.5749,0.5748,0.5748,15
2026-03-29T22:12:00,0.5749,0.5751,0.5749,0.57495,32
2026-03-29T22:13:00,0.5749,0.5749,0.57485,0.57485,12
2026-03-29T22:14:00,0.5749,0.57515,0.5749,0.57515,7
2026-03-29T22:15:00,0.57515,0.57515,0.5751,0.5751,7
2026-03-29T22:16:00,0.5751,0.5751,0.575,0.575,7
2026-03-29T22:17:00,0.57505,0.57505,0.57505,0.57505,4
2026-03-29T22:18:00,0.57505,0.5751,0.575,0.5751,16
2026-03-29T22:19:00,0.5751,0.5751,0.5751,0.5751,3
2026-03-29T22:20:00,0.57515,0.5753,0.57515,0.5753,24
2026-03-29T22:21:00,0.5753,0.5755,0.5753,0.5754,66
2026-03-29T22:22:00,0.57545,0.57545,0.5753,0.57535,25
2026-03-29T22:23:00,0.57535,0.57535,0.57525,0.57525,18
2026-03-29T22:24:00,0.57525,0.57525,0.5752,0.5752,9
2026-03-29T22:25:00,0.57505,0.57505,0.57505,0.57505,2
2026-03-29T22:26:00,0.575,0.575,0.57495,0.57495,5
2026-03-29T22:27:00,0.5749,0.5749,0.5749,0.5749,1
2026-03-29T22:28:00,0.57495,0.57495,0.57495,0.57495,5
2026-03-29T22:29:00,0.5749,0.5749,0.57485,0.57485,11
2026-03-29T22:30:00,0.5748,0.5749,0.5748,0.5749,18
2026-03-29T22:31:00,0.5749,0.5749,0.57485,0.57485,4
2026-03-29T22:32:00,0.5749,0.57495,0.5749,0.57495,43
2026-03-29T22:33:00,0.57495,0.57495,0.57485,0.57485,14
2026-03-29T22:34:00,0.5748,0.5748,0.5748,0.5748,1
2026-03-29T22:35:00,0.57485,0.5749,0.5748,0.5748,16
2026-03-29T22:36:00,0.5748,0.5748,0.5747,0.5747,6
2026-03-29T22:37:00,0.5747,0.57475,0.57465,0.57465,4
2026-03-29T22:38:00,0.57465,0.5747,0.57465,0.5747,6
2026-03-29T22:40:00,0.57475,0.57475,0.57465,0.57465,4
2026-03-29T22:41:00,0.57465,0.5747,0.57465,0.57465,3
2026-03-29T22:42:00,0.57465,0.57465,0.57465,0.57465,1
2026-03-29T22:43:00,0.5746,0.5746,0.5745,0.5745,14
2026-03-29T22:44:00,0.57455,0.57455,0.57455,0.57455,3
2026-03-29T22:45:00,0.5745,0.5745,0.5745,0.5745,1
2026-03-29T22:46:00,0.5745,0.5745,0.5745,0.5745,1
2026-03-29T22:47:00,0.57455,0.57455,0.57455,0.57455,2
2026-03-29T22:49:00,0.57455,0.5746,0.57455,0.5746,2
2026-03-29T22:50:00,0.5745,0.57465,0.5745,0.57465,23
2026-03-29T22:51:00,0.5746,0.5746,0.5745,0.57455,5
2026-03-29T22:52:00,0.57455,0.57455,0.5745,0.5745,3
2026-03-29T22:53:00,0.5745,0.57455,0.5745,0.57455,3
2026-03-29T22:54:00,0.57455,0.57455,0.57445,0.57445,30
2026-03-29T22:55:00,0.5745,0.5746,0.5745,0.5746,3
2026-03-29T22:56:00,0.5746,0.5746,0.57455,0.57455,8
2026-03-29T22:57:00,0.57465,0.57465,0.57455,0.57455,21
2026-03-29T22:58:00,0.5745,0.57455,0.5745,0.57455,3
2026-03-29T22:59:00,0.5745,0.5746,0.5745,0.5746,20
2026-03-29T23:00:00,0.5746,0.57485,0.5746,0.57485,23
2026-03-29T23:01:00,0.5747,0.5747,0.5747,0.5747,2
2026-03-29T23:02:00,0.57475,0.57475,0.5747,0.5747,7
2026-03-29T23:03:00,0.5748,0.5748,0.57475,0.57475,6
2026-03-29T23:04:00,0.57485,0.5749,0.5748,0.5748,58
2026-03-29T23:05:00,0.5748,0.57485,0.5746,0.5746,46
2026-03-29T23:06:00,0.57465,0.57465,0.5745,0.5745,11
2026-03-29T23:07:00,0.57455,0.57465,0.57455,0.57465,34
2026-03-29T23:08:00,0.57455,0.57455,0.57455,0.57455,1
2026-03-29T23:09:00,0.57455,0.57455,0.57455,0.57455,2
2026-03-29T23:10:00,0.57455,0.5746,0.57455,0.5746,4
2026-03-29T23:11:00,0.57455,0.57455,0.57455,0.57455,4
2026-03-29T23:12:00,0.57455,0.57455,0.57445,0.5745,16
2026-03-29T23:13:00,0.5745,0.5746,0.5745,0.5746,2
2026-03-29T23:14:00,0.5745,0.5745,0.5744,0.5744,24
2026-03-29T23:15:00,0.5746,0.5746,0.5746,0.5746,3
2026-03-29T23:16:00,0.5747,0.5747,0.5747,0.5747,7
2026-03-29T23:17:00,0.5747,0.5747,0.5747,0.5747,2
2026-03-29T23:18:00,0.5748,0.5748,0.57475,0.5748,4
2026-03-29T23:20:00,0.57475,0.5748,0.57475,0.5748,3
2026-03-29T23:21:00,0.5748,0.57485,0.5748,0.57485,6
2026-03-29T23:22:00,0.57475,0.57475,0.57475,0.57475,1
2026-03-29T23:24:00,0.57475,0.57475,0.57475,0.57475,3
2026-03-29T23:25:00,0.5747,0.5747,0.5747,0.5747,3
2026-03-29T23:26:00,0.5747,0.57475,0.5747,0.57475,5
2026-03-29T23:27:00,0.57465,0.57465,0.5746,0.5746,3
2026-03-29T23:28:00,0.57465,0.57465,0.57465,0.57465,2
2026-03-29T23:30:00,0.57465,0.57465,0.5746,0.5746,3
2026-03-29T23:31:00,0.57465,0.57465,0.5746,0.5746,12
2026-03-29T23:32:00,0.57455,0.57455,0.57445,0.5745,16
2026-03-29T23:33:00,0.57465,0.57465,0.57455,0.57455,36
2026-03-29T23:34:00,0.5745,0.5745,0.57445,0.57445,6
2026-03-29T23:36:00,0.5744,0.5745,0.5744,0.5745,15
2026-03-29T23:37:00,0.5745,0.5745,0.5744,0.57445,16
2026-03-29T23:38:00,0.57445,0.57445,0.5744,0.5744,20
2026-03-29T23:40:00,0.57445,0.5745,0.5744,0.5744,12
2026-03-29T23:41:00,0.5744,0.5744,0.5744,0.5744,3
2026-03-29T23:42:00,0.57435,0.57435,0.57435,0.57435,2
2026-03-29T23:44:00,0.57435,0.57435,0.57435,0.57435,18
2026-03-29T23:45:00,0.57435,0.5744,0.5743,0.5744,80
2026-03-29T23:46:00,0.57435,0.5744,0.574,0.5742,196
2026-03-29T23:47:00,0.57425,0.5744,0.57415,0.57435,187
2026-03-29T23:48:00,0.5743,0.57455,0.5743,0.57455,12
2026-03-29T23:49:00,0.5745,0.57455,0.57445,0.57445,16
2026-03-29T23:50:00,0.57445,0.57445,0.57435,0.57435,31
2026-03-29T23:51:00,0.5744,0.5744,0.5744,0.5744,16
2026-03-29T23:52:00,0.57435,0.57435,0.5743,0.57435,43
2026-03-29T23:53:00,0.5743,0.57435,0.5743,0.5743,8
2026-03-29T23:54:00,0.57425,0.5743,0.5742,0.5743,19
2026-03-29T23:55:00,0.5743,0.5743,0.5742,0.5742,38
2026-03-29T23:56:00,0.5742,0.5742,0.5741,0.5741,39
2026-03-29T23:57:00,0.57415,0.57415,0.57405,0.5741,17
2026-03-29T23:58:00,0.57405,0.57415,0.57405,0.5741,42
2026-03-29T23:59:00,0.5743,0.5743,0.57415,0.57415,19
2026-03-30T00:00:00,0.57425,0.5743,0.5741,0.5742,79
2026-03-30T00:01:00,0.57415,0.57425,0.5741,0.5741,18
2026-03-30T00:02:00,0.57415,0.57415,0.57405,0.57405,13
2026-03-30T00:03:00,0.57405,0.5741,0.57405,0.5741,2
2026-03-30T00:04:00,0.574,0.57405,0.574,0.57405,4
2026-03-30T00:05:00,0.57415,0.5744,0.57415,0.57435,29
2026-03-30T00:06:00,0.5743,0.57435,0.5743,0.57435,3
2026-03-30T00:07:00,0.5744,0.5744,0.5744,0.5744,4
2026-03-30T00:08:00,0.5744,0.5744,0.5743,0.5743,4
2026-03-30T00:09:00,0.57425,0.57425,0.57425,0.57425,1
2026-03-30T00:11:00,0.5742,0.5742,0.57415,0.5742,8
2026-03-30T00:12:00,0.57415,0.57415,0.57415,0.57415,2
2026-03-30T00:13:00,0.5741,0.5741,0.5741,0.5741,8
2026-03-30T00:14:00,0.5741,0.57415,0.57405,0.5741,37
2026-03-30T00:15:00,0.5741,0.5741,0.57405,0.57405,34
2026-03-30T00:16:00,0.57405,0.57405,0.574,0.574,16
2026-03-30T00:17:00,0.574,0.57435,0.5739,0.5742,331
2026-03-30T00:18:00,0.57415,0.57435,0.57405,0.57435,27
2026-03-30T00:19:00,0.57435,0.57485,0.57425,0.5748,96
2026-03-30T00:20:00,0.57485,0.575,0.5747,0.57485,138
2026-03-30T00:21:00,0.5747,0.57495,0.57465,0.57465,13
2026-03-30T00:22:00,0.57475,0.57475,0.5746,0.5746,23
2026-03-30T00:23:00,0.5746,0.5746,0.5744,0.57445,60
2026-03-30T00:24:00,0.57445,0.57455,0.57445,0.5745,33
2026-03-30T00:25:00,0.5745,0.5746,0.57445,0.5745,18
2026-03-30T00:26:00,0.5745,0.57485,0.5745,0.57485,51
2026-03-30T00:27:00,0.57485,0.57525,0.57485,0.5752,190
2026-03-30T00:28:00,0.5751,0.5751,0.575,0.57505,29
2026-03-30T00:29:00,0.57505,0.5751,0.57485,0.57485,67
2026-03-30T00:30:00,0.57485,0.57495,0.5748,0.5749,33
2026-03-30T00:31:00,0.57495,0.5751,0.5749,0.5751,42
2026-03-30T00:32:00,0.5751,0.57525,0.5751,0.57525,6
2026-03-30T00:33:00,0.57515,0.57525,0.57515,0.57515,4
2026-03-30T00:34:00,0.57505,0.5752,0.57505,0.5752,3
2026-03-30T00:35:00,0.57515,0.57515,0.57505,0.57505,2
2026-03-30T00:36:00,0.5752,0.5752,0.57505,0.57505,4
2026-03-30T00:37:00,0.57515,0.57515,0.5748,0.5748,6
2026-03-30T00:38:00,0.57485,0.5749,0.5748,0.57485,7
2026-03-30T00:39:00,0.57485,0.57485,0.57475,0.57475,2
2026-03-30T00:40:00,0.5747,0.5747,0.5746,0.57465,11
2026-03-30T00:42:00,0.57455,0.57455,0.5745,0.57455,11
2026-03-30T00:43:00,0.57455,0.57475,0.57455,0.5746,30
2026-03-30T00:44:00,0.5746,0.5746,0.5746,0.5746,1
2026-03-30T00:45:00,0.57455,0.57455,0.57455,0.57455,9
2026-03-30T00:46:00,0.57455,0.57465,0.57445,0.57465,44
2026-03-30T00:48:00,0.57465,0.57465,0.57465,0.57465,17
2026-03-30T00:49:00,0.57455,0.57455,0.57455,0.57455,4
2026-03-30T00:50:00,0.57455,0.57455,0.57435,0.57435,28
2026-03-30T00:51:00,0.57435,0.57435,0.57425,0.5743,32
2026-03-30T00:52:00,0.5743,0.5743,0.5743,0.5743,20
2026-03-30T00:53:00,0.5742,0.5742,0.5742,0.5742,3
2026-03-30T00:54:00,0.57415,0.57425,0.57415,0.5742,11
2026-03-30T00:55:00,0.5742,0.5743,0.57415,0.5743,36
2026-03-30T00:56:00,0.57435,0.5745,0.57435,0.5745,19
2026-03-30T00:57:00,0.57445,0.5745,0.57445,0.57445,7
2026-03-30T00:58:00,0.57445,0.5746,0.57445,0.5746,6
2026-03-30T01:00:00,0.57485,0.57505,0.57485,0.57505,57
2026-03-30T01:01:00,0.575,0.575,0.5749,0.57495,25
2026-03-30T01:02:00,0.575,0.5751,0.575,0.5751,8
2026-03-30T01:03:00,0.5751,0.57525,0.57505,0.57525,30
2026-03-30T01:04:00,0.57525,0.5753,0.57495,0.57495,29
2026-03-30T01:05:00,0.57505,0.57505,0.57495,0.57505,34
2026-03-30T01:06:00,0.57505,0.57505,0.57495,0.57495,6
2026-03-30T01:07:00,0.57495,0.57495,0.57475,0.57475,11
2026-03-30T01:08:00,0.57475,0.57485,0.57475,0.57485,22
2026-03-30T01:09:00,0.57485,0.57485,0.5748,0.5748,11
2026-03-30T01:10:00,0.5748,0.5748,0.57475,0.57475,25
2026-03-30T01:11:00,0.57485,0.5749,0.57485,0.57485,13
2026-03-30T01:12:00,0.5749,0.57495,0.5749,0.57495,7
2026-03-30T01:13:00,0.5749,0.5749,0.57475,0.57475,7
2026-03-30T01:14:00,0.57475,0.57475,0.5747,0.57475,16
2026-03-30T01:15:00,0.5747,0.5747,0.5745,0.57455,9
2026-03-30T01:16:00,0.57455,0.5746,0.57455,0.5746,7
2026-03-30T01:17:00,0.5747,0.57475,0.57465,0.57475,18
2026-03-30T01:18:00,0.5748,0.5748,0.57475,0.57475,7
2026-03-30T01:19:00,0.5747,0.5747,0.57465,0.5747,7
2026-03-30T01:20:00,0.57475,0.57475,0.5747,0.5747,2
2026-03-30T01:21:00,0.5747,0.57485,0.5747,0.5748,12
2026-03-30T01:22:00,0.5747,0.5747,0.5747,0.5747,4
2026-03-30T01:23:00,0.5747,0.5747,0.5747,0.5747,3
2026-03-30T01:24:00,0.57465,0.57465,0.5746,0.5746,21
2026-03-30T01:25:00,0.57475,0.57475,0.57475,0.57475,19
2026-03-30T01:26:00,0.57485,0.57485,0.5748,0.5748,9
2026-03-30T01:27:00,0.5748,0.5748,0.57475,0.5748,9
2026-03-30T01:28:00,0.57485,0.57485,0.57485,0.57485,2
2026-03-30T01:29:00,0.5749,0.57495,0.5749,0.57495,7
2026-03-30T01:30:00,0.575,0.575,0.5748,0.5748,42
2026-03-30T01:31:00,0.5749,0.5751,0.5749,0.5751,21
2026-03-30T01:32:00,0.5751,0.5751,0.57505,0.57505,12
2026-03-30T01:33:00,0.57505,0.57515,0.57505,0.57515,10
2026-03-30T01:34:00,0.5752,0.5753,0.5752,0.5753,7
2026-03-30T01:35:00,0.57535,0.57535,0.57535,0.57535,10
2026-03-30T01:36:00,0.57535,0.57535,0.5753,0.57535,17
2026-03-30T01:37:00,0.5754,0.5754,0.57535,0.57535,8
2026-03-30T01:38:00,0.57535,0.57535,0.57535,0.57535,1
2026-03-30T01:39:00,0.5753,0.5753,0.5753,0.5753,3
2026-03-30T01:40:00,0.5752,0.5752,0.5752,0.5752,4
2026-03-30T01:41:00,0.57515,0.57515,0.57515,0.57515,3
2026-03-30T01:42:00,0.57515,0.57525,0.57515,0.57525,18
2026-03-30T01:43:00,0.57525,0.57525,0.57525,0.57525,12
2026-03-30T01:44:00,0.57525,0.57525,0.57525,0.57525,2
2026-03-30T01:45:00,0.5753,0.5753,0.5753,0.5753,5
2026-03-30T01:46:00,0.5752,0.5752,0.57515,0.57515,12
2026-03-30T01:48:00,0.57515,0.57515,0.57515,0.57515,5
2026-03-30T01:49:00,0.57485,0.57485,0.57485,0.57485,3
2026-03-30T01:50:00,0.5749,0.5749,0.57485,0.57485,6
2026-03-30T01:52:00,0.5748,0.5748,0.57475,0.57475,6
2026-03-30T01:54:00,0.5748,0.5748,0.57475,0.57475,6
2026-03-30T01:55:00,0.57485,0.5749,0.57485,0.5749,9
2026-03-30T01:56:00,0.5749,0.5749,0.5749,0.5749,3
2026-03-30T01:57:00,0.57485,0.57485,0.5748,0.5748,13
2026-03-30T01:58:00,0.5748,0.5748,0.5748,0.5748,1
2026-03-30T01:59:00,0.5748,0.57485,0.5748,0.57485,10
2026-03-30T02:00:00,0.5748,0.5748,0.5747,0.5747,16
2026-03-30T02:01:00,0.5747,0.5747,0.57465,0.57465,16
2026-03-30T02:02:00,0.57465,0.5747,0.5746,0.5746,12
2026-03-30T02:03:00,0.5746,0.5746,0.57445,0.57445,96
2026-03-30T02:04:00,0.57445,0.57445,0.57425,0.57425,47
2026-03-30T02:05:00,0.5743,0.57445,0.5743,0.5744,17
2026-03-30T02:06:00,0.57445,0.5745,0.5744,0.57445,27
2026-03-30T02:07:00,0.5744,0.57455,0.5744,0.57455,12
2026-03-30T02:08:00,0.5745,0.57455,0.5745,0.5745,11
2026-03-30T02:09:00,0.57445,0.57445,0.5744,0.5744,10
2026-03-30T02:10:00,0.57445,0.57455,0.57445,0.5745,26
2026-03-30T02:11:00,0.5745,0.57455,0.57445,0.57445,20
2026-03-30T02:12:00,0.5745,0.5745,0.57445,0.5745,33
2026-03-30T02:13:00,0.57445,0.5746,0.57445,0.5746,30
2026-03-30T02:14:00,0.57455,0.57475,0.57455,0.57475,20
2026-03-30T02:15:00,0.5747,0.57475,0.57465,0.5747,20
2026-03-30T02:16:00,0.57465,0.57465,0.57455,0.5746,12
2026-03-30T02:17:00,0.5746,0.5746,0.5745,0.5745,40
2026-03-30T02:18:00,0.57445,0.57445,0.57435,0.57435,12
2026-03-30T02:19:00,0.57435,0.5744,0.57435,0.57435,3
2026-03-30T02:20:00,0.5743,0.5743,0.5742,0.57425,95
2026-03-30T02:21:00,0.57425,0.57425,0.5742,0.57425,19
2026-03-30T02:22:00,0.57425,0.57425,0.57415,0.57425,10
2026-03-30T02:23:00,0.57425,0.5743,0.57425,0.5743,13
2026-03-30T02:24:00,0.5743,0.5743,0.5742,0.5742,5
2026-03-30T02:25:00,0.57415,0.57425,0.57415,0.57425,19
2026-03-30T02:26:00,0.5742,0.5742,0.57415,0.5742,15
2026-03-30T02:27:00,0.5741,0.5742,0.5741,0.5742,8
2026-03-30T02:28:00,0.5742,0.5742,0.5742,0.5742,2
2026-03-30T02:29:00,0.5743,0.5743,0.57425,0.57425,8
2026-03-30T02:31:00,0.57455,0.57455,0.57445,0.57445,16
2026-03-30T02:32:00,0.5745,0.5745,0.57445,0.57445,11
2026-03-30T02:33:00,0.5744,0.5744,0.57435,0.57435,3
2026-03-30T02:34:00,0.57435,0.5744,0.57435,0.5744,11
2026-03-30T02:35:00,0.5744,0.5744,0.57435,0.57435,15
2026-03-30T02:36:00,0.57435,0.57445,0.57435,0.57445,8
2026-03-30T02:37:00,0.57445,0.5745,0.57445,0.57445,13
2026-03-30T02:38:00,0.57445,0.57445,0.57445,0.57445,2
2026-03-30T02:39:00,0.5744,0.5745,0.5744,0.5745,10
2026-03-30T02:40:00,0.57455,0.57455,0.5744,0.57445,35
2026-03-30T02:41:00,0.57445,0.5745,0.5744,0.5744,7
2026-03-30T02:42:00,0.57445,0.5747,0.57445,0.5747,44
2026-03-30T02:43:00,0.5747,0.5747,0.5747,0.5747,4
2026-03-30T02:44:00,0.5747,0.57475,0.57465,0.57465,7
2026-03-30T02:45:00,0.5746,0.5746,0.5746,0.5746,8
2026-03-30T02:46:00,0.57465,0.57465,0.57465,0.57465,20
2026-03-30T02:47:00,0.57465,0.57465,0.57465,0.57465,13
2026-03-30T02:49:00,0.5748,0.57485,0.5748,0.5748,5
2026-03-30T02:50:00,0.5748,0.5748,0.57475,0.57475,21
2026-03-30T02:51:00,0.57475,0.57485,0.57475,0.57475,43
2026-03-30T02:52:00,0.57475,0.57485,0.57455,0.57455,67
2026-03-30T02:53:00,0.57455,0.57455,0.57445,0.57445,11
2026-03-30T02:54:00,0.5744,0.5744,0.5744,0.5744,2
2026-03-30T02:55:00,0.5744,0.5744,0.5744,0.5744,1
2026-03-30T02:56:00,0.5744,0.5744,0.5744,0.5744,3
2026-03-30T02:57:00,0.5744,0.5744,0.5744,0.5744,5
2026-03-30T02:58:00,0.57445,0.57445,0.57445,0.57445,3
2026-03-30T02:59:00,0.5744,0.5744,0.5744,0.5744,10
2026-03-30T03:00:00,0.5744,0.5744,0.57435,0.57435,12
2026-03-30T03:01:00,0.5745,0.5745,0.5745,0.5745,1
2026-03-30T03:02:00,0.5745,0.5745,0.5745,0.5745,5
2026-03-30T03:03:00,0.5745,0.5745,0.5745,0.5745,1
2026-03-30T03:04:00,0.5745,0.57455,0.5745,0.5745,103
2026-03-30T03:05:00,0.57455,0.5746,0.57455,0.5746,19
2026-03-30T03:06:00,0.5746,0.5748,0.5746,0.5748,62
2026-03-30T03:07:00,0.5748,0.5748,0.5748,0.5748,17
2026-03-30T03:08:00,0.5748,0.57485,0.57475,0.57475,33
2026-03-30T03:09:00,0.5748,0.5749,0.57475,0.5749,4
2026-03-30T03:10:00,0.57495,0.57495,0.57495,0.57495,2
2026-03-30T03:11:00,0.5749,0.57495,0.5749,0.57495,5
2026-03-30T03:12:00,0.575,0.575,0.575,0.575,2
2026-03-30T03:13:00,0.57495,0.57495,0.57495,0.57495,4
2026-03-30T03:14:00,0.575,0.575,0.575,0.575,9
2026-03-30T03:15:00,0.57495,0.57495,0.57495,0.57495,1
2026-03-30T03:16:00,0.57495,0.575,0.57495,0.575,2
2026-03-30T03:17:00,0.57505,0.5751,0.57505,0.5751,3
2026-03-30T03:18:00,0.5751,0.57515,0.5751,0.57515,6
2026-03-30T03:19:00,0.5752,0.5754,0.5752,0.5754,26
2026-03-30T03:20:00,0.5754,0.57545,0.5754,0.57545,13
2026-03-30T03:21:00,0.5754,0.5754,0.5752,0.5753,8
2026-03-30T03:22:00,0.5753,0.57535,0.5753,0.57535,7
2026-03-30T03:23:00,0.57535,0.5754,0.5753,0.5754,8
2026-03-30T03:24:00,0.57545,0.57545,0.57535,0.57535,13
2026-03-30T03:25:00,0.5753,0.5753,0.5753,0.5753,7
2026-03-30T03:26:00,0.57535,0.57535,0.57525,0.57525,11
2026-03-30T03:27:00,0.57525,0.5753,0.57525,0.5753,15
2026-03-30T03:28:00,0.5753,0.5753,0.5753,0.5753,1
2026-03-30T03:29:00,0.5753,0.5753,0.57525,0.57525,20
2026-03-30T03:30:00,0.5752,0.5752,0.5751,0.57515,26
2026-03-30T03:31:00,0.5752,0.57525,0.5752,0.57525,18
2026-03-30T03:32:00,0.57525,0.57525,0.57515,0.57515,10
2026-03-30T03:33:00,0.57515,0.57515,0.57515,0.57515,5
2026-03-30T03:34:00,0.5751,0.5751,0.575,0.5751,29
2026-03-30T03:35:00,0.57505,0.57505,0.57505,0.57505,4
2026-03-30T03:36:00,0.5751,0.5751,0.5751,0.5751,4
2026-03-30T03:37:00,0.57515,0.57515,0.57515,0.57515,6
2026-03-30T03:40:00,0.5752,0.5752,0.5752,0.5752,1
2026-03-30T03:41:00,0.5753,0.5753,0.57525,0.57525,7
2026-03-30T03:42:00,0.5753,0.5753,0.5753,0.5753,4
2026-03-30T03:43:00,0.5753,0.5753,0.5753,0.5753,2
2026-03-30T03:44:00,0.5753,0.5753,0.5753,0.5753,3
2026-03-30T03:45:00,0.57535,0.57535,0.5752,0.5752,10
2026-03-30T03:46:00,0.57515,0.57515,0.5751,0.5751,7
2026-03-30T03:47:00,0.5752,0.5752,0.5752,0.5752,3
2026-03-30T03:48:00,0.5752,0.5753,0.5752,0.5753,5
2026-03-30T03:49:00,0.57535,0.57535,0.57535,0.57535,6
2026-03-30T03:50:00,0.5753,0.57535,0.5753,0.57535,8
2026-03-30T03:51:00,0.57535,0.5754,0.57535,0.5754,4
2026-03-30T03:52:00,0.57535,0.5754,0.57535,0.5754,5
2026-03-30T03:53:00,0.5755,0.5755,0.57545,0.57545,6
2026-03-30T03:54:00,0.57545,0.5755,0.57545,0.5755,4
2026-03-30T03:55:00,0.57545,0.57545,0.57535,0.57535,2
2026-03-30T03:58:00,0.57535,0.57535,0.57535,0.57535,1
2026-03-30T04:00:00,0.5754,0.5754,0.5753,0.5753,11
2026-03-30T04:01:00,0.5753,0.5753,0.5753,0.5753,3
2026-03-30T04:02:00,0.57535,0.57535,0.57535,0.57535,10
2026-03-30T04:03:00,0.57525,0.57525,0.57525,0.57525,1
2026-03-30T04:04:00,0.57535,0.57535,0.57525,0.57525,13
2026-03-30T04:05:00,0.57525,0.5753,0.57525,0.5753,2
2026-03-30T04:13:00,0.57535,0.57535,0.57535,0.57535,1
2026-03-30T04:16:00,0.5753,0.5753,0.5753,0.5753,1
2026-03-30T04:17:00,0.57535,0.57535,0.57535,0.57535,8
2026-03-30T04:19:00,0.57535,0.5754,0.57535,0.5754,5
2026-03-30T04:21:00,0.5754,0.57545,0.5754,0.57545,14
2026-03-30T04:23:00,0.5754,0.57545,0.5754,0.57545,6
2026-03-30T04:24:00,0.57545,0.57545,0.57545,0.57545,7
2026-03-30T04:25:00,0.5755,0.57555,0.5755,0.57555,14
2026-03-30T04:26:00,0.5756,0.5756,0.5756,0.5756,4
2026-03-30T04:27:00,0.57565,0.5757,0.57565,0.5757,8
2026-03-30T04:28:00,0.57565,0.57565,0.57555,0.57555,8
2026-03-30T04:30:00,0.5754,0.5754,0.5754,0.5754,1
2026-03-30T04:31:00,0.57545,0.57545,0.57535,0.57535,12
2026-03-30T04:32:00,0.5754,0.5754,0.57535,0.57535,6
2026-03-30T04:33:00,0.5754,0.5754,0.5754,0.5754,8
2026-03-30T04:34:00,0.5754,0.5754,0.5754,0.5754,7
2026-03-30T04:35:00,0.5754,0.5754,0.57535,0.57535,4
2026-03-30T04:36:00,0.5753,0.5753,0.5753,0.5753,2
2026-03-30T04:38:00,0.5754,0.5754,0.5754,0.5754,9
2026-03-30T04:41:00,0.5753,0.5753,0.5753,0.5753,8
2026-03-30T04:42:00,0.57535,0.57535,0.57535,0.57535,5
2026-03-30T04:44:00,0.5754,0.5754,0.5754,0.5754,14
2026-03-30T04:47:00,0.5753,0.5753,0.5753,0.5753,4
2026-03-30T04:48:00,0.5753,0.5753,0.5753,0.5753,3
2026-03-30T04:49:00,0.57525,0.57525,0.57525,0.57525,1
2026-03-30T04:51:00,0.5752,0.5752,0.57515,0.5752,11
2026-03-30T04:52:00,0.5752,0.5752,0.57515,0.57515,13
2026-03-30T04:53:00,0.57515,0.57515,0.57515,0.57515,1
2026-03-30T04:54:00,0.57515,0.57515,0.57515,0.57515,1
2026-03-30T04:55:00,0.57515,0.57515,0.57515,0.57515,8
2026-03-30T04:56:00,0.57515,0.57515,0.57515,0.57515,4
2026-03-30T04:57:00,0.5752,0.5752,0.5752,0.5752,1
2026-03-30T04:58:00,0.5752,0.5752,0.5752,0.5752,3
2026-03-30T05:00:00,0.5751,0.5751,0.5751,0.5751,2
2026-03-30T05:01:00,0.57515,0.57515,0.57515,0.57515,4
2026-03-30T05:03:00,0.57515,0.57515,0.57515,0.57515,4
2026-03-30T05:04:00,0.5751,0.5751,0.5751,0.5751,3
2026-03-30T05:05:00,0.5751,0.5751,0.5751,0.5751,4
2026-03-30T05:06:00,0.5751,0.5751,0.5751,0.5751,11
2026-03-30T05:07:00,0.57505,0.57505,0.57505,0.57505,1
2026-03-30T05:08:00,0.57505,0.57515,0.57505,0.5751,5
2026-03-30T05:09:00,0.57515,0.5753,0.57515,0.5753,21
2026-03-30T05:10:00,0.57535,0.57535,0.57535,0.57535,11
2026-03-30T05:11:00,0.57535,0.57535,0.57535,0.57535,8
2026-03-30T05:12:00,0.57535,0.5754,0.57535,0.5754,38
2026-03-30T05:13:00,0.5754,0.5754,0.57535,0.57535,23
2026-03-30T05:14:00,0.5753,0.5753,0.5753,0.5753,8
2026-03-30T05:15:00,0.57535,0.57535,0.57535,0.57535,24
2026-03-30T05:16:00,0.5754,0.5754,0.57535,0.5754,26
2026-03-30T05:17:00,0.57545,0.57545,0.57545,0.57545,7
2026-03-30T05:18:00,0.5755,0.5755,0.5755,0.5755,11
2026-03-30T05:19:00,0.5755,0.5755,0.5755,0.5755,1
2026-03-30T05:20:00,0.57545,0.57545,0.57545,0.57545,7
2026-03-30T05:21:00,0.57545,0.57545,0.57545,0.57545,2
2026-03-30T05:22:00,0.57545,0.57545,0.57545,0.57545,1
2026-03-30T05:23:00,0.57545,0.57545,0.57545,0.57545,1
2026-03-30T05:24:00,0.5755,0.57555,0.5755,0.5755,20
2026-03-30T05:25:00,0.5755,0.5755,0.57545,0.57545,10
2026-03-30T05:26:00,0.5754,0.5754,0.5754,0.5754,5
2026-03-30T05:27:00,0.5754,0.57545,0.5754,0.5754,23
2026-03-30T05:28:00,0.57535,0.57545,0.57535,0.57545,17
2026-03-30T05:29:00,0.57545,0.57545,0.57535,0.57535,16
2026-03-30T05:30:00,0.57535,0.57535,0.57535,0.57535,4
2026-03-30T05:32:00,0.57545,0.57545,0.57545,0.57545,2
2026-03-30T05:33:00,0.5755,0.5755,0.5755,0.5755,5
2026-03-30T05:34:00,0.5755,0.5755,0.5755,0.5755,6
2026-03-30T05:35:00,0.5755,0.5755,0.57545,0.57545,11
2026-03-30T05:36:00,0.57545,0.57545,0.57545,0.57545,2
2026-03-30T05:38:00,0.57535,0.57535,0.5753,0.5753,13
2026-03-30T05:39:00,0.5753,0.5753,0.5753,0.5753,8
2026-03-30T05:40:00,0.5753,0.5753,0.5753,0.5753,1
2026-03-30T05:41:00,0.5753,0.5754,0.5753,0.5754,4
2026-03-30T05:43:00,0.57535,0.5754,0.57535,0.57535,5
2026-03-30T05:44:00,0.57545,0.57545,0.57545,0.57545,7
2026-03-30T05:45:00,0.57545,0.57555,0.57545,0.57555,21
2026-03-30T05:46:00,0.57555,0.57555,0.57555,0.57555,8
2026-03-30T05:47:00,0.57545,0.57545,0.57545,0.57545,26
2026-03-30T05:48:00,0.57545,0.5755,0.57545,0.5755,6
2026-03-30T05:49:00,0.57555,0.5758,0.57555,0.5758,65
2026-03-30T05:50:00,0.5758,0.5758,0.5758,0.5758,5
2026-03-30T05:51:00,0.57585,0.57585,0.57585,0.57585,5
2026-03-30T05:52:00,0.57585,0.57585,0.57585,0.57585,2
2026-03-30T05:53:00,0.5759,0.57595,0.5759,0.57595,11
2026-03-30T05:54:00,0.57595,0.57595,0.57595,0.57595,3
2026-03-30T05:55:00,0.5759,0.5759,0.5758,0.5758,13
2026-03-30T05:56:00,0.57585,0.57585,0.5758,0.5758,6
2026-03-30T05:57:00,0.57585,0.57585,0.57585,0.57585,2
2026-03-30T05:58:00,0.57575,0.57575,0.57575,0.57575,6
2026-03-30T05:59:00,0.5756,0.5756,0.57555,0.57555,54
2026-03-30T06:00:00,0.5756,0.57565,0.5755,0.57555,41
2026-03-30T06:01:00,0.5755,0.5756,0.57545,0.5756,24
2026-03-30T06:02:00,0.57555,0.5757,0.57555,0.5757,10
2026-03-30T06:03:00,0.57565,0.57565,0.57565,0.57565,9
2026-03-30T06:04:00,0.57565,0.5757,0.57565,0.5757,8
2026-03-30T06:05:00,0.57575,0.57585,0.57575,0.5758,8
2026-03-30T06:06:00,0.57575,0.57575,0.5757,0.57575,14
2026-03-30T06:07:00,0.5758,0.5758,0.5758,0.5758,2
2026-03-30T06:08:00,0.57575,0.57575,0.57575,0.57575,16
2026-03-30T06:09:00,0.57575,0.57575,0.57565,0.5757,21
2026-03-30T06:10:00,0.5757,0.5757,0.5756,0.5757,22
2026-03-30T06:11:00,0.5757,0.57575,0.5757,0.5757,12
2026-03-30T06:12:00,0.57575,0.5758,0.57575,0.5758,7
2026-03-30T06:13:00,0.57575,0.57575,0.5757,0.5757,9
2026-03-30T06:14:00,0.5757,0.5757,0.5757,0.5757,2
2026-03-30T06:15:00,0.57565,0.5757,0.57565,0.57565,10
2026-03-30T06:16:00,0.57565,0.57565,0.57565,0.57565,6
2026-03-30T06:17:00,0.57565,0.57565,0.5756,0.5756,10
2026-03-30T06:18:00,0.57565,0.57565,0.57565,0.57565,1
2026-03-30T06:19:00,0.5756,0.5756,0.5756,0.5756,5
2026-03-30T06:20:00,0.5755,0.5755,0.5755,0.5755,5
2026-03-30T06:21:00,0.57555,0.57555,0.57555,0.57555,4
2026-03-30T06:22:00,0.5756,0.5756,0.5756,0.5756,4
2026-03-30T06:23:00,0.5756,0.5756,0.5756,0.5756,8
2026-03-30T06:24:00,0.57565,0.57565,0.57565,0.57565,6
2026-03-30T06:25:00,0.5757,0.5758,0.5757,0.5758,21
2026-03-30T06:26:00,0.5758,0.5758,0.5758,0.5758,22
2026-03-30T06:27:00,0.57575,0.57575,0.57565,0.57575,15
2026-03-30T06:28:00,0.57575,0.57575,0.57575,0.57575,20
2026-03-30T06:29:00,0.57575,0.5758,0.57575,0.57575,24
2026-03-30T06:30:00,0.5758,0.57595,0.57575,0.57595,45
2026-03-30T06:31:00,0.57595,0.576,0.57595,0.57595,77
2026-03-30T06:32:00,0.57585,0.57595,0.57585,0.57595,66
2026-03-30T06:33:00,0.57595,0.576,0.57595,0.576,12
2026-03-30T06:34:00,0.5759,0.5761,0.5759,0.5761,42
2026-03-30T06:35:00,0.5761,0.5762,0.5761,0.5762,125
2026-03-30T06:36:00,0.57615,0.5762,0.5761,0.5762,177
2026-03-30T06:37:00,0.57625,0.57625,0.57605,0.57605,30
2026-03-30T06:38:00,0.5761,0.5762,0.5761,0.5762,44
2026-03-30T06:39:00,0.57615,0.57625,0.57615,0.57625,25
2026-03-30T06:40:00,0.5762,0.5763,0.5762,0.5763,40
2026-03-30T06:41:00,0.5763,0.5763,0.5762,0.5762,50
2026-03-30T06:42:00,0.57625,0.5763,0.5762,0.5763,20
2026-03-30T06:43:00,0.57625,0.57635,0.57625,0.57635,26
2026-03-30T06:44:00,0.57635,0.5764,0.57635,0.57635,20
2026-03-30T06:45:00,0.57635,0.57645,0.57635,0.57645,54
2026-03-30T06:46:00,0.5764,0.57645,0.5764,0.5764,12
2026-03-30T06:47:00,0.57645,0.57645,0.5763,0.57635,24
2026-03-30T06:48:00,0.57635,0.57635,0.57625,0.5763,3
2026-03-30T06:49:00,0.57625,0.5763,0.57625,0.57625,8
2026-03-30T06:50:00,0.5762,0.5762,0.57615,0.57615,5
2026-03-30T06:51:00,0.57615,0.57615,0.576,0.576,9
2026-03-30T06:52:00,0.576,0.576,0.57595,0.57595,11
2026-03-30T06:53:00,0.5759,0.5759,0.57585,0.57585,2
2026-03-30T06:55:00,0.57575,0.5758,0.57575,0.5758,9
2026-03-30T06:56:00,0.57575,0.57575,0.57565,0.57565,17
2026-03-30T06:57:00,0.5756,0.5756,0.57555,0.57555,13
2026-03-30T06:58:00,0.57555,0.5756,0.57555,0.57555,12
2026-03-30T06:59:00,0.57555,0.57555,0.57555,0.57555,2
2026-03-30T07:00:00,0.5755,0.57555,0.5753,0.5753,57
2026-03-30T07:01:00,0.5753,0.5753,0.57515,0.5752,28
2026-03-30T07:02:00,0.57525,0.57525,0.57505,0.5751,8
2026-03-30T07:03:00,0.57515,0.5752,0.57515,0.5752,21
2026-03-30T07:04:00,0.57515,0.57515,0.5751,0.57515,7
2026-03-30T07:05:00,0.57515,0.57515,0.57505,0.57505,7
2026-03-30T07:06:00,0.5751,0.5751,0.57505,0.57505,12
2026-03-30T07:07:00,0.57505,0.57515,0.57505,0.5751,17
2026-03-30T07:08:00,0.5751,0.5752,0.5751,0.5752,9
2026-03-30T07:09:00,0.57515,0.57525,0.57515,0.57525,10
2026-03-30T07:10:00,0.5753,0.5753,0.57525,0.57525,7
2026-03-30T07:11:00,0.57525,0.57525,0.5752,0.5752,4
2026-03-30T07:12:00,0.5752,0.5753,0.5752,0.5753,27
2026-03-30T07:13:00,0.57525,0.5753,0.57525,0.5753,4
2026-03-30T07:14:00,0.57535,0.57535,0.57535,0.57535,13
2026-03-30T07:15:00,0.5753,0.57535,0.5753,0.57535,7
2026-03-30T07:16:00,0.57535,0.57535,0.57535,0.57535,4
2026-03-30T07:17:00,0.5753,0.5753,0.5753,0.5753,19
2026-03-30T07:18:00,0.5753,0.5753,0.5753,0.5753,2
2026-03-30T07:19:00,0.57525,0.57525,0.5752,0.5752,16
2026-03-30T07:20:00,0.5752,0.5752,0.5752,0.5752,3
2026-03-30T07:21:00,0.5753,0.57555,0.5753,0.57555,31
2026-03-30T07:22:00,0.57545,0.57545,0.57545,0.57545,2
2026-03-30T07:23:00,0.57535,0.57535,0.5751,0.57515,40
2026-03-30T07:24:00,0.57515,0.5752,0.5751,0.57515,26
2026-03-30T07:25:00,0.5751,0.5751,0.575,0.575,15
2026-03-30T07:26:00,0.57505,0.57505,0.5749,0.5749,23
2026-03-30T07:27:00,0.57485,0.57485,0.5748,0.5748,8
2026-03-30T07:28:00,0.5748,0.5748,0.57475,0.57475,8
2026-03-30T07:29:00,0.5748,0.5748,0.57475,0.57475,16
2026-03-30T07:30:00,0.5748,0.57485,0.5748,0.5748,26
2026-03-30T07:31:00,0.57475,0.57475,0.57465,0.57465,6
2026-03-30T07:32:00,0.57465,0.57465,0.57465,0.57465,1
2026-03-30T07:33:00,0.5746,0.5746,0.5744,0.5744,38
2026-03-30T07:34:00,0.5744,0.57445,0.5743,0.57445,66
2026-03-30T07:35:00,0.5744,0.57445,0.5743,0.57435,56
2026-03-30T07:36:00,0.57435,0.57435,0.5743,0.5743,31
2026-03-30T07:37:00,0.57435,0.57435,0.5742,0.5742,42
2026-03-30T07:38:00,0.5741,0.57415,0.57405,0.57415,29
2026-03-30T07:39:00,0.5741,0.5742,0.5741,0.57415,14
2026-03-30T07:40:00,0.57415,0.5742,0.57415,0.5742,5
2026-03-30T07:41:00,0.5742,0.5743,0.5742,0.5743,14
2026-03-30T07:42:00,0.57435,0.5744,0.57425,0.57425,23
2026-03-30T07:43:00,0.57425,0.57425,0.5742,0.5742,21
2026-03-30T07:44:00,0.5742,0.57425,0.5742,0.57425,51
2026-03-30T07:45:00,0.57425,0.5743,0.5742,0.5742,7
2026-03-30T07:46:00,0.57425,0.5743,0.57425,0.5743,12
2026-03-30T07:47:00,0.57435,0.57435,0.5743,0.5743,3
2026-03-30T07:48:00,0.57425,0.5743,0.57425,0.5743,10
2026-03-30T07:49:00,0.5743,0.5743,0.5742,0.57425,22
2026-03-30T07:50:00,0.57425,0.5743,0.5742,0.5742,59
2026-03-30T07:51:00,0.5743,0.57435,0.5743,0.57435,6
2026-03-30T07:52:00,0.57435,0.5744,0.5743,0.5744,20
2026-03-30T07:53:00,0.57435,0.57445,0.57435,0.5744,9
2026-03-30T07:54:00,0.57445,0.5745,0.57445,0.5745,4
2026-03-30T07:55:00,0.57445,0.57445,0.57445,0.57445,2
2026-03-30T07:56:00,0.57435,0.57435,0.5743,0.5743,13
2026-03-30T07:57:00,0.57425,0.57425,0.57415,0.57425,28
2026-03-30T07:58:00,0.5742,0.5742,0.5742,0.5742,5
2026-03-30T07:59:00,0.57425,0.5743,0.5742,0.57425,4
2026-03-30T08:00:00,0.57425,0.57425,0.57405,0.5741,52
2026-03-30T08:01:00,0.57415,0.5742,0.5741,0.5741,33
2026-03-30T08:02:00,0.57415,0.5742,0.57395,0.57395,44
2026-03-30T08:03:00,0.57395,0.5741,0.5739,0.5741,37
2026-03-30T08:04:00,0.5741,0.5742,0.5741,0.57415,82
2026-03-30T08:05:00,0.57415,0.5742,0.5741,0.5742,89
2026-03-30T08:06:00,0.57425,0.57425,0.5742,0.5742,31
2026-03-30T08:07:00,0.5741,0.5741,0.57405,0.57405,8
2026-03-30T08:08:00,0.574,0.574,0.5739,0.57395,18
2026-03-30T08:09:00,0.57395,0.57395,0.57395,0.57395,15
2026-03-30T08:10:00,0.574,0.57405,0.57395,0.57395,15
2026-03-30T08:11:00,0.57405,0.57405,0.574,0.574,5
2026-03-30T08:12:00,0.57405,0.57405,0.57395,0.57395,51
2026-03-30T08:13:00,0.5739,0.57395,0.5739,0.57395,24
2026-03-30T08:14:00,0.57405,0.57405,0.57395,0.57395,21
2026-03-30T08:15:00,0.57395,0.574,0.57395,0.57395,14
2026-03-30T08:16:00,0.574,0.574,0.574,0.574,1
2026-03-30T08:17:00,0.574,0.57405,0.574,0.57405,3
2026-03-30T08:18:00,0.574,0.57405,0.57395,0.57395,5
2026-03-30T08:19:00,0.57395,0.57395,0.57395,0.57395,2
2026-03-30T08:20:00,0.57395,0.57395,0.5739,0.5739,6
2026-03-30T08:21:00,0.5739,0.5739,0.57375,0.57375,14
2026-03-30T08:22:00,0.5738,0.5738,0.57375,0.57375,15
2026-03-30T08:23:00,0.5738,0.5738,0.57375,0.57375,13
2026-03-30T08:24:00,0.57375,0.57375,0.57375,0.57375,2
2026-03-30T08:25:00,0.57375,0.5738,0.57375,0.57375,5
2026-03-30T08:26:00,0.5738,0.5738,0.5738,0.5738,2
2026-03-30T08:27:00,0.57385,0.57385,0.57385,0.57385,1
2026-03-30T08:28:00,0.57385,0.5739,0.57385,0.5739,2
2026-03-30T08:29:00,0.57395,0.57395,0.57395,0.57395,13
2026-03-30T08:30:00,0.57395,0.57395,0.57395,0.57395,4
2026-03-30T08:31:00,0.574,0.5741,0.574,0.5741,11
2026-03-30T08:32:00,0.57425,0.57425,0.5742,0.5742,30
2026-03-30T08:33:00,0.5742,0.5742,0.5742,0.5742,3
2026-03-30T08:34:00,0.5742,0.5742,0.5742,0.5742,8
2026-03-30T08:35:00,0.57415,0.57415,0.57405,0.57415,14
2026-03-30T08:36:00,0.57415,0.57415,0.57415,0.57415,1
2026-03-30T08:37:00,0.57415,0.57415,0.5741,0.5741,2
2026-03-30T08:38:00,0.57425,0.57425,0.57425,0.57425,1
2026-03-30T08:39:00,0.57435,0.57435,0.57435,0.57435,11
2026-03-30T08:40:00,0.57425,0.57425,0.57425,0.57425,5
2026-03-30T08:41:00,0.57425,0.57425,0.57425,0.57425,2
2026-03-30T08:42:00,0.5742,0.5742,0.5742,0.5742,10
2026-03-30T08:43:00,0.57425,0.57425,0.57425,0.57425,3
2026-03-30T08:44:00,0.5742,0.5742,0.5742,0.5742,2
2026-03-30T08:45:00,0.5742,0.5742,0.5742,0.5742,1
2026-03-30T08:46:00,0.5742,0.57425,0.5742,0.5742,4
2026-03-30T08:47:00,0.5743,0.57435,0.5743,0.57435,7
2026-03-30T08:48:00,0.5743,0.5743,0.57425,0.57425,4
2026-03-30T08:49:00,0.57425,0.57445,0.57425,0.5744,9
2026-03-30T08:50:00,0.57435,0.57435,0.5743,0.5743,3
2026-03-30T08:51:00,0.5743,0.5743,0.57415,0.57415,234
2026-03-30T08:52:00,0.5742,0.57435,0.57415,0.57415,29
2026-03-30T08:53:00,0.5741,0.5741,0.5741,0.5741,5
2026-03-30T08:54:00,0.57405,0.57405,0.57405,0.57405,5
2026-03-30T08:55:00,0.57395,0.57395,0.57395,0.57395,1
2026-03-30T08:56:00,0.57395,0.57395,0.5739,0.5739,2
2026-03-30T08:57:00,0.5739,0.57395,0.5739,0.57395,15
2026-03-30T08:58:00,0.5739,0.5739,0.5738,0.5738,77
2026-03-30T08:59:00,0.57385,0.57385,0.5738,0.5738,51
2026-03-30T09:00:00,0.5738,0.5738,0.5737,0.5738,13
2026-03-30T09:01:00,0.57375,0.57385,0.57375,0.57385,22
2026-03-30T09:02:00,0.5739,0.57395,0.5738,0.5738,34
2026-03-30T09:03:00,0.57375,0.57375,0.5737,0.57375,13
2026-03-30T09:04:00,0.5737,0.5738,0.5737,0.5738,8
2026-03-30T09:05:00,0.57385,0.5739,0.57375,0.57375,21
2026-03-30T09:06:00,0.5737,0.5737,0.5737,0.5737,7
2026-03-30T09:07:00,0.5737,0.57375,0.5737,0.57375,8
2026-03-30T09:08:00,0.57375,0.57375,0.57375,0.57375,2
2026-03-30T09:09:00,0.5738,0.5739,0.5738,0.5738,28
2026-03-30T09:11:00,0.5737,0.5738,0.5737,0.5738,8
2026-03-30T09:12:00,0.5737,0.57375,0.5737,0.5737,14
2026-03-30T09:13:00,0.57365,0.57365,0.5735,0.5735,25
2026-03-30T09:14:00,0.5735,0.5735,0.5734,0.57345,14
2026-03-30T09:15:00,0.5734,0.5734,0.5733,0.57335,39
2026-03-30T09:16:00,0.5733,0.5733,0.57325,0.5733,11
2026-03-30T09:17:00,0.5733,0.57355,0.57315,0.57345,574
2026-03-30T09:18:00,0.57335,0.5734,0.57335,0.5734,6
2026-03-30T09:19:00,0.57345,0.57355,0.57345,0.57355,15
2026-03-30T09:20:00,0.57345,0.57365,0.57345,0.57355,7
2026-03-30T09:21:00,0.57355,0.57355,0.5735,0.5735,9
2026-03-30T09:22:00,0.5735,0.57355,0.57345,0.57345,30
2026-03-30T09:23:00,0.5735,0.5735,0.5734,0.5734,14
2026-03-30T09:24:00,0.57355,0.5736,0.57355,0.57355,9
2026-03-30T09:25:00,0.57355,0.57355,0.57345,0.57345,9
2026-03-30T09:26:00,0.5734,0.57345,0.57335,0.57335,16
2026-03-30T09:27:00,0.5733,0.5733,0.57325,0.57325,3
2026-03-30T09:28:00,0.57335,0.57335,0.5733,0.5733,3
2026-03-30T09:29:00,0.5733,0.5733,0.5732,0.5732,6
2026-03-30T09:30:00,0.57325,0.57325,0.5732,0.5732,8
2026-03-30T09:31:00,0.5732,0.57325,0.5732,0.5732,34
2026-03-30T09:32:00,0.57315,0.5732,0.57315,0.5732,31
2026-03-30T09:33:00,0.57315,0.5732,0.5731,0.57315,24
2026-03-30T09:34:00,0.5731,0.57315,0.5731,0.57315,5
2026-03-30T09:35:00,0.5732,0.5732,0.5731,0.57315,20
2026-03-30T09:36:00,0.5732,0.57325,0.5732,0.57325,20
2026-03-30T09:37:00,0.57325,0.5733,0.57325,0.5733,7
2026-03-30T09:38:00,0.57325,0.5733,0.57325,0.5733,2
2026-03-30T09:39:00,0.5733,0.5734,0.5733,0.5734,34
2026-03-30T09:40:00,0.5734,0.5734,0.57335,0.5734,15
2026-03-30T09:41:00,0.57335,0.5734,0.57335,0.5734,10
2026-03-30T09:42:00,0.5734,0.5734,0.5734,0.5734,6
2026-03-30T09:43:00,0.5734,0.5734,0.57335,0.57335,7
2026-03-30T09:44:00,0.57335,0.57345,0.57335,0.57345,10
2026-03-30T09:45:00,0.57345,0.57345,0.5734,0.5734,2
2026-03-30T09:46:00,0.57345,0.5735,0.57345,0.5735,3
2026-03-30T09:47:00,0.57355,0.57355,0.57355,0.57355,2
2026-03-30T09:48:00,0.57355,0.5736,0.57355,0.5736,21
2026-03-30T09:49:00,0.57355,0.57355,0.57355,0.57355,13
2026-03-30T09:50:00,0.5736,0.5736,0.5736,0.5736,1
2026-03-30T09:51:00,0.57355,0.5736,0.57355,0.5736,6
2026-03-30T09:52:00,0.5736,0.57365,0.5736,0.57365,6
2026-03-30T09:53:00,0.57365,0.57365,0.5736,0.57365,11
2026-03-30T09:54:00,0.57365,0.57365,0.5736,0.5736,9
2026-03-30T09:55:00,0.57355,0.57355,0.57355,0.57355,11
2026-03-30T09:56:00,0.57365,0.57365,0.57365,0.57365,1
2026-03-30T09:57:00,0.57355,0.57355,0.57355,0.57355,6
2026-03-30T09:58:00,0.5736,0.57365,0.5736,0.57365,14
2026-03-30T10:00:00,0.57355,0.5736,0.57355,0.5736,3
2026-03-30T10:01:00,0.57355,0.57355,0.5735,0.57355,5
2026-03-30T10:02:00,0.57355,0.57355,0.57355,0.57355,6
2026-03-30T10:03:00,0.57355,0.57355,0.57355,0.57355,4
2026-03-30T10:04:00,0.5735,0.5735,0.5734,0.5734,68
2026-03-30T10:05:00,0.57335,0.57345,0.57335,0.57345,14
2026-03-30T10:06:00,0.5734,0.57345,0.5734,0.57345,2
2026-03-30T10:07:00,0.5735,0.5735,0.57345,0.57345,17
2026-03-30T10:08:00,0.5735,0.5735,0.5735,0.5735,4
2026-03-30T10:09:00,0.57355,0.57365,0.57355,0.57365,33
2026-03-30T10:10:00,0.5737,0.5738,0.5737,0.57375,9
2026-03-30T10:11:00,0.57375,0.57375,0.57355,0.57355,12
2026-03-30T10:12:00,0.5736,0.57365,0.5736,0.5736,16
2026-03-30T10:13:00,0.5736,0.5736,0.5736,0.5736,15
2026-03-30T10:14:00,0.5736,0.5736,0.5736,0.5736,19
2026-03-30T10:15:00,0.57365,0.57365,0.5736,0.5736,28
2026-03-30T10:16:00,0.5736,0.57365,0.5736,0.57365,13
2026-03-30T10:17:00,0.57365,0.57365,0.5736,0.57365,23
2026-03-30T10:18:00,0.57365,0.57365,0.5736,0.57365,15
2026-03-30T10:19:00,0.57365,0.57365,0.57355,0.5736,34
2026-03-30T10:20:00,0.57365,0.5737,0.5736,0.5736,28
2026-03-30T10:21:00,0.5736,0.5736,0.5736,0.5736,7
2026-03-30T10:22:00,0.5735,0.57355,0.5735,0.57355,7
2026-03-30T10:23:00,0.5736,0.5736,0.57355,0.57355,4
2026-03-30T10:24:00,0.5735,0.5735,0.5735,0.5735,4
2026-03-30T10:25:00,0.57355,0.57355,0.57355,0.57355,2
2026-03-30T10:26:00,0.5735,0.5735,0.5735,0.5735,3
2026-03-30T10:28:00,0.5734,0.5734,0.57335,0.57335,3
2026-03-30T10:29:00,0.5734,0.5734,0.5734,0.5734,2
2026-03-30T10:30:00,0.5734,0.5734,0.57335,0.57335,8
2026-03-30T10:31:00,0.57335,0.5734,0.5732,0.5732,26
2026-03-30T10:32:00,0.57325,0.5734,0.57325,0.5734,24
2026-03-30T10:33:00,0.5734,0.5734,0.5734,0.5734,10
2026-03-30T10:34:00,0.5734,0.5734,0.5734,0.5734,1
2026-03-30T10:35:00,0.57345,0.57355,0.57345,0.5735,11
2026-03-30T10:36:00,0.5735,0.5735,0.5735,0.5735,5
2026-03-30T10:37:00,0.5736,0.57365,0.57355,0.57355,20
2026-03-30T10:38:00,0.57355,0.57355,0.57355,0.57355,5
2026-03-30T10:39:00,0.5736,0.5736,0.5736,0.5736,2
2026-03-30T10:40:00,0.5736,0.57365,0.5736,0.57365,6
2026-03-30T10:41:00,0.5737,0.5737,0.57365,0.57365,7
2026-03-30T10:42:00,0.5737,0.5737,0.57365,0.57365,4
2026-03-30T10:43:00,0.57365,0.5737,0.57365,0.5737,11
2026-03-30T10:44:00,0.57375,0.57375,0.5737,0.5737,6
2026-03-30T10:45:00,0.5737,0.5737,0.5737,0.5737,2
2026-03-30T10:46:00,0.57375,0.57375,0.57375,0.57375,2
2026-03-30T10:47:00,0.57375,0.5738,0.5737,0.5737,38
2026-03-30T10:48:00,0.5737,0.5737,0.5737,0.5737,2
2026-03-30T10:49:00,0.57365,0.57365,0.57365,0.57365,5
2026-03-30T10:52:00,0.5737,0.5737,0.5736,0.5736,7
2026-03-30T10:53:00,0.57365,0.57365,0.57365,0.57365,1
2026-03-30T10:54:00,0.5737,0.57375,0.5737,0.5737,4
2026-03-30T10:55:00,0.5737,0.5737,0.5737,0.5737,3
2026-03-30T10:56:00,0.5737,0.5737,0.5737,0.5737,8
2026-03-30T10:57:00,0.5736,0.5737,0.5736,0.5737,12
2026-03-30T10:58:00,0.5736,0.57365,0.57355,0.5736,12
2026-03-30T10:59:00,0.5736,0.57365,0.5736,0.5736,5
2026-03-30T11:00:00,0.57365,0.57365,0.57365,0.57365,3
2026-03-30T11:01:00,0.57365,0.57365,0.57365,0.57365,3
2026-03-30T11:02:00,0.57365,0.57365,0.5735,0.5736,16
2026-03-30T11:03:00,0.57365,0.57365,0.57365,0.57365,3
2026-03-30T11:04:00,0.5736,0.57365,0.5736,0.57365,17
2026-03-30T11:05:00,0.5737,0.5737,0.57365,0.57365,13
2026-03-30T11:06:00,0.57365,0.57365,0.57365,0.57365,7
2026-03-30T11:07:00,0.57365,0.57365,0.57365,0.57365,7
2026-03-30T11:08:00,0.57365,0.57365,0.57365,0.57365,2
2026-03-30T11:09:00,0.57385,0.57385,0.57385,0.57385,2
2026-03-30T11:10:00,0.57385,0.57385,0.5738,0.5738,6
2026-03-30T11:11:00,0.5738,0.5738,0.5738,0.5738,14
2026-03-30T11:12:00,0.5738,0.5738,0.5738,0.5738,2
2026-03-30T11:13:00,0.5738,0.57385,0.5738,0.57385,17
2026-03-30T11:14:00,0.57385,0.57385,0.57385,0.57385,4
2026-03-30T11:15:00,0.57385,0.57385,0.57385,0.57385,10
2026-03-30T11:16:00,0.57385,0.57385,0.5738,0.5738,7
2026-03-30T11:17:00,0.57385,0.57395,0.57385,0.57395,7
2026-03-30T11:18:00,0.57395,0.574,0.5739,0.5739,19
2026-03-30T11:19:00,0.5739,0.57395,0.5739,0.5739,11
2026-03-30T11:20:00,0.57385,0.5739,0.57385,0.5739,3
2026-03-30T11:21:00,0.5739,0.57395,0.5739,0.57395,5
2026-03-30T11:22:00,0.5739,0.57395,0.5739,0.57395,13
2026-03-30T11:23:00,0.57395,0.57395,0.5739,0.5739,6
2026-03-30T11:24:00,0.5739,0.5739,0.5739,0.5739,1
2026-03-30T11:25:00,0.57385,0.57385,0.5738,0.5738,13
2026-03-30T11:26:00,0.57385,0.5746,0.57385,0.57405,469
2026-03-30T11:27:00,0.574,0.5742,0.57365,0.57365,350
2026-03-30T11:28:00,0.5737,0.57375,0.57345,0.57365,88
2026-03-30T11:29:00,0.5737,0.57385,0.57365,0.57385,41
2026-03-30T11:30:00,0.574,0.574,0.57385,0.5739,65
2026-03-30T11:31:00,0.5739,0.57405,0.5739,0.574,58
2026-03-30T11:32:00,0.57405,0.5741,0.574,0.574,46
2026-03-30T11:33:00,0.57395,0.57395,0.57385,0.57395,29
2026-03-30T11:34:00,0.5739,0.5739,0.5738,0.5738,29
2026-03-30T11:35:00,0.57395,0.574,0.57395,0.574,6
2026-03-30T11:36:00,0.57395,0.57405,0.57395,0.57405,26
2026-03-30T11:37:00,0.57405,0.57405,0.5738,0.5738,25
2026-03-30T11:38:00,0.5738,0.57395,0.57375,0.57395,23
2026-03-30T11:39:00,0.57395,0.57395,0.57395,0.57395,1
2026-03-30T11:41:00,0.57395,0.57395,0.57385,0.57385,12
2026-03-30T11:42:00,0.5739,0.574,0.5739,0.57395,10
2026-03-30T11:43:00,0.5739,0.5739,0.57385,0.57385,3
2026-03-30T11:44:00,0.57385,0.57385,0.5737,0.5737,7
2026-03-30T11:45:00,0.5738,0.5738,0.57375,0.5738,7
2026-03-30T11:46:00,0.5738,0.5738,0.5737,0.57375,15
2026-03-30T11:47:00,0.5737,0.5737,0.5737,0.5737,1
2026-03-30T11:48:00,0.5738,0.5738,0.57375,0.5738,7
2026-03-30T11:49:00,0.57375,0.5738,0.57375,0.5738,5
2026-03-30T11:50:00,0.57385,0.574,0.57385,0.57395,28
2026-03-30T11:51:00,0.5739,0.5739,0.5739,0.5739,3
2026-03-30T11:52:00,0.574,0.57405,0.574,0.57405,4
2026-03-30T11:53:00,0.5739,0.57395,0.5739,0.57395,8
2026-03-30T11:54:00,0.57395,0.574,0.5739,0.574,15
2026-03-30T11:55:00,0.574,0.574,0.5738,0.5738,31
2026-03-30T11:56:00,0.57385,0.5739,0.5737,0.5737,8
2026-03-30T11:57:00,0.57375,0.5738,0.57375,0.5738,2
2026-03-30T11:58:00,0.57375,0.57375,0.57375,0.57375,5
2026-03-30T11:59:00,0.57365,0.57365,0.57365,0.57365,1
2026-03-30T12:00:00,0.5737,0.5737,0.5736,0.5736,30
2026-03-30T12:01:00,0.5736,0.5736,0.5736,0.5736,4
2026-03-30T12:02:00,0.57355,0.5736,0.57355,0.5736,25
2026-03-30T12:03:00,0.5736,0.5736,0.57355,0.57355,12
2026-03-30T12:04:00,0.5736,0.5736,0.5736,0.5736,4
2026-03-30T12:05:00,0.57365,0.57375,0.57365,0.57375,7
2026-03-30T12:06:00,0.5738,0.5738,0.57375,0.57375,5
2026-03-30T12:07:00,0.57375,0.57375,0.5737,0.5737,2
2026-03-30T12:08:00,0.5738,0.5738,0.5738,0.5738,3
2026-03-30T12:09:00,0.57385,0.57385,0.5738,0.5738,7
2026-03-30T12:11:00,0.5737,0.5737,0.5736,0.5736,16
2026-03-30T12:12:00,0.57365,0.5737,0.57355,0.57355,4
2026-03-30T12:13:00,0.5735,0.5735,0.5735,0.5735,1
2026-03-30T12:14:00,0.5734,0.5734,0.5734,0.5734,2
2026-03-30T12:15:00,0.5734,0.5734,0.5733,0.5733,11
2026-03-30T12:16:00,0.5733,0.57335,0.57325,0.57335,14
2026-03-30T12:17:00,0.5734,0.5735,0.5734,0.5735,6
2026-03-30T12:18:00,0.57355,0.5736,0.57355,0.5736,4
2026-03-30T12:19:00,0.57355,0.5737,0.57355,0.5737,11
2026-03-30T12:20:00,0.57365,0.57365,0.5736,0.5736,13
2026-03-30T12:21:00,0.57355,0.57365,0.57355,0.57365,6
2026-03-30T12:22:00,0.5737,0.5737,0.57365,0.57365,8
2026-03-30T12:23:00,0.5737,0.5737,0.5737,0.5737,1
2026-03-30T12:24:00,0.5738,0.57385,0.5738,0.5738,12
2026-03-30T12:25:00,0.57385,0.57385,0.5738,0.57385,5
2026-03-30T12:26:00,0.57385,0.574,0.57385,0.57395,15
2026-03-30T12:27:00,0.57395,0.574,0.5739,0.5739,23
2026-03-30T12:28:00,0.57395,0.57395,0.57395,0.57395,2
2026-03-30T12:29:00,0.57385,0.57385,0.57375,0.57375,14
2026-03-30T12:30:00,0.5738,0.5739,0.57375,0.5739,26
2026-03-30T12:31:00,0.5738,0.57385,0.5738,0.57385,5
2026-03-30T12:32:00,0.57385,0.57395,0.57385,0.57395,18
2026-03-30T12:33:00,0.57395,0.574,0.57395,0.57395,7
2026-03-30T12:34:00,0.574,0.574,0.574,0.574,5
2026-03-30T12:35:00,0.57405,0.5741,0.57405,0.5741,13
2026-03-30T12:36:00,0.5741,0.5742,0.5741,0.5742,16
2026-03-30T12:37:00,0.57415,0.57415,0.57405,0.57405,29
2026-03-30T12:38:00,0.57405,0.5741,0.57405,0.5741,10
2026-03-30T12:39:00,0.57405,0.5741,0.57405,0.5741,2
2026-03-30T12:40:00,0.574,0.574,0.574,0.574,4
2026-03-30T12:41:00,0.57395,0.57395,0.57385,0.57385,3
2026-03-30T12:42:00,0.57395,0.57395,0.57385,0.57385,24
2026-03-30T12:43:00,0.5739,0.57395,0.57385,0.5739,15
2026-03-30T12:44:00,0.5739,0.5739,0.5738,0.57385,6
2026-03-30T12:45:00,0.5738,0.57385,0.5738,0.57385,3
2026-03-30T12:46:00,0.57385,0.57385,0.57375,0.57375,16
2026-03-30T12:47:00,0.57385,0.57385,0.57375,0.57375,4
2026-03-30T12:48:00,0.5737,0.5738,0.5737,0.5738,21
2026-03-30T12:49:00,0.5737,0.574,0.5737,0.574,26
2026-03-30T12:50:00,0.57395,0.57395,0.57385,0.57385,36
2026-03-30T12:51:00,0.57385,0.57385,0.5738,0.5738,10
2026-03-30T12:52:00,0.5738,0.57395,0.5738,0.57395,15
2026-03-30T12:53:00,0.57395,0.57395,0.57395,0.57395,9
2026-03-30T12:54:00,0.57395,0.574,0.57395,0.57395,16
2026-03-30T12:55:00,0.57385,0.5739,0.57385,0.5739,15
2026-03-30T12:56:00,0.57385,0.574,0.57385,0.574,27
2026-03-30T12:57:00,0.57395,0.57405,0.5739,0.5739,46
2026-03-30T12:58:00,0.5739,0.574,0.5739,0.57395,8
2026-03-30T12:59:00,0.57395,0.57395,0.5739,0.5739,12
2026-03-30T13:00:00,0.57395,0.57415,0.57395,0.57415,46
2026-03-30T13:01:00,0.5741,0.5741,0.574,0.574,13
2026-03-30T13:02:00,0.574,0.574,0.574,0.574,10
2026-03-30T13:03:00,0.57405,0.5741,0.57405,0.57405,21
2026-03-30T13:04:00,0.574,0.574,0.57395,0.57395,9
2026-03-30T13:05:00,0.57385,0.5739,0.5738,0.5738,47
2026-03-30T13:06:00,0.57385,0.5739,0.57355,0.5736,95
2026-03-30T13:07:00,0.5736,0.57385,0.5736,0.57385,16
2026-03-30T13:08:00,0.5738,0.5738,0.5736,0.5736,13
2026-03-30T13:09:00,0.57355,0.57355,0.57355,0.57355,3
2026-03-30T13:10:00,0.5737,0.5738,0.5737,0.5738,11
2026-03-30T13:11:00,0.57375,0.57385,0.57375,0.5738,6
2026-03-30T13:12:00,0.57385,0.57385,0.5738,0.5738,7
2026-03-30T13:13:00,0.5738,0.5738,0.5737,0.5738,20
2026-03-30T13:14:00,0.5738,0.5738,0.5738,0.5738,11
2026-03-30T13:15:00,0.5738,0.5738,0.5738,0.5738,16
2026-03-30T13:16:00,0.57375,0.5739,0.57375,0.5739,23
2026-03-30T13:17:00,0.57385,0.57385,0.57385,0.57385,16
2026-03-30T13:18:00,0.57385,0.57385,0.57375,0.57375,27
2026-03-30T13:19:00,0.5738,0.5738,0.5737,0.5737,5
2026-03-30T13:20:00,0.5737,0.57375,0.5737,0.5737,31
2026-03-30T13:21:00,0.57365,0.5738,0.57365,0.57375,15
2026-03-30T13:22:00,0.5737,0.5737,0.5737,0.5737,2
2026-03-30T13:23:00,0.57365,0.57365,0.57365,0.57365,4
2026-03-30T13:24:00,0.57365,0.5737,0.57365,0.5737,28
2026-03-30T13:25:00,0.57355,0.57355,0.5735,0.57355,18
2026-03-30T13:26:00,0.5735,0.5735,0.57345,0.57345,17
2026-03-30T13:27:00,0.57345,0.57345,0.57345,0.57345,10
2026-03-30T13:28:00,0.57345,0.57345,0.5734,0.57345,16
2026-03-30T13:29:00,0.57345,0.57345,0.5734,0.5734,14
2026-03-30T13:30:00,0.5734,0.5734,0.5733,0.5734,75
2026-03-30T13:31:00,0.5734,0.57355,0.57335,0.5734,31
2026-03-30T13:32:00,0.57335,0.57335,0.57325,0.57325,21
2026-03-30T13:33:00,0.5733,0.57335,0.5733,0.5733,27
2026-03-30T13:34:00,0.57325,0.57325,0.573,0.573,39
2026-03-30T13:35:00,0.57305,0.57305,0.573,0.573,186
2026-03-30T13:36:00,0.573,0.5731,0.573,0.57305,51
2026-03-30T13:37:00,0.573,0.573,0.5728,0.573,75
2026-03-30T13:38:00,0.57305,0.57305,0.5729,0.57295,17
2026-03-30T13:39:00,0.57295,0.57315,0.57295,0.57315,32
2026-03-30T13:40:00,0.57305,0.57305,0.5729,0.5729,25
2026-03-30T13:41:00,0.57285,0.57285,0.5727,0.5727,61
2026-03-30T13:42:00,0.5727,0.5727,0.5726,0.5727,31
2026-03-30T13:43:00,0.5727,0.57285,0.57265,0.5728,39
2026-03-30T13:44:00,0.57275,0.57275,0.57265,0.5727,33
2026-03-30T13:45:00,0.5727,0.57275,0.5726,0.57265,26
2026-03-30T13:46:00,0.57275,0.5728,0.5725,0.5726,29
2026-03-30T13:47:00,0.5726,0.57275,0.5726,0.5727,33
2026-03-30T13:48:00,0.5727,0.5727,0.5726,0.5727,17
2026-03-30T13:49:00,0.57265,0.57265,0.5726,0.5726,28
2026-03-30T13:50:00,0.5726,0.5726,0.57255,0.5726,42
2026-03-30T13:51:00,0.57255,0.5727,0.57255,0.5726,78
2026-03-30T13:52:00,0.5726,0.5726,0.5725,0.57255,81
2026-03-30T13:53:00,0.57255,0.57265,0.57255,0.5726,47
2026-03-30T13:54:00,0.5726,0.57265,0.57255,0.5726,82
2026-03-30T13:55:00,0.57255,0.57265,0.57245,0.5726,80
2026-03-30T13:56:00,0.57255,0.57265,0.57255,0.5726,21
2026-03-30T13:57:00,0.5726,0.5726,0.57255,0.5726,133
2026-03-30T13:58:00,0.57255,0.5726,0.5725,0.5726,31
2026-03-30T13:59:00,0.57255,0.5727,0.57255,0.5727,247
2026-03-30T14:00:00,0.5727,0.5728,0.5725,0.5725,118
2026-03-30T14:01:00,0.5725,0.57265,0.5725,0.5726,35
2026-03-30T14:02:00,0.57255,0.5726,0.5725,0.5725,88
2026-03-30T14:03:00,0.57255,0.57255,0.57245,0.5725,65
2026-03-30T14:04:00,0.5725,0.5727,0.57245,0.5726,286
2026-03-30T14:05:00,0.57265,0.57265,0.57215,0.5724,111
2026-03-30T14:06:00,0.5723,0.57235,0.57215,0.5722,60
2026-03-30T14:07:00,0.57235,0.57235,0.57225,0.5723,47
2026-03-30T14:08:00,0.5723,0.5723,0.5723,0.5723,27
2026-03-30T14:09:00,0.5723,0.5724,0.57225,0.5724,21
2026-03-30T14:10:00,0.5724,0.57245,0.57225,0.5723,36
2026-03-30T14:11:00,0.57235,0.57235,0.57225,0.57225,22
2026-03-30T14:12:00,0.57225,0.5724,0.57225,0.5724,107
2026-03-30T14:13:00,0.5724,0.5725,0.57235,0.5725,21
2026-03-30T14:14:00,0.57245,0.5725,0.57245,0.5725,31
2026-03-30T14:15:00,0.57245,0.57245,0.5722,0.5723,31
2026-03-30T14:16:00,0.57225,0.57235,0.5722,0.57225,47
2026-03-30T14:17:00,0.5723,0.57235,0.57225,0.57225,24
2026-03-30T14:18:00,0.57225,0.57225,0.5722,0.5722,36
2026-03-30T14:19:00,0.5721,0.5721,0.5719,0.57195,265
2026-03-30T14:20:00,0.5719,0.572,0.57185,0.5719,170
2026-03-30T14:21:00,0.5719,0.57195,0.57175,0.57175,67
2026-03-30T14:22:00,0.57175,0.57195,0.5717,0.5719,321
2026-03-30T14:23:00,0.5719,0.5719,0.5717,0.57175,197
2026-03-30T14:24:00,0.5717,0.57185,0.5717,0.57185,51
2026-03-30T14:25:00,0.57185,0.57195,0.57185,0.5719,49
2026-03-30T14:26:00,0.57185,0.5719,0.57175,0.5718,30
2026-03-30T14:27:00,0.5718,0.57185,0.5717,0.57175,112
2026-03-30T14:28:00,0.57175,0.57175,0.57155,0.57155,236
2026-03-30T14:29:00,0.57155,0.57175,0.57155,0.5717,64
2026-03-30T14:30:00,0.57165,0.572,0.57165,0.57195,101
2026-03-30T14:31:00,0.572,0.5722,0.57195,0.5721,51
2026-03-30T14:32:00,0.5721,0.5722,0.57205,0.57205,40
2026-03-30T14:33:00,0.57205,0.5722,0.57205,0.57205,39
2026-03-30T14:34:00,0.57205,0.57205,0.57195,0.572,42
2026-03-30T14:35:00,0.5721,0.57215,0.57195,0.57195,48
2026-03-30T14:36:00,0.57195,0.57215,0.57195,0.5721,43
2026-03-30T14:37:00,0.5721,0.57225,0.5721,0.57225,40
2026-03-30T14:38:00,0.5723,0.57245,0.5723,0.57245,52
2026-03-30T14:39:00,0.57245,0.57245,0.5723,0.57245,68
2026-03-30T14:40:00,0.57245,0.57255,0.57245,0.5725,45
2026-03-30T14:41:00,0.57245,0.5725,0.5724,0.5725,68
2026-03-30T14:42:00,0.5725,0.57255,0.5725,0.5725,38
2026-03-30T14:43:00,0.5725,0.57265,0.5725,0.5726,44
2026-03-30T14:44:00,0.5726,0.57265,0.5726,0.57265,39
2026-03-30T14:45:00,0.57265,0.5727,0.5726,0.5726,56
2026-03-30T14:46:00,0.5726,0.5728,0.5726,0.5728,62
2026-03-30T14:47:00,0.57275,0.5732,0.5726,0.57315,202
2026-03-30T14:48:00,0.57315,0.57325,0.57295,0.573,96
2026-03-30T14:49:00,0.57295,0.57295,0.5727,0.5727,84
2026-03-30T14:50:00,0.5727,0.57275,0.5726,0.57275,62
2026-03-30T14:51:00,0.5727,0.57285,0.57265,0.57275,38
2026-03-30T14:52:00,0.57275,0.5729,0.5727,0.5729,49
2026-03-30T14:53:00,0.57285,0.57295,0.5728,0.57295,118
2026-03-30T14:54:00,0.57285,0.5729,0.5727,0.5728,161
2026-03-30T14:55:00,0.5728,0.57285,0.5727,0.57285,75
2026-03-30T14:56:00,0.57285,0.5731,0.57285,0.5731,60
2026-03-30T14:57:00,0.5731,0.5734,0.5731,0.57325,445
2026-03-30T14:58:00,0.5732,0.57325,0.57315,0.57325,96
2026-03-30T14:59:00,0.5732,0.5732,0.57315,0.5732,118
2026-03-30T15:00:00,0.5732,0.5733,0.57315,0.5733,227
2026-03-30T15:01:00,0.5733,0.5734,0.5732,0.5733,236
2026-03-30T15:02:00,0.5733,0.57335,0.5732,0.57325,74
2026-03-30T15:03:00,0.57325,0.57335,0.5732,0.57325,31
2026-03-30T15:04:00,0.5733,0.57335,0.57325,0.5733,19
2026-03-30T15:05:00,0.57335,0.57335,0.57325,0.5733,141
2026-03-30T15:06:00,0.57325,0.57325,0.57305,0.57305,13
2026-03-30T15:07:00,0.57285,0.5729,0.57275,0.57275,12
2026-03-30T15:08:00,0.57275,0.57275,0.5726,0.5726,68
2026-03-30T15:09:00,0.57265,0.57265,0.5725,0.5726,18
2026-03-30T15:10:00,0.5726,0.57265,0.5726,0.5726,19
2026-03-30T15:11:00,0.5726,0.5726,0.5726,0.5726,4
2026-03-30T15:12:00,0.57255,0.57265,0.57255,0.57265,25
2026-03-30T15:13:00,0.5727,0.57275,0.57265,0.57265,10
2026-03-30T15:14:00,0.57255,0.57255,0.57245,0.57245,34
2026-03-30T15:15:00,0.57245,0.5725,0.5724,0.5725,19
2026-03-30T15:16:00,0.5725,0.5725,0.5724,0.5724,17
2026-03-30T15:17:00,0.57245,0.5725,0.57245,0.57245,18
2026-03-30T15:18:00,0.57245,0.5725,0.57245,0.5725,26
2026-03-30T15:19:00,0.5725,0.5726,0.57245,0.5726,12
2026-03-30T15:20:00,0.5726,0.57275,0.5726,0.5727,17
2026-03-30T15:21:00,0.57265,0.57265,0.5725,0.57255,83
2026-03-30T15:22:00,0.57255,0.57255,0.57245,0.5725,27
2026-03-30T15:23:00,0.5725,0.5725,0.57245,0.57245,52
2026-03-30T15:24:00,0.5725,0.5726,0.5725,0.57255,65
2026-03-30T15:25:00,0.57255,0.5727,0.57255,0.5726,27
2026-03-30T15:26:00,0.57255,0.57265,0.57255,0.57265,30
2026-03-30T15:27:00,0.57265,0.57265,0.5726,0.57265,27
2026-03-30T15:28:00,0.5726,0.5726,0.5726,0.5726,2
2026-03-30T15:29:00,0.5726,0.5726,0.57255,0.5726,14
2026-03-30T15:30:00,0.5726,0.57265,0.5725,0.5726,20
2026-03-30T15:31:00,0.57265,0.5727,0.5726,0.5727,11
2026-03-30T15:32:00,0.57275,0.5728,0.5727,0.57275,21
2026-03-30T15:33:00,0.5727,0.5728,0.5727,0.57275,58
2026-03-30T15:34:00,0.5727,0.5729,0.5727,0.57285,21
2026-03-30T15:35:00,0.5729,0.5729,0.57285,0.57285,7
2026-03-30T15:36:00,0.5729,0.5729,0.57285,0.57285,11
2026-03-30T15:37:00,0.57285,0.573,0.57285,0.573,19
2026-03-30T15:38:00,0.57305,0.57305,0.573,0.573,30
2026-03-30T15:39:00,0.573,0.57305,0.573,0.57305,11
2026-03-30T15:40:00,0.573,0.5731,0.57295,0.5731,18
2026-03-30T15:41:00,0.5731,0.5731,0.573,0.57305,13
2026-03-30T15:42:00,0.57305,0.5731,0.57305,0.5731,5
2026-03-30T15:43:00,0.57305,0.57315,0.573,0.57315,15
2026-03-30T15:45:00,0.5731,0.5731,0.573,0.573,17
2026-03-30T15:46:00,0.573,0.573,0.57295,0.57295,8
2026-03-30T15:47:00,0.5729,0.5729,0.57285,0.57285,8
2026-03-30T15:48:00,0.57295,0.57305,0.57295,0.57305,4
2026-03-30T15:49:00,0.573,0.57305,0.573,0.573,4
2026-03-30T15:50:00,0.573,0.57305,0.573,0.573,5
2026-03-30T15:51:00,0.5731,0.5731,0.57305,0.5731,7
2026-03-30T15:52:00,0.57305,0.57305,0.57305,0.57305,10
2026-03-30T15:53:00,0.57305,0.57305,0.573,0.573,6
2026-03-30T15:54:00,0.573,0.57305,0.57295,0.57305,11
2026-03-30T15:55:00,0.573,0.5731,0.573,0.57305,8
2026-03-30T15:56:00,0.57305,0.57305,0.5729,0.5729,50
2026-03-30T15:57:00,0.5729,0.57295,0.5729,0.57295,20
2026-03-30T15:58:00,0.57295,0.57295,0.57295,0.57295,3
2026-03-30T15:59:00,0.57295,0.573,0.57295,0.57295,21
2026-03-30T16:00:00,0.57295,0.57305,0.5729,0.5729,65
2026-03-30T16:01:00,0.5729,0.5729,0.57285,0.5729,15
2026-03-30T16:02:00,0.57285,0.57285,0.5727,0.5727,15
2026-03-30T16:03:00,0.5727,0.5728,0.57265,0.57275,21
2026-03-30T16:04:00,0.57275,0.5728,0.57275,0.5728,9
2026-03-30T16:05:00,0.57285,0.5729,0.57285,0.5729,12
2026-03-30T16:06:00,0.57295,0.57295,0.57295,0.57295,4
2026-03-30T16:07:00,0.573,0.573,0.57285,0.57285,44
2026-03-30T16:08:00,0.57285,0.57285,0.5728,0.5728,8
2026-03-30T16:09:00,0.5728,0.5729,0.5728,0.57285,12
2026-03-30T16:11:00,0.57295,0.57295,0.57295,0.57295,8
2026-03-30T16:12:00,0.57295,0.57305,0.57295,0.57305,8
2026-03-30T16:13:00,0.573,0.573,0.573,0.573,8
2026-03-30T16:14:00,0.573,0.573,0.573,0.573,5
2026-03-30T16:15:00,0.573,0.573,0.57295,0.57295,20
2026-03-30T16:16:00,0.57295,0.57295,0.57295,0.57295,4
2026-03-30T16:17:00,0.57295,0.573,0.57295,0.57295,10
2026-03-30T16:18:00,0.57295,0.57295,0.5729,0.5729,11
2026-03-30T16:19:00,0.57285,0.57295,0.57285,0.57295,15
2026-03-30T16:20:00,0.573,0.57305,0.573,0.57305,4
2026-03-30T16:21:00,0.5729,0.57295,0.5729,0.57295,30
2026-03-30T16:22:00,0.573,0.573,0.573,0.573,24
2026-03-30T16:23:00,0.5729,0.5729,0.57285,0.5729,19
2026-03-30T16:24:00,0.5729,0.5729,0.5729,0.5729,10
2026-03-30T16:25:00,0.57295,0.57295,0.57295,0.57295,15
2026-03-30T16:26:00,0.5729,0.5729,0.57285,0.5729,20
2026-03-30T16:27:00,0.57285,0.573,0.57285,0.5729,17
2026-03-30T16:28:00,0.57295,0.57295,0.5729,0.5729,21
2026-03-30T16:29:00,0.5729,0.5729,0.57275,0.57275,4
2026-03-30T16:30:00,0.5727,0.5727,0.57265,0.57265,15
2026-03-30T16:31:00,0.57285,0.57295,0.57285,0.57295,19
2026-03-30T16:32:00,0.573,0.57305,0.573,0.573,13
2026-03-30T16:33:00,0.573,0.573,0.573,0.573,3
2026-03-30T16:34:00,0.57305,0.57305,0.57305,0.57305,1
2026-03-30T16:35:00,0.573,0.573,0.573,0.573,1
2026-03-30T16:36:00,0.57295,0.57295,0.57295,0.57295,2
2026-03-30T16:37:00,0.57295,0.57295,0.57295,0.57295,10
2026-03-30T16:38:00,0.57295,0.573,0.57295,0.573,26
2026-03-30T16:39:00,0.57305,0.5731,0.57305,0.57305,65
2026-03-30T16:41:00,0.573,0.5731,0.573,0.5731,12
2026-03-30T16:42:00,0.5731,0.5731,0.5731,0.5731,29
2026-03-30T16:43:00,0.5731,0.5731,0.5731,0.5731,22
2026-03-30T16:44:00,0.5731,0.5732,0.5731,0.5732,8
2026-03-30T16:45:00,0.5732,0.5732,0.5731,0.57315,28
2026-03-30T16:46:00,0.5731,0.5732,0.5731,0.5732,3
2026-03-30T16:47:00,0.5731,0.57315,0.5731,0.57315,6
2026-03-30T16:48:00,0.5731,0.57315,0.57305,0.57315,17
2026-03-30T16:49:00,0.57315,0.57315,0.57315,0.57315,43
2026-03-30T16:50:00,0.5731,0.5732,0.5731,0.57315,17
2026-03-30T16:51:00,0.57325,0.57325,0.57315,0.57325,24
2026-03-30T16:52:00,0.5733,0.5733,0.5733,0.5733,4
2026-03-30T16:53:00,0.57325,0.57325,0.57325,0.57325,7
2026-03-30T16:54:00,0.5732,0.5732,0.57315,0.57315,11
2026-03-30T16:55:00,0.5731,0.57315,0.5731,0.5731,16
2026-03-30T16:56:00,0.57315,0.5732,0.57315,0.5732,8
2026-03-30T16:57:00,0.5732,0.5732,0.5732,0.5732,7
2026-03-30T16:58:00,0.57315,0.57315,0.57315,0.57315,8
2026-03-30T16:59:00,0.57315,0.57325,0.57315,0.57325,6
2026-03-30T17:00:00,0.5733,0.5734,0.5733,0.5734,9
2026-03-30T17:01:00,0.57335,0.57345,0.57335,0.57345,15
2026-03-30T17:02:00,0.5734,0.5734,0.5734,0.5734,3
2026-03-30T17:03:00,0.57335,0.57335,0.57335,0.57335,4
2026-03-30T17:04:00,0.57335,0.57335,0.5733,0.5733,5
2026-03-30T17:05:00,0.5733,0.57335,0.5733,0.57335,27
2026-03-30T17:06:00,0.5734,0.5735,0.5734,0.5735,12
2026-03-30T17:07:00,0.57345,0.57345,0.57345,0.57345,7
2026-03-30T17:08:00,0.57345,0.57345,0.57345,0.57345,3
2026-03-30T17:09:00,0.57345,0.5735,0.5734,0.5735,22
2026-03-30T17:10:00,0.5735,0.57355,0.5732,0.5732,22
2026-03-30T17:11:00,0.5732,0.57325,0.5732,0.57325,30
2026-03-30T17:12:00,0.57325,0.5733,0.57325,0.5733,16
2026-03-30T17:13:00,0.5732,0.5732,0.5731,0.5731,12
2026-03-30T17:14:00,0.57315,0.57315,0.5731,0.57315,7
2026-03-30T17:15:00,0.5732,0.5732,0.57305,0.5731,193
2026-03-30T17:16:00,0.5731,0.5731,0.57305,0.5731,27
2026-03-30T17:17:00,0.5732,0.57325,0.5732,0.57325,7
2026-03-30T17:18:00,0.5732,0.57325,0.5732,0.57325,2
2026-03-30T17:19:00,0.57325,0.57325,0.57325,0.57325,4
2026-03-30T17:20:00,0.5732,0.5732,0.57315,0.57315,9
2026-03-30T17:21:00,0.57305,0.57305,0.57305,0.57305,1
2026-03-30T17:22:00,0.57305,0.57305,0.57305,0.57305,14
2026-03-30T17:23:00,0.57305,0.5731,0.57305,0.57305,7
2026-03-30T17:24:00,0.5731,0.5732,0.5731,0.5732,9
2026-03-30T17:25:00,0.5732,0.5732,0.5732,0.5732,7
2026-03-30T17:26:00,0.57325,0.57325,0.57325,0.57325,2
2026-03-30T17:27:00,0.57315,0.5732,0.57315,0.5732,10
2026-03-30T17:28:00,0.5732,0.57325,0.5732,0.57325,4
2026-03-30T17:29:00,0.5732,0.5732,0.5731,0.5731,9
2026-03-30T17:30:00,0.57315,0.5732,0.57315,0.57315,10
2026-03-30T17:31:00,0.5731,0.5731,0.5731,0.5731,3
2026-03-30T17:32:00,0.57315,0.57315,0.57305,0.57305,36
2026-03-30T17:33:00,0.5731,0.5731,0.57305,0.57305,20
2026-03-30T17:34:00,0.57305,0.57305,0.573,0.573,6
2026-03-30T17:35:00,0.57305,0.57305,0.573,0.573,2
2026-03-30T17:36:00,0.57305,0.57315,0.57305,0.57315,12
2026-03-30T17:37:00,0.5731,0.5731,0.5731,0.5731,11
2026-03-30T17:38:00,0.5731,0.5731,0.5731,0.5731,7
2026-03-30T17:39:00,0.5731,0.5732,0.5731,0.5732,9
2026-03-30T17:40:00,0.5732,0.57325,0.5732,0.57325,8
2026-03-30T17:41:00,0.57325,0.57325,0.57325,0.57325,1
2026-03-30T17:42:00,0.5733,0.5733,0.5733,0.5733,2
2026-03-30T17:43:00,0.57325,0.57325,0.57325,0.57325,3
2026-03-30T17:44:00,0.5733,0.5734,0.5733,0.5734,40
2026-03-30T17:45:00,0.57345,0.5735,0.57345,0.5735,33
2026-03-30T17:46:00,0.5735,0.5735,0.5734,0.5734,17
2026-03-30T17:47:00,0.57335,0.57365,0.57335,0.57345,347
2026-03-30T17:48:00,0.5734,0.5734,0.57325,0.57325,129
2026-03-30T17:49:00,0.57325,0.57325,0.5732,0.5732,5
2026-03-30T17:50:00,0.5732,0.5732,0.5732,0.5732,11
2026-03-30T17:51:00,0.57325,0.5733,0.5732,0.5733,7
2026-03-30T17:52:00,0.5733,0.5733,0.5732,0.5732,7
2026-03-30T17:53:00,0.57325,0.5733,0.57325,0.5733,3
2026-03-30T17:54:00,0.57325,0.5733,0.5732,0.5732,16
2026-03-30T17:55:00,0.5732,0.5732,0.57315,0.57315,19
2026-03-30T17:56:00,0.57315,0.57315,0.57315,0.57315,2
2026-03-30T17:57:00,0.5731,0.5731,0.5731,0.5731,10
2026-03-30T17:58:00,0.57305,0.57305,0.573,0.573,13
2026-03-30T17:59:00,0.573,0.57305,0.573,0.57305,3
2026-03-30T18:00:00,0.573,0.57305,0.57295,0.57305,75
2026-03-30T18:01:00,0.573,0.57305,0.573,0.57305,15
2026-03-30T18:02:00,0.57305,0.5733,0.57305,0.5733,19
2026-03-30T18:03:00,0.57325,0.57325,0.57325,0.57325,1
2026-03-30T18:07:00,0.57315,0.57315,0.57305,0.57305,20
2026-03-30T18:08:00,0.5731,0.5731,0.5731,0.5731,4
2026-03-30T18:09:00,0.5731,0.57315,0.5731,0.57315,2
2026-03-30T18:10:00,0.57315,0.5732,0.57315,0.5732,5
2026-03-30T18:12:00,0.57315,0.5732,0.57315,0.5732,3
2026-03-30T18:13:00,0.5732,0.5732,0.57315,0.57315,26
2026-03-30T18:14:00,0.57325,0.57335,0.5732,0.57335,14
2026-03-30T18:15:00,0.57335,0.57335,0.5733,0.5733,11
2026-03-30T18:16:00,0.5733,0.5733,0.5733,0.5733,2
2026-03-30T18:18:00,0.57325,0.57325,0.57325,0.57325,5
2026-03-30T18:19:00,0.57335,0.5734,0.57335,0.5734,6
2026-03-30T18:21:00,0.57345,0.57345,0.5734,0.5734,21
2026-03-30T18:22:00,0.5733,0.5733,0.5733,0.5733,8
2026-03-30T18:23:00,0.5733,0.5733,0.57325,0.5733,10
2026-03-30T18:24:00,0.5733,0.57335,0.5733,0.5733,17
2026-03-30T18:25:00,0.57325,0.5733,0.57325,0.5733,12
2026-03-30T18:26:00,0.57325,0.57325,0.5732,0.5732,17
2026-03-30T18:27:00,0.57325,0.57325,0.57315,0.57325,33
2026-03-30T18:28:00,0.5732,0.5733,0.5732,0.5733,45
2026-03-30T18:29:00,0.57325,0.57325,0.57325,0.57325,17
2026-03-30T18:30:00,0.5733,0.5734,0.5733,0.5734,19
2026-03-30T18:31:00,0.5734,0.5734,0.5734,0.5734,8
2026-03-30T18:32:00,0.57335,0.57335,0.57335,0.57335,5
2026-03-30T18:33:00,0.5733,0.5733,0.5733,0.5733,1
2026-03-30T18:34:00,0.5733,0.5733,0.5733,0.5733,1
2026-03-30T18:35:00,0.57335,0.57335,0.57335,0.57335,7
2026-03-30T18:36:00,0.5734,0.57355,0.5734,0.57355,16
2026-03-30T18:37:00,0.5735,0.5735,0.5735,0.5735,3
2026-03-30T18:38:00,0.57335,0.57335,0.57335,0.57335,1
2026-03-30T18:39:00,0.5733,0.5733,0.5733,0.5733,6
2026-03-30T18:41:00,0.57335,0.57335,0.57335,0.57335,9
2026-03-30T18:42:00,0.57335,0.57335,0.57325,0.57325,3
2026-03-30T18:43:00,0.57325,0.57325,0.5732,0.5732,5
2026-03-30T18:44:00,0.5733,0.5733,0.57325,0.57325,14
2026-03-30T18:45:00,0.57325,0.57335,0.57325,0.57335,2
2026-03-30T18:46:00,0.57335,0.57335,0.5733,0.5733,17
2026-03-30T18:47:00,0.5733,0.57335,0.5733,0.57335,6
2026-03-30T18:48:00,0.57335,0.5734,0.57335,0.5734,10
2026-03-30T18:49:00,0.57335,0.5734,0.57335,0.57335,3
2026-03-30T18:50:00,0.5733,0.57335,0.5733,0.5733,28
2026-03-30T18:51:00,0.57325,0.57325,0.5732,0.5732,31
2026-03-30T18:52:00,0.5732,0.5732,0.5732,0.5732,8
2026-03-30T18:53:00,0.5732,0.5732,0.5732,0.5732,5
2026-03-30T18:54:00,0.5732,0.5732,0.57315,0.5732,29
2026-03-30T18:55:00,0.5732,0.57325,0.5732,0.57325,20
2026-03-30T18:56:00,0.57325,0.5733,0.57325,0.5733,4
2026-03-30T18:57:00,0.57325,0.57325,0.57305,0.57315,88
2026-03-30T18:58:00,0.57315,0.57315,0.5731,0.57315,25
2026-03-30T18:59:00,0.57315,0.57325,0.57315,0.5732,401
2026-03-30T19:00:00,0.5732,0.57325,0.57315,0.57325,94
2026-03-30T19:01:00,0.57325,0.5733,0.5732,0.5733,37
2026-03-30T19:02:00,0.57325,0.57325,0.57325,0.57325,17
2026-03-30T19:03:00,0.57325,0.57325,0.5731,0.5731,25
2026-03-30T19:04:00,0.57315,0.57315,0.57315,0.57315,5
2026-03-30T19:05:00,0.5731,0.5731,0.57305,0.57305,5
2026-03-30T19:06:00,0.57305,0.57305,0.57305,0.57305,4
2026-03-30T19:07:00,0.57305,0.57305,0.57295,0.57295,19
2026-03-30T19:08:00,0.57295,0.57295,0.57295,0.57295,11
2026-03-30T19:09:00,0.57295,0.573,0.57295,0.57295,22
2026-03-30T19:10:00,0.5729,0.5729,0.57275,0.57275,46
2026-03-30T19:11:00,0.57275,0.57275,0.5726,0.57275,24
2026-03-30T19:12:00,0.5728,0.5728,0.5728,0.5728,1
2026-03-30T19:14:00,0.57275,0.57275,0.57275,0.57275,1
2026-03-30T19:15:00,0.5728,0.57305,0.5728,0.5729,246
2026-03-30T19:16:00,0.5729,0.57305,0.57285,0.57285,91
2026-03-30T19:17:00,0.57285,0.57285,0.5728,0.5728,38
2026-03-30T19:18:00,0.57285,0.57285,0.57285,0.57285,5
2026-03-30T19:19:00,0.5728,0.5728,0.5728,0.5728,4
2026-03-30T19:20:00,0.57285,0.57285,0.57285,0.57285,56
2026-03-30T19:21:00,0.5728,0.5728,0.57275,0.5728,13
2026-03-30T19:22:00,0.5728,0.57285,0.5728,0.57285,35
2026-03-30T19:23:00,0.57285,0.57285,0.57285,0.57285,13
2026-03-30T19:25:00,0.57275,0.57275,0.57275,0.57275,13
2026-03-30T19:26:00,0.5727,0.5727,0.5727,0.5727,3
2026-03-30T19:27:00,0.57275,0.57275,0.57265,0.5727,18
2026-03-30T19:28:00,0.57265,0.57265,0.57265,0.57265,10
2026-03-30T19:29:00,0.57265,0.57265,0.57265,0.57265,9
2026-03-30T19:30:00,0.5727,0.57285,0.5727,0.57285,21
2026-03-30T19:31:00,0.57285,0.57285,0.57275,0.57275,4
2026-03-30T19:33:00,0.5728,0.5728,0.5728,0.5728,3
2026-03-30T19:35:00,0.5729,0.5729,0.5729,0.5729,15
2026-03-30T19:36:00,0.5729,0.573,0.5729,0.573,4
2026-03-30T19:37:00,0.573,0.573,0.5729,0.5729,5
2026-03-30T19:38:00,0.57295,0.57295,0.57295,0.57295,6
2026-03-30T19:40:00,0.57295,0.57295,0.57295,0.57295,1
2026-03-30T19:42:00,0.57295,0.573,0.57295,0.573,2
2026-03-30T19:43:00,0.57295,0.573,0.57295,0.573,18
2026-03-30T19:44:00,0.573,0.573,0.573,0.573,1
2026-03-30T19:45:00,0.573,0.57305,0.573,0.57305,5
2026-03-30T19:46:00,0.573,0.573,0.573,0.573,2
2026-03-30T19:47:00,0.573,0.57305,0.573,0.57305,25
2026-03-30T19:48:00,0.57305,0.57305,0.57295,0.57295,21
2026-03-30T19:49:00,0.5729,0.5729,0.5729,0.5729,9
2026-03-30T19:50:00,0.5729,0.573,0.5729,0.57295,6
2026-03-30T19:53:00,0.57295,0.57295,0.57295,0.57295,5
2026-03-30T19:54:00,0.573,0.573,0.57295,0.573,24
2026-03-30T19:55:00,0.573,0.57305,0.573,0.57305,13
2026-03-30T19:56:00,0.573,0.57305,0.573,0.57305,17
2026-03-30T19:57:00,0.5731,0.5732,0.5731,0.5732,46
2026-03-30T19:58:00,0.5731,0.57315,0.5731,0.5731,21
2026-03-30T19:59:00,0.5731,0.5732,0.57305,0.5732,145
2026-03-30T20:00:00,0.57315,0.57315,0.5731,0.5731,15
2026-03-30T20:01:00,0.5731,0.57315,0.57305,0.57315,3
2026-03-30T20:02:00,0.57315,0.5732,0.57315,0.5732,12
2026-03-30T20:03:00,0.5732,0.5732,0.5732,0.5732,4
2026-03-30T20:04:00,0.5732,0.5732,0.57315,0.5732,11
2026-03-30T20:05:00,0.57325,0.57325,0.57325,0.57325,8
2026-03-30T20:06:00,0.5733,0.5733,0.57325,0.57325,7
2026-03-30T20:07:00,0.57325,0.5733,0.57325,0.57325,3
2026-03-30T20:08:00,0.5733,0.5733,0.57325,0.5733,3
2026-03-30T20:09:00,0.57325,0.57325,0.57325,0.57325,6
2026-03-30T20:10:00,0.5732,0.5732,0.5732,0.5732,4
2026-03-30T20:13:00,0.5732,0.5732,0.57315,0.57315,3
2026-03-30T20:14:00,0.57315,0.57315,0.5731,0.5731,15
2026-03-30T20:15:00,0.5732,0.5732,0.57315,0.57315,5
2026-03-30T20:16:00,0.57315,0.57315,0.57315,0.57315,5
2026-03-30T20:17:00,0.5732,0.5732,0.5732,0.5732,1
2026-03-30T20:18:00,0.5732,0.5732,0.5732,0.5732,31
2026-03-30T20:21:00,0.57325,0.57325,0.57325,0.57325,10
2026-03-30T20:22:00,0.57325,0.57325,0.5732,0.5732,46
2026-03-30T20:24:00,0.5732,0.5732,0.5732,0.5732,5
2026-03-30T20:25:00,0.57315,0.57315,0.57315,0.57315,7
2026-03-30T20:28:00,0.5732,0.5732,0.5732,0.5732,4
2026-03-30T20:29:00,0.57315,0.57315,0.57315,0.57315,3
2026-03-30T20:31:00,0.5732,0.5732,0.57315,0.57315,2
2026-03-30T20:32:00,0.5732,0.5732,0.5732,0.5732,9
2026-03-30T20:33:00,0.57325,0.57325,0.57325,0.57325,6
2026-03-30T20:34:00,0.57325,0.57325,0.57325,0.57325,1
2026-03-30T20:35:00,0.5732,0.5732,0.57315,0.57315,7
2026-03-30T20:37:00,0.5732,0.5732,0.5732,0.5732,14
2026-03-30T20:40:00,0.57325,0.57325,0.57325,0.57325,1
2026-03-30T20:45:00,0.5732,0.5732,0.5732,0.5732,1
2026-03-30T20:46:00,0.57315,0.57315,0.57315,0.57315,1
2026-03-30T20:47:00,0.5732,0.5732,0.5732,0.5732,5
2026-03-30T20:49:00,0.5732,0.5732,0.5732,0.5732,1
2026-03-30T20:50:00,0.57325,0.57325,0.57325,0.57325,1
2026-03-30T20:51:00,0.57325,0.57325,0.57325,0.57325,5
2026-03-30T20:52:00,0.5732,0.5732,0.57315,0.5732,14
2026-03-30T20:53:00,0.5732,0.57345,0.5732,0.57345,298
2026-03-30T20:54:00,0.57345,0.57345,0.5734,0.5734,103
2026-03-30T20:55:00,0.57335,0.5735,0.57335,0.5735,21
2026-03-30T20:56:00,0.57355,0.57355,0.57355,0.57355,46
2026-03-30T20:57:00,0.57355,0.57365,0.57355,0.57365,55
2026-03-30T20:58:00,0.57365,0.57365,0.5736,0.57365,21
2026-03-30T20:59:00,0.5736,0.57365,0.5736,0.5736,6
2026-03-30T22:00:00,0.57365,0.5737,0.5736,0.5736,8
2026-03-30T22:01:00,0.5735,0.5735,0.5735,0.5735,1
2026-03-30T22:03:00,0.57355,0.57355,0.57355,0.57355,10
2026-03-30T22:04:00,0.57355,0.57355,0.57355,0.57355,1
2026-03-30T22:06:00,0.5734,0.5735,0.5734,0.5735,25
2026-03-30T22:07:00,0.57355,0.57355,0.57355,0.57355,1
2026-03-30T22:09:00,0.57345,0.57345,0.57345,0.57345,12
2026-03-30T22:10:00,0.57345,0.5735,0.57345,0.5735,51
2026-03-30T22:11:00,0.57355,0.57355,0.57345,0.5735,26
2026-03-30T22:12:00,0.57345,0.57345,0.57345,0.57345,13
2026-03-30T22:13:00,0.5735,0.5735,0.5735,0.5735,2
2026-03-30T22:14:00,0.5735,0.5735,0.5735,0.5735,1
2026-03-30T22:15:00,0.5735,0.57355,0.5735,0.57355,24
2026-03-30T22:16:00,0.5736,0.5736,0.5736,0.5736,3
2026-03-30T22:17:00,0.5736,0.57365,0.5736,0.5736,27
2026-03-30T22:19:00,0.57355,0.57355,0.5735,0.5735,5
2026-03-30T22:20:00,0.5735,0.5735,0.5735,0.5735,1
2026-03-30T22:21:00,0.57355,0.57355,0.57355,0.57355,23
2026-03-30T22:22:00,0.5736,0.5736,0.5736,0.5736,17
2026-03-30T22:24:00,0.5736,0.5736,0.5736,0.5736,22
2026-03-30T22:25:00,0.57355,0.57355,0.57355,0.57355,5
2026-03-30T22:26:00,0.5736,0.5736,0.5736,0.5736,34
2026-03-30T22:28:00,0.5736,0.5736,0.5736,0.5736,26
2026-03-30T22:30:00,0.57365,0.57365,0.57355,0.57355,9
2026-03-30T22:31:00,0.57355,0.5736,0.5735,0.5736,73
2026-03-30T22:32:00,0.5736,0.5737,0.5736,0.57365,43
2026-03-30T22:33:00,0.5737,0.5737,0.57365,0.57365,28
2026-03-30T22:34:00,0.57365,0.57365,0.57365,0.57365,20
2026-03-30T22:36:00,0.57365,0.57365,0.57365,0.57365,2
2026-03-30T22:37:00,0.57365,0.57365,0.57365,0.57365,6
2026-03-30T22:38:00,0.5736,0.5736,0.5736,0.5736,3
2026-03-30T22:40:00,0.57355,0.57355,0.57355,0.57355,13
2026-03-30T22:42:00,0.5736,0.5736,0.57355,0.57355,9
2026-03-30T22:43:00,0.5736,0.5736,0.5736,0.5736,6
2026-03-30T22:44:00,0.5736,0.5736,0.5736,0.5736,5
2026-03-30T22:46:00,0.57355,0.57355,0.57355,0.57355,3
2026-03-30T22:47:00,0.5736,0.5736,0.5736,0.5736,15
2026-03-30T22:48:00,0.57355,0.57355,0.57355,0.57355,5
2026-03-30T22:49:00,0.57355,0.57355,0.57355,0.57355,3
2026-03-30T22:50:00,0.57355,0.57355,0.57355,0.57355,12
2026-03-30T22:51:00,0.5736,0.5736,0.5736,0.5736,8
2026-03-30T22:52:00,0.57355,0.57355,0.57345,0.57345,10
2026-03-30T22:53:00,0.5735,0.5735,0.5735,0.5735,3
2026-03-30T22:54:00,0.57345,0.57345,0.57345,0.57345,12
2026-03-30T22:55:00,0.57345,0.57345,0.5734,0.5734,18
2026-03-30T22:56:00,0.5734,0.57345,0.5734,0.57345,7
2026-03-30T22:57:00,0.5734,0.5735,0.5734,0.5735,3
2026-03-30T22:58:00,0.5735,0.5735,0.5735,0.5735,3
2026-03-30T22:59:00,0.57345,0.57345,0.5734,0.5734,12
2026-03-30T23:00:00,0.57325,0.57325,0.5732,0.5732,38
2026-03-30T23:01:00,0.5732,0.57325,0.5732,0.5732,69
2026-03-30T23:02:00,0.5732,0.5732,0.5731,0.5731,11
2026-03-30T23:03:00,0.57305,0.57305,0.57305,0.57305,5
2026-03-30T23:04:00,0.5731,0.5731,0.573,0.573,35
2026-03-30T23:05:00,0.57295,0.573,0.57285,0.57285,60
2026-03-30T23:06:00,0.5729,0.5729,0.5729,0.5729,8
2026-03-30T23:08:00,0.5729,0.5729,0.57285,0.5729,11
2026-03-30T23:10:00,0.5729,0.5729,0.5729,0.5729,4
2026-03-30T23:11:00,0.57295,0.573,0.57295,0.57295,12
2026-03-30T23:12:00,0.57295,0.57295,0.57295,0.57295,1
2026-03-30T23:13:00,0.5729,0.57295,0.5729,0.57295,11
2026-03-30T23:14:00,0.57295,0.57295,0.5729,0.5729,3
2026-03-30T23:16:00,0.573,0.573,0.573,0.573,2
2026-03-30T23:17:00,0.573,0.573,0.57295,0.57295,9
2026-03-30T23:18:00,0.573,0.573,0.57295,0.57295,5
2026-03-30T23:19:00,0.57295,0.57295,0.57295,0.57295,3
2026-03-30T23:20:00,0.57295,0.57305,0.57295,0.57305,13
2026-03-30T23:21:00,0.5731,0.57315,0.5731,0.5731,16
2026-03-30T23:22:00,0.5731,0.57315,0.5731,0.57315,21
2026-03-30T23:23:00,0.57315,0.57315,0.57315,0.57315,1
2026-03-30T23:24:00,0.5732,0.5732,0.5732,0.5732,1
2026-03-30T23:27:00,0.57305,0.57305,0.57305,0.57305,3
2026-03-30T23:30:00,0.573,0.573,0.573,0.573,5
2026-03-30T23:31:00,0.573,0.573,0.57295,0.57295,10
2026-03-30T23:32:00,0.57295,0.57295,0.57295,0.57295,3
2026-03-30T23:33:00,0.57295,0.573,0.57295,0.573,7
2026-03-30T23:34:00,0.57295,0.57295,0.57295,0.57295,3
2026-03-30T23:35:00,0.57295,0.573,0.57295,0.573,10
2026-03-30T23:36:00,0.57305,0.57305,0.57305,0.57305,2
2026-03-30T23:37:00,0.57305,0.5731,0.57305,0.5731,6
2026-03-30T23:40:00,0.57305,0.57305,0.57305,0.57305,1
2026-03-30T23:41:00,0.573,0.573,0.573,0.573,6
2026-03-30T23:42:00,0.57305,0.57305,0.57305,0.57305,3
2026-03-30T23:43:00,0.5731,0.5731,0.5731,0.5731,5
2026-03-30T23:44:00,0.5731,0.5732,0.5731,0.5732,22
2026-03-30T23:46:00,0.57315,0.57315,0.57315,0.57315,4
2026-03-30T23:50:00,0.5731,0.5731,0.5731,0.5731,4
2026-03-30T23:51:00,0.5731,0.5731,0.5731,0.5731,1
2026-03-30T23:52:00,0.57305,0.57305,0.57305,0.57305,1
2026-03-30T23:53:00,0.573,0.573,0.573,0.573,1
2026-03-30T23:54:00,0.573,0.573,0.573,0.573,5
2026-03-30T23:58:00,0.57295,0.57295,0.57295,0.57295,1
2026-03-30T23:59:00,0.57305,0.57305,0.57305,0.57305,2
2026-03-31T00:00:00,0.57315,0.5732,0.57305,0.5731,36
2026-03-31T00:01:00,0.57305,0.57305,0.5729,0.5729,29
2026-03-31T00:02:00,0.57295,0.5732,0.57295,0.57305,24
2026-03-31T00:03:00,0.57295,0.57295,0.5728,0.5729,20
2026-03-31T00:04:00,0.57285,0.573,0.57285,0.57295,14
2026-03-31T00:05:00,0.5729,0.5729,0.5728,0.5728,13
2026-03-31T00:06:00,0.5728,0.5729,0.5728,0.5728,31
2026-03-31T00:07:00,0.57275,0.57275,0.5727,0.5727,30
2026-03-31T00:08:00,0.5727,0.5727,0.5726,0.5726,5
2026-03-31T00:09:00,0.5726,0.5726,0.57255,0.57255,28
2026-03-31T00:10:00,0.57255,0.57255,0.5724,0.57245,39
2026-03-31T00:11:00,0.5724,0.5724,0.57225,0.5723,10
2026-03-31T00:12:00,0.5723,0.5724,0.5722,0.5723,162
2026-03-31T00:13:00,0.5723,0.57235,0.5723,0.57235,26
2026-03-31T00:14:00,0.5724,0.5724,0.57235,0.57235,2
2026-03-31T00:15:00,0.57235,0.5724,0.57235,0.5724,74
2026-03-31T00:16:00,0.57235,0.5724,0.57235,0.57235,11
2026-03-31T00:17:00,0.57235,0.57235,0.57235,0.57235,5
2026-03-31T00:18:00,0.5723,0.5723,0.5723,0.5723,2
2026-03-31T00:19:00,0.5723,0.57235,0.5723,0.57235,5
2026-03-31T00:20:00,0.57235,0.57235,0.57235,0.57235,17
2026-03-31T00:21:00,0.5724,0.5724,0.5724,0.5724,1
2026-03-31T00:22:00,0.5723,0.5723,0.5723,0.5723,1
2026-03-31T00:23:00,0.5723,0.5723,0.5722,0.57225,37
2026-03-31T00:24:00,0.57235,0.57235,0.57235,0.57235,3
2026-03-31T00:25:00,0.57235,0.5724,0.57235,0.5724,11
2026-03-31T00:26:00,0.5725,0.5725,0.57245,0.5725,10
2026-03-31T00:27:00,0.57245,0.57245,0.57245,0.57245,1
2026-03-31T00:28:00,0.57255,0.57255,0.57255,0.57255,9
2026-03-31T00:29:00,0.57265,0.57265,0.5726,0.5726,16
2026-03-31T00:30:00,0.57275,0.5728,0.5727,0.5727,7
2026-03-31T00:31:00,0.5727,0.5727,0.5727,0.5727,2
2026-03-31T00:32:00,0.5726,0.5726,0.57245,0.57245,37
2026-03-31T00:33:00,0.5725,0.5725,0.57245,0.57245,15
2026-03-31T00:34:00,0.5725,0.5725,0.5724,0.5724,25
2026-03-31T00:35:00,0.57245,0.57255,0.57245,0.57255,11
2026-03-31T00:36:00,0.57255,0.57255,0.57255,0.57255,7
2026-03-31T00:37:00,0.5726,0.57265,0.5726,0.5726,7
2026-03-31T00:38:00,0.57255,0.5735,0.57255,0.57345,249
2026-03-31T00:39:00,0.5734,0.5734,0.5731,0.57325,120
2026-03-31T00:40:00,0.57325,0.5734,0.5731,0.5731,90
2026-03-31T00:41:00,0.573,0.57315,0.573,0.57315,74
2026-03-31T00:42:00,0.5731,0.57325,0.5731,0.57315,29
2026-03-31T00:43:00,0.57315,0.5734,0.57315,0.57335,33
2026-03-31T00:44:00,0.57335,0.5735,0.57335,0.5735,22
2026-03-31T00:45:00,0.5736,0.57415,0.5736,0.57415,66
2026-03-31T00:46:00,0.5741,0.57435,0.5739,0.5743,133
2026-03-31T00:47:00,0.5743,0.5743,0.5741,0.57415,109
2026-03-31T00:48:00,0.5742,0.5743,0.57385,0.5739,67
2026-03-31T00:49:00,0.574,0.574,0.57385,0.57385,71
2026-03-31T00:50:00,0.5738,0.5739,0.57375,0.5739,35
2026-03-31T00:51:00,0.57385,0.5739,0.5738,0.5739,30
2026-03-31T00:52:00,0.5739,0.5739,0.5738,0.5739,27
2026-03-31T00:53:00,0.5738,0.5741,0.5738,0.574,42
2026-03-31T00:54:00,0.574,0.57405,0.57385,0.57385,29
2026-03-31T00:55:00,0.57385,0.57395,0.57375,0.5738,26
2026-03-31T00:56:00,0.57375,0.5739,0.5737,0.57375,68
2026-03-31T00:57:00,0.5738,0.5739,0.57375,0.57375,64
2026-03-31T00:58:00,0.57385,0.57385,0.57375,0.57375,8
2026-03-31T00:59:00,0.57385,0.5739,0.57375,0.5738,32
2026-03-31T01:00:00,0.57375,0.5738,0.5736,0.57375,47
2026-03-31T01:01:00,0.5738,0.5739,0.57375,0.5739,34
2026-03-31T01:02:00,0.57385,0.57385,0.5737,0.5737,44
2026-03-31T01:03:00,0.57365,0.57365,0.57355,0.5736,57
2026-03-31T01:04:00,0.57355,0.5736,0.57345,0.57355,81
2026-03-31T01:05:00,0.57355,0.57355,0.5735,0.5735,27
2026-03-31T01:06:00,0.5735,0.5735,0.5733,0.57335,34
2026-03-31T01:07:00,0.57335,0.5734,0.5733,0.57335,45
2026-03-31T01:08:00,0.57335,0.5734,0.5733,0.5733,14
2026-03-31T01:09:00,0.57335,0.5734,0.5733,0.57335,19
2026-03-31T01:10:00,0.57335,0.57345,0.5733,0.57345,10
2026-03-31T01:11:00,0.5734,0.5735,0.57335,0.57335,14
2026-03-31T01:12:00,0.5734,0.57345,0.5734,0.57345,9
2026-03-31T01:13:00,0.5735,0.5735,0.5734,0.5734,9
2026-03-31T01:14:00,0.57345,0.5736,0.57345,0.5736,6
2026-03-31T01:15:00,0.57355,0.5738,0.57355,0.5738,36
2026-03-31T01:16:00,0.5737,0.57375,0.5737,0.57375,18
2026-03-31T01:17:00,0.57375,0.57375,0.57365,0.57375,12
2026-03-31T01:18:00,0.57395,0.574,0.57395,0.574,10
2026-03-31T01:19:00,0.5741,0.5741,0.5741,0.5741,10
2026-03-31T01:20:00,0.5741,0.57415,0.57395,0.57395,38
2026-03-31T01:21:00,0.57405,0.5742,0.57405,0.5742,61
2026-03-31T01:22:00,0.5742,0.57425,0.5742,0.57425,37
2026-03-31T01:23:00,0.5743,0.57435,0.5743,0.57435,24
2026-03-31T01:24:00,0.5743,0.57435,0.5743,0.57435,26
2026-03-31T01:25:00,0.5743,0.57445,0.5743,0.57435,59
2026-03-31T01:26:00,0.5743,0.5745,0.5743,0.5745,26
2026-03-31T01:27:00,0.57445,0.57455,0.57445,0.5745,15
2026-03-31T01:28:00,0.5745,0.5745,0.5744,0.5745,59
2026-03-31T01:29:00,0.5745,0.57455,0.57445,0.5745,75
2026-03-31T01:30:00,0.5745,0.57455,0.57445,0.57445,44
2026-03-31T01:31:00,0.5745,0.5747,0.57445,0.5747,104
2026-03-31T01:32:00,0.57465,0.5749,0.57465,0.5749,32
2026-03-31T01:33:00,0.5749,0.57505,0.5748,0.5748,81
2026-03-31T01:34:00,0.57485,0.5749,0.57475,0.5748,76
2026-03-31T01:35:00,0.5748,0.57485,0.5746,0.5746,15
2026-03-31T01:36:00,0.57465,0.5747,0.5746,0.57465,44
2026-03-31T01:37:00,0.57465,0.57475,0.57465,0.57475,75
2026-03-31T01:38:00,0.57465,0.5747,0.57455,0.57455,17
2026-03-31T01:39:00,0.57455,0.57465,0.5745,0.57465,5
2026-03-31T01:40:00,0.57475,0.5748,0.5747,0.5747,7
2026-03-31T01:41:00,0.57475,0.57475,0.57475,0.57475,2
2026-03-31T01:42:00,0.57465,0.57475,0.5745,0.5746,35
2026-03-31T01:43:00,0.57455,0.5746,0.57445,0.57445,34
2026-03-31T01:44:00,0.57445,0.57455,0.57445,0.5745,14
2026-03-31T01:45:00,0.57455,0.57455,0.5744,0.5745,13
2026-03-31T01:46:00,0.57445,0.57445,0.57435,0.5744,18
2026-03-31T01:47:00,0.57435,0.5745,0.57435,0.5745,18
2026-03-31T01:48:00,0.5744,0.5744,0.57435,0.57435,12
2026-03-31T01:49:00,0.5744,0.57445,0.5744,0.5744,4
2026-03-31T01:50:00,0.5743,0.57435,0.57425,0.5743,24
2026-03-31T01:51:00,0.5743,0.5745,0.5743,0.5745,16
2026-03-31T01:52:00,0.5745,0.5746,0.57445,0.5746,20
2026-03-31T01:53:00,0.57465,0.57465,0.5746,0.5746,25
2026-03-31T01:54:00,0.57455,0.57455,0.57455,0.57455,7
2026-03-31T01:55:00,0.5746,0.5746,0.57435,0.57435,76
2026-03-31T01:56:00,0.57425,0.5743,0.57425,0.57425,15
2026-03-31T01:57:00,0.5741,0.5741,0.57405,0.57405,10
2026-03-31T01:58:00,0.5741,0.57415,0.5741,0.57415,8
2026-03-31T01:59:00,0.57415,0.57425,0.57415,0.57425,9
2026-03-31T02:00:00,0.5742,0.5742,0.57415,0.57415,3
2026-03-31T02:01:00,0.5742,0.5742,0.574,0.574,18
2026-03-31T02:02:00,0.57405,0.57405,0.57405,0.57405,4
2026-03-31T02:03:00,0.57395,0.57395,0.57395,0.57395,4
2026-03-31T02:04:00,0.57395,0.57405,0.57395,0.57405,7
2026-03-31T02:05:00,0.5741,0.5741,0.5741,0.5741,3
2026-03-31T02:06:00,0.5741,0.57425,0.5741,0.57425,26
2026-03-31T02:07:00,0.57425,0.5743,0.5742,0.5742,21
2026-03-31T02:08:00,0.57425,0.5743,0.57425,0.5743,3
2026-03-31T02:09:00,0.5743,0.5743,0.5743,0.5743,1
2026-03-31T02:10:00,0.5743,0.5743,0.5743,0.5743,3
2026-03-31T02:11:00,0.57425,0.57425,0.57425,0.57425,2
2026-03-31T02:12:00,0.5742,0.5742,0.5742,0.5742,7
2026-03-31T02:13:00,0.57415,0.57415,0.57415,0.57415,1
2026-03-31T02:15:00,0.57425,0.57425,0.57415,0.57415,2
2026-03-31T02:16:00,0.5741,0.57415,0.5741,0.57415,4
2026-03-31T02:17:00,0.5742,0.57425,0.5742,0.5742,8
2026-03-31T02:18:00,0.57425,0.5743,0.57425,0.5743,7
2026-03-31T02:19:00,0.57425,0.57425,0.57415,0.5742,11
2026-03-31T02:20:00,0.57435,0.57435,0.5743,0.57435,25
2026-03-31T02:21:00,0.5743,0.5743,0.5743,0.5743,5
2026-03-31T02:22:00,0.5743,0.5744,0.5743,0.57435,35
2026-03-31T02:23:00,0.57435,0.57435,0.57425,0.57425,24
2026-03-31T02:24:00,0.5742,0.5742,0.5742,0.5742,3
2026-03-31T02:25:00,0.5742,0.5742,0.5741,0.5741,6
2026-03-31T02:26:00,0.57415,0.57415,0.5741,0.5741,3
2026-03-31T02:27:00,0.5741,0.57415,0.5741,0.57415,4
2026-03-31T02:28:00,0.5742,0.5742,0.57415,0.57415,10
2026-03-31T02:29:00,0.57415,0.57415,0.574,0.57405,62
2026-03-31T02:30:00,0.57405,0.57405,0.574,0.57405,6
2026-03-31T02:31:00,0.5741,0.5741,0.57395,0.57395,27
2026-03-31T02:32:00,0.57395,0.574,0.5739,0.5739,81
2026-03-31T02:33:00,0.5739,0.5739,0.5739,0.5739,3
2026-03-31T02:34:00,0.57385,0.5739,0.57385,0.5739,19
2026-03-31T02:37:00,0.574,0.5741,0.574,0.5741,12
2026-03-31T02:38:00,0.5741,0.5741,0.574,0.574,5
2026-03-31T02:39:00,0.574,0.57405,0.574,0.57405,5
2026-03-31T02:40:00,0.5739,0.57395,0.5739,0.57395,3
2026-03-31T02:41:00,0.5738,0.57385,0.5738,0.57385,15
2026-03-31T02:42:00,0.5738,0.57385,0.5738,0.57385,16
2026-03-31T02:43:00,0.5738,0.5738,0.57375,0.5738,7
2026-03-31T02:44:00,0.57385,0.5739,0.57385,0.57385,19
2026-03-31T02:45:00,0.57385,0.57385,0.5738,0.5738,10
2026-03-31T02:46:00,0.5738,0.5738,0.5737,0.5738,109
2026-03-31T02:47:00,0.5738,0.5738,0.5738,0.5738,7
2026-03-31T02:50:00,0.5739,0.574,0.5739,0.574,15
2026-03-31T02:51:00,0.574,0.57415,0.574,0.57415,5
2026-03-31T02:53:00,0.5742,0.5742,0.5742,0.5742,1
2026-03-31T02:54:00,0.57405,0.57405,0.57405,0.57405,1
2026-03-31T02:55:00,0.574,0.574,0.57395,0.57395,6
2026-03-31T02:56:00,0.5739,0.57395,0.5739,0.57395,3
2026-03-31T02:57:00,0.5739,0.5739,0.5739,0.5739,2
2026-03-31T02:58:00,0.57385,0.5739,0.57385,0.5739,13
2026-03-31T02:59:00,0.57385,0.57385,0.5738,0.57385,5
2026-03-31T03:00:00,0.5738,0.5738,0.57375,0.57375,16
2026-03-31T03:01:00,0.57375,0.57375,0.5737,0.5737,3
2026-03-31T03:02:00,0.5737,0.5737,0.5737,0.5737,16
2026-03-31T03:03:00,0.5737,0.5737,0.57365,0.5737,19
2026-03-31T03:04:00,0.57365,0.57365,0.57365,0.57365,6
2026-03-31T03:05:00,0.5737,0.5737,0.5737,0.5737,2
2026-03-31T03:06:00,0.57375,0.57375,0.57375,0.57375,3
2026-03-31T03:07:00,0.5738,0.57385,0.57375,0.57385,26
2026-03-31T03:08:00,0.5739,0.5739,0.57385,0.57385,11
2026-03-31T03:09:00,0.5738,0.5738,0.57375,0.57375,13
2026-03-31T03:10:00,0.57375,0.5738,0.57375,0.5738,6
2026-03-31T03:11:00,0.57385,0.57385,0.5738,0.5738,12
2026-03-31T03:12:00,0.5738,0.57385,0.5738,0.57385,34
2026-03-31T03:13:00,0.5738,0.5738,0.57375,0.57375,14
2026-03-31T03:14:00,0.57375,0.57375,0.5736,0.5736,22
2026-03-31T03:15:00,0.5736,0.5736,0.5735,0.5735,36
2026-03-31T03:16:00,0.5735,0.5735,0.57345,0.57345,12
2026-03-31T03:17:00,0.5734,0.5734,0.5734,0.5734,12
2026-03-31T03:18:00,0.5733,0.57335,0.5733,0.5733,4
2026-03-31T03:19:00,0.57335,0.5734,0.5733,0.5733,13
2026-03-31T03:20:00,0.57325,0.57325,0.57325,0.57325,7
2026-03-31T03:21:00,0.57325,0.57325,0.57325,0.57325,4
2026-03-31T03:22:00,0.5733,0.5733,0.5733,0.5733,2
2026-03-31T03:23:00,0.57335,0.57335,0.57335,0.57335,3
2026-03-31T03:24:00,0.57335,0.57335,0.57325,0.57325,10
2026-03-31T03:25:00,0.57325,0.57325,0.5732,0.5732,4
2026-03-31T03:26:00,0.57325,0.5733,0.57325,0.5733,9
2026-03-31T03:27:00,0.5733,0.5733,0.5733,0.5733,4
2026-03-31T03:28:00,0.5734,0.5734,0.5734,0.5734,7
2026-03-31T03:29:00,0.5735,0.5735,0.57345,0.57345,6
2026-03-31T03:31:00,0.57335,0.57335,0.57335,0.57335,1
2026-03-31T03:32:00,0.57335,0.57335,0.57335,0.57335,1
2026-03-31T03:33:00,0.57335,0.57335,0.57335,0.57335,2
2026-03-31T03:34:00,0.57345,0.57345,0.5734,0.5734,3
2026-03-31T03:35:00,0.57325,0.57325,0.57325,0.57325,1
2026-03-31T03:41:00,0.5731,0.5731,0.5731,0.5731,10
2026-03-31T03:42:00,0.5731,0.57315,0.5731,0.57315,12
2026-03-31T03:43:00,0.57315,0.5732,0.57315,0.57315,6
2026-03-31T03:44:00,0.57315,0.57315,0.5731,0.5731,5
2026-03-31T03:46:00,0.5731,0.5731,0.57305,0.57305,5
2026-03-31T03:47:00,0.573,0.573,0.57295,0.57295,13
2026-03-31T03:49:00,0.57295,0.57295,0.57295,0.57295,3
2026-03-31T03:50:00,0.57305,0.57325,0.57305,0.57315,10
2026-03-31T03:54:00,0.57315,0.57315,0.57315,0.57315,1
2026-03-31T03:55:00,0.5731,0.5731,0.5731,0.5731,4
2026-03-31T03:56:00,0.57315,0.57315,0.57315,0.57315,2
2026-03-31T04:00:00,0.5731,0.57325,0.5731,0.57315,4
2026-03-31T04:01:00,0.5731,0.5731,0.5731,0.5731,1
2026-03-31T04:02:00,0.57315,0.57315,0.57315,0.57315,7
2026-03-31T04:03:00,0.5732,0.57325,0.5732,0.57325,11
2026-03-31T04:04:00,0.57325,0.57325,0.57325,0.57325,6
2026-03-31T04:08:00,0.57335,0.57335,0.57325,0.57325,6
2026-03-31T04:10:00,0.57325,0.57325,0.57325,0.57325,3
2026-03-31T04:12:00,0.5733,0.57335,0.5733,0.57335,4
2026-03-31T04:14:00,0.5732,0.5732,0.57315,0.57315,13
2026-03-31T04:16:00,0.57325,0.57325,0.57325,0.57325,1
2026-03-31T04:17:00,0.5732,0.5732,0.5732,0.5732,2
2026-03-31T04:18:00,0.5733,0.5733,0.5733,0.5733,4
2026-03-31T04:19:00,0.5734,0.5734,0.5734,0.5734,3
2026-03-31T04:20:00,0.57345,0.57345,0.57345,0.57345,14
2026-03-31T04:23:00,0.5734,0.5734,0.5734,0.5734,1
2026-03-31T04:25:00,0.57335,0.57335,0.57325,0.57325,7
2026-03-31T04:26:00,0.5733,0.5733,0.5733,0.5733,2
2026-03-31T04:27:00,0.5733,0.5733,0.5733,0.5733,2
2026-03-31T04:30:00,0.5733,0.5733,0.5733,0.5733,1
2026-03-31T04:31:00,0.5733,0.5733,0.5733,0.5733,3
2026-03-31T04:32:00,0.5733,0.57335,0.5733,0.57335,10
2026-03-31T04:33:00,0.57335,0.57335,0.5733,0.5733,37
2026-03-31T04:34:00,0.57325,0.5733,0.57325,0.57325,20
2026-03-31T04:35:00,0.57325,0.57325,0.5732,0.5732,18
2026-03-31T04:36:00,0.57325,0.57325,0.5732,0.5732,15
2026-03-31T04:37:00,0.5732,0.5732,0.57315,0.57315,49
2026-03-31T04:38:00,0.57315,0.5732,0.5731,0.5731,8
2026-03-31T04:39:00,0.5731,0.5731,0.57305,0.57305,10
2026-03-31T04:40:00,0.573,0.57305,0.57295,0.573,35
2026-03-31T04:41:00,0.57295,0.57295,0.5729,0.5729,31
2026-03-31T04:43:00,0.5729,0.5729,0.5729,0.5729,21
2026-03-31T04:44:00,0.57295,0.57295,0.57285,0.57285,24
2026-03-31T04:45:00,0.5729,0.5729,0.57285,0.57285,47
2026-03-31T04:46:00,0.57285,0.57285,0.5728,0.5728,41
2026-03-31T04:47:00,0.5728,0.5728,0.57275,0.57275,55
2026-03-31T04:48:00,0.57275,0.57275,0.57275,0.57275,5
2026-03-31T04:49:00,0.5727,0.5727,0.5726,0.5726,5
2026-03-31T04:50:00,0.57265,0.57265,0.5726,0.5726,31
2026-03-31T04:51:00,0.5726,0.5726,0.57245,0.57245,151
2026-03-31T04:52:00,0.57245,0.5726,0.57245,0.5726,31
2026-03-31T04:53:00,0.5725,0.5725,0.57245,0.57245,78
2026-03-31T04:54:00,0.57255,0.57265,0.57255,0.5726,83
2026-03-31T04:56:00,0.57255,0.57255,0.57255,0.57255,3
2026-03-31T04:57:00,0.57255,0.57255,0.57245,0.5725,24
2026-03-31T04:58:00,0.5724,0.5724,0.5724,0.5724,34
2026-03-31T04:59:00,0.5724,0.5724,0.57235,0.57235,17
2026-03-31T05:00:00,0.57235,0.5724,0.5723,0.57235,33
2026-03-31T05:01:00,0.5724,0.5724,0.5724,0.5724,10
2026-03-31T05:02:00,0.5725,0.5725,0.5725,0.5725,4
2026-03-31T05:03:00,0.57245,0.5725,0.57245,0.57245,28
2026-03-31T05:04:00,0.5725,0.5725,0.5724,0.5724,10
2026-03-31T05:05:00,0.57245,0.57245,0.57245,0.57245,11
2026-03-31T05:06:00,0.5724,0.57245,0.5724,0.5724,16
2026-03-31T05:07:00,0.5724,0.5724,0.57235,0.57235,7
2026-03-31T05:08:00,0.5724,0.5724,0.5724,0.5724,6
2026-03-31T05:09:00,0.57235,0.57235,0.57235,0.57235,20
2026-03-31T05:10:00,0.5724,0.5724,0.57235,0.57235,30
2026-03-31T05:11:00,0.5723,0.57235,0.57225,0.57225,10
2026-03-31T05:12:00,0.57225,0.5723,0.57215,0.57215,47
2026-03-31T05:13:00,0.57215,0.5722,0.572,0.572,68
2026-03-31T05:14:00,0.572,0.57205,0.572,0.572,27
2026-03-31T05:15:00,0.57195,0.5721,0.57195,0.57205,94
2026-03-31T05:16:00,0.5721,0.57215,0.57205,0.57215,75
2026-03-31T05:17:00,0.57215,0.57225,0.57215,0.5722,79
2026-03-31T05:18:00,0.5722,0.5722,0.57205,0.57205,45
2026-03-31T05:19:00,0.5721,0.57215,0.5721,0.5721,8
2026-03-31T05:20:00,0.5722,0.57225,0.57215,0.5722,25
2026-03-31T05:21:00,0.5722,0.5723,0.5722,0.5723,35
2026-03-31T05:22:00,0.57235,0.57245,0.57235,0.57245,8
2026-03-31T05:23:00,0.57245,0.57245,0.57245,0.57245,8
2026-03-31T05:24:00,0.57255,0.57255,0.57255,0.57255,2
2026-03-31T05:25:00,0.57265,0.57265,0.57255,0.57255,14
2026-03-31T05:26:00,0.5726,0.5727,0.5726,0.5726,27
2026-03-31T05:27:00,0.5726,0.5726,0.5725,0.5725,14
2026-03-31T05:28:00,0.5725,0.5725,0.5725,0.5725,1
2026-03-31T05:29:00,0.5725,0.5725,0.57245,0.5725,9
2026-03-31T05:30:00,0.57245,0.57245,0.5724,0.57245,9
2026-03-31T05:31:00,0.57245,0.57245,0.5723,0.57235,30
2026-03-31T05:32:00,0.5724,0.5724,0.57235,0.57235,7
2026-03-31T05:33:00,0.57245,0.57245,0.57245,0.57245,1
2026-03-31T05:34:00,0.5725,0.57265,0.5725,0.57265,28
2026-03-31T05:35:00,0.57265,0.57265,0.57255,0.57255,10
2026-03-31T05:37:00,0.57265,0.57265,0.57255,0.5726,14
2026-03-31T05:38:00,0.5725,0.5725,0.5725,0.5725,3
2026-03-31T05:39:00,0.5725,0.5725,0.5725,0.5725,3
2026-03-31T05:40:00,0.57245,0.57245,0.57245,0.57245,2
2026-03-31T05:41:00,0.5725,0.5725,0.57245,0.57245,38
2026-03-31T05:42:00,0.57255,0.57255,0.5725,0.5725,4
2026-03-31T05:44:00,0.5725,0.57255,0.5725,0.57255,43
2026-03-31T05:45:00,0.57255,0.5726,0.57255,0.57255,22
2026-03-31T05:46:00,0.57265,0.57265,0.5726,0.57265,10
2026-03-31T05:47:00,0.57265,0.5727,0.5726,0.5727,35
2026-03-31T05:48:00,0.5727,0.5728,0.5727,0.5728,6
2026-03-31T05:49:00,0.5728,0.5728,0.57275,0.5728,11
2026-03-31T05:50:00,0.57285,0.57295,0.57285,0.57295,14
2026-03-31T05:51:00,0.5729,0.5729,0.5729,0.5729,11
2026-03-31T05:52:00,0.57295,0.573,0.57295,0.57295,12
2026-03-31T05:53:00,0.57285,0.57285,0.57285,0.57285,1
2026-03-31T05:54:00,0.5729,0.5729,0.57285,0.57285,7
2026-03-31T05:55:00,0.57275,0.5728,0.5727,0.5727,9
2026-03-31T05:56:00,0.57275,0.5728,0.5727,0.5727,14
2026-03-31T05:57:00,0.5727,0.5727,0.57265,0.57265,14
2026-03-31T05:58:00,0.57265,0.57265,0.57265,0.57265,4
2026-03-31T05:59:00,0.57265,0.57265,0.57265,0.57265,2
2026-03-31T06:00:00,0.5727,0.5727,0.5726,0.5726,27
2026-03-31T06:01:00,0.5726,0.57265,0.57255,0.5726,47
2026-03-31T06:02:00,0.5726,0.57275,0.5726,0.5727,17
2026-03-31T06:03:00,0.5727,0.5728,0.5727,0.5728,47
2026-03-31T06:04:00,0.57285,0.57285,0.5728,0.5728,10
2026-03-31T06:05:00,0.5728,0.5728,0.5728,0.5728,4
2026-03-31T06:06:00,0.57275,0.57275,0.57275,0.57275,1
2026-03-31T06:07:00,0.5727,0.5727,0.5727,0.5727,1
2026-03-31T06:08:00,0.5726,0.5726,0.57245,0.57245,5
2026-03-31T06:09:00,0.5726,0.5726,0.5725,0.5725,6
2026-03-31T06:10:00,0.5725,0.5725,0.5724,0.5724,8
2026-03-31T06:11:00,0.5724,0.57245,0.5723,0.5723,32
2026-03-31T06:12:00,0.5724,0.57245,0.57235,0.5724,31
2026-03-31T06:13:00,0.5725,0.5725,0.5725,0.5725,9
2026-03-31T06:14:00,0.57245,0.57255,0.57245,0.57255,4
2026-03-31T06:15:00,0.5725,0.5725,0.5725,0.5725,1
2026-03-31T06:18:00,0.5723,0.5724,0.5723,0.5723,22
2026-03-31T06:20:00,0.57235,0.57235,0.5723,0.5723,15
2026-03-31T06:21:00,0.5724,0.5725,0.5724,0.5725,5
2026-03-31T06:22:00,0.57245,0.57255,0.5724,0.57255,26
2026-03-31T06:23:00,0.5725,0.5725,0.5724,0.5724,7
2026-03-31T06:24:00,0.5724,0.5724,0.57235,0.57235,10
2026-03-31T06:25:00,0.5724,0.57245,0.5724,0.57245,6
2026-03-31T06:26:00,0.5724,0.5724,0.5724,0.5724,3
2026-03-31T06:27:00,0.57245,0.57245,0.57245,0.57245,6
2026-03-31T06:28:00,0.57255,0.57255,0.57255,0.57255,1
2026-03-31T06:29:00,0.57265,0.5728,0.57265,0.5728,17
2026-03-31T06:30:00,0.57275,0.5729,0.57275,0.5729,26
2026-03-31T06:31:00,0.57295,0.57295,0.57295,0.57295,4
2026-03-31T06:32:00,0.57295,0.573,0.57295,0.57295,19
2026-03-31T06:33:00,0.5729,0.5729,0.57275,0.57275,23
2026-03-31T06:34:00,0.5728,0.5728,0.5728,0.5728,2
2026-03-31T06:35:00,0.57275,0.57275,0.5726,0.5726,21
2026-03-31T06:36:00,0.5727,0.5728,0.5727,0.57275,22
2026-03-31T06:37:00,0.57265,0.57265,0.5726,0.5726,9
2026-03-31T06:38:00,0.57245,0.5725,0.57245,0.5725,10
2026-03-31T06:39:00,0.57255,0.5726,0.57255,0.5726,12
2026-03-31T06:40:00,0.57255,0.57255,0.5725,0.5725,15
2026-03-31T06:41:00,0.5724,0.57245,0.57235,0.57235,12
2026-03-31T06:42:00,0.57235,0.5724,0.57235,0.5724,4
2026-03-31T06:43:00,0.57235,0.57235,0.5723,0.5723,8
2026-03-31T06:44:00,0.5724,0.5724,0.57235,0.5724,8
2026-03-31T06:46:00,0.5724,0.5724,0.5724,0.5724,1
2026-03-31T06:47:00,0.57235,0.5724,0.57235,0.5724,20
2026-03-31T06:48:00,0.5723,0.57245,0.5723,0.57245,16
2026-03-31T06:49:00,0.57255,0.57255,0.57255,0.57255,9
2026-03-31T06:50:00,0.5726,0.57265,0.57255,0.57265,31
2026-03-31T06:51:00,0.5727,0.5727,0.5727,0.5727,1
2026-03-31T06:52:00,0.57275,0.57275,0.57275,0.57275,9
2026-03-31T06:53:00,0.57275,0.57275,0.57275,0.57275,10
2026-03-31T06:54:00,0.5727,0.5727,0.5727,0.5727,8
2026-03-31T06:55:00,0.5728,0.5728,0.5728,0.5728,1
2026-03-31T06:56:00,0.57285,0.57295,0.57285,0.57285,16
2026-03-31T06:57:00,0.57285,0.5729,0.57285,0.57285,28
2026-03-31T06:58:00,0.5729,0.5729,0.5728,0.57285,4
2026-03-31T06:59:00,0.57285,0.57285,0.57285,0.57285,3
2026-03-31T07:00:00,0.57285,0.57285,0.5728,0.57285,13
2026-03-31T07:01:00,0.57275,0.5728,0.57255,0.57255,28
2026-03-31T07:02:00,0.5725,0.57255,0.57245,0.5725,65
2026-03-31T07:03:00,0.5726,0.5726,0.57245,0.5725,24
2026-03-31T07:04:00,0.5725,0.5725,0.57245,0.5725,16
2026-03-31T07:05:00,0.5725,0.57255,0.5725,0.57255,20
2026-03-31T07:06:00,0.57255,0.57255,0.57245,0.57245,10
2026-03-31T07:07:00,0.57245,0.57245,0.57235,0.5724,14
2026-03-31T07:08:00,0.57235,0.5724,0.57215,0.5722,37
2026-03-31T07:09:00,0.5722,0.5722,0.5722,0.5722,7
2026-03-31T07:10:00,0.5722,0.5722,0.57215,0.57215,26
2026-03-31T07:11:00,0.57215,0.57215,0.57215,0.57215,6
2026-03-31T07:12:00,0.57215,0.57215,0.572,0.572,18
2026-03-31T07:13:00,0.57205,0.57215,0.57205,0.5721,46
2026-03-31T07:14:00,0.5721,0.57215,0.5721,0.57215,27
2026-03-31T07:15:00,0.5722,0.57235,0.5722,0.57235,43
2026-03-31T07:16:00,0.57225,0.57225,0.5722,0.5722,15
2026-03-31T07:17:00,0.5723,0.5723,0.57225,0.57225,23
2026-03-31T07:18:00,0.5722,0.5722,0.5722,0.5722,4
2026-03-31T07:19:00,0.5722,0.5722,0.5721,0.5722,10
2026-03-31T07:20:00,0.57225,0.57235,0.57225,0.57235,6
2026-03-31T07:21:00,0.5724,0.5724,0.5724,0.5724,3
2026-03-31T07:22:00,0.5724,0.5724,0.57235,0.57235,3
2026-03-31T07:23:00,0.57235,0.57235,0.57235,0.57235,4
2026-03-31T07:24:00,0.5723,0.5723,0.5723,0.5723,13
2026-03-31T07:25:00,0.57225,0.57225,0.57225,0.57225,1
2026-03-31T07:26:00,0.5723,0.5723,0.5722,0.5722,3
2026-03-31T07:27:00,0.5722,0.5723,0.5722,0.5723,35
2026-03-31T07:28:00,0.5723,0.5723,0.57225,0.57225,15
2026-03-31T07:29:00,0.5723,0.5723,0.5723,0.5723,2
2026-03-31T07:30:00,0.57235,0.57255,0.57235,0.5725,26
2026-03-31T07:31:00,0.5726,0.5726,0.5726,0.5726,4
2026-03-31T07:32:00,0.5726,0.5726,0.57255,0.5726,9
2026-03-31T07:33:00,0.5727,0.57285,0.5727,0.57275,22
2026-03-31T07:34:00,0.57275,0.57275,0.57275,0.57275,2
2026-03-31T07:35:00,0.57275,0.57285,0.57275,0.57285,67
2026-03-31T07:36:00,0.5729,0.5729,0.5728,0.5728,43
2026-03-31T07:37:00,0.5728,0.57285,0.5728,0.57285,39
2026-03-31T07:38:00,0.5728,0.57295,0.5728,0.57295,27
2026-03-31T07:39:00,0.57295,0.573,0.57285,0.57285,32
2026-03-31T07:40:00,0.57285,0.57285,0.57275,0.57275,82
2026-03-31T07:41:00,0.57275,0.5729,0.57275,0.57285,32
2026-03-31T07:42:00,0.57285,0.5729,0.5728,0.5729,27
2026-03-31T07:43:00,0.57285,0.57295,0.57285,0.57295,10
2026-03-31T07:44:00,0.57295,0.57295,0.5729,0.5729,8
2026-03-31T07:45:00,0.5729,0.57295,0.57285,0.57295,11
2026-03-31T07:46:00,0.573,0.57305,0.57295,0.57295,50
2026-03-31T07:47:00,0.57295,0.57315,0.57295,0.5731,21
2026-03-31T07:48:00,0.57315,0.5732,0.5731,0.5731,44
2026-03-31T07:49:00,0.5731,0.5731,0.57305,0.57305,27
2026-03-31T07:50:00,0.57305,0.5731,0.573,0.573,52
2026-03-31T07:51:00,0.573,0.57315,0.573,0.57305,17
2026-03-31T07:52:00,0.57305,0.57305,0.57305,0.57305,16
2026-03-31T07:53:00,0.5731,0.57315,0.5731,0.5731,26
2026-03-31T07:54:00,0.57305,0.5731,0.57305,0.57305,40
2026-03-31T07:55:00,0.57305,0.5731,0.57305,0.5731,35
2026-03-31T07:56:00,0.57305,0.5731,0.573,0.5731,30
2026-03-31T07:57:00,0.5731,0.5731,0.57305,0.57305,14
2026-03-31T07:58:00,0.573,0.57315,0.573,0.57315,27
2026-03-31T07:59:00,0.5732,0.5732,0.5731,0.5731,32
2026-03-31T08:00:00,0.5732,0.57335,0.5732,0.5733,76
2026-03-31T08:01:00,0.57325,0.57325,0.5731,0.5731,33
2026-03-31T08:02:00,0.5731,0.57325,0.5731,0.5732,46
2026-03-31T08:03:00,0.5732,0.5732,0.5731,0.5731,20
2026-03-31T08:04:00,0.57325,0.57325,0.5732,0.5732,35
2026-03-31T08:05:00,0.5733,0.5733,0.57325,0.5733,33
2026-03-31T08:06:00,0.5733,0.5733,0.57315,0.5732,30
2026-03-31T08:07:00,0.5732,0.57325,0.57315,0.57315,25
2026-03-31T08:08:00,0.5732,0.57325,0.5732,0.5732,11
2026-03-31T08:09:00,0.5732,0.5732,0.5731,0.5731,45
2026-03-31T08:10:00,0.5731,0.5731,0.57295,0.57295,31
2026-03-31T08:11:00,0.57295,0.57295,0.5729,0.5729,31
2026-03-31T08:12:00,0.5729,0.5729,0.5728,0.5728,29
2026-03-31T08:13:00,0.57275,0.5728,0.57275,0.5728,26
2026-03-31T08:14:00,0.57275,0.57275,0.57265,0.57265,28
2026-03-31T08:15:00,0.57265,0.5727,0.57265,0.5727,15
2026-03-31T08:16:00,0.5727,0.57275,0.5727,0.57275,31
2026-03-31T08:17:00,0.5727,0.5727,0.57265,0.5727,16
2026-03-31T08:18:00,0.5727,0.5727,0.57255,0.57265,18
2026-03-31T08:19:00,0.5726,0.57265,0.5726,0.57265,17
2026-03-31T08:20:00,0.57265,0.57265,0.57265,0.57265,7
2026-03-31T08:21:00,0.5727,0.5727,0.57265,0.57265,3
2026-03-31T08:22:00,0.5726,0.5726,0.5725,0.5725,10
2026-03-31T08:23:00,0.57265,0.57265,0.57265,0.57265,10
2026-03-31T08:24:00,0.57265,0.57265,0.57265,0.57265,1
2026-03-31T08:25:00,0.57255,0.5726,0.57255,0.5726,9
2026-03-31T08:26:00,0.5726,0.5726,0.57255,0.57255,2
2026-03-31T08:27:00,0.57255,0.57255,0.5725,0.5725,15
2026-03-31T08:28:00,0.5726,0.5726,0.5726,0.5726,1
2026-03-31T08:30:00,0.57255,0.57255,0.57255,0.57255,10
2026-03-31T08:31:00,0.57265,0.57265,0.57265,0.57265,24
2026-03-31T08:33:00,0.57255,0.5726,0.57255,0.5726,8
2026-03-31T08:34:00,0.57265,0.57265,0.57255,0.57255,16
2026-03-31T08:35:00,0.57255,0.5726,0.57255,0.57255,18
2026-03-31T08:36:00,0.5726,0.57265,0.5726,0.5726,14
2026-03-31T08:37:00,0.57265,0.57265,0.57265,0.57265,3
2026-03-31T08:38:00,0.57275,0.57275,0.57265,0.5727,26
2026-03-31T08:39:00,0.5727,0.5727,0.5726,0.5726,32
2026-03-31T08:40:00,0.57265,0.5727,0.57265,0.57265,13
2026-03-31T08:41:00,0.57265,0.57265,0.57255,0.57255,13
2026-03-31T08:42:00,0.5726,0.57265,0.5726,0.57265,27
2026-03-31T08:43:00,0.57265,0.57265,0.5726,0.5726,20
2026-03-31T08:44:00,0.57255,0.57265,0.57255,0.57265,13
2026-03-31T08:45:00,0.57265,0.57265,0.57265,0.57265,1
2026-03-31T08:46:00,0.57265,0.5728,0.57265,0.5728,6
2026-03-31T08:47:00,0.57285,0.57295,0.57285,0.5729,27
2026-03-31T08:48:00,0.5729,0.573,0.57285,0.57285,127
2026-03-31T08:49:00,0.57295,0.57295,0.57295,0.57295,35
2026-03-31T08:50:00,0.57295,0.57305,0.57295,0.57305,47
2026-03-31T08:51:00,0.5731,0.57315,0.5731,0.57315,11
2026-03-31T08:52:00,0.5731,0.5731,0.57285,0.573,164
2026-03-31T08:53:00,0.573,0.57305,0.573,0.57305,38
2026-03-31T08:54:00,0.57305,0.5731,0.5729,0.57305,42
2026-03-31T08:55:00,0.573,0.573,0.573,0.573,6
2026-03-31T08:57:00,0.573,0.573,0.573,0.573,1
2026-03-31T08:59:00,0.5729,0.57295,0.5729,0.57295,8
2026-03-31T09:00:00,0.573,0.573,0.5729,0.57295,30
2026-03-31T09:01:00,0.573,0.573,0.5729,0.5729,12
2026-03-31T09:02:00,0.5729,0.57295,0.5729,0.57295,4
2026-03-31T09:04:00,0.57295,0.57305,0.57295,0.57305,58
2026-03-31T09:05:00,0.57305,0.5732,0.57305,0.5731,67
2026-03-31T09:06:00,0.5731,0.5731,0.57295,0.57295,32
2026-03-31T09:07:00,0.57295,0.57295,0.5729,0.57295,16
2026-03-31T09:08:00,0.573,0.573,0.5729,0.5729,13
2026-03-31T09:09:00,0.5729,0.5729,0.5729,0.5729,11
2026-03-31T09:10:00,0.5729,0.5729,0.5729,0.5729,20
2026-03-31T09:11:00,0.57295,0.57295,0.57285,0.57285,7
2026-03-31T09:12:00,0.5729,0.5729,0.5729,0.5729,7
2026-03-31T09:13:00,0.57285,0.57285,0.5728,0.5728,25
2026-03-31T09:14:00,0.5728,0.5728,0.57275,0.5728,20
2026-03-31T09:15:00,0.5728,0.5728,0.5728,0.5728,21
2026-03-31T09:16:00,0.5728,0.5728,0.5726,0.5726,46
2026-03-31T09:17:00,0.57265,0.57265,0.57255,0.57255,23
2026-03-31T09:18:00,0.57255,0.57255,0.5725,0.5725,3
2026-03-31T09:19:00,0.5726,0.57265,0.57255,0.57255,20
2026-03-31T09:20:00,0.57255,0.5726,0.57255,0.57255,23
2026-03-31T09:21:00,0.57255,0.5726,0.5725,0.57255,13
2026-03-31T09:22:00,0.5725,0.57255,0.5723,0.5724,163
2026-03-31T09:23:00,0.57255,0.57265,0.57255,0.57265,29
2026-03-31T09:24:00,0.5726,0.57265,0.5726,0.57265,13
2026-03-31T09:25:00,0.5726,0.5726,0.5726,0.5726,1
2026-03-31T09:26:00,0.5725,0.5725,0.57245,0.57245,2
2026-03-31T09:27:00,0.57245,0.5725,0.57245,0.57245,7
2026-03-31T09:28:00,0.57245,0.57245,0.57245,0.57245,1
2026-03-31T09:29:00,0.57235,0.5724,0.57235,0.5724,6
2026-03-31T09:30:00,0.5724,0.5724,0.57225,0.57225,43
2026-03-31T09:31:00,0.5723,0.57235,0.57225,0.57235,16
2026-03-31T09:32:00,0.57235,0.57245,0.57235,0.5724,10
2026-03-31T09:33:00,0.5724,0.5725,0.5724,0.5725,23
2026-03-31T09:34:00,0.57245,0.57245,0.57245,0.57245,10
2026-03-31T09:35:00,0.57245,0.57245,0.57245,0.57245,18
2026-03-31T09:36:00,0.5724,0.5725,0.5724,0.57245,24
2026-03-31T09:37:00,0.57245,0.5725,0.57245,0.5725,14
2026-03-31T09:38:00,0.5725,0.5725,0.57245,0.57245,2
2026-03-31T09:39:00,0.5724,0.57245,0.5724,0.5724,7
2026-03-31T09:40:00,0.5724,0.57245,0.5724,0.57245,5
2026-03-31T09:41:00,0.5724,0.5725,0.57235,0.57235,6
2026-03-31T09:42:00,0.5724,0.5724,0.5723,0.5723,10
2026-03-31T09:43:00,0.57235,0.57235,0.5723,0.5723,5
2026-03-31T09:44:00,0.5723,0.5723,0.5723,0.5723,3
2026-03-31T09:45:00,0.57235,0.57235,0.5723,0.5723,5
2026-03-31T09:46:00,0.5723,0.5723,0.5723,0.5723,11
2026-03-31T09:47:00,0.5723,0.57235,0.57215,0.57215,20
2026-03-31T09:48:00,0.5722,0.57225,0.5722,0.5722,10
2026-03-31T09:49:00,0.5722,0.57225,0.5722,0.5722,5
2026-03-31T09:50:00,0.5722,0.57225,0.5722,0.57225,21
2026-03-31T09:51:00,0.5723,0.57235,0.5723,0.5723,19
2026-03-31T09:53:00,0.57225,0.57225,0.57225,0.57225,4
2026-03-31T09:54:00,0.5722,0.5722,0.5722,0.5722,1
2026-03-31T09:55:00,0.5722,0.5722,0.5721,0.5721,11
2026-03-31T09:56:00,0.57215,0.57215,0.5721,0.5721,6
2026-03-31T09:57:00,0.57215,0.57215,0.57215,0.57215,2
2026-03-31T09:58:00,0.5722,0.5722,0.5721,0.5721,2
2026-03-31T09:59:00,0.5722,0.57225,0.5722,0.57225,10
2026-03-31T10:00:00,0.57225,0.57235,0.57225,0.57235,22
2026-03-31T10:01:00,0.5723,0.5724,0.5723,0.5723,24
2026-03-31T10:02:00,0.5723,0.5723,0.5723,0.5723,5
2026-03-31T10:03:00,0.5722,0.5722,0.5722,0.5722,1
2026-03-31T10:04:00,0.5723,0.5724,0.5723,0.57235,11
2026-03-31T10:05:00,0.57235,0.5724,0.57235,0.57235,7
2026-03-31T10:06:00,0.5724,0.57245,0.5724,0.5724,9
2026-03-31T10:09:00,0.5723,0.5723,0.5723,0.5723,28
2026-03-31T10:10:00,0.5723,0.5723,0.5722,0.5722,29
2026-03-31T10:11:00,0.5722,0.57225,0.5722,0.57225,4
2026-03-31T10:14:00,0.5721,0.5721,0.5721,0.5721,8
2026-03-31T10:15:00,0.57205,0.5721,0.57205,0.5721,20
2026-03-31T10:16:00,0.57215,0.57215,0.5721,0.5721,2
2026-03-31T10:18:00,0.57215,0.57215,0.5721,0.5721,7
2026-03-31T10:19:00,0.5721,0.5721,0.572,0.572,3
2026-03-31T10:20:00,0.572,0.572,0.57195,0.57195,5
2026-03-31T10:21:00,0.57195,0.57195,0.5719,0.5719,3
2026-03-31T10:22:00,0.57195,0.572,0.57195,0.572,10
2026-03-31T10:23:00,0.57205,0.57205,0.57205,0.57205,3
2026-03-31T10:24:00,0.5721,0.5721,0.5721,0.5721,2
2026-03-31T10:27:00,0.5721,0.5721,0.5721,0.5721,1
2026-03-31T10:28:00,0.57215,0.5722,0.57215,0.5722,2
2026-03-31T10:29:00,0.57225,0.57225,0.57225,0.57225,16
2026-03-31T10:31:00,0.57225,0.57225,0.57225,0.57225,1
2026-03-31T10:32:00,0.5722,0.5722,0.57215,0.57215,15
2026-03-31T10:34:00,0.57215,0.57215,0.5721,0.57215,22
2026-03-31T10:35:00,0.57215,0.57215,0.57215,0.57215,3
2026-03-31T10:36:00,0.57215,0.57215,0.57205,0.57215,44
2026-03-31T10:37:00,0.57215,0.57215,0.57215,0.57215,18
2026-03-31T10:38:00,0.57205,0.57205,0.57205,0.57205,26
2026-03-31T10:39:00,0.57205,0.5721,0.57205,0.5721,77
2026-03-31T10:40:00,0.5721,0.5721,0.5721,0.5721,2
2026-03-31T10:41:00,0.57205,0.5721,0.57205,0.57205,15
2026-03-31T10:42:00,0.57205,0.57205,0.57205,0.57205,18
2026-03-31T10:43:00,0.57195,0.57195,0.57195,0.57195,2
2026-03-31T10:44:00,0.572,0.572,0.572,0.572,1
2026-03-31T10:45:00,0.57195,0.572,0.57195,0.57195,8
2026-03-31T10:46:00,0.57195,0.57195,0.57175,0.57175,69
2026-03-31T10:47:00,0.5717,0.5718,0.5717,0.5718,68
2026-03-31T10:48:00,0.57175,0.57175,0.57175,0.57175,3
2026-03-31T10:49:00,0.57165,0.5717,0.5716,0.5716,199
2026-03-31T10:50:00,0.5716,0.5717,0.57155,0.57165,79
2026-03-31T10:51:00,0.57165,0.57165,0.5716,0.57165,14
2026-03-31T10:52:00,0.57165,0.57175,0.57165,0.57175,17
2026-03-31T10:53:00,0.5718,0.5718,0.5717,0.5718,12
2026-03-31T10:54:00,0.57185,0.5719,0.57185,0.5719,9
2026-03-31T10:55:00,0.57195,0.57195,0.5718,0.57185,10
2026-03-31T10:56:00,0.5718,0.57185,0.5718,0.57185,11
2026-03-31T10:57:00,0.572,0.572,0.572,0.572,5
2026-03-31T10:58:00,0.57185,0.57185,0.5718,0.57185,4
2026-03-31T10:59:00,0.57185,0.57185,0.57185,0.57185,11
2026-03-31T11:00:00,0.57185,0.57185,0.57185,0.57185,6
2026-03-31T11:01:00,0.5718,0.57185,0.5718,0.57185,4
2026-03-31T11:04:00,0.57195,0.572,0.57195,0.572,4
2026-03-31T11:05:00,0.57205,0.57205,0.57195,0.57195,20
2026-03-31T11:06:00,0.572,0.572,0.572,0.572,6
2026-03-31T11:07:00,0.57195,0.572,0.57195,0.572,9
2026-03-31T11:09:00,0.57195,0.57195,0.57195,0.57195,6
2026-03-31T11:10:00,0.57195,0.57205,0.57195,0.57205,6
2026-03-31T11:11:00,0.57205,0.5731,0.57205,0.5721,666
2026-03-31T11:12:00,0.57215,0.57255,0.57215,0.57225,217
2026-03-31T11:13:00,0.5722,0.5723,0.5722,0.5722,46
2026-03-31T11:14:00,0.5723,0.5724,0.5723,0.5723,14
2026-03-31T11:15:00,0.57235,0.5724,0.5723,0.5724,39
2026-03-31T11:16:00,0.57245,0.57255,0.5724,0.57255,170
2026-03-31T11:17:00,0.5726,0.5727,0.57255,0.5727,70
2026-03-31T11:18:00,0.57275,0.5728,0.5727,0.57275,72
2026-03-31T11:19:00,0.5727,0.5729,0.57265,0.5727,114
2026-03-31T11:20:00,0.5727,0.57285,0.57265,0.57285,167
2026-03-31T11:21:00,0.5728,0.573,0.5728,0.5729,95
2026-03-31T11:22:00,0.5729,0.57315,0.5728,0.57315,163
2026-03-31T11:23:00,0.57315,0.5732,0.5731,0.5732,53
2026-03-31T11:24:00,0.5732,0.5735,0.5732,0.57345,163
2026-03-31T11:25:00,0.5735,0.5738,0.5735,0.5737,98
2026-03-31T11:26:00,0.5737,0.57385,0.57365,0.5738,49
2026-03-31T11:27:00,0.5738,0.57395,0.5738,0.5738,71
2026-03-31T11:28:00,0.5738,0.5738,0.57365,0.57365,72
2026-03-31T11:29:00,0.57365,0.57365,0.57335,0.5734,86
2026-03-31T11:30:00,0.57335,0.5734,0.5732,0.57335,45
2026-03-31T11:31:00,0.57325,0.57325,0.5732,0.5732,22
2026-03-31T11:32:00,0.5732,0.57325,0.5732,0.57325,4
2026-03-31T11:33:00,0.5732,0.5733,0.57315,0.5733,52
2026-03-31T11:34:00,0.57325,0.57335,0.57325,0.57335,26
2026-03-31T11:35:00,0.57335,0.5734,0.5733,0.5733,27
2026-03-31T11:36:00,0.5733,0.57335,0.5732,0.57335,45
2026-03-31T11:37:00,0.57335,0.5734,0.57335,0.5734,9
2026-03-31T11:38:00,0.57345,0.5735,0.57345,0.57345,98
2026-03-31T11:39:00,0.5735,0.5737,0.57335,0.5737,344
2026-03-31T11:40:00,0.5737,0.57375,0.57345,0.57355,242
2026-03-31T11:41:00,0.5736,0.5737,0.57355,0.5737,207
2026-03-31T11:42:00,0.57375,0.57385,0.57365,0.57385,71
2026-03-31T11:43:00,0.57385,0.57395,0.5738,0.5739,153
2026-03-31T11:44:00,0.57395,0.574,0.57395,0.574,108
2026-03-31T11:45:00,0.574,0.57415,0.57395,0.57405,134
2026-03-31T11:46:00,0.574,0.57415,0.574,0.5741,118
2026-03-31T11:47:00,0.5741,0.5743,0.57405,0.5743,131
2026-03-31T11:48:00,0.57425,0.57425,0.57395,0.57395,63
2026-03-31T11:49:00,0.574,0.57405,0.57395,0.57405,128
2026-03-31T11:50:00,0.57395,0.5741,0.57385,0.57405,191
2026-03-31T11:51:00,0.57395,0.57405,0.5739,0.574,44
2026-03-31T11:52:00,0.57385,0.5739,0.5738,0.5738,22
2026-03-31T11:53:00,0.5738,0.5739,0.57375,0.5739,23
2026-03-31T11:54:00,0.57385,0.5739,0.5738,0.57385,23
2026-03-31T11:55:00,0.5739,0.57395,0.5739,0.57395,11
2026-03-31T11:56:00,0.57405,0.57405,0.574,0.574,8
2026-03-31T11:57:00,0.57405,0.5741,0.57405,0.5741,35
2026-03-31T11:58:00,0.57405,0.5741,0.574,0.57405,41
2026-03-31T11:59:00,0.5741,0.57415,0.57405,0.57415,14
2026-03-31T12:00:00,0.5742,0.5744,0.5742,0.5744,81
2026-03-31T12:01:00,0.5744,0.5745,0.57435,0.5745,348
2026-03-31T12:02:00,0.57455,0.57475,0.5745,0.57475,174
2026-03-31T12:03:00,0.57475,0.57475,0.57455,0.5746,94
2026-03-31T12:04:00,0.57465,0.5747,0.57445,0.5745,41
2026-03-31T12:05:00,0.5745,0.57455,0.57435,0.57435,45
2026-03-31T12:06:00,0.5744,0.5746,0.5744,0.5746,26
2026-03-31T12:07:00,0.5746,0.5746,0.57455,0.57455,20
2026-03-31T12:08:00,0.57455,0.57455,0.57455,0.57455,27
2026-03-31T12:09:00,0.57455,0.57485,0.57455,0.57465,62
2026-03-31T12:10:00,0.5746,0.5746,0.5741,0.5742,155
2026-03-31T12:11:00,0.5741,0.5742,0.574,0.574,65
2026-03-31T12:12:00,0.574,0.5741,0.5739,0.57405,42
2026-03-31T12:13:00,0.57405,0.57425,0.574,0.57405,151
2026-03-31T12:14:00,0.5741,0.5742,0.57405,0.57405,58
2026-03-31T12:15:00,0.574,0.574,0.57375,0.57375,47
2026-03-31T12:16:00,0.5738,0.5739,0.5738,0.5738,99
2026-03-31T12:17:00,0.5738,0.5739,0.57375,0.5739,44
2026-03-31T12:18:00,0.57385,0.5743,0.5738,0.57425,458
2026-03-31T12:19:00,0.5742,0.5744,0.57415,0.57435,65
2026-03-31T12:20:00,0.5743,0.57435,0.5741,0.5742,124
2026-03-31T12:21:00,0.5742,0.5743,0.57405,0.5741,88
2026-03-31T12:22:00,0.57405,0.5741,0.574,0.5741,42
2026-03-31T12:23:00,0.57405,0.57405,0.5739,0.5739,31
2026-03-31T12:24:00,0.57385,0.57405,0.57385,0.57395,28
2026-03-31T12:25:00,0.57395,0.574,0.5739,0.57395,86
2026-03-31T12:26:00,0.57395,0.574,0.5739,0.574,19
2026-03-31T12:27:00,0.57395,0.57415,0.57395,0.574,101
2026-03-31T12:28:00,0.574,0.57445,0.574,0.57425,316
2026-03-31T12:29:00,0.5742,0.57425,0.57405,0.57425,31
2026-03-31T12:30:00,0.5742,0.57425,0.57415,0.57415,65
2026-03-31T12:31:00,0.57415,0.57435,0.57415,0.57425,35
2026-03-31T12:32:00,0.57425,0.5743,0.57415,0.5743,53
2026-03-31T12:33:00,0.57435,0.57435,0.57415,0.57415,66
2026-03-31T12:34:00,0.57415,0.5743,0.57415,0.5743,25
2026-03-31T12:35:00,0.5743,0.5744,0.57425,0.5744,76
2026-03-31T12:36:00,0.5744,0.57445,0.5742,0.5744,43
2026-03-31T12:37:00,0.5744,0.57445,0.5743,0.5743,52
2026-03-31T12:38:00,0.5743,0.57435,0.5742,0.5742,91
2026-03-31T12:39:00,0.5742,0.57425,0.5741,0.57415,84
2026-03-31T12:40:00,0.5742,0.57425,0.57415,0.57415,20
2026-03-31T12:41:00,0.57415,0.57415,0.57405,0.5741,35
2026-03-31T12:42:00,0.57405,0.57415,0.57405,0.5741,42
2026-03-31T12:43:00,0.5741,0.57415,0.5741,0.57415,28
2026-03-31T12:44:00,0.5741,0.57415,0.5741,0.57415,41
2026-03-31T12:45:00,0.5742,0.57425,0.5742,0.5742,28
2026-03-31T12:46:00,0.5742,0.5742,0.57415,0.57415,27
2026-03-31T12:47:00,0.57415,0.57415,0.574,0.574,74
2026-03-31T12:48:00,0.57405,0.5741,0.57395,0.574,29
2026-03-31T12:49:00,0.57395,0.574,0.5739,0.57395,40
2026-03-31T12:50:00,0.57395,0.57395,0.57385,0.5739,45
2026-03-31T12:51:00,0.57395,0.5741,0.57395,0.5741,40
2026-03-31T12:52:00,0.57405,0.5741,0.57405,0.57405,29
2026-03-31T12:53:00,0.57405,0.5742,0.57405,0.57415,44
2026-03-31T12:54:00,0.57415,0.57415,0.574,0.5741,28
2026-03-31T12:55:00,0.5741,0.57415,0.57395,0.57395,37
2026-03-31T12:56:00,0.57395,0.57405,0.5739,0.574,77
2026-03-31T12:57:00,0.574,0.57405,0.5739,0.5739,102
2026-03-31T12:58:00,0.5739,0.57395,0.5739,0.57395,56
2026-03-31T12:59:00,0.57395,0.574,0.57385,0.57385,27
2026-03-31T13:00:00,0.5739,0.5739,0.57375,0.57375,77
2026-03-31T13:01:00,0.57375,0.57375,0.5736,0.57375,47
2026-03-31T13:02:00,0.5737,0.57375,0.5737,0.57375,25
2026-03-31T13:03:00,0.5737,0.5737,0.57355,0.57355,14
2026-03-31T13:04:00,0.5735,0.57355,0.57345,0.57345,36
2026-03-31T13:05:00,0.57345,0.5735,0.57335,0.5735,52
2026-03-31T13:06:00,0.57355,0.57365,0.57355,0.57365,3
2026-03-31T13:07:00,0.5737,0.57375,0.5736,0.57365,23
2026-03-31T13:08:00,0.5737,0.5739,0.57365,0.5739,36
2026-03-31T13:09:00,0.5739,0.574,0.5739,0.574,14
2026-03-31T13:10:00,0.574,0.57405,0.57395,0.574,27
2026-03-31T13:11:00,0.574,0.574,0.57385,0.5739,14
2026-03-31T13:12:00,0.57385,0.57385,0.5738,0.5738,10
2026-03-31T13:13:00,0.57385,0.5739,0.57365,0.57365,28
2026-03-31T13:14:00,0.57365,0.57375,0.57365,0.57375,21
2026-03-31T13:15:00,0.57375,0.5739,0.57375,0.5739,12
2026-03-31T13:16:00,0.57385,0.57395,0.57385,0.57395,13
2026-03-31T13:17:00,0.57395,0.5741,0.57395,0.57405,20
2026-03-31T13:18:00,0.5741,0.57415,0.5741,0.57415,11
2026-03-31T13:19:00,0.5741,0.57415,0.5741,0.57415,6
2026-03-31T13:20:00,0.5742,0.5743,0.5742,0.57425,17
2026-03-31T13:21:00,0.5743,0.5744,0.5743,0.5744,18
2026-03-31T13:22:00,0.57435,0.57435,0.57425,0.57435,24
2026-03-31T13:23:00,0.5743,0.5743,0.5742,0.5742,16
2026-03-31T13:24:00,0.5742,0.5742,0.57415,0.57415,9
2026-03-31T13:25:00,0.57405,0.57405,0.574,0.57405,36
2026-03-31T13:26:00,0.5741,0.5741,0.574,0.57405,14
2026-03-31T13:27:00,0.5741,0.57415,0.5741,0.57415,12
2026-03-31T13:28:00,0.5741,0.5741,0.57405,0.5741,7
2026-03-31T13:29:00,0.57405,0.57405,0.57405,0.57405,1
2026-03-31T13:30:00,0.574,0.5742,0.574,0.5742,93
2026-03-31T13:31:00,0.57415,0.57415,0.57385,0.57395,64
2026-03-31T13:32:00,0.57395,0.574,0.57365,0.57365,77
2026-03-31T13:33:00,0.57375,0.5739,0.57375,0.5739,23
2026-03-31T13:34:00,0.5739,0.57405,0.5739,0.57405,18
2026-03-31T13:35:00,0.57405,0.57405,0.5739,0.5739,24
2026-03-31T13:36:00,0.57395,0.57395,0.57385,0.5739,39
2026-03-31T13:37:00,0.57385,0.57405,0.5738,0.5739,42
2026-03-31T13:38:00,0.5739,0.574,0.57385,0.574,14
2026-03-31T13:39:00,0.57395,0.57415,0.57395,0.5741,30
2026-03-31T13:40:00,0.5741,0.57415,0.57405,0.57415,23
2026-03-31T13:41:00,0.5741,0.5741,0.57395,0.57395,44
2026-03-31T13:42:00,0.5739,0.57415,0.5739,0.5741,68
2026-03-31T13:43:00,0.57405,0.57405,0.574,0.574,15
2026-03-31T13:44:00,0.57395,0.57395,0.57385,0.5739,64
2026-03-31T13:45:00,0.57395,0.57415,0.57395,0.57415,55
2026-03-31T13:46:00,0.5741,0.57425,0.5741,0.57415,32
2026-03-31T13:47:00,0.57415,0.57415,0.57395,0.57405,74
2026-03-31T13:48:00,0.57405,0.57415,0.57405,0.5741,32
2026-03-31T13:49:00,0.57415,0.5744,0.57415,0.57435,129
2026-03-31T13:50:00,0.5743,0.5743,0.5742,0.57425,46
2026-03-31T13:51:00,0.5743,0.57445,0.57425,0.57445,60
2026-03-31T13:52:00,0.57445,0.5746,0.57435,0.5746,65
2026-03-31T13:53:00,0.5746,0.57485,0.57455,0.57485,345
2026-03-31T13:54:00,0.57485,0.5751,0.57485,0.57505,88
2026-03-31T13:55:00,0.575,0.5751,0.575,0.575,80
2026-03-31T13:56:00,0.575,0.575,0.5748,0.57485,56
2026-03-31T13:57:00,0.5748,0.5749,0.5748,0.5749,4
2026-03-31T13:58:00,0.57495,0.57495,0.57485,0.57495,49
2026-03-31T13:59:00,0.57495,0.5751,0.57495,0.5751,74
2026-03-31T14:00:00,0.5751,0.5752,0.57495,0.5751,139
2026-03-31T14:01:00,0.5751,0.57515,0.57495,0.57515,93
2026-03-31T14:02:00,0.57515,0.57515,0.57505,0.5751,50
2026-03-31T14:03:00,0.57505,0.5751,0.5749,0.57495,80
2026-03-31T14:04:00,0.57495,0.57495,0.5748,0.57485,56
2026-03-31T14:05:00,0.57485,0.57485,0.57455,0.57455,83
2026-03-31T14:06:00,0.57455,0.57455,0.5744,0.5745,44
2026-03-31T14:07:00,0.5745,0.5745,0.57435,0.57435,31
2026-03-31T14:08:00,0.57435,0.5744,0.5743,0.5743,51
2026-03-31T14:09:00,0.5743,0.5744,0.5742,0.57425,34
2026-03-31T14:10:00,0.5743,0.57435,0.5743,0.5743,34
2026-03-31T14:11:00,0.57435,0.57455,0.57435,0.57445,31
2026-03-31T14:12:00,0.5744,0.57445,0.57435,0.57435,48
2026-03-31T14:13:00,0.57435,0.5745,0.57435,0.5744,28
2026-03-31T14:14:00,0.5744,0.5745,0.5744,0.5745,9
2026-03-31T14:15:00,0.57455,0.57455,0.57445,0.57445,21
2026-03-31T14:16:00,0.57445,0.5745,0.5743,0.5744,34
2026-03-31T14:17:00,0.5745,0.5745,0.57435,0.5744,42
2026-03-31T14:18:00,0.57435,0.57455,0.57435,0.57455,57
2026-03-31T14:19:00,0.5745,0.5745,0.57445,0.57445,20
2026-03-31T14:20:00,0.5744,0.57455,0.57435,0.57445,27
2026-03-31T14:21:00,0.57435,0.5744,0.5742,0.5744,75
2026-03-31T14:22:00,0.57435,0.5745,0.57435,0.5745,13
2026-03-31T14:23:00,0.5746,0.57465,0.57455,0.57465,36
2026-03-31T14:24:00,0.57455,0.5746,0.57455,0.5746,8
2026-03-31T14:25:00,0.57455,0.57455,0.5744,0.57445,29
2026-03-31T14:26:00,0.5744,0.5745,0.57435,0.5745,23
2026-03-31T14:27:00,0.57455,0.5747,0.57455,0.5746,29
2026-03-31T14:28:00,0.5746,0.5747,0.5746,0.5747,14
2026-03-31T14:29:00,0.5746,0.57465,0.57455,0.57455,23
2026-03-31T14:30:00,0.5746,0.5747,0.57455,0.57465,34
2026-03-31T14:31:00,0.5746,0.57465,0.5745,0.57455,74
2026-03-31T14:32:00,0.5746,0.57475,0.5746,0.57475,25
2026-03-31T14:33:00,0.5748,0.57495,0.5748,0.57495,39
2026-03-31T14:34:00,0.5749,0.5749,0.57475,0.57475,27
2026-03-31T14:35:00,0.5748,0.5748,0.57455,0.57455,44
2026-03-31T14:36:00,0.5745,0.5745,0.57405,0.57405,26
2026-03-31T14:37:00,0.574,0.57405,0.57395,0.574,24
2026-03-31T14:38:00,0.57405,0.57405,0.57395,0.574,25
2026-03-31T14:39:00,0.57395,0.5741,0.57385,0.57385,183
2026-03-31T14:40:00,0.57385,0.574,0.57385,0.5739,160
2026-03-31T14:41:00,0.5739,0.57395,0.57385,0.57395,50
2026-03-31T14:42:00,0.57395,0.57395,0.57385,0.57395,18
2026-03-31T14:43:00,0.5739,0.5739,0.5738,0.5738,24
2026-03-31T14:44:00,0.57385,0.57395,0.5738,0.5739,22
2026-03-31T14:45:00,0.57395,0.57395,0.5738,0.57385,10
2026-03-31T14:46:00,0.57395,0.5741,0.57395,0.57405,23
2026-03-31T14:47:00,0.57405,0.57405,0.57375,0.57375,28
2026-03-31T14:48:00,0.57385,0.57385,0.5736,0.5736,26
2026-03-31T14:49:00,0.57365,0.57365,0.57355,0.5736,22
2026-03-31T14:50:00,0.5735,0.57375,0.5735,0.57375,47
2026-03-31T14:51:00,0.57385,0.5739,0.5738,0.5738,17
2026-03-31T14:52:00,0.5737,0.57375,0.5734,0.5734,114
2026-03-31T14:53:00,0.57345,0.57345,0.57285,0.57285,533
2026-03-31T14:54:00,0.57285,0.57295,0.5725,0.5726,455
2026-03-31T14:55:00,0.57255,0.57255,0.5721,0.5722,465
2026-03-31T14:56:00,0.5721,0.57225,0.57185,0.5719,591
2026-03-31T14:57:00,0.57185,0.5721,0.5713,0.5716,1316
2026-03-31T14:58:00,0.5716,0.57175,0.57155,0.57175,772
2026-03-31T14:59:00,0.5718,0.572,0.5718,0.5719,833
2026-03-31T15:00:00,0.5719,0.5722,0.5719,0.57215,455
2026-03-31T15:01:00,0.57215,0.5722,0.57195,0.57195,574
2026-03-31T15:02:00,0.57195,0.57245,0.5719,0.57245,770
2026-03-31T15:03:00,0.5724,0.5725,0.5723,0.5725,202
2026-03-31T15:04:00,0.5725,0.57265,0.5725,0.57255,182
2026-03-31T15:05:00,0.5726,0.57265,0.57235,0.57255,291
2026-03-31T15:06:00,0.57255,0.57265,0.5724,0.5724,238
2026-03-31T15:07:00,0.57235,0.5724,0.5721,0.5722,224
2026-03-31T15:08:00,0.57235,0.5724,0.5721,0.57215,120
2026-03-31T15:09:00,0.5721,0.5724,0.5721,0.5724,62
2026-03-31T15:10:00,0.5724,0.5725,0.5723,0.5724,54
2026-03-31T15:11:00,0.57255,0.57265,0.5725,0.57255,66
2026-03-31T15:12:00,0.5726,0.57265,0.57255,0.5726,14
2026-03-31T15:13:00,0.57255,0.5726,0.57245,0.5726,48
2026-03-31T15:14:00,0.5726,0.573,0.5726,0.5729,109
2026-03-31T15:15:00,0.57295,0.57295,0.57285,0.5729,64
2026-03-31T15:16:00,0.5728,0.5729,0.5728,0.57285,38
2026-03-31T15:17:00,0.57285,0.573,0.57275,0.573,46
2026-03-31T15:18:00,0.573,0.5731,0.57295,0.5731,18
2026-03-31T15:19:00,0.5731,0.5731,0.573,0.57305,26
2026-03-31T15:20:00,0.573,0.573,0.57265,0.5728,56
2026-03-31T15:21:00,0.57265,0.57265,0.57255,0.57255,41
2026-03-31T15:22:00,0.57255,0.5728,0.57255,0.5728,33
2026-03-31T15:23:00,0.57285,0.57285,0.57275,0.5728,15
2026-03-31T15:24:00,0.5728,0.5729,0.5728,0.5729,31
2026-03-31T15:25:00,0.5729,0.573,0.5729,0.573,6
2026-03-31T15:26:00,0.573,0.573,0.57265,0.57265,11
2026-03-31T15:27:00,0.5727,0.57275,0.57265,0.57265,19
2026-03-31T15:28:00,0.5726,0.57265,0.57255,0.57265,22
2026-03-31T15:29:00,0.57265,0.5727,0.5726,0.57265,39
2026-03-31T15:30:00,0.57265,0.57265,0.57245,0.57245,30
2026-03-31T15:31:00,0.5726,0.5726,0.57245,0.5725,22
2026-03-31T15:32:00,0.5725,0.57255,0.5724,0.5724,22
2026-03-31T15:33:00,0.5724,0.57245,0.57235,0.57245,16
2026-03-31T15:34:00,0.5724,0.5726,0.5724,0.5726,27
2026-03-31T15:35:00,0.5727,0.57275,0.57265,0.57265,37
2026-03-31T15:36:00,0.5727,0.57275,0.57265,0.57275,15
2026-03-31T15:37:00,0.5728,0.5728,0.57275,0.57275,14
2026-03-31T15:38:00,0.5728,0.57285,0.57275,0.57275,24
2026-03-31T15:39:00,0.57275,0.5729,0.57275,0.5728,16
2026-03-31T15:40:00,0.5728,0.5728,0.57275,0.57275,8
2026-03-31T15:41:00,0.5726,0.5727,0.5726,0.5727,19
2026-03-31T15:42:00,0.57275,0.57275,0.5726,0.5726,7
2026-03-31T15:43:00,0.57265,0.5727,0.57255,0.57265,13
2026-03-31T15:44:00,0.57265,0.57265,0.57255,0.5726,16
2026-03-31T15:45:00,0.5726,0.5726,0.5725,0.5725,13
2026-03-31T15:46:00,0.5725,0.57265,0.5725,0.57265,21
2026-03-31T15:47:00,0.5726,0.5726,0.57255,0.57255,5
2026-03-31T15:48:00,0.5725,0.5725,0.5725,0.5725,22
2026-03-31T15:49:00,0.57245,0.5726,0.57245,0.5726,11
2026-03-31T15:50:00,0.57255,0.5728,0.57255,0.57275,31
2026-03-31T15:51:00,0.57265,0.57275,0.57265,0.57275,7
2026-03-31T15:52:00,0.5727,0.57285,0.57265,0.57285,24
2026-03-31T15:53:00,0.5729,0.5729,0.5727,0.5727,16
2026-03-31T15:54:00,0.57265,0.57265,0.5725,0.57255,11
2026-03-31T15:55:00,0.5726,0.5726,0.5724,0.5724,12
2026-03-31T15:56:00,0.5724,0.57245,0.57215,0.57215,34
2026-03-31T15:57:00,0.57215,0.57235,0.57215,0.5723,19
2026-03-31T15:58:00,0.57225,0.5723,0.57225,0.5723,21
2026-03-31T15:59:00,0.5723,0.57235,0.5723,0.57235,28
2026-03-31T16:00:00,0.57225,0.57245,0.57225,0.5724,20
2026-03-31T16:01:00,0.5725,0.5728,0.5725,0.5728,53
2026-03-31T16:02:00,0.57275,0.5729,0.57275,0.5728,12
2026-03-31T16:03:00,0.57285,0.5729,0.57285,0.5729,2
2026-03-31T16:04:00,0.57285,0.57285,0.5727,0.5728,21
2026-03-31T16:05:00,0.5728,0.5728,0.5727,0.5728,25
2026-03-31T16:06:00,0.5727,0.57275,0.5726,0.57265,53
2026-03-31T16:07:00,0.5727,0.5727,0.57255,0.57265,30
2026-03-31T16:08:00,0.57275,0.57275,0.5726,0.57265,25
2026-03-31T16:09:00,0.5726,0.5726,0.5725,0.5725,23
2026-03-31T16:10:00,0.5725,0.5725,0.57245,0.57245,5
2026-03-31T16:11:00,0.57245,0.5725,0.57235,0.57235,21
2026-03-31T16:12:00,0.57225,0.57225,0.57215,0.5722,8
2026-03-31T16:13:00,0.5722,0.57235,0.5722,0.57235,14
2026-03-31T16:14:00,0.57235,0.57245,0.57235,0.5724,22
2026-03-31T16:15:00,0.57245,0.5725,0.5724,0.5724,16
2026-03-31T16:16:00,0.5724,0.5724,0.5723,0.5723,20
2026-03-31T16:17:00,0.57235,0.57235,0.5723,0.5723,15
2026-03-31T16:18:00,0.57225,0.57225,0.57225,0.57225,13
2026-03-31T16:19:00,0.5722,0.5722,0.5722,0.5722,10
2026-03-31T16:20:00,0.5722,0.57225,0.57215,0.57215,32
2026-03-31T16:21:00,0.57215,0.57225,0.5721,0.57225,16
2026-03-31T16:23:00,0.5722,0.5723,0.5722,0.5723,17
2026-03-31T16:24:00,0.57235,0.5727,0.57235,0.5727,30
2026-03-31T16:25:00,0.57275,0.5728,0.57275,0.5728,23
2026-03-31T16:26:00,0.5728,0.5728,0.57265,0.57265,8
2026-03-31T16:27:00,0.57265,0.57275,0.57265,0.57275,25
2026-03-31T16:28:00,0.5727,0.57275,0.5727,0.5727,16
2026-03-31T16:29:00,0.5727,0.57275,0.5727,0.5727,4
2026-03-31T16:30:00,0.5727,0.5727,0.57265,0.5727,10
2026-03-31T16:31:00,0.5727,0.5727,0.5727,0.5727,6
2026-03-31T16:32:00,0.57265,0.57275,0.57265,0.57275,12
2026-03-31T16:33:00,0.57285,0.57285,0.5728,0.57285,13
2026-03-31T16:34:00,0.5729,0.5729,0.5728,0.5728,6
2026-03-31T16:35:00,0.5728,0.5728,0.57265,0.57265,12
2026-03-31T16:36:00,0.57275,0.57295,0.57275,0.57295,9
2026-03-31T16:37:00,0.573,0.573,0.57295,0.57295,12
2026-03-31T16:38:00,0.573,0.57345,0.573,0.57345,49
2026-03-31T16:39:00,0.57345,0.5738,0.5733,0.5738,64
2026-03-31T16:40:00,0.5738,0.57485,0.57375,0.5747,372
2026-03-31T16:41:00,0.57475,0.57525,0.57465,0.57525,303
2026-03-31T16:42:00,0.5752,0.57535,0.57465,0.57515,318
2026-03-31T16:43:00,0.57515,0.5752,0.5747,0.57475,266
2026-03-31T16:44:00,0.5749,0.5749,0.57455,0.57475,123
2026-03-31T16:45:00,0.57465,0.57495,0.57445,0.57455,99
2026-03-31T16:46:00,0.5745,0.5745,0.57395,0.57425,110
2026-03-31T16:47:00,0.5743,0.5743,0.57415,0.57415,36
2026-03-31T16:48:00,0.5741,0.5741,0.5739,0.574,65
2026-03-31T16:49:00,0.5739,0.5742,0.57375,0.5742,176
2026-03-31T16:50:00,0.5742,0.5749,0.5741,0.57445,288
2026-03-31T16:51:00,0.57445,0.57445,0.57425,0.57435,77
2026-03-31T16:52:00,0.57425,0.57425,0.57375,0.57395,252
2026-03-31T16:53:00,0.5739,0.5745,0.5739,0.5745,172
2026-03-31T16:54:00,0.5745,0.5745,0.57425,0.57425,22
2026-03-31T16:55:00,0.5742,0.5744,0.57415,0.5742,38
2026-03-31T16:56:00,0.5743,0.5745,0.57425,0.57445,66
2026-03-31T16:57:00,0.57445,0.57455,0.57425,0.5745,60
2026-03-31T16:58:00,0.57445,0.57455,0.5744,0.5745,58
2026-03-31T16:59:00,0.5745,0.57455,0.57445,0.57445,53
2026-03-31T17:00:00,0.57445,0.57485,0.57445,0.57485,80
2026-03-31T17:01:00,0.5748,0.57515,0.5747,0.5751,98
2026-03-31T17:02:00,0.5751,0.57535,0.575,0.5753,141
2026-03-31T17:03:00,0.57535,0.5755,0.5753,0.5754,130
2026-03-31T17:04:00,0.5754,0.57545,0.57505,0.57505,38
2026-03-31T17:05:00,0.5751,0.5751,0.57475,0.57475,27
2026-03-31T17:06:00,0.5747,0.57495,0.57465,0.57475,86
2026-03-31T17:07:00,0.5748,0.57505,0.5748,0.57505,39
2026-03-31T17:08:00,0.57505,0.5751,0.57505,0.5751,15
2026-03-31T17:09:00,0.57515,0.57515,0.5746,0.5747,224
2026-03-31T17:10:00,0.57465,0.5747,0.57455,0.57465,132
2026-03-31T17:11:00,0.5746,0.5749,0.5746,0.5749,46
2026-03-31T17:12:00,0.575,0.575,0.5748,0.57485,26
2026-03-31T17:13:00,0.57495,0.57505,0.5747,0.57505,32
2026-03-31T17:14:00,0.5751,0.5752,0.5751,0.57515,25
2026-03-31T17:15:00,0.57515,0.57525,0.5751,0.5752,64
2026-03-31T17:16:00,0.5752,0.57535,0.57505,0.5751,66
2026-03-31T17:17:00,0.57515,0.5754,0.57515,0.5754,31
2026-03-31T17:18:00,0.57535,0.57535,0.5752,0.5752,20
2026-03-31T17:19:00,0.57515,0.5754,0.57505,0.5753,33
2026-03-31T17:20:00,0.5753,0.5753,0.5752,0.5752,19
2026-03-31T17:21:00,0.57525,0.57535,0.57525,0.5753,32
2026-03-31T17:22:00,0.5753,0.5754,0.57525,0.57535,47
2026-03-31T17:23:00,0.57545,0.5755,0.5754,0.5754,45
2026-03-31T17:24:00,0.57535,0.57545,0.57525,0.5754,67
2026-03-31T17:25:00,0.57545,0.57545,0.5751,0.57515,64
2026-03-31T17:26:00,0.57525,0.5754,0.57525,0.5754,24
2026-03-31T17:27:00,0.5754,0.5754,0.5753,0.5753,45
2026-03-31T17:28:00,0.57515,0.57515,0.5751,0.5751,18
2026-03-31T17:29:00,0.5752,0.5752,0.57515,0.5752,6
2026-03-31T17:30:00,0.57525,0.57525,0.57525,0.57525,11
2026-03-31T17:31:00,0.57525,0.5754,0.57525,0.5754,9
2026-03-31T17:32:00,0.5754,0.5756,0.5753,0.57535,62
2026-03-31T17:33:00,0.5753,0.5755,0.5753,0.5755,46
2026-03-31T17:34:00,0.5755,0.57575,0.5755,0.57575,20
2026-03-31T17:35:00,0.5757,0.5758,0.5757,0.5757,30
2026-03-31T17:36:00,0.5757,0.5757,0.575,0.5752,363
2026-03-31T17:37:00,0.5752,0.57535,0.57505,0.5751,128
2026-03-31T17:38:00,0.57515,0.57525,0.57495,0.575,94
2026-03-31T17:39:00,0.5751,0.5752,0.57505,0.57515,87
2026-03-31T17:40:00,0.5752,0.5753,0.57515,0.5752,53
2026-03-31T17:41:00,0.57525,0.57525,0.57505,0.5751,33
2026-03-31T17:42:00,0.5751,0.5752,0.5751,0.57515,51
2026-03-31T17:43:00,0.57515,0.5752,0.57505,0.57515,76
2026-03-31T17:44:00,0.5752,0.57525,0.57505,0.57525,86
2026-03-31T17:45:00,0.5752,0.57525,0.5751,0.5752,19
2026-03-31T17:46:00,0.5752,0.57525,0.5752,0.5752,19
2026-03-31T17:47:00,0.57525,0.5754,0.57525,0.5754,33
2026-03-31T17:48:00,0.5754,0.5754,0.57515,0.57515,29
2026-03-31T17:49:00,0.57515,0.57525,0.57515,0.57525,8
2026-03-31T17:50:00,0.57525,0.57525,0.5752,0.5752,35
2026-03-31T17:51:00,0.5753,0.5753,0.5751,0.57515,25
2026-03-31T17:52:00,0.5752,0.5752,0.57505,0.57515,22
2026-03-31T17:53:00,0.5752,0.5752,0.5751,0.57515,12
2026-03-31T17:54:00,0.5751,0.57515,0.57505,0.57515,24
2026-03-31T17:55:00,0.57505,0.57505,0.57485,0.57485,17
2026-03-31T17:56:00,0.5749,0.5749,0.57455,0.57455,53
2026-03-31T17:57:00,0.5746,0.57465,0.57445,0.57455,172
2026-03-31T17:58:00,0.57455,0.5746,0.57445,0.5746,19
2026-03-31T17:59:00,0.57455,0.57455,0.57435,0.5744,48
2026-03-31T18:00:00,0.5744,0.5746,0.57435,0.5746,117
2026-03-31T18:01:00,0.57455,0.5749,0.57455,0.57485,166
2026-03-31T18:02:00,0.57485,0.575,0.57485,0.57495,61
2026-03-31T18:03:00,0.5749,0.575,0.5749,0.5749,48
2026-03-31T18:04:00,0.5749,0.5749,0.5748,0.5749,35
2026-03-31T18:05:00,0.57485,0.57495,0.57485,0.57495,18
2026-03-31T18:06:00,0.5749,0.57495,0.57485,0.57485,34
2026-03-31T18:07:00,0.5749,0.57495,0.5749,0.57495,5
2026-03-31T18:08:00,0.57505,0.57505,0.57505,0.57505,2
2026-03-31T18:09:00,0.5751,0.57525,0.5751,0.57525,20
2026-03-31T18:10:00,0.57515,0.57525,0.57515,0.57515,11
2026-03-31T18:11:00,0.5751,0.5751,0.57495,0.5751,26
2026-03-31T18:12:00,0.5751,0.57515,0.57505,0.57515,14
2026-03-31T18:13:00,0.5751,0.5752,0.5751,0.5752,3
2026-03-31T18:14:00,0.57525,0.5753,0.57525,0.5753,10
2026-03-31T18:15:00,0.57525,0.57525,0.57515,0.5752,46
2026-03-31T18:16:00,0.5752,0.57525,0.5752,0.57525,21
2026-03-31T18:17:00,0.5753,0.57535,0.57525,0.57525,26
2026-03-31T18:18:00,0.5753,0.5753,0.57515,0.57515,15
2026-03-31T18:19:00,0.5751,0.57515,0.5751,0.57515,23
2026-03-31T18:20:00,0.5752,0.5752,0.5752,0.5752,8
2026-03-31T18:21:00,0.5752,0.57525,0.5752,0.57525,7
2026-03-31T18:22:00,0.5752,0.57525,0.5752,0.5752,32
2026-03-31T18:23:00,0.57525,0.57525,0.5752,0.5752,17
2026-03-31T18:24:00,0.5751,0.5751,0.575,0.575,23
2026-03-31T18:25:00,0.575,0.57505,0.57495,0.575,43
2026-03-31T18:26:00,0.5749,0.57505,0.5749,0.57495,10
2026-03-31T18:27:00,0.57495,0.575,0.57495,0.575,2
2026-03-31T18:28:00,0.57525,0.5753,0.5752,0.5752,22
2026-03-31T18:29:00,0.57515,0.57525,0.57515,0.5752,35
2026-03-31T18:30:00,0.57525,0.5753,0.57515,0.57515,47
2026-03-31T18:31:00,0.5751,0.57515,0.575,0.575,28
2026-03-31T18:32:00,0.57505,0.57505,0.575,0.575,17
2026-03-31T18:33:00,0.57495,0.57505,0.57495,0.57505,8
2026-03-31T18:34:00,0.575,0.57505,0.575,0.57505,6
2026-03-31T18:35:00,0.57505,0.57525,0.575,0.57525,28
2026-03-31T18:36:00,0.5753,0.5753,0.57525,0.57525,12
2026-03-31T18:37:00,0.57535,0.57535,0.57535,0.57535,5
2026-03-31T18:38:00,0.5754,0.57545,0.5754,0.57545,6
2026-03-31T18:39:00,0.5754,0.5754,0.5753,0.5753,9
2026-03-31T18:40:00,0.57525,0.57525,0.5752,0.5752,15
2026-03-31T18:41:00,0.5752,0.57525,0.5752,0.5752,10
2026-03-31T18:42:00,0.57525,0.5753,0.5752,0.5753,10
2026-03-31T18:43:00,0.5753,0.5753,0.57525,0.57525,28
2026-03-31T18:44:00,0.57525,0.57525,0.57525,0.57525,1
2026-03-31T18:45:00,0.5754,0.57545,0.5754,0.5754,22
2026-03-31T18:46:00,0.57535,0.5754,0.57535,0.57535,9
2026-03-31T18:47:00,0.5753,0.5753,0.5752,0.5753,79
2026-03-31T18:48:00,0.5753,0.5753,0.57515,0.57515,42
2026-03-31T18:49:00,0.57515,0.57515,0.575,0.5751,8
2026-03-31T18:50:00,0.57525,0.57525,0.57525,0.57525,4
2026-03-31T18:51:00,0.5752,0.57535,0.5752,0.57535,28
2026-03-31T18:52:00,0.57535,0.57535,0.5753,0.5753,14
2026-03-31T18:53:00,0.57525,0.57525,0.57515,0.57515,10
2026-03-31T18:54:00,0.5752,0.5753,0.5752,0.5753,11
2026-03-31T18:55:00,0.5753,0.57535,0.5753,0.5753,31
2026-03-31T18:56:00,0.5753,0.5753,0.57525,0.5753,16
2026-03-31T18:57:00,0.5753,0.5754,0.5753,0.57535,72
2026-03-31T18:58:00,0.57535,0.5754,0.57535,0.5754,28
2026-03-31T18:59:00,0.5754,0.5754,0.57525,0.5753,456
2026-03-31T19:00:00,0.57525,0.5754,0.57525,0.5753,201
2026-03-31T19:01:00,0.57535,0.57535,0.5753,0.5753,31
2026-03-31T19:02:00,0.5752,0.57525,0.5752,0.5752,11
2026-03-31T19:03:00,0.57515,0.57525,0.57515,0.57525,228
2026-03-31T19:04:00,0.5752,0.5752,0.57515,0.57515,7
2026-03-31T19:05:00,0.5751,0.57515,0.5751,0.57515,22
2026-03-31T19:06:00,0.57505,0.5751,0.575,0.5751,27
2026-03-31T19:07:00,0.5751,0.5751,0.5751,0.5751,4
2026-03-31T19:08:00,0.5751,0.5751,0.57495,0.57495,10
2026-03-31T19:09:00,0.57495,0.575,0.57495,0.575,9
2026-03-31T19:10:00,0.57495,0.5752,0.57495,0.5752,13
2026-03-31T19:11:00,0.57515,0.57515,0.57515,0.57515,4
2026-03-31T19:12:00,0.5751,0.5752,0.5751,0.57515,15
2026-03-31T19:13:00,0.57515,0.57515,0.57515,0.57515,25
2026-03-31T19:14:00,0.5752,0.57525,0.5752,0.57525,2
2026-03-31T19:15:00,0.57535,0.5754,0.57535,0.5754,45
2026-03-31T19:16:00,0.57545,0.57545,0.57535,0.5754,34
2026-03-31T19:17:00,0.57535,0.57535,0.57535,0.57535,10
2026-03-31T19:18:00,0.5753,0.57535,0.57525,0.57535,28
2026-03-31T19:19:00,0.5753,0.57535,0.5753,0.57535,9
2026-03-31T19:20:00,0.57535,0.57535,0.57535,0.57535,6
2026-03-31T19:21:00,0.5754,0.5754,0.5754,0.5754,12
2026-03-31T19:22:00,0.57535,0.5754,0.57535,0.5754,89
2026-03-31T19:23:00,0.5754,0.5754,0.5754,0.5754,3
2026-03-31T19:24:00,0.57535,0.57535,0.57535,0.57535,1
2026-03-31T19:25:00,0.57535,0.57535,0.57535,0.57535,5
2026-03-31T19:26:00,0.57535,0.57535,0.5753,0.5753,29
2026-03-31T19:27:00,0.57535,0.57555,0.57535,0.5754,294
2026-03-31T19:28:00,0.57535,0.57535,0.5753,0.57535,9
2026-03-31T19:29:00,0.5754,0.57545,0.5754,0.57545,3
2026-03-31T19:30:00,0.57545,0.5756,0.57545,0.5756,16
2026-03-31T19:31:00,0.57555,0.57555,0.5755,0.57555,16
2026-03-31T19:32:00,0.5756,0.5756,0.5756,0.5756,6
2026-03-31T19:33:00,0.5756,0.5756,0.5756,0.5756,12
2026-03-31T19:34:00,0.57555,0.5756,0.57555,0.5756,13
2026-03-31T19:35:00,0.5756,0.57565,0.5756,0.57565,26
2026-03-31T19:36:00,0.5757,0.57575,0.5757,0.57575,37
2026-03-31T19:37:00,0.57575,0.5758,0.57575,0.5758,47
2026-03-31T19:38:00,0.57575,0.5758,0.57575,0.5758,8
2026-03-31T19:39:00,0.57585,0.57595,0.5758,0.57595,20
2026-03-31T19:40:00,0.57595,0.576,0.5759,0.57595,14
2026-03-31T19:41:00,0.57595,0.576,0.5759,0.5759,20
2026-03-31T19:42:00,0.5759,0.5759,0.57585,0.57585,7
2026-03-31T19:43:00,0.57585,0.57585,0.5758,0.5758,7
2026-03-31T19:44:00,0.5758,0.57585,0.5758,0.57585,3
2026-03-31T19:45:00,0.57585,0.576,0.57585,0.576,15
2026-03-31T19:46:00,0.57595,0.576,0.57595,0.57595,18
2026-03-31T19:47:00,0.57595,0.576,0.5759,0.576,14
2026-03-31T19:48:00,0.57605,0.57605,0.57605,0.57605,26
2026-03-31T19:49:00,0.57605,0.57615,0.57605,0.57615,7
2026-03-31T19:50:00,0.576,0.57615,0.576,0.57605,10
2026-03-31T19:51:00,0.57605,0.5761,0.57595,0.57595,28
2026-03-31T19:52:00,0.576,0.57605,0.5759,0.576,11
2026-03-31T19:53:00,0.57595,0.5761,0.57595,0.5761,4
2026-03-31T19:54:00,0.57605,0.5761,0.57605,0.5761,7
2026-03-31T19:55:00,0.57605,0.57615,0.57595,0.57595,90
2026-03-31T19:56:00,0.57595,0.57595,0.57585,0.57585,60
2026-03-31T19:57:00,0.5759,0.576,0.5759,0.576,68
2026-03-31T19:58:00,0.576,0.57605,0.57595,0.576,24
2026-03-31T19:59:00,0.576,0.576,0.576,0.576,17
2026-03-31T20:00:00,0.576,0.57605,0.57595,0.576,48
2026-03-31T20:01:00,0.576,0.57605,0.576,0.57605,26
2026-03-31T20:02:00,0.576,0.57605,0.57595,0.57605,38
2026-03-31T20:03:00,0.57605,0.57605,0.57595,0.576,30
2026-03-31T20:04:00,0.576,0.57605,0.57595,0.57605,33
2026-03-31T20:05:00,0.576,0.5761,0.57595,0.5761,18
2026-03-31T20:06:00,0.57605,0.57605,0.576,0.576,12
2026-03-31T20:07:00,0.576,0.576,0.57595,0.576,15
2026-03-31T20:08:00,0.576,0.576,0.576,0.576,25
2026-03-31T20:09:00,0.57595,0.576,0.57595,0.576,14
2026-03-31T20:10:00,0.57595,0.576,0.57595,0.576,12
2026-03-31T20:11:00,0.576,0.576,0.57595,0.57595,11
2026-03-31T20:12:00,0.57595,0.57595,0.5759,0.57595,33
2026-03-31T20:13:00,0.57595,0.576,0.57595,0.576,8
2026-03-31T20:15:00,0.57605,0.5761,0.576,0.5761,8
2026-03-31T20:16:00,0.57615,0.57615,0.57615,0.57615,14
2026-03-31T20:17:00,0.57605,0.57605,0.57605,0.57605,16
2026-03-31T20:18:00,0.5761,0.5761,0.5761,0.5761,12
2026-03-31T20:19:00,0.5761,0.5761,0.5761,0.5761,11
2026-03-31T20:20:00,0.57615,0.57615,0.57615,0.57615,1
2026-03-31T20:21:00,0.57615,0.57625,0.57615,0.5762,57
2026-03-31T20:22:00,0.57615,0.57615,0.57615,0.57615,1
2026-03-31T20:23:00,0.5762,0.5762,0.5762,0.5762,1
2026-03-31T20:24:00,0.57625,0.57625,0.5762,0.5762,35
2026-03-31T20:25:00,0.57615,0.57615,0.57615,0.57615,20
2026-03-31T20:26:00,0.5761,0.57615,0.57605,0.57605,4
2026-03-31T20:27:00,0.57605,0.57605,0.57605,0.57605,3
2026-03-31T20:28:00,0.57595,0.57605,0.57595,0.57605,20
2026-03-31T20:29:00,0.57605,0.57605,0.57595,0.576,18
2026-03-31T20:30:00,0.5759,0.576,0.5759,0.576,5
2026-03-31T20:31:00,0.576,0.57605,0.576,0.576,22
2026-03-31T20:32:00,0.57605,0.57615,0.57605,0.57615,58
2026-03-31T20:33:00,0.57615,0.57615,0.5761,0.5761,30
2026-03-31T20:34:00,0.5762,0.5762,0.5762,0.5762,5
2026-03-31T20:37:00,0.57625,0.57625,0.57625,0.57625,5
2026-03-31T20:38:00,0.57625,0.57625,0.57625,0.57625,6
2026-03-31T20:39:00,0.5762,0.5762,0.5762,0.5762,10
2026-03-31T20:40:00,0.57615,0.5762,0.57615,0.5762,11
2026-03-31T20:41:00,0.5762,0.5762,0.5762,0.5762,9
2026-03-31T20:43:00,0.57615,0.57615,0.57615,0.57615,8
2026-03-31T20:44:00,0.57615,0.57615,0.57615,0.57615,2
2026-03-31T20:45:00,0.5761,0.5761,0.576,0.576,6
2026-03-31T20:46:00,0.57605,0.57605,0.576,0.57605,8
2026-03-31T20:47:00,0.576,0.57605,0.57595,0.57605,52
2026-03-31T20:49:00,0.57605,0.57605,0.576,0.576,8
2026-03-31T20:50:00,0.57605,0.57605,0.57605,0.57605,2
2026-03-31T20:51:00,0.57605,0.57605,0.57605,0.57605,2
2026-03-31T20:52:00,0.57605,0.57615,0.57605,0.57615,31
2026-03-31T20:53:00,0.5761,0.5761,0.57605,0.57605,17
2026-03-31T20:54:00,0.57605,0.57605,0.57605,0.57605,1
2026-03-31T20:55:00,0.576,0.57605,0.576,0.57605,12
2026-03-31T20:56:00,0.576,0.576,0.576,0.576,15
2026-03-31T20:57:00,0.576,0.576,0.576,0.576,18
2026-03-31T20:58:00,0.57605,0.57605,0.57605,0.57605,17
2026-03-31T20:59:00,0.57605,0.57605,0.57605,0.57605,1
2026-03-31T22:00:00,0.5759,0.5763,0.5759,0.5763,61
2026-03-31T22:01:00,0.57635,0.57635,0.57615,0.5762,68
2026-03-31T22:02:00,0.57625,0.5763,0.57625,0.5763,4
2026-03-31T22:03:00,0.57625,0.57625,0.5761,0.5761,23
2026-03-31T22:04:00,0.5762,0.5762,0.57615,0.57615,13
2026-03-31T22:05:00,0.57615,0.57615,0.5761,0.57615,12
2026-03-31T22:06:00,0.57615,0.57615,0.5761,0.5761,9
2026-03-31T22:07:00,0.57605,0.57605,0.5759,0.57595,25
2026-03-31T22:08:00,0.5759,0.5759,0.5758,0.57585,25
2026-03-31T22:09:00,0.57585,0.57585,0.57585,0.57585,5
2026-03-31T22:10:00,0.57585,0.57585,0.5758,0.5758,24
2026-03-31T22:11:00,0.57585,0.5759,0.57585,0.5759,5
2026-03-31T22:12:00,0.5759,0.5759,0.5758,0.5758,23
2026-03-31T22:13:00,0.5759,0.5759,0.5759,0.5759,5
2026-03-31T22:14:00,0.5759,0.576,0.5759,0.576,24
2026-03-31T22:15:00,0.57605,0.57605,0.576,0.576,12
2026-03-31T22:17:00,0.57605,0.57615,0.57605,0.57605,18
2026-03-31T22:18:00,0.57605,0.57605,0.57605,0.57605,3
2026-03-31T22:21:00,0.5759,0.57595,0.5759,0.57595,7
2026-03-31T22:22:00,0.576,0.576,0.576,0.576,2
2026-03-31T22:23:00,0.5759,0.5759,0.5759,0.5759,1
2026-03-31T22:25:00,0.57595,0.57595,0.57595,0.57595,1
2026-03-31T22:26:00,0.57595,0.57595,0.57595,0.57595,14
2026-03-31T22:29:00,0.57595,0.576,0.57595,0.576,9
2026-03-31T22:30:00,0.576,0.57615,0.576,0.57615,19
2026-03-31T22:31:00,0.57615,0.5762,0.57615,0.5762,7
2026-03-31T22:32:00,0.57615,0.57615,0.57615,0.57615,7
2026-03-31T22:33:00,0.5761,0.5761,0.5761,0.5761,4
2026-03-31T22:34:00,0.576,0.576,0.57585,0.57585,58
2026-03-31T22:35:00,0.57585,0.57585,0.57585,0.57585,3
2026-03-31T22:36:00,0.57585,0.57585,0.57575,0.57575,39
2026-03-31T22:37:00,0.5759,0.5759,0.5759,0.5759,3
2026-03-31T22:38:00,0.57595,0.57605,0.57595,0.57605,7
2026-03-31T22:39:00,0.57605,0.57605,0.57605,0.57605,6
2026-03-31T22:40:00,0.576,0.576,0.576,0.576,2
2026-03-31T22:42:00,0.57595,0.576,0.57595,0.576,6
2026-03-31T22:43:00,0.576,0.576,0.576,0.576,15
2026-03-31T22:45:00,0.576,0.576,0.57595,0.57595,6
2026-03-31T22:46:00,0.57595,0.57595,0.5759,0.5759,12
2026-03-31T22:47:00,0.5759,0.5759,0.5759,0.5759,5
2026-03-31T22:48:00,0.5759,0.5759,0.57585,0.5759,39
2026-03-31T22:49:00,0.57595,0.576,0.57595,0.576,20
2026-03-31T22:50:00,0.576,0.576,0.576,0.576,8
2026-03-31T22:51:00,0.57595,0.57595,0.57595,0.57595,1
2026-03-31T22:52:00,0.57595,0.57595,0.5759,0.57595,18
2026-03-31T22:53:00,0.5759,0.5759,0.57585,0.57585,26
2026-03-31T22:54:00,0.57585,0.57585,0.57585,0.57585,2
2026-03-31T22:55:00,0.5759,0.5759,0.5759,0.5759,7
2026-03-31T22:56:00,0.57595,0.57595,0.57595,0.57595,6
2026-03-31T22:57:00,0.576,0.576,0.576,0.576,8
2026-03-31T22:58:00,0.576,0.576,0.576,0.576,19
2026-03-31T22:59:00,0.57595,0.57595,0.57595,0.57595,6
2026-03-31T23:00:00,0.57595,0.57595,0.57595,0.57595,18
2026-03-31T23:01:00,0.5759,0.57595,0.5759,0.57595,6
2026-03-31T23:02:00,0.57595,0.57595,0.57595,0.57595,5
2026-03-31T23:03:00,0.57595,0.576,0.57585,0.57585,32
2026-03-31T23:04:00,0.57585,0.5759,0.57585,0.5759,24
2026-03-31T23:05:00,0.57595,0.57595,0.57595,0.57595,32
2026-03-31T23:06:00,0.57595,0.57605,0.57595,0.57605,14
2026-03-31T23:07:00,0.57605,0.57615,0.57605,0.57615,4
2026-03-31T23:08:00,0.57615,0.57615,0.5761,0.5761,9
2026-03-31T23:10:00,0.5761,0.5761,0.5761,0.5761,12
2026-03-31T23:11:00,0.5761,0.5761,0.57595,0.57595,9
2026-03-31T23:12:00,0.57595,0.57605,0.57595,0.576,18
2026-03-31T23:13:00,0.57605,0.57605,0.57605,0.57605,2
2026-03-31T23:15:00,0.57615,0.57615,0.57615,0.57615,5
2026-03-31T23:16:00,0.5762,0.57625,0.5762,0.57625,17
2026-03-31T23:17:00,0.57625,0.57625,0.57625,0.57625,14
2026-03-31T23:18:00,0.57625,0.57625,0.5762,0.5762,33
2026-03-31T23:19:00,0.57625,0.57625,0.57625,0.57625,3
2026-03-31T23:20:00,0.57625,0.57625,0.57625,0.57625,12
2026-03-31T23:21:00,0.5763,0.5763,0.5763,0.5763,3
2026-03-31T23:22:00,0.5763,0.5763,0.5763,0.5763,5
2026-03-31T23:23:00,0.5762,0.57625,0.5762,0.57625,3
2026-03-31T23:24:00,0.5763,0.57635,0.5763,0.57635,10
2026-03-31T23:25:00,0.5763,0.57645,0.5763,0.57645,10
2026-03-31T23:26:00,0.57635,0.5764,0.57635,0.5764,9
2026-03-31T23:27:00,0.5764,0.5765,0.5763,0.5763,53
2026-03-31T23:28:00,0.57635,0.57635,0.5763,0.5763,10
2026-03-31T23:29:00,0.57625,0.57635,0.57625,0.57635,9
2026-03-31T23:30:00,0.5763,0.5763,0.5763,0.5763,1
2026-03-31T23:31:00,0.57635,0.57635,0.57635,0.57635,2
2026-03-31T23:32:00,0.5763,0.5763,0.5763,0.5763,8
2026-03-31T23:33:00,0.5763,0.5763,0.5763,0.5763,17
2026-03-31T23:34:00,0.5763,0.57635,0.5763,0.57635,5
2026-03-31T23:35:00,0.5764,0.5764,0.5763,0.5763,24
2026-03-31T23:36:00,0.57625,0.5764,0.57625,0.5764,18
2026-03-31T23:37:00,0.5764,0.5764,0.5764,0.5764,15
2026-03-31T23:38:00,0.5764,0.5764,0.5764,0.5764,14
2026-03-31T23:39:00,0.57635,0.5764,0.57635,0.5764,12
2026-03-31T23:40:00,0.5764,0.5764,0.57635,0.5764,17
2026-03-31T23:41:00,0.57635,0.57635,0.57635,0.57635,8
2026-03-31T23:42:00,0.5763,0.5763,0.57625,0.5763,21
2026-03-31T23:43:00,0.57625,0.5763,0.57625,0.5763,43
2026-03-31T23:45:00,0.57625,0.57625,0.57625,0.57625,16
2026-03-31T23:46:00,0.57625,0.57625,0.57625,0.57625,4
2026-03-31T23:47:00,0.5763,0.5763,0.5763,0.5763,61
2026-03-31T23:49:00,0.5763,0.57635,0.5763,0.57635,25
2026-03-31T23:50:00,0.5764,0.57665,0.5764,0.5766,40
2026-03-31T23:51:00,0.57665,0.57665,0.5766,0.57665,20
2026-03-31T23:52:00,0.5766,0.5767,0.5766,0.5767,26
2026-03-31T23:53:00,0.57665,0.5767,0.5766,0.57665,20
2026-03-31T23:54:00,0.57665,0.57665,0.57665,0.57665,8
2026-03-31T23:55:00,0.57675,0.57675,0.57675,0.57675,11
2026-03-31T23:56:00,0.5767,0.5768,0.5767,0.5768,19
2026-03-31T23:57:00,0.5768,0.57685,0.5768,0.57685,120
2026-03-31T23:58:00,0.5769,0.577,0.5769,0.57695,65
2026-03-31T23:59:00,0.5769,0.57705,0.5769,0.57695,51
2026-04-01T00:00:00,0.5769,0.5769,0.57655,0.5767,100
2026-04-01T00:01:00,0.57675,0.57675,0.5767,0.5767,73
2026-04-01T00:02:00,0.5767,0.5768,0.5767,0.5768,75
2026-04-01T00:03:00,0.57685,0.5769,0.57685,0.5769,30
2026-04-01T00:04:00,0.57695,0.577,0.57695,0.577,13
2026-04-01T00:05:00,0.57705,0.57705,0.577,0.577,12
2026-04-01T00:06:00,0.577,0.5771,0.577,0.57705,25
2026-04-01T00:07:00,0.57705,0.57705,0.577,0.577,16
2026-04-01T00:08:00,0.577,0.577,0.57695,0.577,10
2026-04-01T00:09:00,0.577,0.577,0.57695,0.57695,15
2026-04-01T00:10:00,0.5769,0.57695,0.5769,0.57695,4
2026-04-01T00:11:00,0.5769,0.5769,0.5769,0.5769,8
2026-04-01T00:13:00,0.57695,0.5771,0.57695,0.5771,28
2026-04-01T00:14:00,0.5771,0.5771,0.577,0.57705,20
2026-04-01T00:15:00,0.57715,0.57735,0.57715,0.57735,41
2026-04-01T00:16:00,0.5773,0.5773,0.5772,0.5772,14
2026-04-01T00:17:00,0.5772,0.5772,0.5772,0.5772,15
2026-04-01T00:18:00,0.57725,0.57725,0.5771,0.5771,91
2026-04-01T00:19:00,0.57715,0.5772,0.57715,0.5772,6
2026-04-01T00:20:00,0.57715,0.57715,0.57715,0.57715,5
2026-04-01T00:21:00,0.5771,0.57715,0.57705,0.57715,8
2026-04-01T00:22:00,0.5771,0.5771,0.57705,0.5771,7
2026-04-01T00:23:00,0.5771,0.57715,0.5771,0.57715,6
2026-04-01T00:24:00,0.57715,0.57715,0.57715,0.57715,5
2026-04-01T00:25:00,0.57715,0.57715,0.5771,0.5771,4
2026-04-01T00:26:00,0.5771,0.57715,0.5771,0.57715,4
2026-04-01T00:27:00,0.57715,0.57715,0.57705,0.57705,6
2026-04-01T00:28:00,0.5771,0.5771,0.5771,0.5771,7
2026-04-01T00:30:00,0.5772,0.5772,0.57715,0.5772,27
2026-04-01T00:31:00,0.57725,0.5773,0.57725,0.5773,12
2026-04-01T00:32:00,0.57725,0.5773,0.57725,0.5773,16
2026-04-01T00:33:00,0.5773,0.5773,0.57725,0.57725,9
2026-04-01T00:34:00,0.5773,0.57735,0.5773,0.5773,9
2026-04-01T00:35:00,0.5773,0.5773,0.5773,0.5773,3
2026-04-01T00:36:00,0.57735,0.57735,0.57725,0.57725,29
2026-04-01T00:37:00,0.5772,0.5772,0.57705,0.57705,15
2026-04-01T00:38:00,0.5771,0.5771,0.5771,0.5771,10
2026-04-01T00:39:00,0.5771,0.5772,0.5771,0.5772,2
2026-04-01T00:40:00,0.5772,0.57725,0.57715,0.57725,21
2026-04-01T00:41:00,0.57725,0.5773,0.5772,0.5773,22
2026-04-01T00:42:00,0.57725,0.57725,0.57725,0.57725,2
2026-04-01T00:43:00,0.57725,0.57725,0.57725,0.57725,8
2026-04-01T00:44:00,0.57725,0.5773,0.57725,0.57725,11
2026-04-01T00:45:00,0.57725,0.57725,0.57725,0.57725,8
2026-04-01T00:46:00,0.57715,0.57715,0.5771,0.57715,13
2026-04-01T00:47:00,0.57705,0.57725,0.577,0.57725,13
2026-04-01T00:48:00,0.57715,0.5772,0.57715,0.5772,4
2026-04-01T00:49:00,0.5772,0.5772,0.5771,0.5771,11
2026-04-01T00:50:00,0.57705,0.5771,0.57705,0.5771,11
2026-04-01T00:51:00,0.5771,0.57715,0.57705,0.57705,23
2026-04-01T00:52:00,0.577,0.577,0.5768,0.5768,114
2026-04-01T00:53:00,0.5768,0.5769,0.5768,0.57685,22
2026-04-01T00:54:00,0.57685,0.57685,0.5768,0.5768,12
2026-04-01T00:55:00,0.57685,0.57685,0.57675,0.57675,59
2026-04-01T00:56:00,0.5767,0.5767,0.5767,0.5767,8
2026-04-01T00:57:00,0.5767,0.57675,0.5767,0.5767,48
2026-04-01T00:58:00,0.57675,0.57685,0.57675,0.57685,7
2026-04-01T00:59:00,0.57685,0.5769,0.57685,0.57685,9
2026-04-01T01:00:00,0.57685,0.57685,0.5766,0.5766,207
2026-04-01T01:01:00,0.5766,0.5766,0.57635,0.5764,58
2026-04-01T01:02:00,0.5764,0.5765,0.57635,0.57635,62
2026-04-01T01:03:00,0.57635,0.5764,0.5762,0.5762,40
2026-04-01T01:04:00,0.5762,0.5762,0.5761,0.5761,18
2026-04-01T01:05:00,0.57605,0.5761,0.57585,0.57585,41
2026-04-01T01:06:00,0.57585,0.57585,0.57555,0.57575,25
2026-04-01T01:07:00,0.57575,0.576,0.57575,0.5758,31
2026-04-01T01:08:00,0.576,0.5762,0.5759,0.5762,34
2026-04-01T01:09:00,0.5762,0.57625,0.5762,0.5762,15
2026-04-01T01:10:00,0.57615,0.57635,0.57615,0.57635,15
2026-04-01T01:11:00,0.5764,0.57645,0.5764,0.57645,3
2026-04-01T01:12:00,0.5764,0.5764,0.57635,0.57635,2
2026-04-01T01:13:00,0.57635,0.57645,0.57635,0.5764,6
2026-04-01T01:14:00,0.57645,0.5765,0.57645,0.5765,6
2026-04-01T01:15:00,0.5765,0.5765,0.57635,0.57635,30
2026-04-01T01:16:00,0.5764,0.5764,0.5764,0.5764,6
2026-04-01T01:17:00,0.5763,0.5763,0.5762,0.57625,11
2026-04-01T01:18:00,0.5763,0.5763,0.57625,0.57625,2
2026-04-01T01:19:00,0.57625,0.5763,0.5762,0.5762,4
2026-04-01T01:20:00,0.57625,0.57635,0.57625,0.57625,22
2026-04-01T01:21:00,0.57615,0.57615,0.57615,0.57615,4
2026-04-01T01:23:00,0.5762,0.57625,0.5762,0.57625,3
2026-04-01T01:24:00,0.57625,0.57625,0.57625,0.57625,2
2026-04-01T01:25:00,0.5763,0.5763,0.5763,0.5763,6
2026-04-01T01:26:00,0.57645,0.57645,0.5764,0.5764,13
2026-04-01T01:28:00,0.57635,0.5764,0.57635,0.57635,9
2026-04-01T01:29:00,0.57645,0.57645,0.5764,0.5764,5
2026-04-01T01:30:00,0.5764,0.5764,0.57625,0.57625,35
2026-04-01T01:31:00,0.5762,0.5763,0.5762,0.57625,9
2026-04-01T01:32:00,0.57625,0.57625,0.57625,0.57625,4
2026-04-01T01:34:00,0.57615,0.57615,0.5761,0.5761,5
2026-04-01T01:35:00,0.57605,0.57605,0.576,0.576,11
2026-04-01T01:36:00,0.5759,0.5759,0.57585,0.57585,9
2026-04-01T01:37:00,0.5759,0.5759,0.5759,0.5759,1
2026-04-01T01:38:00,0.57575,0.57575,0.57575,0.57575,5
2026-04-01T01:39:00,0.5758,0.5758,0.5758,0.5758,1
2026-04-01T01:41:00,0.57575,0.57575,0.5757,0.5757,10
2026-04-01T01:42:00,0.5757,0.57575,0.5757,0.5757,8
2026-04-01T01:43:00,0.5757,0.5757,0.5757,0.5757,3
2026-04-01T01:44:00,0.5757,0.5757,0.57565,0.57565,18
2026-04-01T01:45:00,0.5757,0.5757,0.5755,0.5755,58
2026-04-01T01:46:00,0.5755,0.5755,0.5754,0.5754,70
2026-04-01T01:47:00,0.57545,0.5755,0.57545,0.5755,27
2026-04-01T01:48:00,0.57555,0.57555,0.5755,0.57555,9
2026-04-01T01:49:00,0.5755,0.5755,0.57535,0.57535,19
2026-04-01T01:50:00,0.57535,0.5754,0.5753,0.57535,38
2026-04-01T01:51:00,0.5753,0.5754,0.5753,0.5754,20
2026-04-01T01:52:00,0.57545,0.57545,0.57545,0.57545,5
2026-04-01T01:53:00,0.5756,0.57565,0.57555,0.57555,6
2026-04-01T01:54:00,0.57555,0.57555,0.57555,0.57555,4
2026-04-01T01:55:00,0.5756,0.5756,0.5756,0.5756,4
2026-04-01T01:56:00,0.5756,0.5756,0.5756,0.5756,1
2026-04-01T01:57:00,0.57565,0.5757,0.57565,0.5757,8
2026-04-01T01:58:00,0.5757,0.5757,0.5756,0.5756,9
2026-04-01T01:59:00,0.5757,0.5757,0.57565,0.57565,3
2026-04-01T02:00:00,0.57575,0.57575,0.57565,0.57565,8
2026-04-01T02:01:00,0.5756,0.57565,0.5756,0.57565,8
2026-04-01T02:02:00,0.5757,0.5757,0.5757,0.5757,2
2026-04-01T02:03:00,0.5757,0.5758,0.5757,0.5758,6
2026-04-01T02:04:00,0.5758,0.5758,0.5758,0.5758,4
2026-04-01T02:05:00,0.57595,0.576,0.57595,0.576,6
2026-04-01T02:06:00,0.576,0.5761,0.576,0.57605,11
2026-04-01T02:07:00,0.57605,0.57605,0.57595,0.576,7
2026-04-01T02:08:00,0.57595,0.57595,0.57595,0.57595,1
2026-04-01T02:09:00,0.57595,0.576,0.57595,0.576,4
2026-04-01T02:10:00,0.576,0.576,0.57595,0.57595,2
2026-04-01T02:11:00,0.5759,0.5759,0.57585,0.57585,5
2026-04-01T02:12:00,0.57585,0.57585,0.5758,0.5758,4
2026-04-01T02:13:00,0.57585,0.57585,0.57585,0.57585,41
2026-04-01T02:14:00,0.5758,0.57585,0.5758,0.57585,2
2026-04-01T02:15:00,0.5759,0.5759,0.5759,0.5759,31
2026-04-01T02:16:00,0.5759,0.5759,0.5759,0.5759,2
2026-04-01T02:17:00,0.5759,0.5759,0.57585,0.57585,5
2026-04-01T02:18:00,0.57585,0.57585,0.57585,0.57585,1
2026-04-01T02:19:00,0.5758,0.57585,0.5758,0.57585,9
2026-04-01T02:22:00,0.5757,0.5757,0.57565,0.57565,2
2026-04-01T02:23:00,0.57565,0.5758,0.57565,0.5758,13
2026-04-01T02:24:00,0.5758,0.5758,0.57575,0.57575,2
2026-04-01T02:25:00,0.57575,0.57575,0.57575,0.57575,1
2026-04-01T02:26:00,0.57575,0.57575,0.57565,0.57565,8
2026-04-01T02:27:00,0.57565,0.57565,0.57565,0.57565,1
2026-04-01T02:28:00,0.5757,0.5757,0.5757,0.5757,6
2026-04-01T02:29:00,0.5757,0.5757,0.57565,0.57565,4
2026-04-01T02:30:00,0.57555,0.57555,0.5755,0.57555,21
2026-04-01T02:31:00,0.5756,0.5756,0.5755,0.5755,13
2026-04-01T02:32:00,0.5755,0.5755,0.57545,0.5755,19
2026-04-01T02:35:00,0.57545,0.57545,0.57545,0.57545,5
2026-04-01T02:36:00,0.57545,0.57545,0.57545,0.57545,6
2026-04-01T02:37:00,0.5754,0.57545,0.5754,0.57545,3
2026-04-01T02:38:00,0.57535,0.5754,0.57535,0.5754,11
2026-04-01T02:39:00,0.57545,0.57545,0.5754,0.57545,16
2026-04-01T02:41:00,0.5754,0.57545,0.5754,0.57545,5
2026-04-01T02:42:00,0.57545,0.57545,0.57545,0.57545,3
2026-04-01T02:43:00,0.5755,0.5755,0.5755,0.5755,3
2026-04-01T02:44:00,0.57555,0.57555,0.5755,0.5755,14
2026-04-01T02:45:00,0.5756,0.5757,0.5756,0.57565,8
2026-04-01T02:46:00,0.57565,0.57565,0.57565,0.57565,3
2026-04-01T02:48:00,0.57555,0.5756,0.57555,0.5756,3
2026-04-01T02:49:00,0.57555,0.57555,0.57555,0.57555,5
2026-04-01T02:51:00,0.57555,0.57555,0.5755,0.57555,15
2026-04-01T02:52:00,0.5755,0.5755,0.57545,0.5755,22
2026-04-01T02:53:00,0.5755,0.5756,0.5755,0.5756,10
2026-04-01T02:54:00,0.57555,0.57555,0.57555,0.57555,9
2026-04-01T02:55:00,0.57555,0.57555,0.57555,0.57555,1
2026-04-01T02:56:00,0.5755,0.57555,0.5755,0.57555,2
2026-04-01T02:57:00,0.5755,0.57555,0.5755,0.5755,4
2026-04-01T02:58:00,0.5754,0.5754,0.5754,0.5754,2
2026-04-01T02:59:00,0.5753,0.5753,0.5753,0.5753,1
2026-04-01T03:00:00,0.5752,0.5752,0.5752,0.5752,1
2026-04-01T03:01:00,0.57515,0.5752,0.57515,0.5752,2
2026-04-01T03:02:00,0.5752,0.57525,0.5752,0.57525,16
2026-04-01T03:03:00,0.5752,0.5752,0.57505,0.57515,24
2026-04-01T03:04:00,0.5752,0.5752,0.5752,0.5752,1
2026-04-01T03:05:00,0.5751,0.5751,0.57505,0.57505,7
2026-04-01T03:06:00,0.5751,0.5751,0.5751,0.5751,2
2026-04-01T03:07:00,0.5751,0.57515,0.5751,0.5751,5
2026-04-01T03:09:00,0.57505,0.5751,0.57505,0.5751,3
2026-04-01T03:10:00,0.57515,0.57515,0.5751,0.57515,7
2026-04-01T03:11:00,0.57515,0.57515,0.57515,0.57515,2
2026-04-01T03:12:00,0.57515,0.57515,0.57515,0.57515,2
2026-04-01T03:13:00,0.5752,0.5752,0.5752,0.5752,1
2026-04-01T03:14:00,0.57515,0.57515,0.57515,0.57515,2
2026-04-01T03:15:00,0.57505,0.57505,0.575,0.575,13
2026-04-01T03:16:00,0.57505,0.57505,0.57505,0.57505,3
2026-04-01T03:17:00,0.5751,0.5751,0.5751,0.5751,5
2026-04-01T03:18:00,0.57505,0.57505,0.575,0.575,14
2026-04-01T03:19:00,0.5751,0.5751,0.57505,0.57505,4
2026-04-01T03:20:00,0.57505,0.57505,0.57495,0.57495,3
2026-04-01T03:21:00,0.57495,0.57495,0.57495,0.57495,1
2026-04-01T03:22:00,0.57495,0.57495,0.57495,0.57495,3
2026-04-01T03:23:00,0.57495,0.57495,0.57495,0.57495,3
2026-04-01T03:24:00,0.5749,0.57495,0.5749,0.57495,58
2026-04-01T03:25:00,0.57485,0.57485,0.5748,0.57485,14
2026-04-01T03:26:00,0.5749,0.5749,0.5749,0.5749,1
2026-04-01T03:27:00,0.5749,0.575,0.5749,0.57495,22
2026-04-01T03:28:00,0.5748,0.5748,0.5748,0.5748,2
2026-04-01T03:29:00,0.57485,0.5749,0.5748,0.5748,17
2026-04-01T03:30:00,0.5748,0.5748,0.5747,0.5747,7
2026-04-01T03:31:00,0.5747,0.57475,0.5747,0.5747,6
2026-04-01T03:32:00,0.57475,0.57475,0.5747,0.5747,7
2026-04-01T03:33:00,0.5747,0.5748,0.5747,0.5748,9
2026-04-01T03:34:00,0.57485,0.57485,0.57475,0.57485,8
2026-04-01T03:35:00,0.57485,0.57485,0.5748,0.5748,4
2026-04-01T03:36:00,0.57485,0.57485,0.5748,0.5748,7
2026-04-01T03:37:00,0.5748,0.5749,0.5748,0.5749,6
2026-04-01T03:38:00,0.5749,0.5749,0.57485,0.57485,16
2026-04-01T03:39:00,0.5748,0.5748,0.5748,0.5748,3
2026-04-01T03:42:00,0.57475,0.57475,0.5747,0.5747,4
2026-04-01T03:43:00,0.57475,0.57475,0.57475,0.57475,2
2026-04-01T03:44:00,0.5747,0.5747,0.5747,0.5747,11
2026-04-01T03:45:00,0.5747,0.5747,0.5747,0.5747,7
2026-04-01T03:46:00,0.57465,0.57465,0.5746,0.5746,6
2026-04-01T03:47:00,0.57455,0.57455,0.5745,0.5745,4
2026-04-01T03:48:00,0.57455,0.5746,0.57455,0.57455,15
2026-04-01T03:49:00,0.57455,0.5746,0.57455,0.57455,9
2026-04-01T03:50:00,0.57455,0.57455,0.57455,0.57455,5
2026-04-01T03:51:00,0.57455,0.57465,0.57455,0.57465,13
2026-04-01T03:52:00,0.5746,0.5747,0.5746,0.5747,7
2026-04-01T03:53:00,0.57475,0.5748,0.57475,0.5748,22
2026-04-01T03:54:00,0.57475,0.57475,0.57475,0.57475,3
2026-04-01T03:55:00,0.5748,0.5748,0.57475,0.57475,15
2026-04-01T03:56:00,0.5747,0.5747,0.5747,0.5747,21
2026-04-01T03:57:00,0.5747,0.57475,0.5747,0.57475,4
2026-04-01T03:58:00,0.57465,0.57465,0.57465,0.57465,1
2026-04-01T04:00:00,0.57475,0.57475,0.5747,0.5747,3
2026-04-01T04:01:00,0.5747,0.5747,0.5747,0.5747,1
2026-04-01T04:03:00,0.5747,0.5747,0.5747,0.5747,2
2026-04-01T04:05:00,0.57475,0.5748,0.57475,0.5748,3
2026-04-01T04:06:00,0.57485,0.5749,0.57485,0.5749,8
2026-04-01T04:07:00,0.5749,0.5749,0.5749,0.5749,5
2026-04-01T04:09:00,0.5749,0.5749,0.5749,0.5749,1
2026-04-01T04:10:00,0.5749,0.5749,0.5749,0.5749,6
2026-04-01T04:11:00,0.5749,0.5749,0.5749,0.5749,9
2026-04-01T04:12:00,0.5748,0.5748,0.5748,0.5748,1
2026-04-01T04:13:00,0.5748,0.57485,0.5748,0.57485,12
2026-04-01T04:14:00,0.5749,0.57495,0.5749,0.57495,16
2026-04-01T04:15:00,0.5749,0.5749,0.57485,0.57485,6
2026-04-01T04:16:00,0.57485,0.57485,0.5748,0.5748,3
2026-04-01T04:17:00,0.57475,0.57485,0.57475,0.5748,26
2026-04-01T04:18:00,0.5748,0.5749,0.5748,0.5748,38
2026-04-01T04:19:00,0.57485,0.5749,0.57485,0.5749,9
2026-04-01T04:20:00,0.5749,0.57495,0.5749,0.57495,3
2026-04-01T04:22:00,0.57495,0.57495,0.57495,0.57495,1
2026-04-01T04:23:00,0.57495,0.57495,0.57495,0.57495,1
2026-04-01T04:24:00,0.57495,0.575,0.57495,0.575,24
2026-04-01T04:25:00,0.57495,0.57495,0.57495,0.57495,2
2026-04-01T04:26:00,0.5749,0.57495,0.5749,0.57495,2
2026-04-01T04:27:00,0.575,0.575,0.57495,0.57495,2
2026-04-01T04:29:00,0.575,0.57505,0.575,0.57505,11
2026-04-01T04:30:00,0.57505,0.57505,0.57505,0.57505,7
2026-04-01T04:31:00,0.57495,0.57495,0.57495,0.57495,3
2026-04-01T04:32:00,0.575,0.57505,0.575,0.57505,5
2026-04-01T04:33:00,0.57505,0.57505,0.57505,0.57505,3
2026-04-01T04:34:00,0.575,0.575,0.57495,0.575,16
2026-04-01T04:35:00,0.575,0.575,0.57495,0.57495,3
2026-04-01T04:40:00,0.575,0.5751,0.575,0.5751,10
2026-04-01T04:42:00,0.57515,0.57515,0.57515,0.57515,27
2026-04-01T04:43:00,0.5752,0.5752,0.57515,0.5752,6
2026-04-01T04:44:00,0.57525,0.57525,0.57525,0.57525,10
2026-04-01T04:45:00,0.5751,0.5751,0.5751,0.5751,12
2026-04-01T04:47:00,0.57515,0.57515,0.57515,0.57515,3
2026-04-01T04:48:00,0.57515,0.5752,0.5751,0.5752,15
2026-04-01T04:49:00,0.5752,0.5752,0.5752,0.5752,2
2026-04-01T04:50:00,0.5752,0.5752,0.5752,0.5752,1
2026-04-01T04:51:00,0.57525,0.57525,0.57525,0.57525,1
2026-04-01T04:54:00,0.57525,0.57525,0.57525,0.57525,13
2026-04-01T04:55:00,0.5752,0.5752,0.57515,0.5752,30
2026-04-01T04:56:00,0.57515,0.5752,0.57515,0.5752,37
2026-04-01T04:57:00,0.57525,0.57525,0.57525,0.57525,45
2026-04-01T04:58:00,0.57525,0.57525,0.5752,0.5752,12
2026-04-01T04:59:00,0.57525,0.57525,0.5752,0.5752,4
2026-04-01T05:00:00,0.57515,0.57515,0.57515,0.57515,16
2026-04-01T05:01:00,0.57515,0.57525,0.57515,0.57525,19
2026-04-01T05:02:00,0.5753,0.5753,0.57525,0.57525,25
2026-04-01T05:03:00,0.57525,0.5754,0.57525,0.5754,43
2026-04-01T05:04:00,0.5754,0.5754,0.57535,0.57535,34
2026-04-01T05:05:00,0.5754,0.5756,0.5754,0.5756,49
2026-04-01T05:06:00,0.57555,0.57555,0.57555,0.57555,8
2026-04-01T05:07:00,0.5755,0.5756,0.5755,0.5756,9
2026-04-01T05:08:00,0.57565,0.57565,0.5756,0.5756,11
2026-04-01T05:09:00,0.5756,0.5758,0.5756,0.5758,64
2026-04-01T05:10:00,0.57565,0.57565,0.57565,0.57565,13
2026-04-01T05:11:00,0.5757,0.5757,0.5756,0.5756,16
2026-04-01T05:12:00,0.57555,0.5756,0.57555,0.5756,11
2026-04-01T05:13:00,0.5756,0.5756,0.5756,0.5756,1
2026-04-01T05:14:00,0.5756,0.57565,0.5756,0.5756,8
2026-04-01T05:15:00,0.57555,0.57555,0.57555,0.57555,3
2026-04-01T05:17:00,0.57565,0.57575,0.57565,0.57575,75
2026-04-01T05:18:00,0.5758,0.5758,0.57575,0.57575,16
2026-04-01T05:19:00,0.57575,0.57575,0.5757,0.5757,15
2026-04-01T05:20:00,0.57565,0.57565,0.57565,0.57565,9
2026-04-01T05:21:00,0.5756,0.5756,0.5756,0.5756,6
2026-04-01T05:22:00,0.5757,0.5757,0.5757,0.5757,5
2026-04-01T05:23:00,0.5757,0.5757,0.5757,0.5757,4
2026-04-01T05:24:00,0.57575,0.5758,0.57575,0.5758,8
2026-04-01T05:25:00,0.5758,0.57605,0.5758,0.57605,42
2026-04-01T05:26:00,0.57605,0.57605,0.57595,0.57595,14
2026-04-01T05:27:00,0.57595,0.57595,0.57595,0.57595,5
2026-04-01T05:28:00,0.5759,0.576,0.5759,0.576,13
2026-04-01T05:29:00,0.576,0.57605,0.576,0.57605,17
2026-04-01T05:30:00,0.57605,0.5761,0.57605,0.57605,17
2026-04-01T05:31:00,0.576,0.576,0.576,0.576,7
2026-04-01T05:32:00,0.57605,0.5761,0.57605,0.5761,32
2026-04-01T05:33:00,0.5761,0.5761,0.5761,0.5761,8
2026-04-01T05:34:00,0.5761,0.5761,0.57605,0.57605,6
2026-04-01T05:35:00,0.57605,0.57605,0.57605,0.57605,2
2026-04-01T05:36:00,0.576,0.576,0.5759,0.5759,41
2026-04-01T05:37:00,0.57605,0.57615,0.57605,0.57615,10
2026-04-01T05:38:00,0.5761,0.5761,0.57605,0.57605,7
2026-04-01T05:39:00,0.57605,0.5761,0.57595,0.57595,24
2026-04-01T05:40:00,0.57595,0.57595,0.5759,0.5759,7
2026-04-01T05:41:00,0.5759,0.57595,0.5759,0.5759,17
2026-04-01T05:42:00,0.57595,0.57595,0.57585,0.57585,4
2026-04-01T05:43:00,0.57595,0.57595,0.57595,0.57595,1
2026-04-01T05:44:00,0.57605,0.57615,0.57605,0.57615,21
2026-04-01T05:45:00,0.57615,0.57615,0.57615,0.57615,8
2026-04-01T05:46:00,0.5761,0.57615,0.5761,0.57615,8
2026-04-01T05:47:00,0.57605,0.57605,0.57605,0.57605,7
2026-04-01T05:49:00,0.57615,0.57625,0.57615,0.57625,9
2026-04-01T05:53:00,0.57605,0.57605,0.576,0.576,15
2026-04-01T05:54:00,0.57595,0.576,0.57595,0.576,10
2026-04-01T05:55:00,0.57595,0.57595,0.57585,0.57585,7
2026-04-01T05:57:00,0.5758,0.5758,0.57575,0.57575,5
2026-04-01T05:58:00,0.57585,0.57585,0.5758,0.5758,42
2026-04-01T05:59:00,0.57585,0.57585,0.57585,0.57585,5
2026-04-01T06:00:00,0.57585,0.57595,0.5758,0.5759,47
2026-04-01T06:01:00,0.57585,0.57605,0.5758,0.57605,57
2026-04-01T06:02:00,0.576,0.576,0.5759,0.5759,43
2026-04-01T06:03:00,0.5759,0.5759,0.5759,0.5759,16
2026-04-01T06:04:00,0.57585,0.57585,0.57575,0.57575,13
2026-04-01T06:05:00,0.57575,0.5758,0.57565,0.57565,38
2026-04-01T06:06:00,0.57575,0.57585,0.5757,0.57585,15
2026-04-01T06:07:00,0.5759,0.57595,0.57585,0.57585,14
2026-04-01T06:08:00,0.5759,0.57595,0.5759,0.57595,11
2026-04-01T06:09:00,0.5759,0.5759,0.5759,0.5759,7
2026-04-01T06:10:00,0.576,0.576,0.57595,0.57595,9
2026-04-01T06:11:00,0.576,0.57615,0.576,0.57615,29
2026-04-01T06:12:00,0.57605,0.57625,0.57605,0.57625,76
2026-04-01T06:13:00,0.5762,0.57625,0.5762,0.57625,41
2026-04-01T06:14:00,0.57625,0.57625,0.5761,0.5761,24
2026-04-01T06:15:00,0.57615,0.57615,0.57605,0.5761,68
2026-04-01T06:16:00,0.5761,0.5761,0.57585,0.57585,63
2026-04-01T06:17:00,0.57585,0.57585,0.57585,0.57585,3
2026-04-01T06:18:00,0.57595,0.57595,0.5759,0.5759,2
2026-04-01T06:19:00,0.57595,0.576,0.57595,0.576,11
2026-04-01T06:20:00,0.5761,0.57615,0.57605,0.57615,29
2026-04-01T06:21:00,0.5762,0.57645,0.5762,0.57645,94
2026-04-01T06:22:00,0.57645,0.5765,0.57645,0.5765,23
2026-04-01T06:23:00,0.5765,0.5766,0.5765,0.57655,16
2026-04-01T06:24:00,0.57655,0.5767,0.5765,0.5767,23
2026-04-01T06:25:00,0.57675,0.5768,0.57675,0.5768,12
2026-04-01T06:26:00,0.5769,0.5771,0.5769,0.5771,23
2026-04-01T06:27:00,0.5771,0.5774,0.5771,0.5772,82
2026-04-01T06:28:00,0.5772,0.57755,0.5772,0.5775,113
2026-04-01T06:29:00,0.5775,0.5775,0.5774,0.5774,51
2026-04-01T06:30:00,0.57735,0.5776,0.57735,0.57755,59
2026-04-01T06:31:00,0.5775,0.57765,0.57745,0.57765,121
2026-04-01T06:32:00,0.57765,0.5777,0.5775,0.57755,45
2026-04-01T06:33:00,0.57755,0.57765,0.57755,0.5776,33
2026-04-01T06:34:00,0.5776,0.5776,0.5775,0.5775,23
2026-04-01T06:35:00,0.57745,0.57745,0.57715,0.5772,22
2026-04-01T06:36:00,0.5771,0.57715,0.57705,0.57715,29
2026-04-01T06:37:00,0.57715,0.57725,0.57715,0.57725,7
2026-04-01T06:38:00,0.5773,0.5773,0.5771,0.5771,21
2026-04-01T06:39:00,0.5771,0.5771,0.577,0.577,17
2026-04-01T06:40:00,0.5771,0.57715,0.57705,0.57715,10
2026-04-01T06:41:00,0.5772,0.5774,0.5772,0.5774,21
2026-04-01T06:42:00,0.5775,0.5776,0.5775,0.57755,28
2026-04-01T06:43:00,0.57755,0.5776,0.57755,0.5776,28
2026-04-01T06:44:00,0.57755,0.57775,0.57755,0.57765,45
2026-04-01T06:45:00,0.5777,0.5779,0.57765,0.57785,38
2026-04-01T06:46:00,0.5779,0.5779,0.5778,0.57785,44
2026-04-01T06:47:00,0.57795,0.57825,0.5779,0.5782,141
2026-04-01T06:48:00,0.5782,0.5783,0.57815,0.5782,148
2026-04-01T06:49:00,0.5782,0.5782,0.57805,0.5781,13
2026-04-01T06:50:00,0.5781,0.5781,0.5778,0.5778,33
2026-04-01T06:51:00,0.5778,0.57785,0.57775,0.57785,17
2026-04-01T06:52:00,0.57785,0.57785,0.5778,0.57785,21
2026-04-01T06:53:00,0.57795,0.57835,0.57795,0.57835,59
2026-04-01T06:54:00,0.5783,0.5783,0.5782,0.57825,22
2026-04-01T06:55:00,0.5782,0.57835,0.57815,0.57835,23
2026-04-01T06:56:00,0.57835,0.57845,0.57835,0.5784,16
2026-04-01T06:57:00,0.57845,0.57845,0.57835,0.57835,37
2026-04-01T06:58:00,0.5784,0.57855,0.5784,0.57845,30
2026-04-01T06:59:00,0.5784,0.5785,0.5784,0.5785,39
2026-04-01T07:00:00,0.5786,0.57865,0.5784,0.5784,109
2026-04-01T07:01:00,0.57845,0.57845,0.57805,0.57805,96
2026-04-01T07:02:00,0.57805,0.57805,0.57785,0.57795,73
2026-04-01T07:03:00,0.57795,0.57795,0.57765,0.57765,51
2026-04-01T07:04:00,0.5777,0.5777,0.5776,0.57765,47
2026-04-01T07:05:00,0.5777,0.57775,0.57765,0.57775,87
2026-04-01T07:06:00,0.5777,0.5777,0.5777,0.5777,14
2026-04-01T07:07:00,0.5777,0.57775,0.5777,0.5777,35
2026-04-01T07:08:00,0.57775,0.5779,0.5777,0.57785,34
2026-04-01T07:09:00,0.57785,0.57785,0.5778,0.5778,10
2026-04-01T07:10:00,0.57765,0.57765,0.57745,0.57755,26
2026-04-01T07:11:00,0.57755,0.5776,0.57755,0.5776,22
2026-04-01T07:12:00,0.5776,0.5777,0.5776,0.57765,24
2026-04-01T07:13:00,0.57765,0.57775,0.5776,0.57775,40
2026-04-01T07:14:00,0.57775,0.57785,0.5777,0.57785,25
2026-04-01T07:15:00,0.57785,0.57785,0.57775,0.57775,39
2026-04-01T07:16:00,0.57775,0.5778,0.5777,0.57775,23
2026-04-01T07:17:00,0.5778,0.57795,0.57775,0.57795,28
2026-04-01T07:18:00,0.5779,0.57795,0.5779,0.57795,33
2026-04-01T07:19:00,0.57795,0.578,0.5778,0.578,24
2026-04-01T07:20:00,0.578,0.57805,0.5779,0.5779,27
2026-04-01T07:21:00,0.578,0.57805,0.578,0.578,21
2026-04-01T07:22:00,0.5779,0.5779,0.5779,0.5779,6
2026-04-01T07:23:00,0.5779,0.5779,0.57775,0.57775,8
2026-04-01T07:24:00,0.5777,0.5778,0.5777,0.57775,21
2026-04-01T07:25:00,0.5777,0.57775,0.5777,0.57775,11
2026-04-01T07:26:00,0.5778,0.57785,0.5778,0.5778,24
2026-04-01T07:27:00,0.5777,0.5778,0.5777,0.5778,22
2026-04-01T07:28:00,0.5779,0.5779,0.57785,0.57785,10
2026-04-01T07:29:00,0.57785,0.5779,0.5778,0.5778,27
2026-04-01T07:30:00,0.5778,0.5779,0.57775,0.5779,30
2026-04-01T07:31:00,0.5779,0.5779,0.5778,0.5778,15
2026-04-01T07:32:00,0.57785,0.5779,0.57775,0.57775,25
2026-04-01T07:33:00,0.57765,0.5779,0.5776,0.5779,39
2026-04-01T07:34:00,0.57785,0.5779,0.57775,0.57775,42
2026-04-01T07:35:00,0.57775,0.5778,0.57765,0.57765,38
2026-04-01T07:36:00,0.57765,0.57765,0.57755,0.57765,15
2026-04-01T07:37:00,0.57765,0.57775,0.57765,0.57775,56
2026-04-01T07:38:00,0.57775,0.578,0.5777,0.57795,48
2026-04-01T07:39:00,0.57795,0.57795,0.57785,0.5779,27
2026-04-01T07:40:00,0.57785,0.5779,0.5778,0.5779,59
2026-04-01T07:41:00,0.5779,0.578,0.57785,0.57795,51
2026-04-01T07:42:00,0.5779,0.5781,0.57785,0.5781,49
2026-04-01T07:43:00,0.57815,0.57825,0.5779,0.5779,45
2026-04-01T07:44:00,0.578,0.5781,0.57795,0.57795,65
2026-04-01T07:45:00,0.57795,0.57795,0.5779,0.5779,31
2026-04-01T07:46:00,0.5779,0.57815,0.5779,0.57805,57
2026-04-01T07:47:00,0.57805,0.57815,0.57805,0.57805,82
2026-04-01T07:48:00,0.578,0.578,0.57735,0.57735,39
2026-04-01T07:49:00,0.57735,0.57735,0.57695,0.57705,75
2026-04-01T07:50:00,0.577,0.577,0.57685,0.5769,34
2026-04-01T07:51:00,0.57695,0.57705,0.57695,0.57705,37
2026-04-01T07:52:00,0.577,0.577,0.57685,0.57685,20
2026-04-01T07:53:00,0.57685,0.5769,0.57685,0.5769,21
2026-04-01T07:54:00,0.5769,0.5769,0.57685,0.57685,23
2026-04-01T07:55:00,0.57685,0.57685,0.57665,0.5767,23
2026-04-01T07:56:00,0.57675,0.57705,0.57675,0.5769,35
2026-04-01T07:57:00,0.57685,0.5769,0.5768,0.5768,79
2026-04-01T07:58:00,0.57675,0.57675,0.5766,0.5766,15
2026-04-01T07:59:00,0.57665,0.57675,0.5766,0.5767,59
2026-04-01T08:00:00,0.57665,0.5767,0.5765,0.5765,43
2026-04-01T08:01:00,0.5765,0.5765,0.5764,0.5764,16
2026-04-01T08:02:00,0.5764,0.5767,0.57635,0.5766,121
2026-04-01T08:03:00,0.57675,0.57705,0.5767,0.577,22
2026-04-01T08:04:00,0.57705,0.57725,0.57705,0.57705,52
2026-04-01T08:05:00,0.577,0.5771,0.577,0.577,49
2026-04-01T08:06:00,0.577,0.57705,0.57695,0.57695,7
2026-04-01T08:07:00,0.5769,0.57715,0.5769,0.57715,47
2026-04-01T08:08:00,0.5771,0.57715,0.5771,0.57715,8
2026-04-01T08:09:00,0.5771,0.5771,0.57705,0.57705,5
2026-04-01T08:10:00,0.5769,0.5769,0.5769,0.5769,1
2026-04-01T08:11:00,0.57685,0.5769,0.57685,0.57685,12
2026-04-01T08:12:00,0.57685,0.57695,0.5768,0.57695,38
2026-04-01T08:13:00,0.5769,0.57695,0.57685,0.5769,10
2026-04-01T08:14:00,0.57685,0.57695,0.57685,0.5769,13
2026-04-01T08:15:00,0.57695,0.57705,0.57695,0.57705,6
2026-04-01T08:16:00,0.57705,0.57705,0.577,0.577,4
2026-04-01T08:17:00,0.57705,0.5772,0.57705,0.57715,8
2026-04-01T08:18:00,0.5773,0.57735,0.57725,0.57735,7
2026-04-01T08:19:00,0.57725,0.57735,0.57725,0.57735,18
2026-04-01T08:20:00,0.57735,0.57735,0.5773,0.5773,6
2026-04-01T08:21:00,0.5773,0.5774,0.5773,0.5774,13
2026-04-01T08:22:00,0.5774,0.5774,0.57735,0.57735,8
2026-04-01T08:23:00,0.57745,0.57755,0.5774,0.57745,27
2026-04-01T08:24:00,0.57755,0.5776,0.57755,0.5776,17
2026-04-01T08:25:00,0.5776,0.5778,0.5776,0.5778,19
2026-04-01T08:26:00,0.57785,0.57785,0.5778,0.5778,37
2026-04-01T08:27:00,0.57785,0.57795,0.57785,0.5779,60
2026-04-01T08:28:00,0.5779,0.5779,0.57785,0.5779,52
2026-04-01T08:29:00,0.57785,0.5781,0.5778,0.57805,36
2026-04-01T08:30:00,0.5781,0.57825,0.57805,0.57825,169
2026-04-01T08:31:00,0.5782,0.5785,0.5782,0.5785,111
2026-04-01T08:32:00,0.57845,0.57855,0.5784,0.57855,102
2026-04-01T08:33:00,0.5786,0.5787,0.57855,0.57865,117
2026-04-01T08:34:00,0.5786,0.5787,0.5785,0.5785,72
2026-04-01T08:35:00,0.5785,0.5785,0.5783,0.5783,25
2026-04-01T08:36:00,0.57825,0.5784,0.57825,0.5784,24
2026-04-01T08:37:00,0.5784,0.5784,0.5783,0.5784,28
2026-04-01T08:38:00,0.5784,0.57845,0.57835,0.57845,26
2026-04-01T08:39:00,0.57845,0.57855,0.5784,0.57855,20
2026-04-01T08:40:00,0.5785,0.5786,0.5785,0.5786,22
2026-04-01T08:41:00,0.57865,0.57865,0.5784,0.5784,16
2026-04-01T08:42:00,0.57845,0.57845,0.5784,0.5784,20
2026-04-01T08:43:00,0.5784,0.57855,0.5784,0.57855,23
2026-04-01T08:44:00,0.5786,0.5787,0.5786,0.5787,58
2026-04-01T08:45:00,0.57875,0.57875,0.5787,0.5787,6
2026-04-01T08:46:00,0.57855,0.57855,0.5784,0.5784,12
2026-04-01T08:47:00,0.57835,0.5784,0.5783,0.57835,40
2026-04-01T08:48:00,0.5784,0.5784,0.57835,0.5784,37
2026-04-01T08:49:00,0.5784,0.57845,0.5784,0.57845,40
2026-04-01T08:50:00,0.5784,0.5785,0.5784,0.57845,27
2026-04-01T08:51:00,0.5784,0.5785,0.57835,0.57835,55
2026-04-01T08:52:00,0.57835,0.5784,0.5783,0.57835,62
2026-04-01T08:53:00,0.57835,0.57845,0.57835,0.5784,28
2026-04-01T08:54:00,0.57835,0.57835,0.5779,0.57805,314
2026-04-01T08:55:00,0.5781,0.5782,0.57775,0.5779,164
2026-04-01T08:56:00,0.57795,0.57795,0.57785,0.57785,45
2026-04-01T08:57:00,0.57785,0.57805,0.57785,0.57805,13
2026-04-01T08:58:00,0.57805,0.57805,0.5779,0.57795,20
2026-04-01T08:59:00,0.57795,0.57795,0.57785,0.57785,6
2026-04-01T09:00:00,0.5779,0.578,0.5778,0.578,36
2026-04-01T09:01:00,0.578,0.578,0.578,0.578,9
2026-04-01T09:02:00,0.578,0.578,0.5779,0.578,13
2026-04-01T09:03:00,0.578,0.578,0.57785,0.5779,11
2026-04-01T09:04:00,0.57795,0.57795,0.57795,0.57795,3
2026-04-01T09:05:00,0.578,0.57805,0.578,0.57805,8
2026-04-01T09:06:00,0.57805,0.57805,0.57795,0.578,41
2026-04-01T09:07:00,0.578,0.57815,0.57795,0.57815,52
2026-04-01T09:08:00,0.5781,0.5781,0.578,0.5781,38
2026-04-01T09:09:00,0.5781,0.5781,0.5781,0.5781,4
2026-04-01T09:10:00,0.57805,0.57805,0.57795,0.57795,28
2026-04-01T09:11:00,0.578,0.57805,0.57795,0.57805,19
2026-04-01T09:12:00,0.578,0.57815,0.578,0.57815,16
2026-04-01T09:13:00,0.578,0.578,0.578,0.578,5
2026-04-01T09:14:00,0.578,0.578,0.57785,0.57785,12
2026-04-01T09:15:00,0.5779,0.5779,0.5778,0.5778,29
2026-04-01T09:16:00,0.5778,0.57795,0.5778,0.57785,37
2026-04-01T09:17:00,0.5779,0.5779,0.5779,0.5779,22
2026-04-01T09:18:00,0.5779,0.5779,0.5778,0.5778,3
2026-04-01T09:19:00,0.57775,0.57785,0.5777,0.57775,54
2026-04-01T09:20:00,0.5777,0.57775,0.57765,0.57775,9
2026-04-01T09:21:00,0.57775,0.5778,0.57775,0.57775,6
2026-04-01T09:22:00,0.57775,0.57775,0.5777,0.5777,62
2026-04-01T09:23:00,0.57775,0.57775,0.5777,0.57775,15
2026-04-01T09:24:00,0.5777,0.5777,0.57765,0.57765,10
2026-04-01T09:25:00,0.57765,0.57785,0.57765,0.57785,23
2026-04-01T09:26:00,0.57785,0.57795,0.57785,0.57795,15
2026-04-01T09:27:00,0.5779,0.578,0.5779,0.57795,59
2026-04-01T09:28:00,0.578,0.578,0.5779,0.5779,16
2026-04-01T09:29:00,0.5779,0.5779,0.57785,0.5779,29
2026-04-01T09:30:00,0.57795,0.578,0.57795,0.578,14
2026-04-01T09:31:00,0.578,0.578,0.57775,0.57775,37
2026-04-01T09:32:00,0.57775,0.5778,0.57775,0.57775,18
2026-04-01T09:33:00,0.5777,0.5777,0.57765,0.5777,13
2026-04-01T09:34:00,0.57775,0.57775,0.5777,0.5777,4
2026-04-01T09:35:00,0.5777,0.57775,0.5777,0.57775,9
2026-04-01T09:36:00,0.57785,0.57785,0.57785,0.57785,3
2026-04-01T09:37:00,0.57785,0.5779,0.57785,0.57785,15
2026-04-01T09:38:00,0.57785,0.57785,0.57785,0.57785,17
2026-04-01T09:39:00,0.57775,0.5778,0.57775,0.5778,7
2026-04-01T09:40:00,0.57775,0.5778,0.57775,0.5778,4
2026-04-01T09:41:00,0.57785,0.57785,0.57775,0.57775,8
2026-04-01T09:42:00,0.5778,0.57785,0.5778,0.57785,11
2026-04-01T09:43:00,0.57785,0.57785,0.5778,0.5778,13
2026-04-01T09:44:00,0.5777,0.5777,0.57765,0.57765,5
2026-04-01T09:45:00,0.5777,0.5778,0.5777,0.5778,7
2026-04-01T09:46:00,0.5777,0.5779,0.5777,0.5779,11
2026-04-01T09:47:00,0.57785,0.57785,0.57785,0.57785,11
2026-04-01T09:48:00,0.57795,0.57795,0.57795,0.57795,1
2026-04-01T09:49:00,0.57795,0.57805,0.57795,0.57805,6
2026-04-01T09:50:00,0.57805,0.5782,0.57805,0.5782,13
2026-04-01T09:51:00,0.57815,0.57815,0.57815,0.57815,4
2026-04-01T09:52:00,0.5782,0.57825,0.5782,0.57825,19
2026-04-01T09:53:00,0.5783,0.57835,0.5783,0.5783,18
2026-04-01T09:54:00,0.57825,0.5783,0.57815,0.57825,150
2026-04-01T09:55:00,0.5783,0.5783,0.57805,0.5781,27
2026-04-01T09:56:00,0.57805,0.57815,0.578,0.57815,33
2026-04-01T09:57:00,0.57815,0.5783,0.57815,0.5782,41
2026-04-01T09:58:00,0.57815,0.5782,0.57815,0.57815,6
2026-04-01T09:59:00,0.57815,0.57815,0.57815,0.57815,11
2026-04-01T10:00:00,0.57815,0.57825,0.5781,0.57825,28
2026-04-01T10:01:00,0.5782,0.5782,0.57805,0.57805,4
2026-04-01T10:02:00,0.578,0.57805,0.57795,0.57805,20
2026-04-01T10:03:00,0.57815,0.57815,0.57815,0.57815,5
2026-04-01T10:04:00,0.5781,0.5781,0.57795,0.578,12
2026-04-01T10:05:00,0.57795,0.5782,0.57795,0.57815,41
2026-04-01T10:06:00,0.57815,0.5782,0.57815,0.5782,4
2026-04-01T10:07:00,0.5782,0.57825,0.5782,0.5782,8
2026-04-01T10:08:00,0.5782,0.57825,0.5782,0.5782,19
2026-04-01T10:09:00,0.57825,0.57825,0.5781,0.5781,20
2026-04-01T10:10:00,0.57805,0.5781,0.57805,0.57805,5
2026-04-01T10:11:00,0.57805,0.57815,0.57805,0.57815,10
2026-04-01T10:12:00,0.5781,0.57815,0.5781,0.57815,10
2026-04-01T10:13:00,0.5782,0.5783,0.5782,0.5783,10
2026-04-01T10:14:00,0.5783,0.5783,0.57825,0.57825,2
2026-04-01T10:15:00,0.5781,0.57815,0.5781,0.57815,7
2026-04-01T10:16:00,0.57815,0.57815,0.57815,0.57815,1
2026-04-01T10:17:00,0.5781,0.57815,0.5781,0.57815,5
2026-04-01T10:18:00,0.57805,0.57805,0.578,0.57805,13
2026-04-01T10:19:00,0.578,0.57805,0.578,0.57805,8
2026-04-01T10:20:00,0.5781,0.57815,0.578,0.578,20
2026-04-01T10:21:00,0.5781,0.57825,0.5781,0.57825,19
2026-04-01T10:22:00,0.5783,0.5783,0.57825,0.57825,10
2026-04-01T10:23:00,0.5782,0.57835,0.5782,0.57835,5
2026-04-01T10:24:00,0.57835,0.57835,0.57825,0.57825,6
2026-04-01T10:25:00,0.57815,0.5782,0.57815,0.5782,11
2026-04-01T10:26:00,0.5781,0.57815,0.57795,0.57815,299
2026-04-01T10:27:00,0.57815,0.57815,0.57815,0.57815,7
2026-04-01T10:28:00,0.57815,0.5782,0.5781,0.5782,69
2026-04-01T10:29:00,0.5782,0.57825,0.5782,0.5782,32
2026-04-01T10:30:00,0.5783,0.57835,0.5783,0.57835,4
2026-04-01T10:31:00,0.57845,0.57845,0.57845,0.57845,6
2026-04-01T10:32:00,0.57845,0.57845,0.57835,0.57835,7
2026-04-01T10:33:00,0.5783,0.5783,0.5783,0.5783,9
2026-04-01T10:35:00,0.5783,0.5783,0.57825,0.57825,13
2026-04-01T10:36:00,0.57825,0.57825,0.57805,0.57805,42
2026-04-01T10:37:00,0.57805,0.5781,0.57795,0.57805,24
2026-04-01T10:38:00,0.578,0.57805,0.578,0.57805,6
2026-04-01T10:39:00,0.57805,0.5781,0.57805,0.5781,14
2026-04-01T10:40:00,0.5781,0.57815,0.5781,0.57815,27
2026-04-01T10:41:00,0.57815,0.57815,0.5781,0.57815,22
2026-04-01T10:42:00,0.5781,0.5781,0.57805,0.5781,46
2026-04-01T10:43:00,0.57805,0.57805,0.57805,0.57805,3
2026-04-01T10:44:00,0.5781,0.57815,0.5781,0.57815,2
2026-04-01T10:45:00,0.57815,0.57825,0.57815,0.5782,6
2026-04-01T10:46:00,0.5783,0.57845,0.5783,0.57835,30
2026-04-01T10:47:00,0.57835,0.57835,0.5783,0.57835,7
2026-04-01T10:48:00,0.5784,0.5784,0.57835,0.57835,8
2026-04-01T10:49:00,0.5783,0.57835,0.5783,0.57835,88
2026-04-01T10:50:00,0.57835,0.5784,0.57835,0.5784,7
2026-04-01T10:51:00,0.5784,0.5784,0.5784,0.5784,14
2026-04-01T10:52:00,0.57835,0.57835,0.57835,0.57835,1
2026-04-01T10:53:00,0.5783,0.57835,0.5783,0.57835,37
2026-04-01T10:54:00,0.5783,0.57835,0.5783,0.57835,14
2026-04-01T10:55:00,0.57835,0.57835,0.5781,0.5781,17
2026-04-01T10:56:00,0.57815,0.57815,0.57815,0.57815,3
2026-04-01T10:57:00,0.5782,0.5782,0.5782,0.5782,4
2026-04-01T10:58:00,0.5783,0.5783,0.5782,0.57825,14
2026-04-01T10:59:00,0.5783,0.5783,0.5783,0.5783,6
2026-04-01T11:00:00,0.57825,0.57825,0.5781,0.5781,11
2026-04-01T11:01:00,0.5781,0.57815,0.57805,0.57805,69
2026-04-01T11:02:00,0.5781,0.5782,0.5781,0.5782,16
2026-04-01T11:03:00,0.5782,0.5782,0.57815,0.57815,20
2026-04-01T11:04:00,0.57815,0.57825,0.57815,0.57825,10
2026-04-01T11:05:00,0.5782,0.5782,0.5782,0.5782,5
2026-04-01T11:06:00,0.57815,0.57815,0.57815,0.57815,3
2026-04-01T11:07:00,0.57815,0.57815,0.5781,0.57815,10
2026-04-01T11:08:00,0.57825,0.5783,0.57825,0.5783,6
2026-04-01T11:09:00,0.57835,0.5784,0.57835,0.5784,13
2026-04-01T11:10:00,0.5784,0.57845,0.5784,0.57845,17
2026-04-01T11:11:00,0.5784,0.5785,0.5784,0.5785,32
2026-04-01T11:12:00,0.5785,0.5785,0.57845,0.57845,16
2026-04-01T11:13:00,0.5785,0.5785,0.5785,0.5785,128
2026-04-01T11:14:00,0.5786,0.5786,0.5786,0.5786,4
2026-04-01T11:15:00,0.5786,0.5786,0.5785,0.5785,15
2026-04-01T11:16:00,0.5785,0.5785,0.5785,0.5785,1
2026-04-01T11:17:00,0.5785,0.5785,0.57845,0.57845,6
2026-04-01T11:18:00,0.57835,0.57835,0.5783,0.5783,9
2026-04-01T11:19:00,0.5782,0.5784,0.5782,0.5784,8
2026-04-01T11:20:00,0.57835,0.57835,0.5783,0.5783,3
2026-04-01T11:21:00,0.5782,0.57825,0.5782,0.57825,14
2026-04-01T11:22:00,0.5782,0.5782,0.5782,0.5782,8
2026-04-01T11:23:00,0.57815,0.57815,0.57815,0.57815,1
2026-04-01T11:24:00,0.57815,0.57825,0.57815,0.57825,16
2026-04-01T11:26:00,0.5784,0.57845,0.5784,0.57845,4
2026-04-01T11:27:00,0.5784,0.5784,0.57835,0.5784,7
2026-04-01T11:29:00,0.5784,0.57845,0.5784,0.57845,12
2026-04-01T11:30:00,0.5785,0.5786,0.57845,0.5786,25
2026-04-01T11:31:00,0.57855,0.57865,0.57855,0.57865,17
2026-04-01T11:32:00,0.57865,0.57865,0.57865,0.57865,5
2026-04-01T11:33:00,0.57865,0.57865,0.57865,0.57865,5
2026-04-01T11:34:00,0.5786,0.57865,0.5786,0.57865,17
2026-04-01T11:35:00,0.5787,0.5787,0.5787,0.5787,23
2026-04-01T11:37:00,0.5787,0.57875,0.5787,0.57875,8
2026-04-01T11:38:00,0.57875,0.57875,0.57875,0.57875,14
2026-04-01T11:39:00,0.57875,0.5788,0.57875,0.5788,9
2026-04-01T11:40:00,0.5788,0.5788,0.5788,0.5788,2
2026-04-01T11:41:00,0.57885,0.57895,0.57885,0.57895,44
2026-04-01T11:42:00,0.57895,0.579,0.5789,0.5789,32
2026-04-01T11:43:00,0.5789,0.5789,0.57885,0.5789,9
2026-04-01T11:44:00,0.5789,0.57895,0.5789,0.57895,11
2026-04-01T11:45:00,0.57895,0.57915,0.57895,0.57915,32
2026-04-01T11:46:00,0.5791,0.57915,0.5791,0.57915,23
2026-04-01T11:47:00,0.5791,0.5791,0.57905,0.57905,6
2026-04-01T11:48:00,0.579,0.57905,0.579,0.57905,13
2026-04-01T11:49:00,0.57905,0.5792,0.57905,0.57915,16
2026-04-01T11:50:00,0.5791,0.5791,0.57895,0.57895,63
2026-04-01T11:51:00,0.5789,0.5789,0.5789,0.5789,15
2026-04-01T11:52:00,0.5789,0.5789,0.57885,0.5789,31
2026-04-01T11:53:00,0.579,0.579,0.57895,0.57895,10
2026-04-01T11:54:00,0.57895,0.57905,0.57895,0.579,25
2026-04-01T11:55:00,0.57905,0.57905,0.579,0.579,5
2026-04-01T11:56:00,0.5789,0.57895,0.5789,0.5789,6
2026-04-01T11:57:00,0.5789,0.5789,0.5789,0.5789,1
2026-04-01T11:58:00,0.57895,0.57895,0.57895,0.57895,1
2026-04-01T11:59:00,0.5789,0.5789,0.57885,0.57885,3
2026-04-01T12:00:00,0.57885,0.5789,0.5788,0.5789,25
2026-04-01T12:01:00,0.5789,0.5789,0.5788,0.5789,26
2026-04-01T12:02:00,0.5789,0.57895,0.5789,0.57895,8
2026-04-01T12:03:00,0.57885,0.57885,0.5788,0.5788,4
2026-04-01T12:04:00,0.5788,0.5789,0.5788,0.5789,14
2026-04-01T12:05:00,0.5788,0.57885,0.57875,0.57875,14
2026-04-01T12:06:00,0.5787,0.5788,0.5787,0.5788,26
2026-04-01T12:07:00,0.5788,0.5788,0.5787,0.5787,30
2026-04-01T12:09:00,0.57865,0.5787,0.57865,0.5787,23
2026-04-01T12:10:00,0.5787,0.5787,0.5787,0.5787,4
2026-04-01T12:11:00,0.5787,0.5787,0.5787,0.5787,1
2026-04-01T12:12:00,0.5787,0.5787,0.5787,0.5787,33
2026-04-01T12:13:00,0.5787,0.5787,0.5787,0.5787,14
2026-04-01T12:14:00,0.57865,0.5787,0.57865,0.5787,21
2026-04-01T12:15:00,0.5787,0.57875,0.57855,0.5786,74
2026-04-01T12:16:00,0.57855,0.57855,0.5785,0.5785,42
2026-04-01T12:17:00,0.5784,0.57845,0.5784,0.57845,3
2026-04-01T12:18:00,0.5784,0.5784,0.5784,0.5784,4
2026-04-01T12:19:00,0.57845,0.57855,0.57845,0.5785,35
2026-04-01T12:20:00,0.57855,0.5786,0.57855,0.57855,18
2026-04-01T12:21:00,0.57855,0.57855,0.57825,0.57825,18
2026-04-01T12:22:00,0.5783,0.5783,0.57825,0.57825,31
2026-04-01T12:23:00,0.57825,0.57825,0.57815,0.57815,97
2026-04-01T12:24:00,0.57815,0.57815,0.5781,0.5781,30
2026-04-01T12:25:00,0.57805,0.57805,0.578,0.578,56
2026-04-01T12:26:00,0.57795,0.57795,0.5778,0.5778,56
2026-04-01T12:27:00,0.57785,0.57785,0.57775,0.5778,10
2026-04-01T12:28:00,0.5778,0.57785,0.5778,0.57785,13
2026-04-01T12:29:00,0.578,0.57805,0.57795,0.57805,40
2026-04-01T12:30:00,0.578,0.57815,0.57785,0.5781,75
2026-04-01T12:31:00,0.5781,0.57815,0.57805,0.57815,73
2026-04-01T12:32:00,0.57815,0.57825,0.57815,0.57815,8
2026-04-01T12:33:00,0.57815,0.57825,0.5781,0.5781,9
2026-04-01T12:34:00,0.57815,0.57815,0.57815,0.57815,17
2026-04-01T12:35:00,0.57815,0.5782,0.5781,0.5781,53
2026-04-01T12:36:00,0.5781,0.5781,0.5779,0.5779,33
2026-04-01T12:37:00,0.5779,0.57795,0.5777,0.5777,55
2026-04-01T12:38:00,0.57775,0.57785,0.5777,0.57785,20
2026-04-01T12:39:00,0.5779,0.57795,0.5779,0.57795,18
2026-04-01T12:40:00,0.5779,0.57815,0.5779,0.57815,9
2026-04-01T12:41:00,0.57815,0.57815,0.578,0.578,25
2026-04-01T12:42:00,0.578,0.5781,0.57795,0.5781,14
2026-04-01T12:43:00,0.5781,0.5781,0.578,0.578,16
2026-04-01T12:44:00,0.57805,0.57925,0.578,0.57885,636
2026-04-01T12:45:00,0.57885,0.5792,0.578,0.57875,1726
2026-04-01T12:46:00,0.57885,0.57895,0.57815,0.57835,160
2026-04-01T12:47:00,0.5783,0.5785,0.5782,0.57835,90
2026-04-01T12:48:00,0.57835,0.5784,0.57795,0.578,66
2026-04-01T12:49:00,0.578,0.5782,0.5779,0.57805,54
2026-04-01T12:50:00,0.578,0.57815,0.578,0.578,24
2026-04-01T12:51:00,0.5781,0.57815,0.5779,0.57795,35
2026-04-01T12:52:00,0.57795,0.57805,0.57795,0.578,55
2026-04-01T12:53:00,0.57795,0.578,0.5779,0.578,50
2026-04-01T12:54:00,0.578,0.578,0.5779,0.578,23
2026-04-01T12:55:00,0.57795,0.57795,0.57785,0.5779,15
2026-04-01T12:56:00,0.5779,0.5779,0.57765,0.5777,46
2026-04-01T12:57:00,0.5777,0.57775,0.57765,0.5777,42
2026-04-01T12:58:00,0.5777,0.5777,0.5775,0.5775,35
2026-04-01T12:59:00,0.5775,0.5777,0.5774,0.5777,45
2026-04-01T13:00:00,0.5777,0.5778,0.5775,0.57755,54
2026-04-01T13:01:00,0.5775,0.5775,0.5774,0.5775,14
2026-04-01T13:02:00,0.57745,0.57755,0.5774,0.57755,17
2026-04-01T13:03:00,0.5775,0.5776,0.57745,0.5776,20
2026-04-01T13:04:00,0.5775,0.5775,0.5773,0.57735,27
2026-04-01T13:05:00,0.57735,0.5774,0.5772,0.5774,43
2026-04-01T13:06:00,0.57735,0.57735,0.5772,0.57725,34
2026-04-01T13:07:00,0.57725,0.57745,0.57725,0.5774,30
2026-04-01T13:08:00,0.5773,0.57735,0.57725,0.5773,11
2026-04-01T13:09:00,0.5773,0.5774,0.5773,0.57735,30
2026-04-01T13:10:00,0.5774,0.57755,0.5774,0.57745,48
2026-04-01T13:11:00,0.5774,0.5776,0.5774,0.5776,29
2026-04-01T13:12:00,0.57755,0.5778,0.57755,0.5778,29
2026-04-01T13:13:00,0.57775,0.57785,0.57775,0.57785,19
2026-04-01T13:14:00,0.57785,0.5779,0.5778,0.5779,13
2026-04-01T13:15:00,0.57795,0.57795,0.57785,0.5779,46
2026-04-01T13:16:00,0.5779,0.57805,0.5779,0.57805,5
2026-04-01T13:17:00,0.578,0.578,0.57785,0.57785,24
2026-04-01T13:18:00,0.5779,0.57805,0.5779,0.578,17
2026-04-01T13:19:00,0.578,0.57805,0.578,0.57805,5
2026-04-01T13:20:00,0.578,0.5781,0.57795,0.57805,70
2026-04-01T13:21:00,0.57805,0.57805,0.5777,0.5777,28
2026-04-01T13:22:00,0.5777,0.5779,0.57765,0.5779,25
2026-04-01T13:23:00,0.57785,0.578,0.57785,0.578,19
2026-04-01T13:24:00,0.578,0.57815,0.578,0.57805,16
2026-04-01T13:25:00,0.5781,0.5781,0.5779,0.5779,10
2026-04-01T13:26:00,0.57795,0.578,0.5779,0.57795,24
2026-04-01T13:27:00,0.5779,0.5779,0.5779,0.5779,11
2026-04-01T13:28:00,0.57785,0.57785,0.5777,0.5777,24
2026-04-01T13:29:00,0.5777,0.57775,0.5777,0.57775,32
2026-04-01T13:30:00,0.5777,0.57785,0.57765,0.57785,85
2026-04-01T13:31:00,0.57785,0.57795,0.5777,0.5778,38
2026-04-01T13:32:00,0.5779,0.5782,0.5779,0.5782,68
2026-04-01T13:33:00,0.5782,0.57835,0.5782,0.57835,44
2026-04-01T13:34:00,0.5784,0.57845,0.57835,0.5784,28
2026-04-01T13:35:00,0.5783,0.5784,0.5783,0.5784,47
2026-04-01T13:36:00,0.57845,0.5785,0.57835,0.57835,18
2026-04-01T13:37:00,0.5783,0.57845,0.57825,0.57845,31
2026-04-01T13:38:00,0.57855,0.57875,0.57855,0.57875,50
2026-04-01T13:39:00,0.57875,0.5788,0.57865,0.57865,26
2026-04-01T13:40:00,0.5786,0.5786,0.57845,0.57855,25
2026-04-01T13:41:00,0.57845,0.5785,0.57835,0.5784,27
2026-04-01T13:42:00,0.5784,0.57845,0.57755,0.57785,373
2026-04-01T13:43:00,0.57785,0.57785,0.5776,0.57765,81
2026-04-01T13:44:00,0.57765,0.5779,0.5776,0.5779,70
2026-04-01T13:45:00,0.578,0.57815,0.57795,0.57795,65
2026-04-01T13:46:00,0.57805,0.57815,0.57805,0.57815,37
2026-04-01T13:47:00,0.5781,0.57815,0.57795,0.57795,59
2026-04-01T13:48:00,0.578,0.57825,0.5779,0.5781,60
2026-04-01T13:49:00,0.578,0.57815,0.578,0.57815,29
2026-04-01T13:50:00,0.5781,0.57815,0.5779,0.57805,43
2026-04-01T13:51:00,0.5781,0.5781,0.57795,0.57795,43
2026-04-01T13:52:00,0.578,0.5781,0.5779,0.5781,37
2026-04-01T13:53:00,0.5781,0.5783,0.5781,0.57815,47
2026-04-01T13:54:00,0.57805,0.57805,0.57795,0.57795,26
2026-04-01T13:55:00,0.57795,0.57795,0.5778,0.5779,26
2026-04-01T13:56:00,0.578,0.578,0.57795,0.57795,16
2026-04-01T13:57:00,0.578,0.57805,0.578,0.578,13
2026-04-01T13:58:00,0.578,0.578,0.5779,0.57795,14
2026-04-01T13:59:00,0.578,0.578,0.57795,0.57795,26
2026-04-01T14:00:00,0.5779,0.5779,0.5774,0.5775,190
2026-04-01T14:01:00,0.57755,0.57775,0.5775,0.57765,62
2026-04-01T14:02:00,0.5777,0.5777,0.5776,0.5777,36
2026-04-01T14:03:00,0.57775,0.5778,0.5776,0.5776,27
2026-04-01T14:04:00,0.5776,0.5776,0.57745,0.57745,15
2026-04-01T14:05:00,0.5776,0.5776,0.5774,0.5775,59
2026-04-01T14:06:00,0.5775,0.5775,0.5772,0.5772,133
2026-04-01T14:07:00,0.57725,0.57755,0.57725,0.57745,68
2026-04-01T14:08:00,0.57745,0.57765,0.5774,0.5776,30
2026-04-01T14:09:00,0.5776,0.57765,0.5774,0.5774,33
2026-04-01T14:10:00,0.57745,0.57745,0.57715,0.57735,49
2026-04-01T14:11:00,0.57735,0.57735,0.57715,0.57715,20
2026-04-01T14:12:00,0.5772,0.5775,0.5772,0.5775,41
2026-04-01T14:13:00,0.57745,0.5775,0.5774,0.5775,27
2026-04-01T14:14:00,0.5775,0.57755,0.5775,0.5775,38
2026-04-01T14:15:00,0.57755,0.57765,0.5775,0.5776,26
2026-04-01T14:16:00,0.57745,0.57765,0.57745,0.57765,15
2026-04-01T14:17:00,0.5776,0.57765,0.5775,0.5776,26
2026-04-01T14:18:00,0.5776,0.57765,0.57755,0.5776,25
2026-04-01T14:19:00,0.5776,0.5777,0.57755,0.5777,11
2026-04-01T14:20:00,0.57775,0.5778,0.5775,0.5775,126
2026-04-01T14:21:00,0.5775,0.57775,0.5775,0.57775,31
2026-04-01T14:22:00,0.57775,0.57805,0.57775,0.578,25
2026-04-01T14:23:00,0.57795,0.578,0.57785,0.578,47
2026-04-01T14:24:00,0.578,0.578,0.57765,0.57775,57
2026-04-01T14:25:00,0.5777,0.57785,0.57765,0.57785,27
2026-04-01T14:26:00,0.5779,0.5779,0.57765,0.57765,23
2026-04-01T14:27:00,0.5776,0.57775,0.5776,0.5777,13
2026-04-01T14:28:00,0.57775,0.57785,0.57775,0.57775,36
2026-04-01T14:29:00,0.57775,0.57785,0.57775,0.57785,11
2026-04-01T14:30:00,0.57785,0.57795,0.5778,0.5779,33
2026-04-01T14:31:00,0.5779,0.57795,0.5779,0.5779,36
2026-04-01T14:32:00,0.57785,0.5779,0.5778,0.5778,148
2026-04-01T14:33:00,0.5778,0.57795,0.5778,0.57785,492
2026-04-01T14:34:00,0.57785,0.57795,0.5778,0.5779,81
2026-04-01T14:35:00,0.5779,0.5779,0.57775,0.57775,108
2026-04-01T14:36:00,0.57775,0.57785,0.5775,0.57785,134
2026-04-01T14:37:00,0.5779,0.5779,0.57765,0.57775,34
2026-04-01T14:38:00,0.5779,0.57805,0.5779,0.578,38
2026-04-01T14:39:00,0.5779,0.5785,0.5779,0.57825,666
2026-04-01T14:40:00,0.57825,0.57825,0.57775,0.57785,148
2026-04-01T14:41:00,0.57785,0.57795,0.57775,0.57795,44
2026-04-01T14:42:00,0.578,0.57845,0.578,0.5784,91
2026-04-01T14:43:00,0.5783,0.5783,0.57815,0.5782,26
2026-04-01T14:44:00,0.57815,0.5782,0.5781,0.57815,24
2026-04-01T14:45:00,0.5782,0.57825,0.5781,0.57825,20
2026-04-01T14:46:00,0.5782,0.57825,0.5779,0.57795,32
2026-04-01T14:47:00,0.5779,0.5781,0.5779,0.5781,22
2026-04-01T14:48:00,0.5781,0.57825,0.5781,0.5782,21
2026-04-01T14:49:00,0.5783,0.5783,0.5781,0.5783,37
2026-04-01T14:50:00,0.57825,0.5783,0.57815,0.57815,67
2026-04-01T14:51:00,0.5781,0.5781,0.57805,0.57805,24
2026-04-01T14:52:00,0.5781,0.5781,0.578,0.57805,27
2026-04-01T14:53:00,0.57805,0.57835,0.57805,0.5782,114
2026-04-01T14:54:00,0.5782,0.57825,0.57805,0.5781,46
2026-04-01T14:55:00,0.57815,0.5782,0.5781,0.57815,104
2026-04-01T14:56:00,0.57805,0.57825,0.57805,0.57825,50
2026-04-01T14:57:00,0.5783,0.5783,0.5781,0.57815,127
2026-04-01T14:58:00,0.57815,0.5783,0.5781,0.5783,77
2026-04-01T14:59:00,0.5783,0.5783,0.5782,0.5782,51
2026-04-01T15:00:00,0.57825,0.57835,0.57825,0.57835,99
2026-04-01T15:01:00,0.57835,0.5784,0.5783,0.5783,117
2026-04-01T15:02:00,0.5783,0.5784,0.5783,0.5784,62
2026-04-01T15:03:00,0.5784,0.5786,0.5784,0.5785,14
2026-04-01T15:04:00,0.5785,0.5785,0.57835,0.5784,29
2026-04-01T15:05:00,0.5783,0.5783,0.5782,0.5783,15
2026-04-01T15:06:00,0.5784,0.57845,0.57825,0.57825,143
2026-04-01T15:07:00,0.57825,0.57845,0.57825,0.57845,12
2026-04-01T15:08:00,0.57845,0.57845,0.5783,0.5783,299
2026-04-01T15:09:00,0.5783,0.5783,0.57825,0.5783,8
2026-04-01T15:10:00,0.5783,0.5783,0.5782,0.5782,46
2026-04-01T15:11:00,0.5782,0.57825,0.5781,0.57815,23
2026-04-01T15:12:00,0.5781,0.57815,0.57805,0.57815,18
2026-04-01T15:13:00,0.57805,0.57805,0.57805,0.57805,14
2026-04-01T15:14:00,0.57805,0.57805,0.57795,0.578,210
2026-04-01T15:15:00,0.57805,0.57805,0.57795,0.578,14
2026-04-01T15:16:00,0.57805,0.57805,0.57805,0.57805,13
2026-04-01T15:17:00,0.5781,0.5781,0.57795,0.57795,6
2026-04-01T15:18:00,0.57795,0.578,0.57795,0.578,21
2026-04-01T15:19:00,0.578,0.5781,0.578,0.5781,3
2026-04-01T15:20:00,0.5781,0.5781,0.57805,0.57805,12
2026-04-01T15:21:00,0.57815,0.57815,0.57805,0.57805,12
2026-04-01T15:22:00,0.578,0.57805,0.57795,0.578,18
2026-04-01T15:23:00,0.5781,0.5781,0.578,0.578,13
2026-04-01T15:24:00,0.578,0.578,0.5778,0.5778,13
2026-04-01T15:25:00,0.57785,0.5779,0.57785,0.57785,27
2026-04-01T15:26:00,0.5779,0.57795,0.5778,0.57785,12
2026-04-01T15:27:00,0.5779,0.5779,0.5777,0.57775,25
2026-04-01T15:28:00,0.5777,0.5779,0.5777,0.5779,5
2026-04-01T15:29:00,0.57785,0.57785,0.5778,0.5778,6
2026-04-01T15:30:00,0.57775,0.57775,0.5777,0.57775,15
2026-04-01T15:31:00,0.57775,0.5779,0.57775,0.5779,21
2026-04-01T15:32:00,0.57795,0.57795,0.5779,0.57795,5
2026-04-01T15:33:00,0.5779,0.5779,0.5779,0.5779,4
2026-04-01T15:34:00,0.57795,0.57795,0.57795,0.57795,8
2026-04-01T15:35:00,0.57805,0.5781,0.57795,0.578,25
2026-04-01T15:36:00,0.57805,0.5781,0.578,0.5781,13
2026-04-01T15:37:00,0.5781,0.57815,0.5781,0.57815,4
2026-04-01T15:38:00,0.5781,0.5781,0.5781,0.5781,1
2026-04-01T15:39:00,0.57815,0.57825,0.57815,0.57825,8
2026-04-01T15:40:00,0.57825,0.57825,0.5781,0.5781,13
2026-04-01T15:41:00,0.57815,0.5782,0.57815,0.5782,7
2026-04-01T15:42:00,0.57815,0.57825,0.57815,0.57825,16
2026-04-01T15:43:00,0.5782,0.5782,0.5782,0.5782,9
2026-04-01T15:44:00,0.5783,0.5783,0.5783,0.5783,10
2026-04-01T15:45:00,0.5783,0.57835,0.5783,0.5783,4
2026-04-01T15:46:00,0.5783,0.5783,0.5783,0.5783,8
2026-04-01T15:47:00,0.57825,0.57825,0.57825,0.57825,1
2026-04-01T15:48:00,0.5783,0.5783,0.57825,0.57825,4
2026-04-01T15:49:00,0.5783,0.5783,0.57825,0.57825,3
2026-04-01T15:50:00,0.5783,0.57835,0.5783,0.57835,16
2026-04-01T15:51:00,0.57835,0.5784,0.5783,0.57835,32
2026-04-01T15:52:00,0.5784,0.5784,0.57835,0.57835,9
2026-04-01T15:53:00,0.57835,0.5785,0.57835,0.5785,17
2026-04-01T15:54:00,0.57845,0.57845,0.57845,0.57845,1
2026-04-01T15:55:00,0.57845,0.57845,0.57835,0.5784,42
2026-04-01T15:56:00,0.57845,0.5785,0.57845,0.5785,10
2026-04-01T15:57:00,0.5785,0.5785,0.57845,0.57845,11
2026-04-01T15:58:00,0.57845,0.5785,0.57845,0.5785,30
2026-04-01T15:59:00,0.57845,0.57845,0.5784,0.5784,14
2026-04-01T16:00:00,0.5784,0.5785,0.5784,0.5784,25
2026-04-01T16:01:00,0.57845,0.5785,0.57845,0.5785,14
2026-04-01T16:02:00,0.57855,0.57855,0.57845,0.57845,15
2026-04-01T16:03:00,0.57825,0.5783,0.57825,0.5783,6
2026-04-01T16:04:00,0.5782,0.5782,0.5782,0.5782,10
2026-04-01T16:05:00,0.5783,0.5783,0.57825,0.57825,4
2026-04-01T16:06:00,0.5783,0.57835,0.5783,0.5783,15
2026-04-01T16:07:00,0.5782,0.57845,0.5782,0.5782,311
2026-04-01T16:09:00,0.57825,0.57835,0.57825,0.57835,5
2026-04-01T16:10:00,0.57825,0.57825,0.57825,0.57825,11
2026-04-01T16:11:00,0.57815,0.57815,0.578,0.57805,19
2026-04-01T16:12:00,0.57805,0.57805,0.57805,0.57805,3
2026-04-01T16:13:00,0.578,0.57805,0.57795,0.57795,19
2026-04-01T16:14:00,0.5779,0.5779,0.57785,0.5779,21
2026-04-01T16:15:00,0.5779,0.5779,0.5778,0.5778,4
2026-04-01T16:16:00,0.57785,0.57785,0.57785,0.57785,1
2026-04-01T16:17:00,0.5779,0.578,0.5779,0.578,8
2026-04-01T16:18:00,0.5781,0.5781,0.5781,0.5781,4
2026-04-01T16:19:00,0.57815,0.5782,0.57815,0.5782,15
2026-04-01T16:21:00,0.5782,0.5782,0.5782,0.5782,3
2026-04-01T16:22:00,0.57825,0.57825,0.57825,0.57825,17
2026-04-01T16:23:00,0.5783,0.5783,0.5783,0.5783,3
2026-04-01T16:24:00,0.5782,0.5782,0.5782,0.5782,1
2026-04-01T16:25:00,0.57815,0.57815,0.57815,0.57815,14
2026-04-01T16:26:00,0.5782,0.5782,0.57815,0.57815,9
2026-04-01T16:27:00,0.5781,0.5781,0.5781,0.5781,3
2026-04-01T16:28:00,0.5782,0.5782,0.57805,0.57805,28
2026-04-01T16:29:00,0.57805,0.5781,0.57805,0.5781,12
2026-04-01T16:30:00,0.5781,0.57815,0.5781,0.57815,7
2026-04-01T16:31:00,0.57815,0.5782,0.57815,0.57815,23
2026-04-01T16:32:00,0.57805,0.5782,0.57805,0.5782,12
2026-04-01T16:33:00,0.57815,0.5782,0.57815,0.5782,4
2026-04-01T16:34:00,0.5782,0.57825,0.57815,0.5782,13
2026-04-01T16:35:00,0.57825,0.57825,0.57825,0.57825,6
2026-04-01T16:36:00,0.5782,0.57825,0.5782,0.57825,10
2026-04-01T16:37:00,0.57815,0.57825,0.57815,0.57825,9
2026-04-01T16:38:00,0.5782,0.5782,0.5782,0.5782,3
2026-04-01T16:39:00,0.5782,0.5782,0.5782,0.5782,5
2026-04-01T16:40:00,0.5781,0.57815,0.5781,0.57815,4
2026-04-01T16:41:00,0.57815,0.57815,0.57815,0.57815,6
2026-04-01T16:42:00,0.57805,0.5781,0.57805,0.5781,2
2026-04-01T16:43:00,0.57815,0.57815,0.57815,0.57815,7
2026-04-01T16:44:00,0.57815,0.5782,0.57815,0.5782,10
2026-04-01T16:45:00,0.57825,0.57825,0.57825,0.57825,1
2026-04-01T16:46:00,0.57825,0.5783,0.57825,0.5783,6
2026-04-01T16:47:00,0.5783,0.5784,0.5783,0.57835,6
2026-04-01T16:48:00,0.57835,0.57835,0.57835,0.57835,1
2026-04-01T16:49:00,0.57835,0.57835,0.57835,0.57835,2
2026-04-01T16:50:00,0.5784,0.57845,0.5784,0.5784,10
2026-04-01T16:51:00,0.57845,0.57845,0.57845,0.57845,10
2026-04-01T16:52:00,0.57845,0.5785,0.57845,0.57845,6
2026-04-01T16:53:00,0.5785,0.57855,0.5785,0.57855,6
2026-04-01T16:54:00,0.57855,0.5786,0.57855,0.5786,4
2026-04-01T16:55:00,0.5786,0.5786,0.5786,0.5786,6
2026-04-01T16:56:00,0.5786,0.57865,0.5786,0.57865,5
2026-04-01T16:57:00,0.5787,0.57875,0.5787,0.57875,8
2026-04-01T16:58:00,0.57875,0.5788,0.57875,0.5788,13
2026-04-01T16:59:00,0.57875,0.5788,0.57875,0.5788,10
2026-04-01T17:00:00,0.57875,0.5788,0.57875,0.5788,10
2026-04-01T17:01:00,0.5788,0.5788,0.57875,0.5788,139
2026-04-01T17:02:00,0.57885,0.57885,0.57875,0.57875,105
2026-04-01T17:03:00,0.57875,0.5788,0.57875,0.5788,118
2026-04-01T17:04:00,0.5788,0.5789,0.5788,0.5788,51
2026-04-01T17:05:00,0.5788,0.57895,0.5788,0.57895,135
2026-04-01T17:06:00,0.57895,0.57905,0.57895,0.579,22
2026-04-01T17:07:00,0.57895,0.57895,0.57885,0.57885,25
2026-04-01T17:08:00,0.5789,0.5789,0.5788,0.5788,28
2026-04-01T17:09:00,0.57875,0.57875,0.5786,0.5786,47
2026-04-01T17:10:00,0.5786,0.5786,0.57855,0.57855,26
2026-04-01T17:11:00,0.57875,0.5788,0.57875,0.57875,4
2026-04-01T17:12:00,0.57875,0.57875,0.5787,0.5787,4
2026-04-01T17:13:00,0.5787,0.5787,0.57865,0.57865,8
2026-04-01T17:14:00,0.5787,0.5787,0.5787,0.5787,1
2026-04-01T17:15:00,0.5787,0.57875,0.57865,0.57875,13
2026-04-01T17:16:00,0.57875,0.57875,0.57875,0.57875,11
2026-04-01T17:17:00,0.5787,0.5787,0.57865,0.57865,18
2026-04-01T17:18:00,0.57865,0.57865,0.57865,0.57865,1
2026-04-01T17:19:00,0.57865,0.57865,0.57865,0.57865,2
2026-04-01T17:20:00,0.5787,0.5787,0.5787,0.5787,6
2026-04-01T17:21:00,0.57875,0.57885,0.57875,0.57885,11
2026-04-01T17:22:00,0.57885,0.57885,0.5787,0.5787,9
2026-04-01T17:23:00,0.57865,0.57865,0.5786,0.57865,20
2026-04-01T17:24:00,0.57865,0.57865,0.57865,0.57865,6
2026-04-01T17:25:00,0.57855,0.57855,0.57855,0.57855,5
2026-04-01T17:26:00,0.57855,0.57855,0.5785,0.5785,13
2026-04-01T17:27:00,0.5784,0.57845,0.5784,0.57845,15
2026-04-01T17:28:00,0.57845,0.57845,0.5784,0.5784,8
2026-04-01T17:30:00,0.57835,0.57835,0.57825,0.57825,11
2026-04-01T17:31:00,0.5783,0.5783,0.5782,0.57825,6
2026-04-01T17:32:00,0.57825,0.57825,0.57815,0.57815,9
2026-04-01T17:33:00,0.57815,0.57815,0.57805,0.57805,4
2026-04-01T17:34:00,0.578,0.578,0.5778,0.57785,45
2026-04-01T17:35:00,0.57785,0.57785,0.57775,0.57775,19
2026-04-01T17:36:00,0.5778,0.57785,0.5778,0.5778,23
2026-04-01T17:37:00,0.57775,0.57785,0.57775,0.57785,9
2026-04-01T17:38:00,0.5779,0.578,0.5779,0.578,12
2026-04-01T17:39:00,0.57805,0.5781,0.57805,0.5781,7
2026-04-01T17:40:00,0.57815,0.57815,0.5781,0.5781,3
2026-04-01T17:41:00,0.5781,0.5781,0.5781,0.5781,1
2026-04-01T17:42:00,0.5781,0.57815,0.5781,0.57815,8
2026-04-01T17:45:00,0.57805,0.57805,0.57785,0.57785,265
2026-04-01T17:46:00,0.5779,0.57795,0.5779,0.57795,14
2026-04-01T17:47:00,0.5779,0.5779,0.5779,0.5779,10
2026-04-01T17:48:00,0.5779,0.5779,0.57785,0.57785,4
2026-04-01T17:49:00,0.5779,0.5779,0.57775,0.57775,7
2026-04-01T17:50:00,0.5778,0.5778,0.5777,0.5777,8
2026-04-01T17:51:00,0.57775,0.57775,0.57775,0.57775,11
2026-04-01T17:52:00,0.57765,0.57765,0.5776,0.57765,15
2026-04-01T17:53:00,0.57765,0.57765,0.57755,0.57755,6
2026-04-01T17:54:00,0.57755,0.5776,0.5775,0.57755,21
2026-04-01T17:55:00,0.57755,0.5776,0.57755,0.57755,9
2026-04-01T17:56:00,0.57755,0.57755,0.57755,0.57755,11
2026-04-01T17:57:00,0.57755,0.57755,0.57745,0.57745,24
2026-04-01T17:58:00,0.57745,0.57745,0.57735,0.57735,13
2026-04-01T17:59:00,0.57735,0.5774,0.57735,0.57735,37
2026-04-01T18:00:00,0.5773,0.57735,0.57725,0.57725,46
2026-04-01T18:01:00,0.57725,0.5773,0.57725,0.5773,3
2026-04-01T18:02:00,0.57725,0.57725,0.577,0.57705,56
2026-04-01T18:03:00,0.57705,0.57705,0.57685,0.5769,11
2026-04-01T18:04:00,0.57685,0.57685,0.5768,0.57685,10
2026-04-01T18:05:00,0.57695,0.5771,0.57695,0.5771,16
2026-04-01T18:06:00,0.5771,0.5771,0.57705,0.5771,5
2026-04-01T18:07:00,0.57705,0.57705,0.577,0.577,12
2026-04-01T18:08:00,0.577,0.577,0.5769,0.5769,9
2026-04-01T18:09:00,0.5769,0.57695,0.57685,0.5769,10
2026-04-01T18:10:00,0.57695,0.57695,0.5769,0.5769,3
2026-04-01T18:11:00,0.57695,0.57695,0.57695,0.57695,15
2026-04-01T18:12:00,0.57695,0.57695,0.57685,0.57685,8
2026-04-01T18:13:00,0.5768,0.5768,0.57675,0.57675,6
2026-04-01T18:14:00,0.57675,0.57675,0.57665,0.57665,14
2026-04-01T18:15:00,0.57665,0.57665,0.57655,0.57665,15
2026-04-01T18:16:00,0.57665,0.57665,0.57655,0.57655,21
2026-04-01T18:17:00,0.57655,0.57655,0.57645,0.57645,19
2026-04-01T18:18:00,0.57645,0.57645,0.5764,0.5764,24
2026-04-01T18:19:00,0.57635,0.57635,0.57625,0.57625,22
2026-04-01T18:20:00,0.57635,0.57635,0.5762,0.5762,50
2026-04-01T18:21:00,0.57615,0.57615,0.5761,0.5761,26
2026-04-01T18:22:00,0.5761,0.5762,0.5761,0.57615,19
2026-04-01T18:23:00,0.57615,0.5762,0.57615,0.5762,6
2026-04-01T18:24:00,0.57615,0.57615,0.576,0.57605,54
2026-04-01T18:25:00,0.5761,0.5761,0.576,0.57605,29
2026-04-01T18:26:00,0.57615,0.57615,0.57615,0.57615,1
2026-04-01T18:27:00,0.57605,0.57605,0.57605,0.57605,1
2026-04-01T18:28:00,0.57605,0.57605,0.576,0.57605,11
2026-04-01T18:29:00,0.576,0.576,0.576,0.576,4
2026-04-01T18:30:00,0.57595,0.576,0.57595,0.576,7
2026-04-01T18:31:00,0.576,0.576,0.576,0.576,1
2026-04-01T18:32:00,0.57605,0.57605,0.57595,0.57595,11
2026-04-01T18:33:00,0.57595,0.57595,0.57595,0.57595,20
2026-04-01T18:34:00,0.57595,0.57595,0.57595,0.57595,1
2026-04-01T18:35:00,0.5759,0.5759,0.5758,0.57585,31
2026-04-01T18:36:00,0.5758,0.5759,0.5758,0.5759,14
2026-04-01T18:37:00,0.57595,0.57595,0.5758,0.5758,56
2026-04-01T18:38:00,0.5758,0.5758,0.57575,0.57575,2
2026-04-01T18:39:00,0.5758,0.57595,0.5758,0.57595,15
2026-04-01T18:40:00,0.576,0.57625,0.576,0.57625,20
2026-04-01T18:41:00,0.5763,0.5765,0.5763,0.5764,21
2026-04-01T18:42:00,0.5764,0.57645,0.57635,0.57645,11
2026-04-01T18:43:00,0.57635,0.57635,0.57635,0.57635,5
2026-04-01T18:44:00,0.57635,0.57635,0.57635,0.57635,3
2026-04-01T18:45:00,0.57635,0.57635,0.5762,0.5762,40
2026-04-01T18:46:00,0.5762,0.5762,0.57605,0.57605,41
2026-04-01T18:47:00,0.5762,0.57625,0.5762,0.5762,8
2026-04-01T18:48:00,0.5764,0.5764,0.5763,0.5763,12
2026-04-01T18:49:00,0.5762,0.57625,0.5762,0.5762,4
2026-04-01T18:50:00,0.57625,0.57625,0.5762,0.5762,14
2026-04-01T18:51:00,0.57615,0.5762,0.5761,0.5762,43
2026-04-01T18:52:00,0.5762,0.5762,0.5762,0.5762,14
2026-04-01T18:53:00,0.57625,0.5763,0.57615,0.57615,19
2026-04-01T18:54:00,0.5761,0.5762,0.5761,0.5762,10
2026-04-01T18:55:00,0.5762,0.5762,0.57615,0.57615,25
2026-04-01T18:56:00,0.5761,0.57615,0.5761,0.57615,9
2026-04-01T18:57:00,0.57615,0.5762,0.5761,0.5762,13
2026-04-01T18:58:00,0.5762,0.5762,0.57605,0.57605,25
2026-04-01T18:59:00,0.5761,0.5761,0.57595,0.57595,302
2026-04-01T19:00:00,0.57595,0.576,0.57585,0.576,273
2026-04-01T19:01:00,0.576,0.5761,0.576,0.57605,10
2026-04-01T19:02:00,0.57605,0.5761,0.57605,0.5761,11
2026-04-01T19:03:00,0.57605,0.57605,0.576,0.57605,15
2026-04-01T19:04:00,0.57605,0.57605,0.57595,0.57595,24
2026-04-01T19:05:00,0.576,0.57605,0.576,0.57605,3
2026-04-01T19:06:00,0.57615,0.57615,0.57615,0.57615,1
2026-04-01T19:07:00,0.57615,0.57625,0.57615,0.5762,7
2026-04-01T19:08:00,0.57625,0.57625,0.57615,0.57615,12
2026-04-01T19:09:00,0.5762,0.5762,0.57615,0.5762,6
2026-04-01T19:10:00,0.57615,0.57615,0.57615,0.57615,6
2026-04-01T19:11:00,0.57615,0.57615,0.57615,0.57615,2
2026-04-01T19:12:00,0.57625,0.57625,0.57625,0.57625,18
2026-04-01T19:13:00,0.57625,0.57625,0.5761,0.57615,22
2026-04-01T19:14:00,0.5762,0.5762,0.5762,0.5762,1
2026-04-01T19:15:00,0.5762,0.5762,0.5762,0.5762,7
2026-04-01T19:16:00,0.57615,0.5762,0.57615,0.5762,10
2026-04-01T19:17:00,0.5762,0.5762,0.57615,0.5762,5
2026-04-01T19:18:00,0.57615,0.57615,0.57615,0.57615,4
2026-04-01T19:19:00,0.57615,0.57615,0.57615,0.57615,34
2026-04-01T19:20:00,0.5761,0.57615,0.5761,0.57615,23
2026-04-01T19:22:00,0.5761,0.5761,0.5761,0.5761,6
2026-04-01T19:23:00,0.57605,0.57605,0.57605,0.57605,1
2026-04-01T19:25:00,0.5761,0.5762,0.5761,0.5762,7
2026-04-01T19:26:00,0.5761,0.5762,0.5761,0.57615,10
2026-04-01T19:27:00,0.5762,0.57625,0.5762,0.57625,10
2026-04-01T19:28:00,0.57625,0.57625,0.57625,0.57625,8
2026-04-01T19:29:00,0.5763,0.5763,0.5763,0.5763,10
2026-04-01T19:30:00,0.57625,0.5763,0.57625,0.5763,20
2026-04-01T19:31:00,0.5763,0.5763,0.57625,0.57625,2
2026-04-01T19:32:00,0.57625,0.57625,0.57625,0.57625,7
2026-04-01T19:33:00,0.57625,0.57625,0.57625,0.57625,1
2026-04-01T19:34:00,0.5763,0.5763,0.5763,0.5763,2
2026-04-01T19:35:00,0.57635,0.5764,0.57635,0.57635,6
2026-04-01T19:36:00,0.57645,0.57655,0.57645,0.57655,31
2026-04-01T19:37:00,0.5765,0.57655,0.5765,0.5765,6
2026-04-01T19:38:00,0.5765,0.5765,0.5765,0.5765,4
2026-04-01T19:39:00,0.5766,0.5766,0.5766,0.5766,1
2026-04-01T19:40:00,0.5766,0.57665,0.5766,0.5766,8
2026-04-01T19:41:00,0.57665,0.5767,0.57665,0.5767,7
2026-04-01T19:43:00,0.5767,0.5767,0.5767,0.5767,18
2026-04-01T19:44:00,0.5766,0.57665,0.5766,0.57665,3
2026-04-01T19:45:00,0.57655,0.5767,0.57655,0.5767,11
2026-04-01T19:46:00,0.5767,0.5767,0.5766,0.5766,32
2026-04-01T19:47:00,0.57665,0.5767,0.5766,0.57665,32
2026-04-01T19:48:00,0.5767,0.5767,0.5767,0.5767,10
2026-04-01T19:50:00,0.57665,0.57665,0.5764,0.5764,28
2026-04-01T19:51:00,0.5764,0.5765,0.5764,0.5765,12
2026-04-01T19:52:00,0.5765,0.5765,0.5764,0.5764,10
2026-04-01T19:53:00,0.5764,0.5764,0.5764,0.5764,1
2026-04-01T19:54:00,0.5764,0.5765,0.5764,0.5765,23
2026-04-01T19:55:00,0.57645,0.57645,0.57645,0.57645,4
2026-04-01T19:56:00,0.57645,0.5766,0.57645,0.57645,149
2026-04-01T19:57:00,0.57645,0.57645,0.57645,0.57645,37
2026-04-01T19:58:00,0.57645,0.57655,0.5764,0.57655,92
2026-04-01T19:59:00,0.5765,0.57655,0.57645,0.5765,54
2026-04-01T20:01:00,0.57645,0.57645,0.57645,0.57645,1
2026-04-01T20:03:00,0.5765,0.5765,0.5765,0.5765,6
2026-04-01T20:04:00,0.57645,0.57645,0.57645,0.57645,3
2026-04-01T20:05:00,0.57655,0.57665,0.57655,0.57665,9
2026-04-01T20:06:00,0.57665,0.5767,0.57665,0.5767,4
2026-04-01T20:07:00,0.5767,0.5767,0.5767,0.5767,2
2026-04-01T20:11:00,0.5767,0.5767,0.57665,0.57665,9
2026-04-01T20:15:00,0.57675,0.57675,0.57675,0.57675,3
2026-04-01T20:17:00,0.5767,0.5767,0.5767,0.5767,1
2026-04-01T20:19:00,0.57675,0.57675,0.57675,0.57675,2
2026-04-01T20:22:00,0.5767,0.5767,0.5767,0.5767,1
2026-04-01T20:25:00,0.57665,0.5767,0.57665,0.5767,4
2026-04-01T20:26:00,0.5767,0.5767,0.5767,0.5767,1
2026-04-01T20:27:00,0.5767,0.5767,0.5767,0.5767,11
2026-04-01T20:28:00,0.5767,0.5767,0.5767,0.5767,4
2026-04-01T20:29:00,0.5767,0.5767,0.57665,0.57665,5
2026-04-01T20:30:00,0.5767,0.5767,0.57665,0.57665,4
2026-04-01T20:31:00,0.5767,0.5767,0.5767,0.5767,3
2026-04-01T20:32:00,0.57675,0.57675,0.57675,0.57675,6
2026-04-01T20:33:00,0.5768,0.5768,0.5768,0.5768,12
2026-04-01T20:35:00,0.5768,0.5768,0.5768,0.5768,1
2026-04-01T20:36:00,0.57675,0.5768,0.57675,0.5768,32
2026-04-01T20:38:00,0.57685,0.57685,0.57685,0.57685,10
2026-04-01T20:40:00,0.5769,0.5769,0.5769,0.5769,1
2026-04-01T20:44:00,0.5769,0.5769,0.5769,0.5769,8
2026-04-01T20:50:00,0.57695,0.57695,0.57695,0.57695,6
2026-04-01T20:52:00,0.57685,0.57685,0.57685,0.57685,1
2026-04-01T20:54:00,0.57685,0.57685,0.5768,0.5768,7
2026-04-01T20:55:00,0.5768,0.57685,0.5768,0.57685,11
2026-04-01T20:56:00,0.57685,0.57685,0.57685,0.57685,2
2026-04-01T20:57:00,0.57685,0.57685,0.5768,0.5768,19
2026-04-01T20:58:00,0.5768,0.57685,0.5768,0.57685,6
2026-04-01T20:59:00,0.57675,0.57675,0.57675,0.57675,16
2026-04-01T22:00:00,0.57685,0.57695,0.57665,0.57695,43
2026-04-01T22:01:00,0.57695,0.57695,0.57685,0.57685,8
2026-04-01T22:03:00,0.57675,0.57675,0.5767,0.5767,23
2026-04-01T22:04:00,0.57675,0.5768,0.57675,0.5768,5
2026-04-01T22:05:00,0.57675,0.57675,0.5767,0.57675,13
2026-04-01T22:06:00,0.5768,0.57685,0.5768,0.57685,5
2026-04-01T22:08:00,0.5768,0.5768,0.5768,0.5768,1
2026-04-01T22:09:00,0.5768,0.5768,0.5768,0.5768,1
2026-04-01T22:10:00,0.5768,0.5768,0.5768,0.5768,3
2026-04-01T22:11:00,0.57675,0.57675,0.57675,0.57675,2
2026-04-01T22:12:00,0.57675,0.57675,0.57675,0.57675,1
2026-04-01T22:15:00,0.5768,0.5768,0.5768,0.5768,1
2026-04-01T22:17:00,0.5768,0.5768,0.5767,0.5767,29
2026-04-01T22:18:00,0.57675,0.57675,0.57675,0.57675,4
2026-04-01T22:20:00,0.5767,0.5767,0.5767,0.5767,1
2026-04-01T22:27:00,0.57675,0.57675,0.57675,0.57675,7
2026-04-01T22:28:00,0.5768,0.5768,0.5768,0.5768,11
2026-04-01T22:29:00,0.5768,0.5768,0.5768,0.5768,1
2026-04-01T22:30:00,0.57685,0.57685,0.57685,0.57685,2
2026-04-01T22:31:00,0.57685,0.57685,0.57685,0.57685,1
2026-04-01T22:33:00,0.5768,0.5768,0.5768,0.5768,6
2026-04-01T22:34:00,0.57675,0.57675,0.57675,0.57675,1
2026-04-01T22:36:00,0.57675,0.57675,0.57675,0.57675,16
2026-04-01T22:40:00,0.57675,0.5768,0.57675,0.5768,32
2026-04-01T22:41:00,0.5768,0.577,0.5768,0.57695,133
2026-04-01T22:42:00,0.5769,0.5769,0.57685,0.57685,9
2026-04-01T22:43:00,0.57685,0.5769,0.57685,0.5769,4
2026-04-01T22:48:00,0.5769,0.5769,0.5769,0.5769,2
2026-04-01T22:49:00,0.577,0.577,0.577,0.577,9
2026-04-01T22:50:00,0.577,0.577,0.57695,0.577,21
2026-04-01T22:51:00,0.57695,0.57695,0.57695,0.57695,9
2026-04-01T22:52:00,0.57695,0.57695,0.5769,0.57695,41
2026-04-01T22:53:00,0.57695,0.57695,0.57695,0.57695,8
2026-04-01T22:54:00,0.57695,0.57695,0.5769,0.5769,3
2026-04-01T22:55:00,0.57675,0.57675,0.5767,0.5767,2
2026-04-01T22:56:00,0.57665,0.57665,0.57665,0.57665,9
2026-04-01T22:57:00,0.5766,0.57665,0.5766,0.5766,12
2026-04-01T22:58:00,0.57655,0.57665,0.57655,0.57665,31
2026-04-01T22:59:00,0.5766,0.57665,0.5766,0.57665,7
2026-04-01T23:00:00,0.5767,0.57675,0.57665,0.57665,101
2026-04-01T23:01:00,0.57665,0.57665,0.57665,0.57665,23
2026-04-01T23:02:00,0.5767,0.5767,0.5767,0.5767,7
2026-04-01T23:03:00,0.5767,0.5767,0.5767,0.5767,2
2026-04-01T23:04:00,0.57675,0.57675,0.57675,0.57675,1
2026-04-01T23:05:00,0.57675,0.57675,0.57675,0.57675,9
2026-04-01T23:06:00,0.5767,0.5767,0.5767,0.5767,24
2026-04-01T23:07:00,0.5767,0.5767,0.5767,0.5767,20
2026-04-01T23:08:00,0.57675,0.57675,0.57675,0.57675,1
2026-04-01T23:09:00,0.57675,0.57675,0.57675,0.57675,6
2026-04-01T23:10:00,0.57675,0.57675,0.57675,0.57675,1
2026-04-01T23:12:00,0.57675,0.57675,0.57675,0.57675,14
2026-04-01T23:13:00,0.5768,0.5768,0.5768,0.5768,1
2026-04-01T23:14:00,0.5768,0.5768,0.5768,0.5768,3
2026-04-01T23:15:00,0.5768,0.5768,0.5768,0.5768,5
2026-04-01T23:16:00,0.5768,0.5768,0.57675,0.57675,26
2026-04-01T23:20:00,0.5767,0.5767,0.5766,0.57665,34
2026-04-01T23:21:00,0.57665,0.57665,0.5766,0.5766,26
2026-04-01T23:22:00,0.57665,0.57665,0.57665,0.57665,1
2026-04-01T23:23:00,0.57655,0.57655,0.57655,0.57655,53
2026-04-01T23:24:00,0.5765,0.5765,0.57645,0.57645,18
2026-04-01T23:25:00,0.5764,0.5764,0.57635,0.57635,10
2026-04-01T23:26:00,0.5764,0.5764,0.5764,0.5764,36
2026-04-01T23:27:00,0.57635,0.57635,0.5763,0.5763,69
2026-04-01T23:28:00,0.57635,0.5764,0.57635,0.5764,8
2026-04-01T23:29:00,0.5764,0.57645,0.5764,0.5764,19
2026-04-01T23:30:00,0.57645,0.57645,0.57645,0.57645,1
2026-04-01T23:33:00,0.57645,0.57645,0.57645,0.57645,5
2026-04-01T23:34:00,0.5764,0.5764,0.5764,0.5764,6
2026-04-01T23:35:00,0.5764,0.5764,0.5764,0.5764,3
2026-04-01T23:36:00,0.5764,0.5764,0.5764,0.5764,3
2026-04-01T23:37:00,0.5764,0.5764,0.5764,0.5764,8
2026-04-01T23:38:00,0.57645,0.57645,0.57635,0.57635,16
2026-04-01T23:39:00,0.5764,0.5764,0.5764,0.5764,2
2026-04-01T23:40:00,0.5764,0.5764,0.57635,0.5764,32
2026-04-01T23:41:00,0.57635,0.5765,0.57635,0.5765,3
2026-04-01T23:42:00,0.57655,0.57655,0.5765,0.5765,11
2026-04-01T23:43:00,0.57645,0.57645,0.57645,0.57645,7
2026-04-01T23:44:00,0.57645,0.57645,0.57645,0.57645,1
2026-04-01T23:45:00,0.57645,0.57645,0.5764,0.5764,5
2026-04-01T23:46:00,0.5764,0.5764,0.57635,0.5764,18
2026-04-01T23:47:00,0.57645,0.57645,0.5764,0.5764,23
2026-04-01T23:48:00,0.5764,0.5764,0.5764,0.5764,2
2026-04-01T23:49:00,0.5764,0.5764,0.5764,0.5764,1
2026-04-01T23:50:00,0.57645,0.57645,0.5763,0.5763,38
2026-04-01T23:51:00,0.57625,0.57625,0.5762,0.5762,17
2026-04-01T23:52:00,0.5763,0.5763,0.5763,0.5763,3
2026-04-01T23:54:00,0.5764,0.5764,0.5764,0.5764,1
2026-04-01T23:57:00,0.57635,0.57635,0.57635,0.57635,1
2026-04-01T23:58:00,0.57635,0.5764,0.57635,0.5764,2
2026-04-02T00:00:00,0.57625,0.57625,0.5761,0.57615,19
2026-04-02T00:01:00,0.5762,0.5762,0.57615,0.5762,7
2026-04-02T00:03:00,0.57625,0.57625,0.57625,0.57625,10
2026-04-02T00:04:00,0.57635,0.57635,0.57635,0.57635,1
2026-04-02T00:05:00,0.57645,0.5765,0.57645,0.5765,15
2026-04-02T00:06:00,0.5765,0.5765,0.5765,0.5765,1
2026-04-02T00:07:00,0.57645,0.57645,0.5764,0.5764,6
2026-04-02T00:08:00,0.5764,0.57645,0.5764,0.57645,25
2026-04-02T00:09:00,0.57645,0.57645,0.57645,0.57645,6
2026-04-02T00:10:00,0.57645,0.57645,0.5764,0.57645,14
2026-04-02T00:11:00,0.5764,0.5764,0.5764,0.5764,5
2026-04-02T00:12:00,0.5764,0.5764,0.57635,0.57635,8
2026-04-02T00:13:00,0.5764,0.5764,0.5764,0.5764,1
2026-04-02T00:14:00,0.57635,0.5764,0.57635,0.5764,8
2026-04-02T00:15:00,0.5764,0.5764,0.57635,0.5764,3
2026-04-02T00:16:00,0.5764,0.57655,0.5764,0.57655,10
2026-04-02T00:18:00,0.5764,0.5764,0.5764,0.5764,3
2026-04-02T00:19:00,0.5765,0.5765,0.5765,0.5765,3
2026-04-02T00:21:00,0.5763,0.57635,0.5763,0.57635,5
2026-04-02T00:22:00,0.57625,0.5763,0.57625,0.5763,3
2026-04-02T00:23:00,0.57635,0.57635,0.57635,0.57635,10
2026-04-02T00:24:00,0.5763,0.57635,0.5763,0.5763,13
2026-04-02T00:25:00,0.57625,0.57635,0.57625,0.57635,6
2026-04-02T00:26:00,0.57635,0.57635,0.5763,0.5763,4
2026-04-02T00:27:00,0.5763,0.5763,0.5763,0.5763,1
2026-04-02T00:28:00,0.57635,0.57635,0.5763,0.5763,4
2026-04-02T00:29:00,0.57625,0.57625,0.57625,0.57625,3
2026-04-02T00:30:00,0.5763,0.57645,0.57625,0.5764,36
2026-04-02T00:31:00,0.57645,0.57645,0.57635,0.57635,19
2026-04-02T00:32:00,0.57635,0.5764,0.57635,0.5764,3
2026-04-02T00:34:00,0.57655,0.57655,0.5765,0.5765,10
2026-04-02T00:35:00,0.5765,0.5765,0.5765,0.5765,2
2026-04-02T00:36:00,0.5765,0.57655,0.5765,0.57655,5
2026-04-02T00:37:00,0.57655,0.57655,0.5765,0.57655,13
2026-04-02T00:38:00,0.57645,0.57645,0.57645,0.57645,4
2026-04-02T00:39:00,0.5765,0.57655,0.5765,0.57655,7
2026-04-02T00:40:00,0.57655,0.57655,0.5765,0.57655,26
2026-04-02T00:42:00,0.57685,0.577,0.57685,0.577,31
2026-04-02T00:43:00,0.577,0.577,0.57695,0.57695,13
2026-04-02T00:44:00,0.57705,0.57705,0.577,0.577,13
2026-04-02T00:45:00,0.57695,0.57695,0.57685,0.57685,15
2026-04-02T00:46:00,0.5769,0.5769,0.5769,0.5769,1
2026-04-02T00:47:00,0.5769,0.5769,0.5769,0.5769,2
2026-04-02T00:49:00,0.5768,0.5768,0.5768,0.5768,1
2026-04-02T00:50:00,0.5768,0.5768,0.5768,0.5768,13
2026-04-02T00:51:00,0.57675,0.5768,0.57675,0.5768,2
2026-04-02T00:52:00,0.5768,0.57685,0.5768,0.57685,6
2026-04-02T00:53:00,0.5769,0.5769,0.57685,0.5769,32
2026-04-02T00:54:00,0.57705,0.57705,0.577,0.577,13
2026-04-02T00:55:00,0.57695,0.57695,0.5768,0.5768,4
2026-04-02T00:58:00,0.57695,0.577,0.57695,0.57695,7
2026-04-02T00:59:00,0.5771,0.5771,0.577,0.57705,14
2026-04-02T01:00:00,0.577,0.57705,0.57665,0.5767,50
2026-04-02T01:01:00,0.57675,0.5768,0.5767,0.5767,20
2026-04-02T01:02:00,0.57675,0.5768,0.5766,0.5767,17
2026-04-02T01:03:00,0.5767,0.57675,0.57565,0.5758,165
2026-04-02T01:04:00,0.57585,0.57635,0.57585,0.5763,71
2026-04-02T01:05:00,0.57615,0.57615,0.57565,0.5758,119
2026-04-02T01:06:00,0.5759,0.5759,0.5753,0.5755,108
2026-04-02T01:07:00,0.57555,0.57575,0.57555,0.5756,35
2026-04-02T01:08:00,0.57565,0.576,0.57565,0.57595,51
2026-04-02T01:09:00,0.57605,0.5762,0.576,0.5761,46
2026-04-02T01:10:00,0.57615,0.57655,0.5761,0.57645,57
2026-04-02T01:11:00,0.5766,0.5774,0.57655,0.57655,398
2026-04-02T01:12:00,0.57645,0.5765,0.5759,0.576,117
2026-04-02T01:13:00,0.5761,0.5764,0.5761,0.57625,39
2026-04-02T01:14:00,0.57625,0.57635,0.57615,0.57635,38
2026-04-02T01:15:00,0.5761,0.57615,0.57595,0.57605,29
2026-04-02T01:16:00,0.576,0.57655,0.5756,0.5756,166
2026-04-02T01:17:00,0.57555,0.5758,0.5742,0.57425,203
2026-04-02T01:18:00,0.5743,0.5746,0.57415,0.57455,280
2026-04-02T01:19:00,0.5746,0.5746,0.5742,0.5743,137
2026-04-02T01:20:00,0.5743,0.5749,0.57425,0.5749,165
2026-04-02T01:21:00,0.57495,0.5753,0.57485,0.57495,108
2026-04-02T01:22:00,0.5749,0.5751,0.5748,0.5748,25
2026-04-02T01:23:00,0.5748,0.57505,0.57475,0.57475,42
2026-04-02T01:24:00,0.57485,0.57485,0.5746,0.5746,43
2026-04-02T01:25:00,0.5747,0.57475,0.5743,0.5744,40
2026-04-02T01:26:00,0.5743,0.57445,0.5742,0.5744,91
2026-04-02T01:27:00,0.5744,0.57455,0.57435,0.5745,22
2026-04-02T01:28:00,0.57455,0.57485,0.5745,0.57485,18
2026-04-02T01:29:00,0.5748,0.5748,0.5745,0.57455,45
2026-04-02T01:30:00,0.5744,0.57455,0.57435,0.5745,76
2026-04-02T01:31:00,0.57435,0.57435,0.57385,0.57385,156
2026-04-02T01:32:00,0.57395,0.57395,0.5735,0.5737,162
2026-04-02T01:33:00,0.5737,0.57385,0.57345,0.5735,96
2026-04-02T01:34:00,0.5735,0.5735,0.573,0.57345,371
2026-04-02T01:35:00,0.57345,0.57365,0.57325,0.57335,189
2026-04-02T01:36:00,0.57335,0.57395,0.57335,0.57375,127
2026-04-02T01:37:00,0.57375,0.57385,0.5737,0.57375,17
2026-04-02T01:38:00,0.57375,0.5739,0.57355,0.57355,18
2026-04-02T01:39:00,0.57355,0.57385,0.57355,0.5738,30
2026-04-02T01:40:00,0.57375,0.5739,0.5736,0.5739,22
2026-04-02T01:41:00,0.5738,0.574,0.57375,0.57375,36
2026-04-02T01:42:00,0.5739,0.5739,0.57375,0.5738,7
2026-04-02T01:43:00,0.5737,0.57375,0.57355,0.5736,36
2026-04-02T01:44:00,0.57365,0.57365,0.5735,0.5735,31
2026-04-02T01:45:00,0.57345,0.57355,0.5732,0.5732,20
2026-04-02T01:46:00,0.57325,0.57335,0.57325,0.5733,56
2026-04-02T01:47:00,0.57325,0.57325,0.5729,0.57295,108
2026-04-02T01:48:00,0.5729,0.57335,0.5729,0.57335,76
2026-04-02T01:49:00,0.57345,0.57365,0.5734,0.5735,52
2026-04-02T01:50:00,0.5735,0.5737,0.5735,0.5737,29
2026-04-02T01:51:00,0.5738,0.57395,0.5738,0.5738,56
2026-04-02T01:52:00,0.57385,0.57385,0.57375,0.57375,8
2026-04-02T01:53:00,0.5738,0.5738,0.57365,0.5737,19
2026-04-02T01:54:00,0.57375,0.57375,0.5735,0.57365,41
2026-04-02T01:55:00,0.57365,0.57375,0.57355,0.57375,26
2026-04-02T01:56:00,0.5737,0.5737,0.57355,0.5736,48
2026-04-02T01:57:00,0.57355,0.57365,0.57355,0.57355,71
2026-04-02T01:58:00,0.5736,0.5736,0.5735,0.5735,42
2026-04-02T01:59:00,0.5735,0.57355,0.5735,0.57355,4
2026-04-02T02:00:00,0.57355,0.57355,0.57345,0.5735,58
2026-04-02T02:01:00,0.57345,0.5737,0.57345,0.57365,85
2026-04-02T02:02:00,0.5737,0.57375,0.57345,0.5735,76
2026-04-02T02:03:00,0.5735,0.57355,0.57335,0.5735,83
2026-04-02T02:04:00,0.5735,0.57365,0.5735,0.57365,37
2026-04-02T02:05:00,0.5738,0.5738,0.57365,0.57365,50
2026-04-02T02:06:00,0.57375,0.57395,0.57375,0.57395,22
2026-04-02T02:07:00,0.57395,0.5741,0.57395,0.57405,58
2026-04-02T02:08:00,0.5741,0.5741,0.5737,0.5737,60
2026-04-02T02:09:00,0.5737,0.5738,0.5737,0.5738,16
2026-04-02T02:10:00,0.57375,0.5739,0.57375,0.5739,16
2026-04-02T02:11:00,0.57385,0.5739,0.5736,0.5736,59
2026-04-02T02:12:00,0.57365,0.57375,0.5736,0.5737,39
2026-04-02T02:13:00,0.5737,0.5737,0.5736,0.5737,16
2026-04-02T02:14:00,0.57365,0.57365,0.5735,0.57355,156
2026-04-02T02:15:00,0.5736,0.57395,0.5736,0.5739,21
2026-04-02T02:16:00,0.5739,0.574,0.57385,0.57385,38
2026-04-02T02:17:00,0.5738,0.5739,0.5738,0.57385,13
2026-04-02T02:18:00,0.57385,0.574,0.57385,0.574,10
2026-04-02T02:19:00,0.57405,0.5741,0.57395,0.57395,5
2026-04-02T02:20:00,0.574,0.5742,0.574,0.57405,126
2026-04-02T02:21:00,0.57395,0.574,0.57385,0.57385,17
2026-04-02T02:22:00,0.5739,0.5739,0.57375,0.57375,22
2026-04-02T02:23:00,0.57375,0.57375,0.5737,0.5737,4
2026-04-02T02:24:00,0.57375,0.57385,0.57375,0.57385,39
2026-04-02T02:25:00,0.574,0.574,0.57395,0.574,8
2026-04-02T02:26:00,0.5739,0.5739,0.5738,0.5738,4
2026-04-02T02:27:00,0.5738,0.57385,0.5738,0.57385,3
2026-04-02T02:28:00,0.57385,0.57385,0.57385,0.57385,3
2026-04-02T02:29:00,0.5738,0.5738,0.5736,0.5736,6
2026-04-02T02:30:00,0.57365,0.57375,0.57355,0.5737,85
2026-04-02T02:31:00,0.57365,0.57365,0.57355,0.57365,5
2026-04-02T02:32:00,0.57355,0.57355,0.5734,0.5734,7
2026-04-02T02:33:00,0.5735,0.57355,0.5735,0.5735,11
2026-04-02T02:34:00,0.57345,0.57345,0.5734,0.5734,9
2026-04-02T02:35:00,0.57345,0.57345,0.5733,0.5733,12
2026-04-02T02:36:00,0.5734,0.5734,0.57335,0.5734,13
2026-04-02T02:37:00,0.5734,0.5734,0.5731,0.5731,12
2026-04-02T02:38:00,0.57315,0.57315,0.57315,0.57315,15
2026-04-02T02:39:00,0.57315,0.57315,0.57305,0.5731,31
2026-04-02T02:40:00,0.5731,0.57315,0.5731,0.5731,9
2026-04-02T02:41:00,0.57325,0.57325,0.5732,0.5732,5
2026-04-02T02:42:00,0.57325,0.5733,0.57315,0.57315,10
2026-04-02T02:43:00,0.5732,0.5733,0.5732,0.5733,10
2026-04-02T02:44:00,0.5733,0.57335,0.57325,0.57325,15
2026-04-02T02:45:00,0.57325,0.5734,0.57325,0.5734,16
2026-04-02T02:46:00,0.5734,0.5734,0.57335,0.57335,5
2026-04-02T02:47:00,0.5734,0.5734,0.5733,0.5733,12
2026-04-02T02:48:00,0.57325,0.5733,0.57325,0.5733,7
2026-04-02T02:49:00,0.57335,0.57335,0.57335,0.57335,3
2026-04-02T02:50:00,0.5734,0.5734,0.5734,0.5734,1
2026-04-02T02:51:00,0.5734,0.57345,0.5734,0.57345,4
2026-04-02T02:52:00,0.57345,0.5735,0.57345,0.5735,2
2026-04-02T02:53:00,0.57335,0.57335,0.57335,0.57335,1
2026-04-02T02:54:00,0.5734,0.5734,0.5734,0.5734,1
2026-04-02T02:55:00,0.5734,0.57345,0.57335,0.5734,13
2026-04-02T02:56:00,0.57335,0.5734,0.57335,0.5734,3
2026-04-02T02:58:00,0.57335,0.57335,0.57335,0.57335,1
2026-04-02T02:59:00,0.5734,0.5734,0.57335,0.57335,14
2026-04-02T03:00:00,0.5733,0.5733,0.57325,0.5733,9
2026-04-02T03:01:00,0.57325,0.57325,0.57325,0.57325,4
2026-04-02T03:02:00,0.5732,0.5732,0.57315,0.57315,8
2026-04-02T03:03:00,0.5731,0.5731,0.5731,0.5731,4
2026-04-02T03:04:00,0.57315,0.5732,0.57315,0.5732,4
2026-04-02T03:05:00,0.57325,0.57325,0.57325,0.57325,1
2026-04-02T03:06:00,0.57325,0.57345,0.57325,0.57345,2
2026-04-02T03:08:00,0.5733,0.57335,0.5733,0.57335,3
2026-04-02T03:09:00,0.57335,0.57335,0.57335,0.57335,3
2026-04-02T03:10:00,0.5733,0.5733,0.5733,0.5733,2
2026-04-02T03:13:00,0.57345,0.57345,0.57345,0.57345,2
2026-04-02T03:16:00,0.5732,0.5732,0.5732,0.5732,1
2026-04-02T03:17:00,0.57325,0.57325,0.5732,0.5732,110
2026-04-02T03:18:00,0.57325,0.57325,0.57325,0.57325,16
2026-04-02T03:23:00,0.5733,0.5733,0.5733,0.5733,2
2026-04-02T03:24:00,0.57335,0.57345,0.57335,0.57345,11
2026-04-02T03:25:00,0.57345,0.57345,0.57345,0.57345,2
2026-04-02T03:26:00,0.5733,0.5733,0.5733,0.5733,1
2026-04-02T03:27:00,0.57335,0.57335,0.57335,0.57335,2
2026-04-02T03:28:00,0.57335,0.5734,0.57335,0.5734,5
2026-04-02T03:29:00,0.5734,0.57345,0.5734,0.57345,8
2026-04-02T03:30:00,0.57345,0.57345,0.57345,0.57345,3
2026-04-02T03:31:00,0.5735,0.57355,0.5735,0.5735,40
2026-04-02T03:32:00,0.57345,0.5736,0.5734,0.5736,8
2026-04-02T03:34:00,0.5735,0.5736,0.5735,0.5736,11
2026-04-02T03:35:00,0.57355,0.57355,0.5735,0.5735,20
2026-04-02T03:36:00,0.57355,0.57355,0.5735,0.5735,9
2026-04-02T03:37:00,0.57345,0.57345,0.57345,0.57345,3
2026-04-02T03:38:00,0.5734,0.5734,0.5733,0.5733,3
2026-04-02T03:40:00,0.5734,0.57345,0.5734,0.5734,6
2026-04-02T03:41:00,0.5733,0.5733,0.5733,0.5733,2
2026-04-02T03:43:00,0.5734,0.57345,0.5734,0.57345,78
2026-04-02T03:44:00,0.5733,0.57335,0.57325,0.57335,10
2026-04-02T03:45:00,0.57335,0.57335,0.5733,0.5733,6
2026-04-02T03:46:00,0.5732,0.5732,0.5732,0.5732,2
2026-04-02T03:47:00,0.57315,0.5732,0.5731,0.5732,3
2026-04-02T03:48:00,0.57315,0.57315,0.57315,0.57315,1
2026-04-02T03:49:00,0.5731,0.5731,0.573,0.57305,68
2026-04-02T03:50:00,0.57305,0.5731,0.57305,0.57305,8
2026-04-02T03:51:00,0.573,0.573,0.5729,0.5729,2
2026-04-02T03:52:00,0.5729,0.5729,0.57285,0.5729,22
2026-04-02T03:53:00,0.57295,0.57295,0.5729,0.5729,8
2026-04-02T03:54:00,0.57295,0.57295,0.57295,0.57295,1
2026-04-02T03:55:00,0.573,0.573,0.573,0.573,8
2026-04-02T03:56:00,0.57295,0.573,0.5728,0.5728,21
2026-04-02T03:57:00,0.5728,0.57285,0.5727,0.5727,16
2026-04-02T03:58:00,0.5728,0.5728,0.57275,0.5728,37
2026-04-02T03:59:00,0.57285,0.57285,0.5728,0.5728,107
2026-04-02T04:00:00,0.5728,0.57285,0.5728,0.5728,13
2026-04-02T04:01:00,0.5727,0.5728,0.57265,0.57275,41
2026-04-02T04:02:00,0.5727,0.57275,0.5727,0.57275,10
2026-04-02T04:03:00,0.5727,0.57275,0.5726,0.5726,28
2026-04-02T04:04:00,0.5726,0.5727,0.5726,0.5727,18
2026-04-02T04:05:00,0.5726,0.5726,0.5725,0.57255,29
2026-04-02T04:06:00,0.57255,0.5726,0.5725,0.5725,13
2026-04-02T04:07:00,0.57265,0.57265,0.57255,0.5726,26
2026-04-02T04:08:00,0.5725,0.5725,0.5724,0.5724,17
2026-04-02T04:09:00,0.57245,0.57245,0.5724,0.5724,18
2026-04-02T04:10:00,0.5724,0.5724,0.57235,0.5724,22
2026-04-02T04:11:00,0.57245,0.57255,0.57245,0.57255,10
2026-04-02T04:13:00,0.57255,0.57265,0.57255,0.57265,2
2026-04-02T04:14:00,0.5726,0.5726,0.5726,0.5726,2
2026-04-02T04:15:00,0.57265,0.57275,0.57265,0.57275,7
2026-04-02T04:18:00,0.57265,0.57265,0.57265,0.57265,1
2026-04-02T04:19:00,0.57265,0.5727,0.57265,0.5727,3
2026-04-02T04:20:00,0.5726,0.5726,0.5726,0.5726,2
2026-04-02T04:21:00,0.5726,0.5726,0.5726,0.5726,4
2026-04-02T04:22:00,0.5726,0.5726,0.57255,0.57255,10
2026-04-02T04:23:00,0.5726,0.5726,0.57255,0.5726,17
2026-04-02T04:24:00,0.57255,0.57255,0.57255,0.57255,3
2026-04-02T04:25:00,0.57265,0.57265,0.57265,0.57265,3
2026-04-02T04:26:00,0.5726,0.5726,0.5726,0.5726,1
2026-04-02T04:27:00,0.57255,0.57255,0.57255,0.57255,8
2026-04-02T04:29:00,0.57255,0.5726,0.57255,0.5726,6
2026-04-02T04:30:00,0.5725,0.57265,0.5725,0.57265,10
2026-04-02T04:31:00,0.5726,0.5726,0.5725,0.5725,18
2026-04-02T04:32:00,0.5725,0.5725,0.5725,0.5725,4
2026-04-02T04:34:00,0.5725,0.5725,0.57245,0.57245,3
2026-04-02T04:36:00,0.5725,0.5725,0.57245,0.57245,3
2026-04-02T04:37:00,0.57255,0.57255,0.57255,0.57255,1
2026-04-02T04:38:00,0.5724,0.57245,0.5724,0.57245,3
2026-04-02T04:39:00,0.57235,0.57235,0.5723,0.57235,20
2026-04-02T04:40:00,0.5723,0.5723,0.5722,0.5722,42
2026-04-02T04:41:00,0.57225,0.5723,0.57215,0.57225,32
2026-04-02T04:42:00,0.5722,0.5722,0.57215,0.57215,332
2026-04-02T04:43:00,0.57215,0.5722,0.57215,0.57215,43
2026-04-02T04:44:00,0.5721,0.5722,0.5721,0.5722,26
2026-04-02T04:45:00,0.57225,0.57225,0.57225,0.57225,20
2026-04-02T04:46:00,0.57225,0.5723,0.57225,0.5723,10
2026-04-02T04:47:00,0.57225,0.5723,0.5722,0.57225,7
2026-04-02T04:48:00,0.5723,0.5723,0.5723,0.5723,1
2026-04-02T04:49:00,0.57225,0.5723,0.57225,0.5723,4
2026-04-02T04:50:00,0.5723,0.57235,0.5723,0.57235,3
2026-04-02T04:51:00,0.57245,0.5725,0.5724,0.5724,5
2026-04-02T04:52:00,0.5724,0.5724,0.5724,0.5724,1
2026-04-02T04:53:00,0.5724,0.5724,0.57235,0.57235,5
2026-04-02T04:54:00,0.57235,0.57235,0.57235,0.57235,1
2026-04-02T04:55:00,0.5723,0.5723,0.57225,0.57225,6
2026-04-02T04:57:00,0.57235,0.5724,0.57235,0.5724,5
2026-04-02T04:58:00,0.5724,0.5724,0.5724,0.5724,1
2026-04-02T04:59:00,0.5724,0.5724,0.5724,0.5724,1
2026-04-02T05:00:00,0.57245,0.57245,0.57245,0.57245,20
2026-04-02T05:01:00,0.5724,0.57245,0.5724,0.57245,19
2026-04-02T05:02:00,0.57245,0.57245,0.57245,0.57245,1
2026-04-02T05:04:00,0.57245,0.57245,0.5723,0.5723,14
2026-04-02T05:05:00,0.5723,0.57235,0.5723,0.57235,5
2026-04-02T05:06:00,0.5723,0.5723,0.57225,0.57225,3
2026-04-02T05:07:00,0.57225,0.57225,0.57225,0.57225,9
2026-04-02T05:08:00,0.57225,0.57225,0.57225,0.57225,3
2026-04-02T05:09:00,0.5722,0.5722,0.57215,0.5722,17
2026-04-02T05:10:00,0.5722,0.57225,0.5722,0.57225,2
2026-04-02T05:11:00,0.5722,0.5722,0.5722,0.5722,3
2026-04-02T05:12:00,0.57225,0.57235,0.57225,0.57235,19
2026-04-02T05:13:00,0.5723,0.5723,0.5722,0.5722,13
2026-04-02T05:14:00,0.57215,0.57215,0.57215,0.57215,2
2026-04-02T05:15:00,0.5722,0.5722,0.57215,0.57215,5
2026-04-02T05:16:00,0.5722,0.5722,0.57215,0.57215,8
2026-04-02T05:17:00,0.57215,0.57215,0.5721,0.5721,13
2026-04-02T05:18:00,0.57205,0.57215,0.57205,0.57215,11
2026-04-02T05:19:00,0.5721,0.57215,0.5721,0.5721,7
2026-04-02T05:20:00,0.57215,0.5722,0.57215,0.5722,9
2026-04-02T05:21:00,0.57215,0.57215,0.5721,0.5721,9
2026-04-02T05:22:00,0.5722,0.5722,0.5722,0.5722,1
2026-04-02T05:23:00,0.57215,0.5722,0.57215,0.5722,26
2026-04-02T05:24:00,0.5721,0.5721,0.5721,0.5721,1
2026-04-02T05:25:00,0.5721,0.5721,0.5721,0.5721,24
2026-04-02T05:26:00,0.5722,0.5722,0.5722,0.5722,2
2026-04-02T05:27:00,0.57215,0.5722,0.57215,0.5722,13
2026-04-02T05:28:00,0.5722,0.5722,0.57215,0.57215,12
2026-04-02T05:29:00,0.5721,0.5721,0.5721,0.5721,5
2026-04-02T05:30:00,0.5722,0.57225,0.5722,0.57225,9
2026-04-02T05:31:00,0.5722,0.5722,0.5721,0.5721,14
2026-04-02T05:32:00,0.5721,0.57215,0.5721,0.57215,12
2026-04-02T05:33:00,0.5721,0.5721,0.5721,0.5721,1
2026-04-02T05:34:00,0.5721,0.5721,0.57205,0.57205,6
2026-04-02T05:35:00,0.57205,0.57205,0.57205,0.57205,5
2026-04-02T05:36:00,0.57205,0.57205,0.572,0.57205,9
2026-04-02T05:37:00,0.57205,0.5721,0.572,0.5721,34
2026-04-02T05:39:00,0.57215,0.57215,0.57215,0.57215,1
2026-04-02T05:40:00,0.57205,0.57215,0.57205,0.57215,25
2026-04-02T05:41:00,0.5721,0.5721,0.57205,0.57205,2
2026-04-02T05:42:00,0.57195,0.57205,0.57195,0.57205,15
2026-04-02T05:43:00,0.57195,0.5721,0.57195,0.5721,10
2026-04-02T05:44:00,0.5721,0.57215,0.5721,0.5721,25
2026-04-02T05:45:00,0.5721,0.57215,0.572,0.572,101
2026-04-02T05:46:00,0.572,0.572,0.57185,0.57185,138
2026-04-02T05:47:00,0.57185,0.57185,0.5717,0.57175,74
2026-04-02T05:48:00,0.57175,0.57175,0.57175,0.57175,1
2026-04-02T05:49:00,0.57175,0.5718,0.5716,0.57165,86
2026-04-02T05:50:00,0.57165,0.57185,0.5716,0.57185,144
2026-04-02T05:51:00,0.57185,0.5719,0.57185,0.5719,13
2026-04-02T05:52:00,0.57195,0.572,0.57195,0.572,12
2026-04-02T05:53:00,0.57205,0.57205,0.57205,0.57205,18
2026-04-02T05:54:00,0.57195,0.5721,0.57195,0.57195,167
2026-04-02T05:55:00,0.57195,0.57195,0.5717,0.57175,30
2026-04-02T05:56:00,0.5718,0.5719,0.5718,0.5719,35
2026-04-02T05:57:00,0.5719,0.5719,0.57185,0.57185,9
2026-04-02T05:59:00,0.5718,0.5718,0.57175,0.57175,4
2026-04-02T06:00:00,0.5718,0.572,0.5718,0.57195,47
2026-04-02T06:01:00,0.572,0.572,0.5719,0.5719,11
2026-04-02T06:02:00,0.57185,0.572,0.57185,0.572,6
2026-04-02T06:03:00,0.57205,0.57205,0.572,0.57205,27
2026-04-02T06:04:00,0.57205,0.5721,0.57205,0.5721,6
2026-04-02T06:05:00,0.5721,0.5721,0.57205,0.57205,16
2026-04-02T06:06:00,0.5721,0.57215,0.5721,0.5721,5
2026-04-02T06:07:00,0.57215,0.57215,0.57205,0.57205,23
2026-04-02T06:08:00,0.57205,0.57205,0.572,0.572,22
2026-04-02T06:09:00,0.572,0.572,0.57195,0.57195,20
2026-04-02T06:10:00,0.57185,0.57185,0.57175,0.5718,14
2026-04-02T06:11:00,0.5718,0.5718,0.57175,0.57175,7
2026-04-02T06:12:00,0.5717,0.5717,0.57155,0.57155,35
2026-04-02T06:13:00,0.57155,0.57155,0.57145,0.57145,29
2026-04-02T06:14:00,0.57145,0.5715,0.5714,0.57145,43
2026-04-02T06:15:00,0.57145,0.57145,0.5714,0.57145,19
2026-04-02T06:16:00,0.57145,0.57155,0.57145,0.5715,13
2026-04-02T06:17:00,0.5715,0.5715,0.5715,0.5715,4
2026-04-02T06:18:00,0.5716,0.5716,0.5716,0.5716,2
2026-04-02T06:19:00,0.57175,0.57185,0.57175,0.5718,4
2026-04-02T06:20:00,0.5717,0.5717,0.5717,0.5717,3
2026-04-02T06:21:00,0.57185,0.57185,0.57185,0.57185,2
2026-04-02T06:22:00,0.57175,0.57175,0.57175,0.57175,1
2026-04-02T06:23:00,0.5718,0.5719,0.5718,0.5719,2
2026-04-02T06:24:00,0.5718,0.5718,0.57175,0.57175,7
2026-04-02T06:25:00,0.5718,0.57185,0.5718,0.5718,10
2026-04-02T06:26:00,0.5718,0.57185,0.5718,0.57185,9
2026-04-02T06:27:00,0.5719,0.572,0.5719,0.57195,58
2026-04-02T06:28:00,0.5719,0.5719,0.5719,0.5719,6
2026-04-02T06:29:00,0.57195,0.57195,0.57195,0.57195,64
2026-04-02T06:30:00,0.572,0.572,0.5719,0.57195,54
2026-04-02T06:31:00,0.57195,0.572,0.57185,0.57195,156
2026-04-02T06:32:00,0.57195,0.57195,0.5719,0.57195,24
2026-04-02T06:33:00,0.572,0.572,0.5719,0.57195,10
2026-04-02T06:34:00,0.57195,0.57195,0.5719,0.5719,2
2026-04-02T06:35:00,0.57185,0.5719,0.5718,0.5719,107
2026-04-02T06:36:00,0.57195,0.57195,0.57195,0.57195,4
2026-04-02T06:37:00,0.5718,0.57195,0.5718,0.57195,7
2026-04-02T06:38:00,0.5718,0.5719,0.5718,0.5719,16
2026-04-02T06:39:00,0.5719,0.5719,0.57185,0.5719,23
2026-04-02T06:40:00,0.57195,0.57195,0.5719,0.5719,7
2026-04-02T06:41:00,0.5719,0.57195,0.5719,0.57195,16
2026-04-02T06:42:00,0.57195,0.572,0.57195,0.572,9
2026-04-02T06:43:00,0.572,0.572,0.57195,0.57195,9
2026-04-02T06:44:00,0.572,0.57215,0.572,0.57215,45
2026-04-02T06:45:00,0.57215,0.57215,0.57205,0.57205,31
2026-04-02T06:46:00,0.5721,0.5722,0.57205,0.5722,25
2026-04-02T06:47:00,0.5722,0.5722,0.5721,0.5721,11
2026-04-02T06:48:00,0.57205,0.5722,0.57205,0.5722,25
2026-04-02T06:49:00,0.57225,0.57225,0.57225,0.57225,5
2026-04-02T06:50:00,0.5723,0.5723,0.57225,0.57225,23
2026-04-02T06:51:00,0.57225,0.57225,0.57225,0.57225,1
2026-04-02T06:52:00,0.5722,0.57245,0.5722,0.57245,22
2026-04-02T06:53:00,0.5725,0.57255,0.5725,0.57255,28
2026-04-02T06:54:00,0.5725,0.5725,0.57245,0.57245,25
2026-04-02T06:55:00,0.57235,0.5724,0.5723,0.5724,39
2026-04-02T06:56:00,0.5724,0.5724,0.57235,0.5724,45
2026-04-02T06:57:00,0.5724,0.5725,0.5724,0.5725,36
2026-04-02T06:58:00,0.57245,0.5726,0.57245,0.5726,71
2026-04-02T06:59:00,0.57255,0.57265,0.57255,0.57265,35
2026-04-02T07:00:00,0.5727,0.57295,0.57265,0.5727,343
2026-04-02T07:01:00,0.5727,0.57275,0.57265,0.5727,37
2026-04-02T07:02:00,0.57265,0.57265,0.57255,0.5726,8
2026-04-02T07:03:00,0.57255,0.57255,0.57255,0.57255,6
2026-04-02T07:04:00,0.57265,0.57265,0.5726,0.5726,6
2026-04-02T07:05:00,0.5726,0.5726,0.5724,0.5724,9
2026-04-02T07:06:00,0.5724,0.5724,0.57235,0.57235,4
2026-04-02T07:07:00,0.57235,0.57235,0.57235,0.57235,2
2026-04-02T07:08:00,0.57235,0.5724,0.57235,0.5724,7
2026-04-02T07:09:00,0.57245,0.57245,0.57245,0.57245,14
2026-04-02T07:10:00,0.5724,0.5725,0.5724,0.5725,10
2026-04-02T07:11:00,0.57235,0.5724,0.57235,0.57235,11
2026-04-02T07:12:00,0.57225,0.57225,0.57215,0.57225,18
2026-04-02T07:13:00,0.5723,0.5723,0.5722,0.5722,4
2026-04-02T07:14:00,0.5722,0.57225,0.5722,0.5722,36
2026-04-02T07:15:00,0.57215,0.5724,0.57215,0.5724,18
2026-04-02T07:16:00,0.5724,0.57245,0.5724,0.5724,5
2026-04-02T07:17:00,0.57235,0.5725,0.57235,0.57245,10
2026-04-02T07:18:00,0.5724,0.5725,0.5724,0.5724,8
2026-04-02T07:19:00,0.5724,0.5724,0.5724,0.5724,1
2026-04-02T07:20:00,0.57245,0.5725,0.57245,0.5725,6
2026-04-02T07:21:00,0.5725,0.5725,0.57245,0.5725,19
2026-04-02T07:22:00,0.5725,0.5726,0.5725,0.5726,23
2026-04-02T07:23:00,0.5726,0.57265,0.5726,0.5726,23
2026-04-02T07:24:00,0.5726,0.57275,0.5726,0.5727,66
2026-04-02T07:25:00,0.57275,0.57295,0.57275,0.57285,60
2026-04-02T07:26:00,0.5729,0.5729,0.5728,0.57285,12
2026-04-02T07:27:00,0.5728,0.5729,0.5728,0.5729,20
2026-04-02T07:28:00,0.5729,0.573,0.57285,0.57285,48
2026-04-02T07:29:00,0.5728,0.5728,0.5727,0.5728,10
2026-04-02T07:30:00,0.57275,0.57295,0.57275,0.57295,43
2026-04-02T07:31:00,0.57295,0.57295,0.5729,0.5729,8
2026-04-02T07:32:00,0.5729,0.5729,0.5727,0.5727,23
2026-04-02T07:33:00,0.5727,0.5727,0.57265,0.57265,8
2026-04-02T07:34:00,0.5726,0.5726,0.57255,0.57255,20
2026-04-02T07:35:00,0.5726,0.5726,0.5726,0.5726,22
2026-04-02T07:36:00,0.57265,0.57265,0.5726,0.5726,3
2026-04-02T07:37:00,0.57255,0.5726,0.57255,0.5726,14
2026-04-02T07:38:00,0.57265,0.5727,0.5726,0.5726,9
2026-04-02T07:39:00,0.5726,0.57265,0.5726,0.5726,14
2026-04-02T07:40:00,0.57255,0.5726,0.57255,0.57255,18
2026-04-02T07:41:00,0.57255,0.57265,0.57255,0.5726,12
2026-04-02T07:42:00,0.57265,0.57265,0.5725,0.57255,14
2026-04-02T07:43:00,0.57255,0.57265,0.57255,0.5726,11
2026-04-02T07:44:00,0.57265,0.57265,0.5726,0.57265,3
2026-04-02T07:45:00,0.5727,0.57275,0.5727,0.5727,16
2026-04-02T07:46:00,0.5728,0.5728,0.57275,0.57275,5
2026-04-02T07:47:00,0.5728,0.5728,0.5728,0.5728,2
2026-04-02T07:48:00,0.57285,0.57295,0.57285,0.57295,8
2026-04-02T07:49:00,0.573,0.573,0.573,0.573,4
2026-04-02T07:50:00,0.57295,0.57295,0.57295,0.57295,4
2026-04-02T07:51:00,0.57295,0.57295,0.5729,0.5729,11
2026-04-02T07:52:00,0.5729,0.57305,0.5729,0.57305,11
2026-04-02T07:53:00,0.57295,0.573,0.57295,0.573,3
2026-04-02T07:54:00,0.57295,0.57295,0.57295,0.57295,4
2026-04-02T07:55:00,0.57295,0.57295,0.57295,0.57295,2
2026-04-02T07:56:00,0.573,0.573,0.57295,0.573,12
2026-04-02T07:57:00,0.57305,0.57305,0.57305,0.57305,17
2026-04-02T07:58:00,0.57305,0.57305,0.57305,0.57305,15
2026-04-02T07:59:00,0.5731,0.5731,0.5731,0.5731,2
2026-04-02T08:00:00,0.5731,0.57315,0.5731,0.5731,23
2026-04-02T08:01:00,0.5731,0.5731,0.57295,0.573,17
2026-04-02T08:02:00,0.57295,0.57295,0.5729,0.5729,6
2026-04-02T08:03:00,0.57295,0.57295,0.5729,0.5729,5
2026-04-02T08:04:00,0.5729,0.5729,0.5728,0.5728,4
2026-04-02T08:05:00,0.57275,0.5728,0.5727,0.5727,18
2026-04-02T08:06:00,0.57265,0.5728,0.57265,0.5728,25
2026-04-02T08:07:00,0.5728,0.57285,0.5728,0.5728,22
2026-04-02T08:08:00,0.57285,0.57285,0.57285,0.57285,3
2026-04-02T08:09:00,0.5729,0.5729,0.5729,0.5729,7
2026-04-02T08:10:00,0.5729,0.57295,0.57285,0.57295,10
2026-04-02T08:11:00,0.57285,0.57285,0.57285,0.57285,2
2026-04-02T08:12:00,0.57285,0.57285,0.57275,0.57285,23
2026-04-02T08:13:00,0.57285,0.57295,0.57285,0.57295,2
2026-04-02T08:14:00,0.57285,0.57285,0.57285,0.57285,6
2026-04-02T08:15:00,0.57285,0.57285,0.57285,0.57285,5
2026-04-02T08:16:00,0.5729,0.57305,0.5729,0.573,27
2026-04-02T08:17:00,0.57295,0.57295,0.5729,0.5729,4
2026-04-02T08:18:00,0.5729,0.5729,0.57285,0.57285,4
2026-04-02T08:20:00,0.5728,0.57285,0.57265,0.57265,20
2026-04-02T08:21:00,0.57265,0.57265,0.57255,0.57255,16
2026-04-02T08:22:00,0.57255,0.5726,0.5725,0.57255,18
2026-04-02T08:23:00,0.57255,0.57255,0.5725,0.5725,8
2026-04-02T08:24:00,0.5725,0.57255,0.57245,0.57245,17
2026-04-02T08:25:00,0.5724,0.57245,0.5724,0.57245,6
2026-04-02T08:26:00,0.57245,0.57245,0.5724,0.5724,5
2026-04-02T08:27:00,0.57245,0.57245,0.5724,0.57245,6
2026-04-02T08:28:00,0.5724,0.5725,0.57235,0.57245,7
2026-04-02T08:29:00,0.57245,0.5725,0.5724,0.57245,20
2026-04-02T08:30:00,0.57245,0.5726,0.5724,0.57255,37
2026-04-02T08:31:00,0.57255,0.57265,0.57255,0.5726,8
2026-04-02T08:32:00,0.57255,0.57265,0.57255,0.57265,12
2026-04-02T08:33:00,0.57265,0.5727,0.57265,0.57265,9
2026-04-02T08:34:00,0.5726,0.5726,0.5726,0.5726,9
2026-04-02T08:35:00,0.57265,0.57265,0.57255,0.57255,5
2026-04-02T08:36:00,0.57245,0.57245,0.5724,0.5724,2
2026-04-02T08:37:00,0.57235,0.5724,0.57235,0.5724,18
2026-04-02T08:38:00,0.57235,0.57235,0.57235,0.57235,4
2026-04-02T08:39:00,0.5724,0.5725,0.5724,0.5725,6
2026-04-02T08:40:00,0.57235,0.57235,0.57235,0.57235,6
2026-04-02T08:41:00,0.5724,0.57245,0.57235,0.57235,11
2026-04-02T08:42:00,0.57235,0.5725,0.57235,0.5725,9
2026-04-02T08:43:00,0.57255,0.57255,0.5725,0.57255,43
2026-04-02T08:44:00,0.5726,0.5727,0.57245,0.57245,211
2026-04-02T08:45:00,0.5725,0.5725,0.5725,0.5725,1
2026-04-02T08:46:00,0.57255,0.57255,0.57255,0.57255,1
2026-04-02T08:47:00,0.5725,0.5725,0.5725,0.5725,4
2026-04-02T08:48:00,0.57255,0.57255,0.57255,0.57255,1
2026-04-02T08:49:00,0.57255,0.57255,0.57255,0.57255,5
2026-04-02T08:50:00,0.57245,0.57245,0.5724,0.57245,18
2026-04-02T08:51:00,0.57245,0.5725,0.57245,0.5725,2
2026-04-02T08:52:00,0.5724,0.57245,0.5724,0.57245,3
2026-04-02T08:53:00,0.57245,0.57245,0.57245,0.57245,5
2026-04-02T08:54:00,0.5725,0.5725,0.5725,0.5725,2
2026-04-02T08:55:00,0.57245,0.5725,0.57245,0.5725,9
2026-04-02T08:56:00,0.57245,0.57245,0.5724,0.5724,7
2026-04-02T08:57:00,0.5724,0.57245,0.5724,0.57245,38
2026-04-02T08:58:00,0.57245,0.5725,0.57245,0.5725,8
2026-04-02T08:59:00,0.5725,0.57255,0.5725,0.57255,8
2026-04-02T09:00:00,0.57255,0.57275,0.57255,0.57275,75
2026-04-02T09:01:00,0.5727,0.5728,0.5727,0.5728,90
2026-04-02T09:02:00,0.5728,0.5728,0.57275,0.57275,15
2026-04-02T09:03:00,0.57275,0.57275,0.57265,0.5727,26
2026-04-02T09:04:00,0.57265,0.5727,0.57265,0.5727,12
2026-04-02T09:05:00,0.57265,0.5727,0.57255,0.5727,21
2026-04-02T09:06:00,0.57265,0.57265,0.57265,0.57265,3
2026-04-02T09:07:00,0.57265,0.57265,0.57255,0.57255,28
2026-04-02T09:08:00,0.5725,0.57255,0.5725,0.5725,19
2026-04-02T09:09:00,0.57245,0.57245,0.5723,0.57235,33
2026-04-02T09:10:00,0.5723,0.5723,0.5723,0.5723,1
2026-04-02T09:11:00,0.57225,0.57235,0.57225,0.57235,20
2026-04-02T09:12:00,0.5723,0.5723,0.57215,0.57215,26
2026-04-02T09:13:00,0.57215,0.57215,0.572,0.572,116
2026-04-02T09:14:00,0.5721,0.57215,0.5721,0.57215,27
2026-04-02T09:15:00,0.57215,0.57215,0.57215,0.57215,17
2026-04-02T09:16:00,0.5722,0.57225,0.5722,0.57225,45
2026-04-02T09:17:00,0.5722,0.57235,0.5722,0.57235,17
2026-04-02T09:18:00,0.57225,0.57225,0.5721,0.5722,50
2026-04-02T09:19:00,0.5722,0.5722,0.5722,0.5722,7
2026-04-02T09:20:00,0.57215,0.57225,0.57215,0.57225,3
2026-04-02T09:21:00,0.5722,0.5723,0.5722,0.5723,17
2026-04-02T09:22:00,0.5723,0.57235,0.5723,0.57235,8
2026-04-02T09:23:00,0.5723,0.57235,0.5723,0.57235,10
2026-04-02T09:24:00,0.5724,0.5724,0.5724,0.5724,1
2026-04-02T09:25:00,0.57245,0.5726,0.57245,0.5726,9
2026-04-02T09:26:00,0.5727,0.57275,0.5727,0.57275,6
2026-04-02T09:27:00,0.57275,0.57275,0.57275,0.57275,6
2026-04-02T09:28:00,0.57265,0.57275,0.5726,0.5727,113
2026-04-02T09:29:00,0.57275,0.57275,0.5727,0.57275,10
2026-04-02T09:30:00,0.5727,0.57275,0.57265,0.57275,15
2026-04-02T09:31:00,0.57275,0.5728,0.57275,0.57275,23
2026-04-02T09:32:00,0.57275,0.57285,0.57275,0.57285,26
2026-04-02T09:33:00,0.57285,0.573,0.57285,0.573,56
2026-04-02T09:34:00,0.5729,0.5729,0.5729,0.5729,4
2026-04-02T09:35:00,0.57285,0.57285,0.57275,0.57275,15
2026-04-02T09:36:00,0.57275,0.5729,0.57275,0.5729,74
2026-04-02T09:37:00,0.5729,0.573,0.5729,0.573,14
2026-04-02T09:38:00,0.5729,0.5729,0.5729,0.5729,5
2026-04-02T09:39:00,0.57285,0.57285,0.57285,0.57285,1
2026-04-02T09:40:00,0.5728,0.5728,0.5728,0.5728,2
2026-04-02T09:41:00,0.57285,0.57285,0.57285,0.57285,3
2026-04-02T09:42:00,0.57285,0.573,0.5728,0.57295,74
2026-04-02T09:43:00,0.573,0.573,0.5729,0.57295,40
2026-04-02T09:44:00,0.5729,0.5729,0.57285,0.57285,68
2026-04-02T09:45:00,0.57285,0.5729,0.5728,0.5729,40
2026-04-02T09:46:00,0.57295,0.57295,0.57285,0.57285,5
2026-04-02T09:47:00,0.57295,0.57295,0.57285,0.57285,9
2026-04-02T09:48:00,0.57285,0.57285,0.57285,0.57285,4
2026-04-02T09:49:00,0.57285,0.57285,0.5728,0.5728,9
2026-04-02T09:50:00,0.5728,0.5728,0.5728,0.5728,2
2026-04-02T09:51:00,0.5729,0.57295,0.5729,0.5729,10
2026-04-02T09:52:00,0.5729,0.57295,0.5729,0.5729,8
2026-04-02T09:53:00,0.57295,0.57295,0.57295,0.57295,2
2026-04-02T09:54:00,0.5729,0.5729,0.5729,0.5729,3
2026-04-02T09:55:00,0.57285,0.5729,0.57285,0.57285,12
2026-04-02T09:56:00,0.5728,0.5729,0.5728,0.57285,15
2026-04-02T09:57:00,0.57285,0.5729,0.57285,0.57285,6
2026-04-02T09:58:00,0.57285,0.57285,0.57285,0.57285,6
2026-04-02T09:59:00,0.57285,0.57295,0.57285,0.57295,11
2026-04-02T10:00:00,0.57295,0.57295,0.57285,0.57285,4
2026-04-02T10:01:00,0.57295,0.57295,0.5729,0.57295,15
2026-04-02T10:02:00,0.57295,0.57295,0.5729,0.5729,3
2026-04-02T10:03:00,0.57285,0.57285,0.57285,0.57285,1
2026-04-02T10:04:00,0.5728,0.5728,0.5727,0.5727,2
2026-04-02T10:05:00,0.5727,0.57275,0.57265,0.57275,10
2026-04-02T10:06:00,0.57275,0.57275,0.57255,0.57255,19
2026-04-02T10:07:00,0.57255,0.57255,0.57245,0.57245,66
2026-04-02T10:08:00,0.57245,0.57245,0.5723,0.5724,88
2026-04-02T10:09:00,0.57245,0.57255,0.57245,0.57255,23
2026-04-02T10:10:00,0.5726,0.5726,0.5725,0.5725,18
2026-04-02T10:11:00,0.5724,0.5724,0.5724,0.5724,2
2026-04-02T10:12:00,0.57235,0.57235,0.57235,0.57235,6
2026-04-02T10:13:00,0.5724,0.5724,0.5724,0.5724,2
2026-04-02T10:14:00,0.57235,0.57235,0.5722,0.5722,7
2026-04-02T10:15:00,0.5722,0.5722,0.5722,0.5722,2
2026-04-02T10:16:00,0.5721,0.5721,0.5721,0.5721,9
2026-04-02T10:17:00,0.57205,0.5721,0.57205,0.57205,5
2026-04-02T10:18:00,0.57215,0.57215,0.5721,0.5721,31
2026-04-02T10:19:00,0.5722,0.5722,0.5721,0.5721,12
2026-04-02T10:20:00,0.5722,0.5722,0.5722,0.5722,5
2026-04-02T10:21:00,0.5722,0.5722,0.5721,0.5721,8
2026-04-02T10:22:00,0.5721,0.5721,0.57205,0.57205,5
2026-04-02T10:23:00,0.5721,0.5721,0.5721,0.5721,4
2026-04-02T10:24:00,0.572,0.57205,0.572,0.57205,5
2026-04-02T10:25:00,0.5721,0.57215,0.5721,0.57215,8
2026-04-02T10:27:00,0.57215,0.57215,0.5721,0.5721,10
2026-04-02T10:28:00,0.57205,0.57215,0.57205,0.57215,19
2026-04-02T10:29:00,0.5721,0.5721,0.5721,0.5721,3
2026-04-02T10:30:00,0.5721,0.5721,0.57205,0.57205,37
2026-04-02T10:31:00,0.57205,0.5721,0.572,0.57205,22
2026-04-02T10:32:00,0.5721,0.5721,0.57205,0.57205,21
2026-04-02T10:33:00,0.5721,0.5721,0.5721,0.5721,2
2026-04-02T10:34:00,0.57205,0.5721,0.57205,0.57205,8
2026-04-02T10:35:00,0.5721,0.5721,0.57205,0.5721,16
2026-04-02T10:36:00,0.5721,0.5721,0.5721,0.5721,13
2026-04-02T10:37:00,0.57205,0.57205,0.57195,0.572,24
2026-04-02T10:38:00,0.57205,0.5721,0.57205,0.57205,11
2026-04-02T10:39:00,0.57205,0.57205,0.572,0.572,7
2026-04-02T10:40:00,0.57195,0.57195,0.57195,0.57195,6
2026-04-02T10:41:00,0.57195,0.57195,0.5719,0.5719,19
2026-04-02T10:42:00,0.57195,0.57215,0.5719,0.57205,66
2026-04-02T10:43:00,0.57205,0.57215,0.57205,0.57215,95
2026-04-02T10:44:00,0.5721,0.57215,0.57205,0.5721,13
2026-04-02T10:45:00,0.5721,0.57215,0.5721,0.57215,26
2026-04-02T10:46:00,0.57205,0.57205,0.572,0.572,7
2026-04-02T10:47:00,0.57205,0.5721,0.57205,0.5721,27
2026-04-02T10:48:00,0.57205,0.5721,0.572,0.572,27
2026-04-02T10:49:00,0.572,0.572,0.572,0.572,2
2026-04-02T10:50:00,0.57195,0.57205,0.57195,0.57205,9
2026-04-02T10:51:00,0.572,0.572,0.57195,0.57195,2
2026-04-02T10:52:00,0.57195,0.57195,0.57195,0.57195,16
2026-04-02T10:53:00,0.572,0.572,0.572,0.572,20
2026-04-02T10:54:00,0.572,0.572,0.57195,0.57195,5
2026-04-02T10:55:00,0.57205,0.57205,0.57205,0.57205,2
2026-04-02T10:56:00,0.572,0.572,0.57195,0.57195,9
2026-04-02T10:57:00,0.57195,0.57195,0.5719,0.5719,51
2026-04-02T10:58:00,0.57195,0.572,0.57195,0.572,4
2026-04-02T10:59:00,0.5719,0.5719,0.5719,0.5719,4
2026-04-02T11:00:00,0.5718,0.5718,0.5718,0.5718,25
2026-04-02T11:01:00,0.5718,0.57185,0.5717,0.57175,34
2026-04-02T11:02:00,0.5718,0.572,0.5718,0.572,35
2026-04-02T11:03:00,0.572,0.57205,0.57195,0.57205,23
2026-04-02T11:04:00,0.572,0.572,0.57195,0.572,13
2026-04-02T11:05:00,0.5719,0.5719,0.5718,0.5718,10
2026-04-02T11:06:00,0.5718,0.5718,0.57175,0.57175,21
2026-04-02T11:07:00,0.57175,0.57175,0.5716,0.5717,58
2026-04-02T11:08:00,0.57175,0.57185,0.57175,0.57185,24
2026-04-02T11:09:00,0.57185,0.5719,0.57185,0.5719,12
2026-04-02T11:10:00,0.57185,0.57185,0.5718,0.5718,14
2026-04-02T11:11:00,0.57175,0.57175,0.57165,0.57175,27
2026-04-02T11:12:00,0.5717,0.5717,0.57165,0.5717,19
2026-04-02T11:13:00,0.57175,0.5718,0.57175,0.57175,14
2026-04-02T11:14:00,0.57165,0.57175,0.57165,0.5717,30
2026-04-02T11:15:00,0.57165,0.57165,0.5715,0.5716,23
2026-04-02T11:16:00,0.5716,0.5716,0.57155,0.57155,16
2026-04-02T11:17:00,0.57155,0.5716,0.57155,0.5716,3
2026-04-02T11:18:00,0.5716,0.5716,0.5716,0.5716,1
2026-04-02T11:19:00,0.5716,0.57165,0.5716,0.57165,30
2026-04-02T11:20:00,0.5717,0.5717,0.5717,0.5717,5
2026-04-02T11:21:00,0.57175,0.5718,0.57175,0.57175,26
2026-04-02T11:22:00,0.5717,0.5718,0.5717,0.5718,13
2026-04-02T11:23:00,0.5717,0.5717,0.5717,0.5717,1
2026-04-02T11:24:00,0.5717,0.5717,0.5717,0.5717,6
2026-04-02T11:25:00,0.57185,0.57185,0.57175,0.57175,17
2026-04-02T11:26:00,0.5717,0.5717,0.57165,0.57165,11
2026-04-02T11:27:00,0.57165,0.5717,0.57165,0.5717,11
2026-04-02T11:28:00,0.57165,0.57165,0.57155,0.5716,20
2026-04-02T11:29:00,0.5716,0.5716,0.5715,0.5715,12
2026-04-02T11:30:00,0.5715,0.5716,0.5715,0.5716,41
2026-04-02T11:31:00,0.5716,0.57165,0.57155,0.57165,40
2026-04-02T11:32:00,0.5717,0.57175,0.5717,0.57175,15
2026-04-02T11:33:00,0.5717,0.5718,0.5717,0.5718,22
2026-04-02T11:34:00,0.57175,0.57175,0.5717,0.57175,15
2026-04-02T11:35:00,0.5718,0.5718,0.57175,0.57175,10
2026-04-02T11:36:00,0.57175,0.57175,0.57165,0.57165,20
2026-04-02T11:37:00,0.57165,0.5717,0.57165,0.5717,3
2026-04-02T11:38:00,0.57165,0.57175,0.57165,0.57175,30
2026-04-02T11:40:00,0.57165,0.57175,0.57165,0.5717,9
2026-04-02T11:41:00,0.57165,0.57165,0.57165,0.57165,17
2026-04-02T11:42:00,0.57165,0.57165,0.57165,0.57165,13
2026-04-02T11:43:00,0.57165,0.57165,0.5716,0.57165,12
2026-04-02T11:44:00,0.57165,0.57165,0.5716,0.57165,6
2026-04-02T11:45:00,0.5716,0.5716,0.5716,0.5716,6
2026-04-02T11:46:00,0.5716,0.5716,0.5716,0.5716,8
2026-04-02T11:47:00,0.5716,0.5716,0.5715,0.5715,33
2026-04-02T11:48:00,0.57155,0.57155,0.5715,0.5715,3
2026-04-02T11:49:00,0.5715,0.57165,0.5715,0.57165,17
2026-04-02T11:50:00,0.57165,0.57165,0.5716,0.5716,3
2026-04-02T11:51:00,0.5716,0.57175,0.5716,0.5717,15
2026-04-02T11:52:00,0.57165,0.57175,0.5716,0.57175,36
2026-04-02T11:53:00,0.57175,0.57175,0.5717,0.57175,27
2026-04-02T11:54:00,0.5718,0.5718,0.5718,0.5718,4
2026-04-02T11:55:00,0.5718,0.5718,0.5717,0.5717,3
2026-04-02T11:56:00,0.57165,0.57175,0.57165,0.5717,19
2026-04-02T11:57:00,0.5717,0.57175,0.5717,0.57175,8
2026-04-02T11:58:00,0.57175,0.57185,0.57175,0.5718,27
2026-04-02T11:59:00,0.57185,0.57195,0.57185,0.57185,14
2026-04-02T12:00:00,0.5719,0.5719,0.5718,0.57185,24
2026-04-02T12:01:00,0.5719,0.57195,0.5719,0.5719,67
2026-04-02T12:02:00,0.57185,0.57185,0.57175,0.57185,73
2026-04-02T12:03:00,0.5719,0.5721,0.5719,0.5721,23
2026-04-02T12:04:00,0.57215,0.5722,0.5721,0.5722,72
2026-04-02T12:05:00,0.57225,0.5723,0.57225,0.57225,47
2026-04-02T12:06:00,0.57225,0.5724,0.57225,0.5724,13
2026-04-02T12:07:00,0.57235,0.5724,0.5723,0.5723,39
2026-04-02T12:08:00,0.5723,0.5723,0.57225,0.57225,55
2026-04-02T12:09:00,0.57225,0.57225,0.57215,0.57215,26
2026-04-02T12:10:00,0.5722,0.57225,0.57205,0.57205,44
2026-04-02T12:11:00,0.57205,0.57215,0.572,0.5721,65
2026-04-02T12:12:00,0.57205,0.5722,0.57205,0.57215,71
2026-04-02T12:13:00,0.5721,0.57225,0.5721,0.57225,20
2026-04-02T12:14:00,0.5722,0.57225,0.5722,0.57225,22
2026-04-02T12:15:00,0.5722,0.57225,0.5722,0.57225,2
2026-04-02T12:16:00,0.57215,0.57215,0.57215,0.57215,1
2026-04-02T12:17:00,0.5721,0.5721,0.57205,0.57205,35
2026-04-02T12:18:00,0.5721,0.5722,0.5721,0.5722,64
2026-04-02T12:19:00,0.5722,0.5722,0.5722,0.5722,1
2026-04-02T12:20:00,0.57215,0.57215,0.5721,0.57215,24
2026-04-02T12:21:00,0.57215,0.57225,0.57215,0.57225,59
2026-04-02T12:22:00,0.57225,0.5723,0.57225,0.5723,15
2026-04-02T12:23:00,0.57235,0.57235,0.57235,0.57235,19
2026-04-02T12:24:00,0.57235,0.57245,0.57235,0.57245,41
2026-04-02T12:25:00,0.5725,0.5725,0.5723,0.5723,47
2026-04-02T12:26:00,0.57225,0.5724,0.57225,0.5724,41
2026-04-02T12:27:00,0.5724,0.57245,0.5724,0.57245,5
2026-04-02T12:28:00,0.57245,0.5725,0.57245,0.5725,35
2026-04-02T12:29:00,0.57255,0.5726,0.5725,0.5726,74
2026-04-02T12:30:00,0.5725,0.57265,0.5723,0.57255,267
2026-04-02T12:31:00,0.57245,0.5725,0.57245,0.5725,28
2026-04-02T12:32:00,0.57255,0.57265,0.57255,0.5726,21
2026-04-02T12:33:00,0.57265,0.5727,0.57265,0.5727,149
2026-04-02T12:34:00,0.57265,0.57285,0.5726,0.5728,103
2026-04-02T12:35:00,0.57285,0.5729,0.5727,0.57275,24
2026-04-02T12:36:00,0.57275,0.57285,0.5727,0.57285,57
2026-04-02T12:37:00,0.57285,0.5729,0.57275,0.57275,58
2026-04-02T12:38:00,0.57275,0.5728,0.57275,0.5728,33
2026-04-02T12:39:00,0.5728,0.57295,0.57275,0.5729,14
2026-04-02T12:40:00,0.57275,0.5728,0.57275,0.57275,20
2026-04-02T12:41:00,0.57275,0.57275,0.5727,0.5727,5
2026-04-02T12:42:00,0.5727,0.5727,0.57265,0.5727,14
2026-04-02T12:43:00,0.57265,0.57275,0.57265,0.5727,31
2026-04-02T12:44:00,0.5726,0.5726,0.57255,0.57255,82
2026-04-02T12:45:00,0.57255,0.57265,0.5725,0.5726,25
2026-04-02T12:46:00,0.5727,0.5728,0.5726,0.5726,29
2026-04-02T12:47:00,0.57255,0.57255,0.57245,0.57255,40
2026-04-02T12:48:00,0.57255,0.57275,0.57255,0.57275,18
2026-04-02T12:49:00,0.5727,0.57275,0.5727,0.57275,22
2026-04-02T12:50:00,0.57275,0.57275,0.5727,0.57275,26
2026-04-02T12:51:00,0.57275,0.57275,0.5727,0.5727,9
2026-04-02T12:52:00,0.5727,0.5728,0.5727,0.5728,14
2026-04-02T12:53:00,0.5727,0.5727,0.5727,0.5727,4
2026-04-02T12:54:00,0.57265,0.57265,0.57265,0.57265,11
2026-04-02T12:55:00,0.57265,0.57265,0.5726,0.5726,26
2026-04-02T12:56:00,0.57265,0.57265,0.5725,0.5725,35
2026-04-02T12:57:00,0.5725,0.57255,0.5725,0.57255,75
2026-04-02T12:58:00,0.57245,0.57245,0.5724,0.57245,27
2026-04-02T12:59:00,0.57245,0.5725,0.57245,0.5725,14
2026-04-02T13:00:00,0.57255,0.5726,0.5724,0.57255,152
2026-04-02T13:01:00,0.5726,0.5726,0.5725,0.5726,10
2026-04-02T13:02:00,0.5726,0.5727,0.57245,0.57245,32
2026-04-02T13:03:00,0.57245,0.5728,0.57245,0.5728,53
2026-04-02T13:04:00,0.5728,0.5728,0.57275,0.5728,11
2026-04-02T13:05:00,0.57275,0.57275,0.57265,0.5727,28
2026-04-02T13:06:00,0.5727,0.5729,0.5727,0.57275,48
2026-04-02T13:07:00,0.57275,0.5728,0.57265,0.57265,23
2026-04-02T13:08:00,0.57255,0.5726,0.5725,0.5725,12
2026-04-02T13:09:00,0.5725,0.5725,0.5724,0.5724,59
2026-04-02T13:10:00,0.5724,0.5724,0.57225,0.57235,34
2026-04-02T13:11:00,0.57235,0.57235,0.5722,0.5722,26
2026-04-02T13:12:00,0.5722,0.5722,0.57215,0.5722,23
2026-04-02T13:13:00,0.57215,0.57215,0.5721,0.57215,16
2026-04-02T13:14:00,0.5722,0.5722,0.5721,0.57215,36
2026-04-02T13:15:00,0.5722,0.5725,0.5722,0.5724,38
2026-04-02T13:16:00,0.5724,0.57245,0.5724,0.5724,14
2026-04-02T13:17:00,0.5724,0.5724,0.57235,0.5724,5
2026-04-02T13:18:00,0.5724,0.57245,0.5724,0.57245,4
2026-04-02T13:19:00,0.5724,0.57245,0.57235,0.5724,13
2026-04-02T13:20:00,0.5724,0.57245,0.57235,0.5724,21
2026-04-02T13:21:00,0.5724,0.57245,0.5723,0.57245,38
2026-04-02T13:22:00,0.5725,0.57265,0.57245,0.57265,20
2026-04-02T13:23:00,0.57255,0.57255,0.57245,0.57245,11
2026-04-02T13:24:00,0.5724,0.5725,0.5724,0.5725,11
2026-04-02T13:25:00,0.57255,0.5726,0.5725,0.57255,40
2026-04-02T13:26:00,0.5726,0.5726,0.57255,0.57255,10
2026-04-02T13:27:00,0.5726,0.57265,0.5726,0.57265,9
2026-04-02T13:28:00,0.5727,0.5727,0.5726,0.5726,15
2026-04-02T13:29:00,0.5726,0.57265,0.5726,0.57265,38
2026-04-02T13:30:00,0.5727,0.57295,0.5727,0.5728,109
2026-04-02T13:31:00,0.5728,0.57305,0.5728,0.573,66
2026-04-02T13:32:00,0.573,0.573,0.5728,0.5728,26
2026-04-02T13:33:00,0.57275,0.573,0.5727,0.573,20
2026-04-02T13:34:00,0.57285,0.57295,0.5728,0.5728,13
2026-04-02T13:35:00,0.5727,0.5727,0.57265,0.5727,16
2026-04-02T13:36:00,0.57275,0.57275,0.57265,0.57265,13
2026-04-02T13:37:00,0.57265,0.5727,0.5726,0.5726,16
2026-04-02T13:38:00,0.5727,0.5727,0.57265,0.57265,9
2026-04-02T13:39:00,0.57255,0.57255,0.57235,0.57235,16
2026-04-02T13:40:00,0.57235,0.57245,0.5723,0.57235,28
2026-04-02T13:41:00,0.57235,0.57275,0.5723,0.57275,63
2026-04-02T13:42:00,0.5727,0.5727,0.5725,0.5725,22
2026-04-02T13:43:00,0.57255,0.5726,0.57245,0.5725,24
2026-04-02T13:44:00,0.57255,0.57265,0.5725,0.57255,16
2026-04-02T13:45:00,0.57255,0.57285,0.57255,0.5728,49
2026-04-02T13:46:00,0.5728,0.5729,0.5728,0.5729,29
2026-04-02T13:47:00,0.5729,0.57315,0.5729,0.57315,417
2026-04-02T13:48:00,0.57305,0.57305,0.57295,0.573,63
2026-04-02T13:49:00,0.57305,0.5731,0.57295,0.5731,46
2026-04-02T13:50:00,0.57305,0.57315,0.57305,0.57305,62
2026-04-02T13:51:00,0.573,0.5732,0.573,0.5732,40
2026-04-02T13:52:00,0.5732,0.57325,0.57315,0.5732,26
2026-04-02T13:53:00,0.5731,0.5733,0.5731,0.57325,43
2026-04-02T13:54:00,0.57315,0.5733,0.5731,0.5732,43
2026-04-02T13:55:00,0.57325,0.5733,0.57315,0.5732,40
2026-04-02T13:56:00,0.57325,0.5733,0.5732,0.57325,16
2026-04-02T13:57:00,0.57325,0.57345,0.57325,0.57345,81
2026-04-02T13:58:00,0.5734,0.57345,0.5733,0.57335,44
2026-04-02T13:59:00,0.57335,0.57345,0.57335,0.57345,17
2026-04-02T14:00:00,0.5735,0.5736,0.57345,0.5735,50
2026-04-02T14:01:00,0.57345,0.5735,0.57335,0.57335,28
2026-04-02T14:02:00,0.5733,0.57335,0.5732,0.5733,36
2026-04-02T14:03:00,0.57325,0.5734,0.5732,0.5734,39
2026-04-02T14:04:00,0.57345,0.5735,0.57335,0.5734,46
2026-04-02T14:05:00,0.5734,0.5735,0.5733,0.5735,73
2026-04-02T14:06:00,0.57345,0.57375,0.57345,0.57375,41
2026-04-02T14:07:00,0.57375,0.57375,0.5736,0.57365,65
2026-04-02T14:08:00,0.5736,0.57365,0.57355,0.57365,30
2026-04-02T14:09:00,0.57365,0.57365,0.5736,0.5736,26
2026-04-02T14:10:00,0.5735,0.5735,0.5734,0.5735,32
2026-04-02T14:11:00,0.5735,0.57375,0.5735,0.57355,35
2026-04-02T14:12:00,0.5735,0.57355,0.5735,0.5735,37
2026-04-02T14:13:00,0.5735,0.57355,0.5735,0.57355,24
2026-04-02T14:14:00,0.57355,0.5736,0.57355,0.57355,21
2026-04-02T14:15:00,0.5736,0.57365,0.57355,0.57365,36
2026-04-02T14:16:00,0.5736,0.57385,0.5736,0.57365,65
2026-04-02T14:17:00,0.5736,0.57365,0.57355,0.5736,32
2026-04-02T14:18:00,0.5736,0.5737,0.57355,0.5737,36
2026-04-02T14:19:00,0.5737,0.57375,0.57365,0.57365,21
2026-04-02T14:20:00,0.5736,0.57365,0.5735,0.5735,85
2026-04-02T14:21:00,0.5735,0.5736,0.5735,0.57355,55
2026-04-02T14:22:00,0.57355,0.57355,0.57335,0.57345,24
2026-04-02T14:23:00,0.57345,0.57355,0.57345,0.57355,13
2026-04-02T14:24:00,0.57355,0.5736,0.5735,0.57355,16
2026-04-02T14:25:00,0.5736,0.5736,0.57335,0.5734,22
2026-04-02T14:26:00,0.5735,0.5735,0.5734,0.5734,5
2026-04-02T14:27:00,0.57335,0.57335,0.57325,0.57325,41
2026-04-02T14:28:00,0.57325,0.5734,0.57325,0.5734,7
2026-04-02T14:29:00,0.5734,0.5734,0.5733,0.57335,7
2026-04-02T14:30:00,0.5733,0.57335,0.57325,0.57325,26
2026-04-02T14:31:00,0.5733,0.5734,0.5733,0.57335,40
2026-04-02T14:32:00,0.5733,0.5734,0.5732,0.5734,40
2026-04-02T14:33:00,0.5734,0.5736,0.5734,0.57355,107
2026-04-02T14:34:00,0.57355,0.57355,0.5734,0.57345,22
2026-04-02T14:35:00,0.5734,0.5742,0.5734,0.5741,408
2026-04-02T14:36:00,0.5741,0.57505,0.574,0.5748,922
2026-04-02T14:37:00,0.57475,0.575,0.5745,0.5745,559
2026-04-02T14:38:00,0.57445,0.57445,0.5741,0.5742,229
2026-04-02T14:39:00,0.57405,0.5747,0.57405,0.57465,355
2026-04-02T14:40:00,0.57465,0.5747,0.57415,0.57415,199
2026-04-02T14:41:00,0.57415,0.57425,0.5739,0.57395,190
2026-04-02T14:42:00,0.57415,0.57445,0.5741,0.5744,179
2026-04-02T14:43:00,0.57435,0.5746,0.5743,0.57455,141
2026-04-02T14:44:00,0.57455,0.57475,0.5745,0.57475,116
2026-04-02T14:45:00,0.57465,0.57475,0.5744,0.5744,80
2026-04-02T14:46:00,0.57435,0.5744,0.57415,0.57425,111
2026-04-02T14:47:00,0.57415,0.57435,0.5741,0.57435,78
2026-04-02T14:48:00,0.57435,0.5744,0.57415,0.5742,160
2026-04-02T14:49:00,0.5742,0.57425,0.574,0.574,75
2026-04-02T14:50:00,0.57395,0.574,0.57375,0.57385,230
2026-04-02T14:51:00,0.5738,0.57385,0.57365,0.5737,89
2026-04-02T14:52:00,0.5737,0.574,0.5737,0.574,69
2026-04-02T14:53:00,0.574,0.574,0.57375,0.5738,102
2026-04-02T14:54:00,0.5738,0.57405,0.5738,0.574,34
2026-04-02T14:55:00,0.574,0.57425,0.5739,0.57425,160
2026-04-02T14:56:00,0.57425,0.57435,0.57415,0.5743,290
2026-04-02T14:57:00,0.57425,0.5743,0.5741,0.57425,165
2026-04-02T14:58:00,0.5742,0.57435,0.5742,0.57435,78
2026-04-02T14:59:00,0.5743,0.5743,0.5742,0.57425,107
2026-04-02T15:00:00,0.57425,0.57435,0.5741,0.57415,303
2026-04-02T15:01:00,0.57415,0.57425,0.57415,0.5742,217
2026-04-02T15:02:00,0.57425,0.57425,0.57395,0.57395,122
2026-04-02T15:03:00,0.57405,0.5745,0.574,0.57445,100
2026-04-02T15:04:00,0.5744,0.5747,0.5744,0.57465,184
2026-04-02T15:05:00,0.57465,0.5747,0.5743,0.57455,327
2026-04-02T15:06:00,0.5745,0.57465,0.57445,0.57445,71
2026-04-02T15:07:00,0.57445,0.57445,0.5742,0.5742,124
2026-04-02T15:08:00,0.57425,0.57445,0.57425,0.5743,49
2026-04-02T15:09:00,0.5743,0.57435,0.5742,0.5743,66
2026-04-02T15:10:00,0.57435,0.57445,0.57425,0.57445,65
2026-04-02T15:11:00,0.5744,0.57455,0.57435,0.5744,105
2026-04-02T15:12:00,0.5744,0.57455,0.57435,0.57445,11
2026-04-02T15:13:00,0.5745,0.57455,0.57445,0.5745,9
2026-04-02T15:14:00,0.57445,0.5745,0.57435,0.5745,19
2026-04-02T15:15:00,0.57445,0.57455,0.5744,0.5745,65
2026-04-02T15:16:00,0.5745,0.57475,0.5745,0.57465,56
2026-04-02T15:17:00,0.57475,0.57475,0.5746,0.5746,20
2026-04-02T15:18:00,0.57445,0.5745,0.5743,0.5743,22
2026-04-02T15:19:00,0.57445,0.57445,0.5744,0.5744,19
2026-04-02T15:20:00,0.5743,0.5743,0.5739,0.57395,20
2026-04-02T15:21:00,0.574,0.574,0.57385,0.57395,17
2026-04-02T15:22:00,0.57405,0.57405,0.5738,0.5738,16
2026-04-02T15:23:00,0.57385,0.57385,0.57375,0.5738,22
2026-04-02T15:24:00,0.5739,0.5739,0.57385,0.57385,10
2026-04-02T15:25:00,0.5739,0.5739,0.5737,0.57375,7
2026-04-02T15:26:00,0.5739,0.5741,0.57385,0.5741,55
2026-04-02T15:27:00,0.57415,0.57425,0.57415,0.57425,12
2026-04-02T15:28:00,0.57435,0.57445,0.57435,0.5744,63
2026-04-02T15:29:00,0.5744,0.5744,0.5743,0.57435,11
2026-04-02T15:30:00,0.57435,0.5744,0.5742,0.5743,41
2026-04-02T15:31:00,0.5743,0.57435,0.5742,0.57435,14
2026-04-02T15:32:00,0.57435,0.57435,0.5743,0.5743,5
2026-04-02T15:33:00,0.5743,0.5743,0.57415,0.57415,74
2026-04-02T15:34:00,0.5742,0.5743,0.5741,0.5743,51
2026-04-02T15:35:00,0.57425,0.57435,0.57425,0.57435,41
2026-04-02T15:36:00,0.57435,0.5744,0.57425,0.57435,60
2026-04-02T15:37:00,0.5744,0.57445,0.5744,0.5744,42
2026-04-02T15:38:00,0.5743,0.57435,0.5743,0.57435,12
2026-04-02T15:39:00,0.57435,0.5744,0.57435,0.5744,5
2026-04-02T15:40:00,0.57435,0.57435,0.57425,0.5743,17
2026-04-02T15:41:00,0.5743,0.5743,0.5741,0.57415,34
2026-04-02T15:42:00,0.57415,0.57415,0.5741,0.5741,8
2026-04-02T15:43:00,0.5741,0.5741,0.5741,0.5741,1
2026-04-02T15:44:00,0.5742,0.5745,0.5742,0.57445,40
2026-04-02T15:45:00,0.5745,0.5745,0.5743,0.5743,32
2026-04-02T15:46:00,0.57425,0.5744,0.57425,0.57435,35
2026-04-02T15:47:00,0.5743,0.5743,0.57425,0.57425,10
2026-04-02T15:48:00,0.57425,0.57425,0.574,0.574,17
2026-04-02T15:49:00,0.57405,0.5741,0.57405,0.57405,5
2026-04-02T15:50:00,0.574,0.574,0.57385,0.5739,14
2026-04-02T15:51:00,0.5739,0.57395,0.57385,0.57385,12
2026-04-02T15:52:00,0.5739,0.57395,0.57385,0.57395,13
2026-04-02T15:53:00,0.57395,0.57395,0.5739,0.5739,17
2026-04-02T15:54:00,0.5739,0.57405,0.5739,0.57405,10
2026-04-02T15:55:00,0.57405,0.5741,0.57405,0.57405,70
2026-04-02T15:56:00,0.574,0.5741,0.57395,0.57395,12
2026-04-02T15:57:00,0.5739,0.57395,0.5739,0.5739,4
2026-04-02T15:58:00,0.57395,0.57395,0.57395,0.57395,13
2026-04-02T15:59:00,0.57395,0.57405,0.57395,0.57405,22
2026-04-02T16:00:00,0.57405,0.57415,0.57405,0.57405,23
2026-04-02T16:01:00,0.57405,0.5743,0.57405,0.5742,40
2026-04-02T16:02:00,0.5742,0.5742,0.5741,0.5741,50
2026-04-02T16:03:00,0.57415,0.5742,0.57415,0.57415,53
2026-04-02T16:04:00,0.57405,0.57405,0.57395,0.57395,8
2026-04-02T16:05:00,0.57395,0.57405,0.57395,0.57405,3
2026-04-02T16:06:00,0.57395,0.574,0.57395,0.57395,32
2026-04-02T16:07:00,0.5739,0.5739,0.5738,0.5738,15
2026-04-02T16:08:00,0.5737,0.5738,0.5736,0.5736,21
2026-04-02T16:09:00,0.5736,0.5737,0.5736,0.57365,199
2026-04-02T16:10:00,0.57365,0.5737,0.57355,0.57355,36
2026-04-02T16:11:00,0.57355,0.57355,0.57345,0.57355,24
2026-04-02T16:12:00,0.57355,0.5736,0.57355,0.57355,6
2026-04-02T16:13:00,0.5735,0.57375,0.5735,0.57375,22
2026-04-02T16:14:00,0.5737,0.57375,0.5737,0.5737,5
2026-04-02T16:16:00,0.5738,0.574,0.5738,0.57395,13
2026-04-02T16:17:00,0.57385,0.57385,0.57375,0.5738,5
2026-04-02T16:18:00,0.5737,0.57375,0.5737,0.57375,7
2026-04-02T16:19:00,0.5738,0.5738,0.5736,0.5736,23
2026-04-02T16:20:00,0.5736,0.5737,0.5736,0.5737,24
2026-04-02T16:21:00,0.57375,0.5738,0.57375,0.5738,16
2026-04-02T16:22:00,0.57385,0.57385,0.57385,0.57385,10
2026-04-02T16:24:00,0.5738,0.5738,0.57375,0.57375,3
2026-04-02T16:25:00,0.57375,0.57375,0.57365,0.57365,5
2026-04-02T16:26:00,0.57365,0.5738,0.57365,0.57375,28
2026-04-02T16:27:00,0.57375,0.57385,0.57375,0.57385,16
2026-04-02T16:28:00,0.57385,0.5739,0.57375,0.57375,26
2026-04-02T16:29:00,0.5738,0.5738,0.57375,0.57375,13
2026-04-02T16:30:00,0.5737,0.5738,0.5737,0.57375,8
2026-04-02T16:31:00,0.57375,0.574,0.57375,0.57395,15
2026-04-02T16:32:00,0.574,0.57415,0.574,0.57415,16
2026-04-02T16:33:00,0.57415,0.5742,0.57405,0.57405,29
2026-04-02T16:34:00,0.57405,0.57405,0.57395,0.574,13
2026-04-02T16:35:00,0.57405,0.57405,0.574,0.57405,55
2026-04-02T16:36:00,0.5741,0.5741,0.5739,0.57405,195
2026-04-02T16:37:00,0.57405,0.57405,0.57405,0.57405,18
2026-04-02T16:38:00,0.57405,0.57405,0.5738,0.57395,47
2026-04-02T16:39:00,0.57395,0.57405,0.57395,0.57395,12
2026-04-02T16:40:00,0.57395,0.5744,0.57395,0.57405,119
2026-04-02T16:41:00,0.574,0.574,0.5739,0.57395,14
2026-04-02T16:42:00,0.57385,0.574,0.57385,0.574,18
2026-04-02T16:43:00,0.5739,0.574,0.5739,0.574,3
2026-04-02T16:44:00,0.57405,0.5741,0.57395,0.57395,15
2026-04-02T16:45:00,0.57395,0.574,0.57395,0.57395,19
2026-04-02T16:46:00,0.57395,0.5741,0.57395,0.57405,29
2026-04-02T16:48:00,0.57395,0.57395,0.57395,0.57395,7
2026-04-02T16:49:00,0.57395,0.574,0.5739,0.574,9
2026-04-02T16:50:00,0.57405,0.5741,0.57405,0.57405,34
2026-04-02T16:51:00,0.57405,0.57405,0.5739,0.574,13
2026-04-02T16:52:00,0.57405,0.57405,0.57405,0.57405,12
2026-04-02T16:53:00,0.57405,0.5741,0.57405,0.57405,57
2026-04-02T16:54:00,0.5741,0.57415,0.57405,0.57405,15
2026-04-02T16:55:00,0.57405,0.57405,0.57405,0.57405,7
2026-04-02T16:56:00,0.57405,0.57405,0.57405,0.57405,4
2026-04-02T16:57:00,0.57405,0.57405,0.57405,0.57405,2
2026-04-02T16:58:00,0.574,0.574,0.5739,0.5739,18
2026-04-02T16:59:00,0.57395,0.57395,0.57375,0.57375,61
2026-04-02T17:00:00,0.5737,0.5737,0.5736,0.5736,43
2026-04-02T17:01:00,0.57355,0.57365,0.57355,0.5736,13
2026-04-02T17:02:00,0.5736,0.5737,0.5736,0.5737,30
2026-04-02T17:03:00,0.5737,0.5739,0.5737,0.57385,55
2026-04-02T17:04:00,0.5738,0.5739,0.5738,0.5739,20
2026-04-02T17:05:00,0.57385,0.57385,0.5738,0.57385,19
2026-04-02T17:06:00,0.57385,0.57385,0.5738,0.57385,52
2026-04-02T17:07:00,0.5739,0.5739,0.5739,0.5739,18
2026-04-02T17:08:00,0.57395,0.574,0.5738,0.5738,132
2026-04-02T17:09:00,0.57375,0.57385,0.57375,0.57385,12
2026-04-02T17:10:00,0.57375,0.57375,0.57375,0.57375,3
2026-04-02T17:11:00,0.57375,0.5738,0.57365,0.5737,12
2026-04-02T17:12:00,0.5737,0.57375,0.57365,0.57375,14
2026-04-02T17:13:00,0.57375,0.5738,0.57375,0.5738,18
2026-04-02T17:14:00,0.5738,0.574,0.5738,0.57395,31
2026-04-02T17:15:00,0.57395,0.574,0.57395,0.57395,26
2026-04-02T17:16:00,0.574,0.5741,0.574,0.5741,101
2026-04-02T17:17:00,0.574,0.574,0.574,0.574,2
2026-04-02T17:18:00,0.574,0.574,0.57395,0.57395,3
2026-04-02T17:19:00,0.57385,0.5739,0.57385,0.5739,4
2026-04-02T17:20:00,0.57395,0.57395,0.57395,0.57395,4
2026-04-02T17:21:00,0.57395,0.57395,0.57395,0.57395,6
2026-04-02T17:22:00,0.57395,0.57395,0.57395,0.57395,2
2026-04-02T17:24:00,0.57405,0.57405,0.57405,0.57405,9
2026-04-02T17:25:00,0.574,0.574,0.574,0.574,10
2026-04-02T17:26:00,0.57395,0.57395,0.57395,0.57395,5
2026-04-02T17:27:00,0.5739,0.5739,0.5739,0.5739,6
2026-04-02T17:28:00,0.5739,0.5739,0.5739,0.5739,2
2026-04-02T17:30:00,0.57385,0.57385,0.5738,0.5738,12
2026-04-02T17:31:00,0.57375,0.57385,0.57375,0.57385,6
2026-04-02T17:32:00,0.5737,0.5737,0.5737,0.5737,1
2026-04-02T17:33:00,0.57375,0.57375,0.5737,0.5737,8
2026-04-02T17:34:00,0.57375,0.57375,0.57375,0.57375,1
2026-04-02T17:35:00,0.57365,0.57365,0.5736,0.5736,10
2026-04-02T17:36:00,0.5736,0.57365,0.5736,0.57365,5
2026-04-02T17:37:00,0.5736,0.57365,0.57355,0.5736,71
2026-04-02T17:38:00,0.5736,0.5736,0.5736,0.5736,4
2026-04-02T17:39:00,0.5736,0.5737,0.5736,0.57365,15
2026-04-02T17:40:00,0.57365,0.5737,0.57365,0.5737,4
2026-04-02T17:41:00,0.5737,0.5738,0.5737,0.57375,21
2026-04-02T17:42:00,0.57355,0.57365,0.57355,0.57365,2
2026-04-02T17:44:00,0.5736,0.5736,0.57355,0.5736,63
2026-04-02T17:45:00,0.57365,0.57365,0.57355,0.57355,19
2026-04-02T17:46:00,0.5735,0.5735,0.57345,0.5735,8
2026-04-02T17:47:00,0.5735,0.5735,0.57345,0.57345,15
2026-04-02T17:48:00,0.5735,0.5735,0.5733,0.57335,32
2026-04-02T17:49:00,0.57335,0.57335,0.5733,0.5733,24
2026-04-02T17:50:00,0.5733,0.57335,0.5733,0.57335,26
2026-04-02T17:51:00,0.57335,0.5734,0.57335,0.57335,4
2026-04-02T17:52:00,0.5733,0.5733,0.57325,0.57325,19
2026-04-02T17:53:00,0.5734,0.5734,0.57335,0.57335,4
2026-04-02T17:54:00,0.57335,0.57335,0.57335,0.57335,1
2026-04-02T17:55:00,0.5734,0.57345,0.57325,0.5733,22
2026-04-02T17:56:00,0.5733,0.57335,0.5733,0.57335,5
2026-04-02T17:57:00,0.5733,0.5733,0.57325,0.57325,4
2026-04-02T17:58:00,0.57325,0.5733,0.5732,0.5733,9
2026-04-02T17:59:00,0.57335,0.57335,0.57335,0.57335,5
2026-04-02T18:00:00,0.5734,0.57345,0.57335,0.57345,36
2026-04-02T18:01:00,0.57345,0.57355,0.57345,0.57355,8
2026-04-02T18:02:00,0.5735,0.5735,0.57345,0.57345,13
2026-04-02T18:03:00,0.5735,0.5735,0.5735,0.5735,7
2026-04-02T18:04:00,0.5736,0.5736,0.5736,0.5736,1
2026-04-02T18:05:00,0.5736,0.57365,0.5736,0.57365,10
2026-04-02T18:06:00,0.5736,0.5736,0.5736,0.5736,6
2026-04-02T18:07:00,0.57355,0.57355,0.57355,0.57355,1
2026-04-02T18:08:00,0.5735,0.5735,0.57345,0.57345,9
2026-04-02T18:09:00,0.5735,0.5735,0.5735,0.5735,5
2026-04-02T18:11:00,0.57355,0.57355,0.57355,0.57355,3
2026-04-02T18:12:00,0.5735,0.5735,0.5734,0.5734,6
2026-04-02T18:13:00,0.5734,0.5734,0.5734,0.5734,4
2026-04-02T18:14:00,0.5734,0.5734,0.5734,0.5734,4
2026-04-02T18:15:00,0.57335,0.57335,0.5733,0.57335,24
2026-04-02T18:16:00,0.57335,0.57335,0.57325,0.5733,15
2026-04-02T18:17:00,0.57335,0.57335,0.57335,0.57335,17
2026-04-02T18:18:00,0.57335,0.57335,0.5733,0.5733,10
2026-04-02T18:19:00,0.57335,0.57335,0.57335,0.57335,1
2026-04-02T18:20:00,0.5733,0.5733,0.5733,0.5733,3
2026-04-02T18:21:00,0.57325,0.5734,0.57325,0.5734,7
2026-04-02T18:22:00,0.5733,0.5733,0.5733,0.5733,1
2026-04-02T18:23:00,0.57325,0.57325,0.57325,0.57325,3
2026-04-02T18:24:00,0.57325,0.57325,0.5732,0.5732,16
2026-04-02T18:25:00,0.57315,0.57315,0.57315,0.57315,14
2026-04-02T18:26:00,0.5732,0.57325,0.5732,0.57325,3
2026-04-02T18:27:00,0.57325,0.57325,0.5732,0.5732,2
2026-04-02T18:29:00,0.5732,0.5732,0.5732,0.5732,4
2026-04-02T18:30:00,0.5732,0.5732,0.57315,0.57315,9
2026-04-02T18:31:00,0.57315,0.57315,0.5731,0.57315,10
2026-04-02T18:32:00,0.57315,0.5732,0.57315,0.5732,3
2026-04-02T18:33:00,0.57315,0.57315,0.57315,0.57315,7
2026-04-02T18:35:00,0.5732,0.5732,0.57315,0.57315,6
2026-04-02T18:36:00,0.57315,0.5732,0.57315,0.57315,5
2026-04-02T18:37:00,0.5732,0.5732,0.5732,0.5732,11
2026-04-02T18:38:00,0.5732,0.5732,0.5732,0.5732,1
2026-04-02T18:39:00,0.5731,0.5731,0.5731,0.5731,4
2026-04-02T18:40:00,0.57315,0.5733,0.57315,0.5733,9
2026-04-02T18:41:00,0.57335,0.57345,0.57335,0.57335,53
2026-04-02T18:42:00,0.57335,0.57335,0.57335,0.57335,20
2026-04-02T18:43:00,0.57335,0.57335,0.5733,0.5733,25
2026-04-02T18:44:00,0.5733,0.5733,0.5733,0.5733,9
2026-04-02T18:45:00,0.5733,0.57335,0.5733,0.57335,9
2026-04-02T18:46:00,0.57335,0.57345,0.57335,0.5734,24
2026-04-02T18:47:00,0.57345,0.57345,0.5734,0.5734,12
2026-04-02T18:48:00,0.5734,0.5734,0.57335,0.57335,3
2026-04-02T18:49:00,0.57335,0.57335,0.57335,0.57335,4
2026-04-02T18:50:00,0.5734,0.5734,0.57335,0.5734,48
2026-04-02T18:51:00,0.57335,0.57335,0.5733,0.57335,26
2026-04-02T18:52:00,0.57335,0.5734,0.57335,0.5734,16
2026-04-02T18:53:00,0.5734,0.5734,0.5734,0.5734,6
2026-04-02T18:54:00,0.57345,0.57345,0.5734,0.5734,33
2026-04-02T18:55:00,0.5734,0.5734,0.57335,0.57335,20
2026-04-02T18:56:00,0.5734,0.5735,0.5734,0.57345,25
2026-04-02T18:57:00,0.57345,0.57345,0.57345,0.57345,36
2026-04-02T18:58:00,0.57345,0.57345,0.57345,0.57345,7
2026-04-02T18:59:00,0.57345,0.57345,0.57335,0.57335,177
2026-04-02T19:00:00,0.5734,0.57345,0.5734,0.57345,130
2026-04-02T19:01:00,0.57345,0.57355,0.57345,0.57355,16
2026-04-02T19:02:00,0.57355,0.57355,0.57355,0.57355,8
2026-04-02T19:03:00,0.5735,0.5735,0.5735,0.5735,10
2026-04-02T19:05:00,0.57355,0.5736,0.57355,0.5736,16
2026-04-02T19:06:00,0.57355,0.57355,0.5735,0.5735,3
2026-04-02T19:07:00,0.5735,0.5735,0.5735,0.5735,2
2026-04-02T19:08:00,0.5735,0.5735,0.5734,0.5734,16
2026-04-02T19:09:00,0.57345,0.57345,0.57345,0.57345,1
2026-04-02T19:10:00,0.5735,0.5735,0.5735,0.5735,10
2026-04-02T19:11:00,0.5735,0.5735,0.5735,0.5735,25
2026-04-02T19:12:00,0.57345,0.57345,0.57345,0.57345,8
2026-04-02T19:13:00,0.5734,0.5734,0.57335,0.57335,7
2026-04-02T19:14:00,0.57335,0.57335,0.5733,0.5733,7
2026-04-02T19:15:00,0.57335,0.57335,0.57325,0.57325,9
2026-04-02T19:16:00,0.5732,0.5733,0.5732,0.5733,15
2026-04-02T19:17:00,0.57325,0.57325,0.57325,0.57325,1
2026-04-02T19:18:00,0.57325,0.57325,0.57325,0.57325,5
2026-04-02T19:19:00,0.57325,0.57325,0.57325,0.57325,8
2026-04-02T19:20:00,0.5733,0.57335,0.5733,0.57335,24
2026-04-02T19:22:00,0.5733,0.5733,0.5733,0.5733,7
2026-04-02T19:23:00,0.5734,0.5737,0.5734,0.5737,97
2026-04-02T19:24:00,0.57365,0.57365,0.5735,0.5735,22
2026-04-02T19:25:00,0.5735,0.5735,0.5735,0.5735,11
2026-04-02T19:26:00,0.57345,0.5735,0.57345,0.57345,22
2026-04-02T19:27:00,0.57345,0.57345,0.57345,0.57345,6
2026-04-02T19:28:00,0.5734,0.57345,0.5734,0.57345,36
2026-04-02T19:29:00,0.57345,0.5735,0.57345,0.57345,10
2026-04-02T19:30:00,0.57345,0.57345,0.57345,0.57345,2
2026-04-02T19:31:00,0.5734,0.57345,0.5734,0.57345,9
2026-04-02T19:32:00,0.57345,0.57345,0.57345,0.57345,7
2026-04-02T19:33:00,0.57345,0.57345,0.5734,0.5734,3
2026-04-02T19:34:00,0.5734,0.5734,0.5734,0.5734,6
2026-04-02T19:35:00,0.5734,0.57345,0.5734,0.57345,11
2026-04-02T19:36:00,0.5734,0.5734,0.5734,0.5734,13
2026-04-02T19:37:00,0.5734,0.5734,0.5734,0.5734,3
2026-04-02T19:38:00,0.57335,0.57335,0.5733,0.5733,2
2026-04-02T19:39:00,0.57335,0.5734,0.57335,0.5734,7
2026-04-02T19:40:00,0.5734,0.5734,0.5734,0.5734,1
2026-04-02T19:41:00,0.5734,0.5734,0.5734,0.5734,8
2026-04-02T19:42:00,0.57335,0.57335,0.57335,0.57335,1
2026-04-02T19:43:00,0.5733,0.5733,0.5733,0.5733,11
2026-04-02T19:44:00,0.57325,0.57325,0.57315,0.57315,55
2026-04-02T19:45:00,0.5732,0.5732,0.57315,0.57315,7
2026-04-02T19:46:00,0.5732,0.5732,0.5732,0.5732,7
2026-04-02T19:47:00,0.57315,0.57315,0.57315,0.57315,1
2026-04-02T19:48:00,0.5732,0.5732,0.5732,0.5732,1
2026-04-02T19:49:00,0.57315,0.57315,0.5731,0.57315,4
2026-04-02T19:50:00,0.5732,0.57325,0.5732,0.57325,6
2026-04-02T19:51:00,0.5732,0.57325,0.5732,0.57325,7
2026-04-02T19:52:00,0.5732,0.57325,0.5732,0.57325,3
2026-04-02T19:53:00,0.57325,0.57325,0.57325,0.57325,3
2026-04-02T19:54:00,0.5732,0.5732,0.5732,0.5732,13
2026-04-02T19:55:00,0.57325,0.5734,0.57325,0.57335,28
2026-04-02T19:56:00,0.5733,0.5733,0.573,0.57315,270
2026-04-02T19:57:00,0.5732,0.57325,0.57315,0.57325,36
2026-04-02T19:58:00,0.57325,0.57325,0.57295,0.5731,402
2026-04-02T19:59:00,0.5731,0.57315,0.5731,0.5731,19
2026-04-02T20:00:00,0.5731,0.5731,0.57305,0.5731,110
2026-04-02T20:01:00,0.5731,0.5731,0.57305,0.57305,11
2026-04-02T20:02:00,0.57305,0.5731,0.57305,0.57305,49
2026-04-02T20:03:00,0.573,0.5731,0.573,0.57305,40
2026-04-02T20:04:00,0.57305,0.57305,0.57305,0.57305,1
2026-04-02T20:07:00,0.57305,0.57305,0.57305,0.57305,2
2026-04-02T20:08:00,0.573,0.573,0.573,0.573,1
2026-04-02T20:09:00,0.573,0.573,0.573,0.573,1
2026-04-02T20:10:00,0.573,0.57305,0.573,0.57305,15
2026-04-02T20:11:00,0.5731,0.5731,0.573,0.5731,115
2026-04-02T20:12:00,0.57305,0.57305,0.57295,0.57295,54
2026-04-02T20:13:00,0.57295,0.573,0.57285,0.57285,28
2026-04-02T20:14:00,0.5729,0.5729,0.57285,0.5729,11
2026-04-02T20:15:00,0.5729,0.57295,0.57285,0.57285,32
2026-04-02T20:16:00,0.57285,0.5729,0.57285,0.5729,9
2026-04-02T20:17:00,0.5729,0.573,0.5729,0.57295,20
2026-04-02T20:18:00,0.57295,0.573,0.57295,0.573,15
2026-04-02T20:19:00,0.5731,0.5731,0.5731,0.5731,4
2026-04-02T20:20:00,0.5731,0.5731,0.57305,0.5731,65
2026-04-02T20:27:00,0.5731,0.5731,0.5731,0.5731,2
2026-04-02T20:29:00,0.57315,0.57315,0.57315,0.57315,1
2026-04-02T20:31:00,0.57315,0.57315,0.57315,0.57315,2
2026-04-02T20:32:00,0.57315,0.57315,0.57315,0.57315,3
2026-04-02T20:33:00,0.5731,0.5731,0.5731,0.5731,13
2026-04-02T20:34:00,0.57305,0.57305,0.57305,0.57305,4
2026-04-02T20:35:00,0.5731,0.5733,0.5731,0.5732,225
2026-04-02T20:37:00,0.57325,0.57325,0.57325,0.57325,7
2026-04-02T20:38:00,0.57325,0.57325,0.57325,0.57325,2
2026-04-02T20:40:00,0.5732,0.5732,0.5732,0.5732,4
2026-04-02T20:42:00,0.57325,0.57325,0.57325,0.57325,7
2026-04-02T20:43:00,0.57325,0.57325,0.57325,0.57325,1
2026-04-02T20:45:00,0.5732,0.5732,0.5732,0.5732,1
2026-04-02T20:46:00,0.5732,0.5732,0.5732,0.5732,2
2026-04-02T20:47:00,0.5732,0.5732,0.5732,0.5732,5
2026-04-02T20:48:00,0.57325,0.57325,0.57325,0.57325,2
2026-04-02T20:50:00,0.5732,0.5732,0.57315,0.5732,14
2026-04-02T20:52:00,0.5732,0.57325,0.5732,0.57325,10
2026-04-02T20:55:00,0.5732,0.5732,0.57315,0.57315,3
2026-04-02T20:56:00,0.5732,0.5732,0.5732,0.5732,1
2026-04-02T20:57:00,0.57325,0.57325,0.57325,0.57325,1
2026-04-02T20:58:00,0.5732,0.5732,0.57315,0.5732,7
2026-04-02T20:59:00,0.57315,0.5732,0.57305,0.5732,24
2026-04-02T22:00:00,0.5731,0.5731,0.57295,0.57305,17
2026-04-02T22:01:00,0.5731,0.57315,0.57305,0.57305,14
2026-04-02T22:02:00,0.573,0.573,0.573,0.573,1
2026-04-02T22:05:00,0.57305,0.57305,0.57305,0.57305,2
2026-04-02T22:08:00,0.5731,0.57315,0.5731,0.57315,2
2026-04-02T22:09:00,0.57315,0.57315,0.57315,0.57315,4
2026-04-02T22:10:00,0.57315,0.57315,0.57315,0.57315,2
2026-04-02T22:19:00,0.57315,0.57315,0.57315,0.57315,1
2026-04-02T22:31:00,0.57315,0.57315,0.57315,0.57315,1
2026-04-02T22:32:00,0.5732,0.5732,0.5732,0.5732,1
2026-04-02T22:34:00,0.57325,0.57325,0.57325,0.57325,5
2026-04-02T22:43:00,0.57325,0.57325,0.57325,0.57325,6
2026-04-02T22:52:00,0.5732,0.5732,0.5732,0.5732,1
2026-04-02T23:02:00,0.57325,0.57325,0.57325,0.57325,1
2026-04-02T23:03:00,0.5733,0.5733,0.5733,0.5733,2
2026-04-02T23:05:00,0.5733,0.57335,0.5733,0.57335,5
2026-04-02T23:09:00,0.57335,0.57335,0.57335,0.57335,1
2026-04-02T23:13:00,0.5733,0.5733,0.5733,0.5733,2
2026-04-02T23:25:00,0.5733,0.5733,0.5733,0.5733,4
2026-04-02T23:27:00,0.57325,0.57325,0.57325,0.57325,3
2026-04-02T23:31:00,0.57325,0.57325,0.57325,0.57325,1
2026-04-02T23:37:00,0.5733,0.5733,0.5733,0.5733,1
2026-04-02T23:42:00,0.57325,0.57325,0.57325,0.57325,1
2026-04-02T23:49:00,0.57325,0.5733,0.57325,0.5733,3
2026-04-02T23:52:00,0.5732,0.5732,0.5732,0.5732,6
2026-04-02T23:53:00,0.5732,0.5732,0.5732,0.5732,3
2026-04-02T23:54:00,0.57315,0.57315,0.57315,0.57315,5
2026-04-02T23:56:00,0.5732,0.5732,0.5732,0.5732,16
2026-04-02T23:58:00,0.57315,0.57315,0.57315,0.57315,8
2026-04-03T00:00:00,0.57315,0.57325,0.57315,0.57325,4
2026-04-03T00:01:00,0.57335,0.5734,0.57335,0.5734,3
2026-04-03T00:02:00,0.57345,0.57345,0.57335,0.57335,12
2026-04-03T00:03:00,0.57335,0.57335,0.57335,0.57335,10
2026-04-03T00:06:00,0.57335,0.57335,0.57335,0.57335,2
2026-04-03T00:16:00,0.57335,0.57335,0.57335,0.57335,3
2026-04-03T00:17:00,0.57335,0.57335,0.57335,0.57335,3
2026-04-03T00:20:00,0.5733,0.5733,0.5733,0.5733,2
2026-04-03T00:21:00,0.5732,0.5732,0.5732,0.5732,15
2026-04-03T00:22:00,0.5733,0.5733,0.5733,0.5733,4
2026-04-03T00:31:00,0.57325,0.5733,0.57325,0.5733,2
2026-04-03T00:32:00,0.5733,0.5733,0.57325,0.5733,20
2026-04-03T00:33:00,0.57335,0.57335,0.5733,0.57335,16
2026-04-03T00:35:00,0.57335,0.5734,0.5733,0.5733,28
2026-04-03T00:36:00,0.5733,0.5733,0.5733,0.5733,10
2026-04-03T00:37:00,0.57325,0.57325,0.57325,0.57325,1
2026-04-03T00:39:00,0.5733,0.57335,0.5733,0.5733,17
2026-04-03T00:40:00,0.5733,0.5733,0.5733,0.5733,16
2026-04-03T00:46:00,0.57335,0.57335,0.57335,0.57335,2
2026-04-03T00:47:00,0.57335,0.57335,0.57335,0.57335,5
2026-04-03T00:49:00,0.5733,0.5733,0.5733,0.5733,14
2026-04-03T00:51:00,0.5733,0.5733,0.5733,0.5733,1
2026-04-03T00:52:00,0.57325,0.57325,0.5732,0.5732,21
2026-04-03T00:53:00,0.5732,0.5732,0.5732,0.5732,4
2026-04-03T00:54:00,0.5731,0.5731,0.57305,0.57305,11
2026-04-03T00:56:00,0.57315,0.57315,0.57315,0.57315,24
2026-04-03T00:59:00,0.57315,0.5732,0.57315,0.5732,8
2026-04-03T01:01:00,0.57315,0.57315,0.57315,0.57315,1
2026-04-03T01:02:00,0.5731,0.5731,0.5731,0.5731,7
2026-04-03T01:03:00,0.57315,0.57315,0.57315,0.57315,1
2026-04-03T01:06:00,0.57315,0.57315,0.57315,0.57315,6
2026-04-03T01:07:00,0.57315,0.57315,0.57315,0.57315,3
2026-04-03T01:13:00,0.57315,0.57315,0.5731,0.5731,7
2026-04-03T01:15:00,0.5731,0.5731,0.5731,0.5731,12
2026-04-03T01:16:00,0.57315,0.57315,0.5731,0.5731,4
2026-04-03T01:18:00,0.5731,0.5731,0.5731,0.5731,14
2026-04-03T01:19:00,0.5731,0.5731,0.5731,0.5731,3
2026-04-03T01:21:00,0.57305,0.57305,0.57305,0.57305,3
2026-04-03T01:22:00,0.57315,0.57315,0.57315,0.57315,6
2026-04-03T01:24:00,0.57305,0.57305,0.57305,0.57305,4
2026-04-03T01:27:00,0.57305,0.57305,0.57305,0.57305,11
2026-04-03T01:29:00,0.57305,0.57305,0.57305,0.57305,9
2026-04-03T01:31:00,0.573,0.573,0.573,0.573,7
2026-04-03T01:32:00,0.573,0.573,0.573,0.573,7
2026-04-03T01:33:00,0.57295,0.573,0.57295,0.573,14
2026-04-03T01:34:00,0.5729,0.5729,0.5729,0.5729,15
2026-04-03T01:35:00,0.5729,0.5729,0.5729,0.5729,8
2026-04-03T01:36:00,0.57285,0.5729,0.57285,0.5729,17
2026-04-03T01:37:00,0.5729,0.5729,0.57285,0.57285,21
2026-04-03T01:38:00,0.57285,0.5729,0.57285,0.5729,10
2026-04-03T01:40:00,0.57285,0.57285,0.57285,0.57285,3
2026-04-03T01:43:00,0.57285,0.57285,0.5728,0.5728,12
2026-04-03T01:45:00,0.5727,0.5727,0.5727,0.5727,2
2026-04-03T01:46:00,0.57275,0.57275,0.5727,0.5727,6
2026-04-03T01:47:00,0.5727,0.5727,0.5727,0.5727,5
2026-04-03T01:48:00,0.5727,0.5727,0.5727,0.5727,4
2026-04-03T01:52:00,0.57275,0.57275,0.57275,0.57275,82
2026-04-03T01:53:00,0.5727,0.5727,0.5727,0.5727,1
2026-04-03T01:55:00,0.5727,0.5727,0.57265,0.57265,26
2026-04-03T01:56:00,0.57265,0.5727,0.57265,0.57265,11
2026-04-03T01:57:00,0.57265,0.57265,0.57265,0.57265,14
2026-04-03T01:58:00,0.57265,0.57265,0.57265,0.57265,3
2026-04-03T02:01:00,0.5727,0.57275,0.5727,0.57275,2
2026-04-03T02:02:00,0.57275,0.57275,0.57275,0.57275,18
2026-04-03T02:03:00,0.5727,0.5727,0.5727,0.5727,2
2026-04-03T02:04:00,0.5727,0.5727,0.5727,0.5727,1
2026-04-03T02:06:00,0.5728,0.5728,0.5728,0.5728,1
2026-04-03T02:08:00,0.5728,0.5728,0.5728,0.5728,5
2026-04-03T02:10:00,0.57285,0.57305,0.57285,0.5729,215
2026-04-03T02:11:00,0.5729,0.5729,0.57285,0.57285,5
2026-04-03T02:12:00,0.57285,0.57285,0.57285,0.57285,4
2026-04-03T02:13:00,0.5728,0.5728,0.5728,0.5728,1
2026-04-03T02:14:00,0.5728,0.5728,0.5728,0.5728,5
2026-04-03T02:15:00,0.5728,0.5729,0.5728,0.5729,51
2026-04-03T02:16:00,0.5728,0.5728,0.5727,0.5727,25
2026-04-03T02:17:00,0.5727,0.5727,0.5727,0.5727,1
2026-04-03T02:21:00,0.5726,0.5726,0.57255,0.57255,9
2026-04-03T02:22:00,0.5725,0.5725,0.5724,0.5724,23
2026-04-03T02:23:00,0.5724,0.5724,0.57235,0.57235,15
2026-04-03T02:24:00,0.5724,0.5724,0.5724,0.5724,38
2026-04-03T02:25:00,0.57235,0.57235,0.57235,0.57235,3
2026-04-03T02:26:00,0.5723,0.5724,0.5723,0.5724,6
2026-04-03T02:28:00,0.5724,0.5724,0.5724,0.5724,1
2026-04-03T02:29:00,0.57235,0.5724,0.57235,0.57235,13
2026-04-03T02:30:00,0.5724,0.57245,0.5724,0.5724,4
2026-04-03T02:31:00,0.5724,0.5724,0.57235,0.57235,4
2026-04-03T02:32:00,0.5724,0.57245,0.5724,0.57245,4
2026-04-03T02:34:00,0.5724,0.5724,0.5724,0.5724,4
2026-04-03T02:35:00,0.5725,0.5725,0.5725,0.5725,1
2026-04-03T02:36:00,0.5724,0.5724,0.5724,0.5724,4
2026-04-03T02:37:00,0.5724,0.5724,0.5724,0.5724,4
2026-04-03T02:38:00,0.5724,0.5724,0.5724,0.5724,10
2026-04-03T02:39:00,0.5724,0.5724,0.5724,0.5724,20
2026-04-03T02:40:00,0.5724,0.5724,0.5724,0.5724,5
2026-04-03T02:41:00,0.57235,0.57235,0.5723,0.5723,22
2026-04-03T02:42:00,0.5724,0.5724,0.5724,0.5724,3
2026-04-03T02:44:00,0.57235,0.57235,0.57235,0.57235,1
2026-04-03T02:46:00,0.5724,0.5724,0.57235,0.57235,9
2026-04-03T02:47:00,0.57235,0.57235,0.57235,0.57235,4
2026-04-03T02:48:00,0.5724,0.5724,0.57235,0.57235,6
2026-04-03T02:49:00,0.5724,0.5724,0.57235,0.57235,4
2026-04-03T02:50:00,0.57245,0.57245,0.5724,0.5724,10
2026-04-03T02:51:00,0.5724,0.5724,0.5724,0.5724,1
2026-04-03T02:52:00,0.5724,0.5724,0.5724,0.5724,8
2026-04-03T02:53:00,0.57245,0.5725,0.57245,0.5725,39
2026-04-03T02:54:00,0.57245,0.57245,0.57245,0.57245,12
2026-04-03T02:55:00,0.5725,0.5725,0.5725,0.5725,26
2026-04-03T02:56:00,0.57245,0.57245,0.57245,0.57245,2
2026-04-03T02:58:00,0.57245,0.57245,0.57245,0.57245,14
2026-04-03T02:59:00,0.5724,0.5724,0.5724,0.5724,15
2026-04-03T03:00:00,0.5724,0.5724,0.5724,0.5724,5
2026-04-03T03:01:00,0.5724,0.5724,0.5724,0.5724,2
2026-04-03T03:06:00,0.57245,0.57245,0.57245,0.57245,4
2026-04-03T03:07:00,0.5725,0.5725,0.5725,0.5725,6
2026-04-03T03:08:00,0.5725,0.5725,0.57245,0.5725,40
2026-04-03T03:09:00,0.5725,0.5725,0.57245,0.57245,4
2026-04-03T03:11:00,0.5724,0.5724,0.5724,0.5724,1
2026-04-03T03:13:00,0.5724,0.5724,0.5724,0.5724,19
2026-04-03T03:16:00,0.5724,0.5724,0.5724,0.5724,1
2026-04-03T03:17:00,0.5724,0.5724,0.5724,0.5724,12
2026-04-03T03:19:00,0.5724,0.5724,0.5724,0.5724,2
2026-04-03T03:21:00,0.57245,0.57245,0.57245,0.57245,3
2026-04-03T03:22:00,0.57245,0.57255,0.57245,0.57245,42
2026-04-03T03:23:00,0.57245,0.57245,0.57245,0.57245,2
2026-04-03T03:24:00,0.5724,0.5724,0.5724,0.5724,1
2026-04-03T03:29:00,0.57245,0.57245,0.57245,0.57245,1
2026-04-03T03:31:00,0.57245,0.57245,0.57245,0.57245,7
2026-04-03T03:35:00,0.5725,0.5725,0.5725,0.5725,2
2026-04-03T03:36:00,0.5725,0.5725,0.5725,0.5725,2
2026-04-03T03:38:00,0.5725,0.5725,0.5725,0.5725,8
2026-04-03T03:40:00,0.57255,0.57255,0.57255,0.57255,12
2026-04-03T03:41:00,0.5725,0.57255,0.5725,0.57255,16
2026-04-03T03:42:00,0.5725,0.5725,0.5725,0.5725,1
2026-04-03T03:45:00,0.57255,0.57255,0.57255,0.57255,4
2026-04-03T03:46:00,0.5725,0.5725,0.5725,0.5725,1
2026-04-03T03:47:00,0.5725,0.5725,0.5725,0.5725,5
2026-04-03T03:49:00,0.5725,0.5725,0.5725,0.5725,14
2026-04-03T03:51:00,0.5725,0.5725,0.57245,0.57245,10
2026-04-03T03:52:00,0.5724,0.5724,0.5724,0.5724,4
2026-04-03T03:53:00,0.57235,0.57235,0.57235,0.57235,6
2026-04-03T03:55:00,0.5723,0.5725,0.5723,0.5724,54
2026-04-03T03:56:00,0.5724,0.5724,0.57235,0.57235,31
2026-04-03T03:57:00,0.5724,0.5724,0.57235,0.57235,8
2026-04-03T03:58:00,0.5724,0.5724,0.5724,0.5724,8
2026-04-03T03:59:00,0.5724,0.5724,0.5724,0.5724,5
2026-04-03T04:00:00,0.5724,0.5724,0.5724,0.5724,5
2026-04-03T04:01:00,0.5724,0.5724,0.5724,0.5724,3
2026-04-03T04:04:00,0.57245,0.5725,0.5724,0.5724,9
2026-04-03T04:06:00,0.5724,0.5724,0.5724,0.5724,2
2026-04-03T04:08:00,0.57245,0.57245,0.5724,0.5724,13
2026-04-03T04:10:00,0.5724,0.5724,0.5724,0.5724,3
2026-04-03T04:11:00,0.5724,0.5724,0.5724,0.5724,4
2026-04-03T04:14:00,0.5724,0.5724,0.5724,0.5724,2
2026-04-03T04:15:00,0.5724,0.5724,0.5724,0.5724,1
2026-04-03T04:17:00,0.57245,0.57245,0.57245,0.57245,14
2026-04-03T04:18:00,0.57245,0.57245,0.57245,0.57245,1
2026-04-03T04:21:00,0.5724,0.5724,0.5724,0.5724,4
2026-04-03T04:22:00,0.57245,0.57245,0.57245,0.57245,6
2026-04-03T04:23:00,0.5724,0.5724,0.5724,0.5724,5
2026-04-03T04:25:00,0.5724,0.5724,0.5724,0.5724,1
2026-04-03T04:31:00,0.5723,0.5723,0.5723,0.5723,2
2026-04-03T04:36:00,0.57235,0.57235,0.5723,0.5723,11
2026-04-03T04:39:00,0.57225,0.57225,0.57225,0.57225,12
2026-04-03T04:41:00,0.5723,0.5723,0.5722,0.5722,3
2026-04-03T04:43:00,0.5722,0.57225,0.5722,0.57225,12
2026-04-03T04:46:00,0.57225,0.57225,0.57225,0.57225,4
2026-04-03T04:47:00,0.57225,0.5723,0.57225,0.57225,15
2026-04-03T04:49:00,0.5723,0.5723,0.5723,0.5723,6
2026-04-03T04:51:00,0.57225,0.57225,0.5722,0.57225,14
2026-04-03T04:54:00,0.5723,0.5723,0.5723,0.5723,1
2026-04-03T04:56:00,0.5723,0.57235,0.5723,0.57235,11
2026-04-03T04:57:00,0.5723,0.5723,0.5723,0.5723,1
2026-04-03T04:59:00,0.57225,0.57225,0.57225,0.57225,1
2026-04-03T05:01:00,0.5722,0.5722,0.5722,0.5722,2
2026-04-03T05:03:00,0.57225,0.57225,0.57225,0.57225,3
2026-04-03T05:05:00,0.5723,0.5723,0.5723,0.5723,6
2026-04-03T05:09:00,0.5723,0.5723,0.5723,0.5723,2
2026-04-03T05:13:00,0.57225,0.57225,0.57225,0.57225,5
2026-04-03T05:15:00,0.5722,0.5722,0.5722,0.5722,8
2026-04-03T05:16:00,0.57215,0.57215,0.5721,0.5721,7
2026-04-03T05:20:00,0.5721,0.5721,0.5721,0.5721,1
2026-04-03T05:21:00,0.57205,0.5721,0.57205,0.5721,5
2026-04-03T05:22:00,0.5721,0.5721,0.57205,0.57205,4
2026-04-03T05:23:00,0.572,0.572,0.572,0.572,1
2026-04-03T05:24:00,0.57205,0.57205,0.57205,0.57205,3
2026-04-03T05:25:00,0.57205,0.57205,0.57205,0.57205,8
2026-04-03T05:26:00,0.57205,0.5721,0.57205,0.5721,11
2026-04-03T05:28:00,0.57205,0.57205,0.57205,0.57205,2
2026-04-03T05:29:00,0.57215,0.57215,0.57215,0.57215,6
2026-04-03T05:30:00,0.5721,0.5721,0.5721,0.5721,3
2026-04-03T05:32:00,0.5721,0.5721,0.5721,0.5721,25
2026-04-03T05:35:00,0.57205,0.5721,0.57205,0.5721,5
2026-04-03T05:36:00,0.57215,0.57225,0.57215,0.5722,31
2026-04-03T05:39:00,0.5722,0.5722,0.5722,0.5722,1
2026-04-03T05:41:00,0.5722,0.5722,0.57215,0.57215,3
2026-04-03T05:44:00,0.5722,0.5723,0.5722,0.5723,6
2026-04-03T05:49:00,0.57235,0.57235,0.57235,0.57235,8
2026-04-03T05:50:00,0.57235,0.57235,0.57235,0.57235,6
2026-04-03T05:54:00,0.57235,0.57235,0.57235,0.57235,21
2026-04-03T05:55:00,0.5723,0.5723,0.5723,0.5723,3
2026-04-03T05:56:00,0.5723,0.5723,0.5723,0.5723,1
2026-04-03T05:57:00,0.5723,0.57235,0.5723,0.57235,12
2026-04-03T05:58:00,0.5724,0.5724,0.5724,0.5724,5
2026-04-03T06:00:00,0.5724,0.5724,0.5724,0.5724,13
2026-04-03T06:01:00,0.5724,0.57245,0.5724,0.57245,3
2026-04-03T06:02:00,0.57245,0.57245,0.57245,0.57245,1
2026-04-03T06:04:00,0.57245,0.57245,0.5724,0.5724,5
2026-04-03T06:06:00,0.5724,0.5724,0.57235,0.57235,12
2026-04-03T06:16:00,0.5724,0.5724,0.5724,0.5724,1
2026-04-03T06:17:00,0.57245,0.57255,0.57245,0.57255,13
2026-04-03T06:18:00,0.5725,0.5725,0.5725,0.5725,4
2026-04-03T06:20:00,0.57255,0.57255,0.57255,0.57255,2
2026-04-03T06:22:00,0.57255,0.57255,0.57255,0.57255,1
2026-04-03T06:23:00,0.5725,0.5725,0.5725,0.5725,4
2026-04-03T06:25:00,0.5725,0.5725,0.5725,0.5725,1
2026-04-03T06:27:00,0.57245,0.57245,0.57245,0.57245,4
2026-04-03T06:28:00,0.5724,0.5724,0.5724,0.5724,2
2026-04-03T06:29:00,0.5724,0.5724,0.5724,0.5724,6
2026-04-03T06:30:00,0.57245,0.57245,0.5724,0.5724,14
2026-04-03T06:31:00,0.5724,0.5724,0.57235,0.57235,5
2026-04-03T06:32:00,0.57235,0.57235,0.57235,0.57235,1
2026-04-03T06:33:00,0.5724,0.5724,0.57235,0.57235,6
2026-04-03T06:34:00,0.5723,0.5723,0.57225,0.57225,3
2026-04-03T06:37:00,0.57225,0.57225,0.57225,0.57225,5
2026-04-03T06:38:00,0.5723,0.5723,0.5723,0.5723,1
2026-04-03T06:40:00,0.57235,0.57235,0.57235,0.57235,3
2026-04-03T06:41:00,0.5724,0.5724,0.5724,0.5724,25
2026-04-03T06:42:00,0.5725,0.5725,0.5725,0.5725,4
2026-04-03T06:43:00,0.5725,0.5725,0.57245,0.57245,6
2026-04-03T06:45:00,0.5724,0.5724,0.5724,0.5724,4
2026-04-03T06:47:00,0.57255,0.57255,0.57255,0.57255,1
2026-04-03T06:48:00,0.5725,0.5725,0.5725,0.5725,2
2026-04-03T06:50:00,0.57255,0.57255,0.5725,0.5725,14
2026-04-03T06:51:00,0.57245,0.57245,0.57245,0.57245,6
2026-04-03T06:52:00,0.5724,0.5724,0.5724,0.5724,7
2026-04-03T06:54:00,0.5724,0.5724,0.5724,0.5724,7
2026-04-03T06:55:00,0.57245,0.57255,0.57245,0.5725,37
2026-04-03T06:57:00,0.5724,0.5724,0.5724,0.5724,2
2026-04-03T07:01:00,0.57245,0.57245,0.5724,0.5724,34
2026-04-03T07:02:00,0.5724,0.5724,0.5724,0.5724,8
2026-04-03T07:04:00,0.57245,0.57245,0.57245,0.57245,1
2026-04-03T07:05:00,0.5724,0.5724,0.5724,0.5724,4
2026-04-03T07:06:00,0.57235,0.57235,0.57235,0.57235,1
2026-04-03T07:08:00,0.57245,0.57245,0.57245,0.57245,2
2026-04-03T07:12:00,0.57245,0.57245,0.57245,0.57245,1
2026-04-03T07:14:00,0.57245,0.57245,0.57245,0.57245,3
2026-04-03T07:15:00,0.5725,0.5725,0.5725,0.5725,2
2026-04-03T07:17:00,0.57245,0.57245,0.57245,0.57245,10
2026-04-03T07:18:00,0.57245,0.57245,0.57245,0.57245,3
2026-04-03T07:21:00,0.5725,0.5725,0.5725,0.5725,1
2026-04-03T07:22:00,0.5726,0.57265,0.5726,0.5726,4
2026-04-03T07:26:00,0.57275,0.57275,0.5727,0.5727,41
2026-04-03T07:27:00,0.5727,0.5727,0.57265,0.57265,8
2026-04-03T07:28:00,0.57265,0.57265,0.57265,0.57265,2
2026-04-03T07:29:00,0.57265,0.5727,0.57265,0.5727,2
2026-04-03T07:31:00,0.5726,0.5726,0.5726,0.5726,5
2026-04-03T07:32:00,0.5726,0.5726,0.5726,0.5726,2
2026-04-03T07:33:00,0.5726,0.5726,0.5726,0.5726,1
2026-04-03T07:34:00,0.5726,0.5726,0.5726,0.5726,11
2026-04-03T07:35:00,0.5726,0.5726,0.5726,0.5726,3
2026-04-03T07:36:00,0.57255,0.57255,0.57255,0.57255,1
2026-04-03T07:38:00,0.57265,0.57265,0.57265,0.57265,1
2026-04-03T07:39:00,0.57265,0.57265,0.57265,0.57265,6
2026-04-03T07:40:00,0.5727,0.5727,0.5727,0.5727,5
2026-04-03T07:42:00,0.5727,0.57275,0.5727,0.57275,21
2026-04-03T07:44:00,0.5727,0.5727,0.5727,0.5727,1
2026-04-03T07:47:00,0.57255,0.57255,0.57255,0.57255,2
2026-04-03T07:51:00,0.5726,0.5726,0.57255,0.57255,2
2026-04-03T07:52:00,0.5726,0.5726,0.5726,0.5726,2
2026-04-03T07:55:00,0.57265,0.57265,0.5726,0.5726,12
2026-04-03T07:57:00,0.57255,0.57255,0.57255,0.57255,7
2026-04-03T07:58:00,0.5725,0.5725,0.5724,0.5724,22
2026-04-03T07:59:00,0.5724,0.5724,0.5724,0.5724,4
2026-04-03T08:00:00,0.57235,0.57235,0.57205,0.57225,464
2026-04-03T08:01:00,0.5722,0.57225,0.5722,0.57225,8
2026-04-03T08:02:00,0.57225,0.57235,0.57225,0.57225,4
2026-04-03T08:03:00,0.57225,0.5723,0.57225,0.57225,6
2026-04-03T08:04:00,0.5723,0.5723,0.57225,0.57225,2
2026-04-03T08:05:00,0.5723,0.5723,0.5721,0.57215,18
2026-04-03T08:06:00,0.57215,0.5722,0.57205,0.5722,70
2026-04-03T08:08:00,0.5721,0.5721,0.572,0.57205,17
2026-04-03T08:09:00,0.5721,0.5721,0.5721,0.5721,2
2026-04-03T08:10:00,0.57215,0.57215,0.57215,0.57215,7
2026-04-03T08:11:00,0.5721,0.57215,0.5721,0.57215,12
2026-04-03T08:12:00,0.5721,0.5721,0.5721,0.5721,10
2026-04-03T08:13:00,0.57205,0.57205,0.572,0.57205,12
2026-04-03T08:14:00,0.57205,0.57205,0.57205,0.57205,2
2026-04-03T08:15:00,0.57205,0.57205,0.57205,0.57205,1
2026-04-03T08:16:00,0.572,0.572,0.572,0.572,2
2026-04-03T08:17:00,0.57195,0.57195,0.5719,0.57195,35
2026-04-03T08:18:00,0.57195,0.57195,0.57195,0.57195,5
2026-04-03T08:19:00,0.57195,0.57195,0.57195,0.57195,2
2026-04-03T08:20:00,0.57195,0.57195,0.5719,0.5719,21
2026-04-03T08:22:00,0.5719,0.5719,0.5719,0.5719,8
2026-04-03T08:24:00,0.5719,0.572,0.5719,0.572,15
2026-04-03T08:27:00,0.572,0.57205,0.572,0.57205,3
2026-04-03T08:29:00,0.572,0.572,0.57195,0.572,19
2026-04-03T08:30:00,0.5721,0.5721,0.5721,0.5721,2
2026-04-03T08:31:00,0.57205,0.57205,0.57205,0.57205,1
2026-04-03T08:33:00,0.5721,0.5721,0.5721,0.5721,1
2026-04-03T08:37:00,0.5721,0.5721,0.5721,0.5721,1
2026-04-03T08:39:00,0.57215,0.57215,0.57215,0.57215,2
2026-04-03T08:41:00,0.57205,0.57205,0.57205,0.57205,1
2026-04-03T08:44:00,0.5721,0.5722,0.5721,0.5722,11
2026-04-03T08:45:00,0.57215,0.57215,0.57215,0.57215,4
2026-04-03T08:46:00,0.5721,0.5721,0.5721,0.5721,13
2026-04-03T08:48:00,0.57215,0.57215,0.57215,0.57215,9
2026-04-03T08:49:00,0.5722,0.5722,0.57215,0.57215,26
2026-04-03T08:50:00,0.5721,0.5721,0.5721,0.5721,2
2026-04-03T08:51:00,0.5721,0.5721,0.5721,0.5721,8
2026-04-03T08:52:00,0.57205,0.57205,0.57205,0.57205,8
2026-04-03T08:53:00,0.57205,0.57205,0.57205,0.57205,9
2026-04-03T08:56:00,0.572,0.572,0.572,0.572,1
2026-04-03T08:58:00,0.57215,0.57215,0.5721,0.5721,4
2026-04-03T08:59:00,0.5721,0.5721,0.5721,0.5721,2
2026-04-03T09:00:00,0.5721,0.57215,0.5721,0.57215,7
2026-04-03T09:01:00,0.5721,0.5721,0.5721,0.5721,17
2026-04-03T09:02:00,0.5721,0.57215,0.5721,0.57215,46
2026-04-03T09:03:00,0.57215,0.57215,0.57215,0.57215,15
2026-04-03T09:04:00,0.5721,0.5721,0.57205,0.57205,12
2026-04-03T09:05:00,0.572,0.572,0.572,0.572,17
2026-04-03T09:06:00,0.57195,0.572,0.57195,0.572,6
2026-04-03T09:07:00,0.57205,0.57205,0.572,0.572,21
2026-04-03T09:08:00,0.5721,0.5721,0.5721,0.5721,5
2026-04-03T09:10:00,0.5721,0.5721,0.5721,0.5721,3
2026-04-03T09:11:00,0.57205,0.57205,0.57205,0.57205,1
2026-04-03T09:12:00,0.57205,0.57205,0.572,0.572,6
2026-04-03T09:15:00,0.572,0.572,0.572,0.572,5
2026-04-03T09:16:00,0.572,0.572,0.57195,0.57195,2
2026-04-03T09:17:00,0.57195,0.57195,0.5719,0.5719,4
2026-04-03T09:18:00,0.57195,0.57195,0.57195,0.57195,4
2026-04-03T09:19:00,0.572,0.572,0.572,0.572,7
2026-04-03T09:20:00,0.572,0.572,0.572,0.572,1
2026-04-03T09:21:00,0.572,0.572,0.572,0.572,5
2026-04-03T09:22:00,0.57205,0.57205,0.57205,0.57205,28
2026-04-03T09:23:00,0.57205,0.57205,0.57205,0.57205,16
2026-04-03T09:24:00,0.57205,0.57205,0.57205,0.57205,1
2026-04-03T09:26:00,0.5721,0.57215,0.5721,0.57215,2
2026-04-03T09:32:00,0.57215,0.57215,0.5721,0.5721,22
2026-04-03T09:33:00,0.57215,0.5722,0.57215,0.57215,16
2026-04-03T09:36:00,0.57215,0.57215,0.5721,0.5721,3
2026-04-03T09:43:00,0.5721,0.57215,0.5721,0.57215,12
2026-04-03T09:45:00,0.5721,0.5721,0.5721,0.5721,3
2026-04-03T09:46:00,0.5721,0.5721,0.57205,0.5721,3
2026-04-03T09:49:00,0.5721,0.5721,0.5721,0.5721,4
2026-04-03T09:51:00,0.57215,0.57215,0.57215,0.57215,6
2026-04-03T09:55:00,0.57215,0.57215,0.57215,0.57215,5
2026-04-03T09:56:00,0.5722,0.5722,0.5722,0.5722,2
2026-04-03T09:57:00,0.5722,0.5722,0.5722,0.5722,1
2026-04-03T09:58:00,0.5722,0.5722,0.5722,0.5722,5
2026-04-03T09:59:00,0.57225,0.57225,0.57225,0.57225,2
2026-04-03T10:00:00,0.57225,0.57225,0.5722,0.5722,16
2026-04-03T10:01:00,0.57215,0.57215,0.5721,0.57215,4
2026-04-03T10:02:00,0.5721,0.5721,0.5721,0.5721,1
2026-04-03T10:04:00,0.57215,0.57215,0.57215,0.57215,1
2026-04-03T10:10:00,0.57225,0.57225,0.57225,0.57225,3
2026-04-03T10:12:00,0.57225,0.57225,0.57225,0.57225,1
2026-04-03T10:13:00,0.5722,0.5722,0.57215,0.57215,8
2026-04-03T10:14:00,0.57215,0.57215,0.57215,0.57215,7
2026-04-03T10:15:00,0.57215,0.57215,0.57215,0.57215,1
2026-04-03T10:16:00,0.57205,0.57205,0.57205,0.57205,6
2026-04-03T10:18:00,0.5721,0.5721,0.5721,0.5721,3
2026-04-03T10:19:00,0.5721,0.5721,0.5721,0.5721,1
2026-04-03T10:24:00,0.57215,0.57215,0.57215,0.57215,5
2026-04-03T10:26:00,0.5721,0.57215,0.5721,0.57215,2
2026-04-03T10:29:00,0.57215,0.57215,0.57215,0.57215,5
2026-04-03T10:32:00,0.5721,0.5721,0.5721,0.5721,2
2026-04-03T10:34:00,0.5721,0.5721,0.5721,0.5721,1
2026-04-03T10:36:00,0.5721,0.5721,0.5721,0.5721,2
2026-04-03T10:38:00,0.5721,0.57215,0.5721,0.57215,6
2026-04-03T10:39:00,0.57215,0.57215,0.57215,0.57215,5
2026-04-03T10:42:00,0.5721,0.5721,0.5721,0.5721,4
2026-04-03T10:46:00,0.5722,0.5723,0.5722,0.5723,4
2026-04-03T10:48:00,0.5723,0.5723,0.5723,0.5723,1
2026-04-03T10:51:00,0.5723,0.5723,0.5723,0.5723,1
2026-04-03T10:52:00,0.57235,0.57235,0.57235,0.57235,1
2026-04-03T10:53:00,0.57235,0.5724,0.57235,0.5724,13
2026-04-03T10:54:00,0.57245,0.57245,0.57245,0.57245,9
2026-04-03T10:55:00,0.5725,0.5725,0.5725,0.5725,4
2026-04-03T10:56:00,0.57245,0.57245,0.57245,0.57245,1
2026-04-03T10:57:00,0.57245,0.57245,0.5724,0.5724,3
2026-04-03T10:59:00,0.57235,0.57235,0.57235,0.57235,5
2026-04-03T11:01:00,0.57225,0.5723,0.57225,0.5723,20
2026-04-03T11:02:00,0.57235,0.57235,0.5723,0.5723,7
2026-04-03T11:03:00,0.57225,0.5723,0.57225,0.5723,8
2026-04-03T11:06:00,0.5723,0.5723,0.5723,0.5723,1
2026-04-03T11:07:00,0.5723,0.5723,0.5723,0.5723,6
2026-04-03T11:08:00,0.5723,0.5723,0.5723,0.5723,1
2026-04-03T11:09:00,0.57235,0.57235,0.57235,0.57235,1
2026-04-03T11:10:00,0.5724,0.5724,0.5724,0.5724,9
2026-04-03T11:11:00,0.57235,0.5724,0.57235,0.5724,3
2026-04-03T11:12:00,0.5724,0.5724,0.5724,0.5724,3
2026-04-03T11:14:00,0.5724,0.5724,0.5724,0.5724,4
2026-04-03T11:16:00,0.5724,0.5724,0.5724,0.5724,1
2026-04-03T11:17:00,0.5724,0.5725,0.5724,0.5725,53
2026-04-03T11:19:00,0.5725,0.5725,0.5725,0.5725,4
2026-04-03T11:20:00,0.5725,0.5725,0.5725,0.5725,4
2026-04-03T11:21:00,0.57255,0.57265,0.57255,0.5726,50
2026-04-03T11:22:00,0.57265,0.57265,0.57265,0.57265,2
2026-04-03T11:24:00,0.57265,0.57265,0.57265,0.57265,4
2026-04-03T11:25:00,0.57265,0.57265,0.5726,0.57265,39
2026-04-03T11:26:00,0.57265,0.5727,0.5726,0.5726,48
2026-04-03T11:27:00,0.5726,0.5726,0.5726,0.5726,4
2026-04-03T11:29:00,0.5726,0.5726,0.5726,0.5726,2
2026-04-03T11:31:00,0.57255,0.57265,0.57255,0.5726,5
2026-04-03T11:32:00,0.57265,0.57265,0.57265,0.57265,1
2026-04-03T11:36:00,0.57255,0.57255,0.57255,0.57255,1
2026-04-03T11:37:00,0.5726,0.5726,0.5726,0.5726,3
2026-04-03T11:38:00,0.5725,0.57255,0.5725,0.5725,32
2026-04-03T11:39:00,0.57255,0.57255,0.57255,0.57255,1
2026-04-03T11:41:00,0.57245,0.57255,0.57245,0.57255,10
2026-04-03T11:42:00,0.5725,0.5725,0.57245,0.5725,5
2026-04-03T11:43:00,0.57255,0.57255,0.57255,0.57255,5
2026-04-03T11:44:00,0.57255,0.5726,0.57255,0.5726,2
2026-04-03T11:47:00,0.57265,0.57265,0.57265,0.57265,11
2026-04-03T11:48:00,0.5726,0.5726,0.5726,0.5726,1
2026-04-03T11:50:00,0.57265,0.57265,0.57265,0.57265,4
2026-04-03T11:51:00,0.57265,0.57265,0.57265,0.57265,2
2026-04-03T11:52:00,0.57265,0.57265,0.57265,0.57265,1
2026-04-03T11:55:00,0.5727,0.5727,0.5727,0.5727,4
2026-04-03T11:58:00,0.5726,0.5726,0.5726,0.5726,3
2026-04-03T12:00:00,0.5726,0.5726,0.5726,0.5726,3
2026-04-03T12:01:00,0.57255,0.57255,0.5725,0.5725,3
2026-04-03T12:02:00,0.5726,0.5726,0.5726,0.5726,3
2026-04-03T12:04:00,0.57265,0.57265,0.5726,0.5726,7
2026-04-03T12:06:00,0.57255,0.57255,0.5725,0.5725,2
2026-04-03T12:10:00,0.57235,0.57235,0.57235,0.57235,1
2026-04-03T12:11:00,0.5723,0.5724,0.5723,0.5724,20
2026-04-03T12:12:00,0.57235,0.57235,0.57235,0.57235,1
2026-04-03T12:17:00,0.57225,0.57225,0.5722,0.5722,10
2026-04-03T12:19:00,0.57225,0.57225,0.57225,0.57225,10
2026-04-03T12:20:00,0.5722,0.57225,0.5722,0.57225,17
2026-04-03T12:21:00,0.57225,0.5723,0.57215,0.5723,6
2026-04-03T12:22:00,0.57225,0.5723,0.57225,0.5723,5
2026-04-03T12:23:00,0.57225,0.57225,0.57225,0.57225,4
2026-04-03T12:24:00,0.5722,0.5722,0.5722,0.5722,1
2026-04-03T12:25:00,0.57225,0.57235,0.57225,0.57235,8
2026-04-03T12:26:00,0.5723,0.5723,0.5723,0.5723,3
2026-04-03T12:27:00,0.57225,0.57225,0.57225,0.57225,6
2026-04-03T12:28:00,0.57225,0.57225,0.5722,0.5722,49
2026-04-03T12:29:00,0.5722,0.57235,0.5722,0.57225,29
2026-04-03T12:30:00,0.5722,0.5722,0.57115,0.57205,438
2026-04-03T12:31:00,0.5721,0.57215,0.5715,0.57175,236
2026-04-03T12:32:00,0.57175,0.57185,0.5716,0.5716,58
2026-04-03T12:33:00,0.5716,0.572,0.5716,0.5719,160
2026-04-03T12:34:00,0.5719,0.5722,0.5719,0.5719,137
2026-04-03T12:35:00,0.5718,0.57185,0.5717,0.57175,51
2026-04-03T12:36:00,0.57175,0.57185,0.57165,0.57165,42
2026-04-03T12:37:00,0.57165,0.57165,0.5716,0.5716,8
2026-04-03T12:38:00,0.57155,0.57155,0.57145,0.57155,16
2026-04-03T12:39:00,0.57155,0.5718,0.57155,0.5718,14
2026-04-03T12:40:00,0.57175,0.57185,0.5717,0.57185,11
2026-04-03T12:41:00,0.57185,0.5719,0.5718,0.5719,8
2026-04-03T12:42:00,0.57185,0.57185,0.57185,0.57185,7
2026-04-03T12:43:00,0.57175,0.57185,0.57175,0.5718,7
2026-04-03T12:44:00,0.5718,0.5719,0.5718,0.5719,6
2026-04-03T12:45:00,0.5719,0.5719,0.57185,0.57185,4
2026-04-03T12:46:00,0.57185,0.5719,0.5718,0.5719,3
2026-04-03T12:47:00,0.5718,0.57195,0.5718,0.57195,5
2026-04-03T12:48:00,0.57195,0.57195,0.57195,0.57195,1
2026-04-03T12:49:00,0.57195,0.57195,0.5718,0.5718,29
2026-04-03T12:50:00,0.57165,0.57165,0.57155,0.5716,4
2026-04-03T12:51:00,0.5716,0.57165,0.5716,0.57165,3
2026-04-03T12:52:00,0.5717,0.5717,0.57165,0.57165,17
2026-04-03T12:56:00,0.5717,0.57185,0.5717,0.57185,10
2026-04-03T12:57:00,0.57185,0.57185,0.57185,0.57185,2
2026-04-03T12:58:00,0.5718,0.5718,0.5718,0.5718,2
2026-04-03T13:00:00,0.57165,0.57175,0.57165,0.57175,8
2026-04-03T13:01:00,0.5717,0.5719,0.5717,0.5719,6
2026-04-03T13:02:00,0.57185,0.57185,0.57185,0.57185,4
2026-04-03T13:03:00,0.57195,0.572,0.57195,0.57195,22
2026-04-03T13:05:00,0.57195,0.57205,0.57195,0.57205,13
2026-04-03T13:06:00,0.572,0.572,0.57195,0.57195,11
2026-04-03T13:07:00,0.572,0.572,0.572,0.572,2
2026-04-03T13:08:00,0.572,0.572,0.572,0.572,2
2026-04-03T13:10:00,0.5721,0.5721,0.5721,0.5721,2
2026-04-03T13:11:00,0.57205,0.5721,0.57205,0.57205,8
2026-04-03T13:12:00,0.57205,0.57205,0.57205,0.57205,2
2026-04-03T13:14:00,0.5722,0.5722,0.57215,0.57215,4
2026-04-03T13:15:00,0.5721,0.5722,0.5721,0.5722,7
2026-04-03T13:16:00,0.57225,0.57225,0.57225,0.57225,2
2026-04-03T13:18:00,0.5722,0.5722,0.5722,0.5722,3
2026-04-03T13:19:00,0.57215,0.57215,0.57215,0.57215,2
2026-04-03T13:21:00,0.57215,0.57215,0.5721,0.5721,16
2026-04-03T13:23:00,0.57205,0.57205,0.572,0.572,5
2026-04-03T13:24:00,0.57205,0.57205,0.57205,0.57205,2
2026-04-03T13:25:00,0.572,0.572,0.572,0.572,2
2026-04-03T13:26:00,0.572,0.572,0.572,0.572,3
2026-04-03T13:27:00,0.572,0.572,0.572,0.572,2
2026-04-03T13:28:00,0.572,0.572,0.572,0.572,2
2026-04-03T13:29:00,0.572,0.572,0.572,0.572,9
2026-04-03T13:31:00,0.57205,0.57205,0.572,0.572,4
2026-04-03T13:32:00,0.572,0.57205,0.572,0.57205,8
2026-04-03T13:33:00,0.57205,0.57205,0.57205,0.57205,5
2026-04-03T13:34:00,0.572,0.572,0.572,0.572,1
2026-04-03T13:35:00,0.57195,0.57195,0.57185,0.57185,21
2026-04-03T13:36:00,0.5719,0.572,0.5719,0.572,3
2026-04-03T13:37:00,0.5719,0.5719,0.5719,0.5719,5
2026-04-03T13:38:00,0.57175,0.57175,0.57175,0.57175,1
2026-04-03T13:39:00,0.5718,0.5718,0.5717,0.5717,3
2026-04-03T13:40:00,0.5717,0.5717,0.57165,0.57165,5
2026-04-03T13:42:00,0.57165,0.5717,0.5716,0.5717,34
2026-04-03T13:43:00,0.57165,0.57165,0.57165,0.57165,13
2026-04-03T13:44:00,0.57165,0.57165,0.5716,0.57165,14
2026-04-03T13:45:00,0.5717,0.57175,0.5717,0.57175,4
2026-04-03T13:46:00,0.5717,0.5717,0.5717,0.5717,1
2026-04-03T13:47:00,0.5718,0.5718,0.57175,0.57175,7
2026-04-03T13:48:00,0.5717,0.5717,0.5717,0.5717,1
2026-04-03T13:49:00,0.5717,0.5718,0.5717,0.57175,9
2026-04-03T13:50:00,0.57185,0.57185,0.57185,0.57185,1
2026-04-03T13:52:00,0.57185,0.57185,0.57185,0.57185,2
2026-04-03T13:55:00,0.5718,0.57185,0.5718,0.57185,2
2026-04-03T13:56:00,0.5718,0.5719,0.5718,0.57185,8
2026-04-03T13:57:00,0.5719,0.5719,0.57185,0.57185,21
2026-04-03T13:58:00,0.5719,0.5719,0.5719,0.5719,1
2026-04-03T13:59:00,0.5719,0.5719,0.5719,0.5719,5
2026-04-03T14:00:00,0.57195,0.57195,0.57185,0.57185,14
2026-04-03T14:01:00,0.5718,0.57185,0.5718,0.57185,6
2026-04-03T14:03:00,0.57175,0.57175,0.57175,0.57175,1
2026-04-03T14:04:00,0.5717,0.5717,0.5717,0.5717,1
2026-04-03T14:05:00,0.5716,0.5716,0.57155,0.5716,8
2026-04-03T14:06:00,0.5715,0.57165,0.5715,0.5715,34
2026-04-03T14:07:00,0.57155,0.57155,0.5715,0.5715,2
2026-04-03T14:10:00,0.57145,0.57145,0.5714,0.5714,7
2026-04-03T14:11:00,0.57145,0.57145,0.57145,0.57145,3
2026-04-03T14:12:00,0.5714,0.5714,0.57135,0.57135,13
2026-04-03T14:13:00,0.5714,0.5714,0.57135,0.5714,4
2026-04-03T14:15:00,0.57135,0.5714,0.5713,0.5713,11
2026-04-03T14:16:00,0.57125,0.57125,0.57125,0.57125,8
2026-04-03T14:17:00,0.57135,0.57135,0.57125,0.57125,6
2026-04-03T14:18:00,0.57135,0.57135,0.57135,0.57135,3
2026-04-03T14:19:00,0.5713,0.5713,0.57125,0.57125,3
2026-04-03T14:20:00,0.57125,0.57125,0.5712,0.5712,4
2026-04-03T14:21:00,0.57125,0.57125,0.5712,0.5712,6
2026-04-03T14:25:00,0.5712,0.5712,0.5711,0.5711,14
2026-04-03T14:26:00,0.5711,0.5711,0.57105,0.57105,5
2026-04-03T14:27:00,0.57105,0.5711,0.57095,0.5711,61
2026-04-03T14:28:00,0.57115,0.57115,0.57105,0.5711,12
2026-04-03T14:29:00,0.5711,0.5711,0.57105,0.57105,17
2026-04-03T14:30:00,0.5711,0.5711,0.571,0.571,15
2026-04-03T14:31:00,0.57105,0.57105,0.57105,0.57105,2
2026-04-03T14:32:00,0.5711,0.5711,0.5711,0.5711,3
2026-04-03T14:33:00,0.5711,0.5711,0.5711,0.5711,1
2026-04-03T14:35:00,0.571,0.571,0.571,0.571,1
2026-04-03T14:36:00,0.571,0.571,0.571,0.571,2
2026-04-03T14:39:00,0.57095,0.57095,0.57095,0.57095,1
2026-04-03T14:41:00,0.571,0.571,0.571,0.571,3
2026-04-03T14:42:00,0.571,0.57105,0.571,0.57105,6
2026-04-03T14:43:00,0.57105,0.57105,0.57105,0.57105,8
2026-04-03T14:44:00,0.57105,0.57105,0.57105,0.57105,1
2026-04-03T14:45:00,0.57105,0.57105,0.571,0.57105,10
2026-04-03T14:46:00,0.57095,0.571,0.57095,0.571,4
2026-04-03T14:47:00,0.57105,0.57105,0.57095,0.571,5
2026-04-03T14:49:00,0.571,0.57105,0.57095,0.57095,3
2026-04-03T14:50:00,0.57095,0.57095,0.57095,0.57095,1
2026-04-03T14:52:00,0.57095,0.57095,0.57095,0.57095,4
2026-04-03T14:53:00,0.571,0.571,0.571,0.571,2
2026-04-03T14:54:00,0.571,0.571,0.571,0.571,2
2026-04-03T14:55:00,0.57095,0.57095,0.5709,0.57095,8
2026-04-03T14:56:00,0.57095,0.571,0.57095,0.571,8
2026-04-03T14:57:00,0.57095,0.57095,0.57095,0.57095,1
2026-04-03T14:58:00,0.57095,0.57095,0.57095,0.57095,7
2026-04-03T14:59:00,0.57095,0.57095,0.57075,0.5708,64
2026-04-03T15:00:00,0.57085,0.571,0.57085,0.571,33
2026-04-03T15:01:00,0.57105,0.57105,0.57105,0.57105,1
2026-04-03T15:02:00,0.57105,0.57105,0.571,0.571,8
2026-04-03T15:03:00,0.57105,0.57105,0.57095,0.57095,7
2026-04-03T15:05:00,0.571,0.571,0.571,0.571,5
2026-04-03T15:08:00,0.57105,0.57105,0.57095,0.57095,13
2026-04-03T15:09:00,0.57085,0.5709,0.57085,0.57085,11
2026-04-03T15:10:00,0.5709,0.5709,0.57085,0.57085,6
2026-04-03T15:11:00,0.57085,0.57085,0.57085,0.57085,1
2026-04-03T15:13:00,0.57085,0.57085,0.57085,0.57085,3
2026-04-03T15:14:00,0.57085,0.57085,0.5708,0.5708,13
2026-04-05T22:00:00,0.57095,0.57105,0.57025,0.5705,128
2026-04-05T22:01:00,0.57055,0.57065,0.57045,0.57045,18
2026-04-05T22:02:00,0.5705,0.5706,0.5704,0.57045,23
2026-04-05T22:03:00,0.5706,0.5706,0.57035,0.5704,27
2026-04-05T22:04:00,0.5702,0.5702,0.5701,0.5701,46
2026-04-05T22:05:00,0.57005,0.5701,0.56995,0.57005,71
2026-04-05T22:06:00,0.5701,0.5702,0.56985,0.57,107
2026-04-05T22:07:00,0.56995,0.57,0.56995,0.56995,39
2026-04-05T22:08:00,0.56995,0.57,0.5698,0.5698,65
2026-04-05T22:09:00,0.5697,0.5698,0.5696,0.5696,101
2026-04-05T22:10:00,0.56975,0.56975,0.56955,0.56955,63
2026-04-05T22:11:00,0.5695,0.5697,0.5695,0.56965,45
2026-04-05T22:12:00,0.5697,0.56985,0.5697,0.56985,20
2026-04-05T22:13:00,0.5699,0.57005,0.5699,0.57,20
2026-04-05T22:14:00,0.56985,0.5699,0.5698,0.5699,4
2026-04-05T22:15:00,0.5699,0.56995,0.56985,0.56985,39
2026-04-05T22:16:00,0.56985,0.56995,0.5697,0.56975,120
2026-04-05T22:17:00,0.56975,0.5698,0.5697,0.56975,61
2026-04-05T22:18:00,0.56975,0.5698,0.5697,0.5698,15
2026-04-05T22:19:00,0.5697,0.56975,0.5697,0.5697,11
2026-04-05T22:20:00,0.5697,0.5697,0.56955,0.5697,69
2026-04-05T22:21:00,0.5697,0.5697,0.56965,0.56965,23
2026-04-05T22:22:00,0.5697,0.56975,0.5697,0.56975,5
2026-04-05T22:23:00,0.56975,0.56985,0.5697,0.56975,9
2026-04-05T22:24:00,0.56965,0.56965,0.56965,0.56965,10
2026-04-05T22:25:00,0.56965,0.5697,0.56965,0.56965,7
2026-04-05T22:26:00,0.56965,0.56965,0.5696,0.56965,42
2026-04-05T22:27:00,0.5696,0.5697,0.5696,0.5697,32
2026-04-05T22:28:00,0.5697,0.5697,0.5697,0.5697,9
2026-04-05T22:30:00,0.5696,0.56965,0.5696,0.5696,30
2026-04-05T22:31:00,0.56965,0.56965,0.56965,0.56965,6
2026-04-05T22:32:00,0.5698,0.5698,0.56975,0.5698,19
2026-04-05T22:33:00,0.56975,0.5698,0.56975,0.5698,10
2026-04-05T22:34:00,0.5698,0.56985,0.5697,0.5698,68
2026-04-05T22:35:00,0.5697,0.56975,0.5696,0.5697,81
2026-04-05T22:36:00,0.5697,0.56975,0.56955,0.56975,63
2026-04-05T22:37:00,0.56965,0.5697,0.5696,0.5696,22
2026-04-05T22:38:00,0.5697,0.56975,0.56965,0.56975,42
2026-04-05T22:39:00,0.5697,0.5697,0.56965,0.56965,5
2026-04-05T22:40:00,0.5697,0.5697,0.56965,0.56965,6
2026-04-05T22:41:00,0.56975,0.56975,0.5697,0.56975,19
2026-04-05T22:42:00,0.5697,0.5697,0.5697,0.5697,4
2026-04-05T22:43:00,0.56965,0.5697,0.56965,0.5697,5
2026-04-05T22:44:00,0.5697,0.5697,0.56965,0.5697,4
2026-04-05T22:45:00,0.5697,0.5697,0.5697,0.5697,5
2026-04-05T22:46:00,0.56975,0.57,0.56975,0.57,16
2026-04-05T22:47:00,0.56995,0.57005,0.56995,0.56995,35
2026-04-05T22:48:00,0.57005,0.57005,0.57005,0.57005,3
2026-04-05T22:53:00,0.57015,0.5702,0.57015,0.5702,3
2026-04-05T22:54:00,0.5702,0.5702,0.57015,0.57015,2
2026-04-05T22:55:00,0.5702,0.5702,0.5702,0.5702,2
2026-04-05T22:56:00,0.5702,0.5702,0.5702,0.5702,4
2026-04-05T22:57:00,0.5703,0.57035,0.5703,0.57035,13
2026-04-05T22:58:00,0.5703,0.57035,0.5703,0.57035,3
2026-04-05T22:59:00,0.5703,0.5703,0.57025,0.5703,11
2026-04-05T23:00:00,0.5703,0.5703,0.5703,0.5703,1
2026-04-05T23:02:00,0.5702,0.5702,0.57015,0.5702,41
2026-04-05T23:03:00,0.5702,0.5702,0.5702,0.5702,12
2026-04-05T23:04:00,0.57015,0.57015,0.57015,0.57015,1
2026-04-05T23:05:00,0.57015,0.57025,0.57015,0.57025,10
2026-04-05T23:06:00,0.5703,0.57035,0.5703,0.5703,9
2026-04-05T23:07:00,0.57025,0.57025,0.57025,0.57025,3
2026-04-05T23:09:00,0.57015,0.57015,0.57015,0.57015,24
2026-04-05T23:10:00,0.57015,0.57015,0.57015,0.57015,1
2026-04-05T23:14:00,0.5701,0.5701,0.57005,0.57005,3
2026-04-05T23:15:00,0.57015,0.57015,0.5701,0.5701,4
2026-04-05T23:16:00,0.5702,0.5702,0.5702,0.5702,1
2026-04-05T23:17:00,0.5702,0.5702,0.5702,0.5702,1
2026-04-05T23:18:00,0.57015,0.57015,0.57015,0.57015,2
2026-04-05T23:19:00,0.5701,0.5701,0.5701,0.5701,1
2026-04-05T23:20:00,0.57015,0.57015,0.57015,0.57015,6
2026-04-05T23:22:00,0.57015,0.57015,0.57015,0.57015,1
2026-04-05T23:25:00,0.5701,0.57015,0.5701,0.57015,10
2026-04-05T23:26:00,0.5701,0.5701,0.5701,0.5701,1
2026-04-05T23:27:00,0.5701,0.5701,0.5701,0.5701,4
2026-04-05T23:29:00,0.5701,0.5701,0.5701,0.5701,3
2026-04-05T23:30:00,0.5701,0.5701,0.5701,0.5701,2
2026-04-05T23:31:00,0.5701,0.5701,0.5699,0.5699,22
2026-04-05T23:32:00,0.57,0.57,0.57,0.57,3
2026-04-05T23:39:00,0.57,0.57,0.56995,0.56995,15
2026-04-05T23:40:00,0.57,0.57,0.57,0.57,2
2026-04-05T23:43:00,0.57,0.57,0.57,0.57,1
2026-04-05T23:51:00,0.5701,0.57015,0.57005,0.57005,10
2026-04-05T23:52:00,0.57,0.57,0.56995,0.56995,5
2026-04-05T23:54:00,0.57,0.57,0.57,0.57,3
2026-04-05T23:55:00,0.56995,0.56995,0.56995,0.56995,1
2026-04-05T23:56:00,0.56995,0.57,0.56995,0.57,7
2026-04-05T23:58:00,0.57,0.57005,0.57,0.57005,4
2026-04-05T23:59:00,0.57,0.57,0.57,0.57,3
2026-04-06T00:00:00,0.56995,0.5701,0.56995,0.5701,6
2026-04-06T00:01:00,0.5701,0.5701,0.5701,0.5701,13
2026-04-06T00:02:00,0.57025,0.5703,0.5702,0.5702,32
2026-04-06T00:03:00,0.5702,0.5703,0.5702,0.5703,15
2026-04-06T00:04:00,0.57025,0.57035,0.57025,0.57035,34
2026-04-06T00:05:00,0.57045,0.5705,0.57035,0.57035,13
2026-04-06T00:06:00,0.5704,0.57045,0.5704,0.5704,12
2026-04-06T00:07:00,0.5704,0.5705,0.5704,0.5705,18
2026-04-06T00:08:00,0.5706,0.5706,0.5706,0.5706,4
2026-04-06T00:09:00,0.5705,0.57055,0.57045,0.57045,17
2026-04-06T00:10:00,0.5705,0.5705,0.5704,0.5704,8
2026-04-06T00:11:00,0.5705,0.5705,0.5705,0.5705,2
2026-04-06T00:12:00,0.5705,0.57055,0.5705,0.57055,6
2026-04-06T00:13:00,0.57055,0.5706,0.57055,0.57055,14
2026-04-06T00:16:00,0.57055,0.57055,0.5705,0.5705,10
2026-04-06T00:17:00,0.57045,0.57045,0.57045,0.57045,2
2026-04-06T00:18:00,0.57045,0.57045,0.57045,0.57045,1
2026-04-06T00:19:00,0.57045,0.57045,0.57045,0.57045,1
2026-04-06T00:20:00,0.5705,0.5705,0.5705,0.5705,2
2026-04-06T00:21:00,0.5705,0.5705,0.5705,0.5705,1
2026-04-06T00:22:00,0.57055,0.5706,0.57055,0.57055,4
2026-04-06T00:24:00,0.57075,0.57075,0.57075,0.57075,2
2026-04-06T00:25:00,0.57075,0.57075,0.57075,0.57075,1
2026-04-06T00:26:00,0.57075,0.57075,0.5706,0.5706,3
2026-04-06T00:27:00,0.57065,0.57065,0.5705,0.5705,5
2026-04-06T00:28:00,0.57045,0.57045,0.57045,0.57045,5
2026-04-06T00:29:00,0.57045,0.57045,0.57045,0.57045,3
2026-04-06T00:30:00,0.5704,0.57045,0.5704,0.57045,4
2026-04-06T00:31:00,0.5704,0.5704,0.5704,0.5704,1
2026-04-06T00:33:00,0.5705,0.5705,0.5705,0.5705,1
2026-04-06T00:34:00,0.57055,0.57055,0.57055,0.57055,5
2026-04-06T00:35:00,0.57055,0.57055,0.57055,0.57055,2
2026-04-06T00:36:00,0.5706,0.5706,0.5706,0.5706,1
2026-04-06T00:37:00,0.5706,0.5706,0.5706,0.5706,1
2026-04-06T00:39:00,0.57055,0.57055,0.57055,0.57055,1
2026-04-06T00:40:00,0.57055,0.57055,0.57055,0.57055,3
2026-04-06T00:41:00,0.57065,0.57065,0.57065,0.57065,5
2026-04-06T00:42:00,0.5707,0.5707,0.5707,0.5707,2
2026-04-06T00:43:00,0.57075,0.5708,0.57075,0.5708,21
2026-04-06T00:44:00,0.5708,0.5708,0.5708,0.5708,1
2026-04-06T00:45:00,0.57085,0.57085,0.5708,0.5708,61
2026-04-06T00:46:00,0.5708,0.5708,0.57075,0.57075,6
2026-04-06T00:47:00,0.57075,0.57075,0.57075,0.57075,3
2026-04-06T00:48:00,0.57075,0.5708,0.57075,0.5708,2
2026-04-06T00:49:00,0.5707,0.5707,0.5707,0.5707,3
2026-04-06T00:50:00,0.5707,0.5708,0.5707,0.5707,43
2026-04-06T00:52:00,0.5707,0.5707,0.5707,0.5707,5
2026-04-06T00:54:00,0.57075,0.57085,0.57075,0.5708,49
2026-04-06T00:55:00,0.5708,0.5708,0.57075,0.57075,7
2026-04-06T00:56:00,0.5707,0.5707,0.5707,0.5707,20
2026-04-06T00:57:00,0.5707,0.57085,0.5707,0.57085,13
2026-04-06T00:58:00,0.5708,0.5708,0.5708,0.5708,2
2026-04-06T00:59:00,0.5708,0.5708,0.5708,0.5708,4
2026-04-06T01:00:00,0.57085,0.5709,0.57085,0.57085,6
2026-04-06T01:01:00,0.57085,0.57085,0.5708,0.57085,12
2026-04-06T01:02:00,0.57085,0.5709,0.57085,0.5709,8
2026-04-06T01:03:00,0.57085,0.57085,0.5708,0.5708,2
2026-04-06T01:05:00,0.5708,0.5708,0.57075,0.57075,4
2026-04-06T01:06:00,0.5708,0.5708,0.5708,0.5708,2
2026-04-06T01:08:00,0.57075,0.5708,0.57075,0.5708,3
2026-04-06T01:10:00,0.57065,0.5707,0.57065,0.57065,10
2026-04-06T01:11:00,0.57065,0.5707,0.5705,0.57055,28
2026-04-06T01:12:00,0.5705,0.5706,0.5705,0.57055,19
2026-04-06T01:13:00,0.57055,0.57055,0.5705,0.5705,7
2026-04-06T01:15:00,0.57055,0.57055,0.57055,0.57055,9
2026-04-06T01:16:00,0.57055,0.57055,0.57055,0.57055,8
2026-04-06T01:17:00,0.57055,0.57055,0.5705,0.5705,11
2026-04-06T01:18:00,0.5705,0.57055,0.5705,0.57055,7
2026-04-06T01:19:00,0.57055,0.57055,0.5705,0.5705,2
2026-04-06T01:20:00,0.5704,0.5704,0.5704,0.5704,3
2026-04-06T01:21:00,0.5704,0.5704,0.5704,0.5704,5
2026-04-06T01:22:00,0.5704,0.57045,0.5704,0.57045,14
2026-04-06T01:23:00,0.57045,0.5705,0.57045,0.5705,11
2026-04-06T01:24:00,0.5704,0.5704,0.5704,0.5704,4
2026-04-06T01:25:00,0.5704,0.5705,0.5704,0.5705,8
2026-04-06T01:27:00,0.5705,0.5705,0.5705,0.5705,2
2026-04-06T01:28:00,0.57055,0.57065,0.57055,0.57065,12
2026-04-06T01:29:00,0.5707,0.5708,0.5707,0.5708,11
2026-04-06T01:30:00,0.5708,0.5708,0.57075,0.57075,7
2026-04-06T01:31:00,0.5706,0.5706,0.5706,0.5706,1
2026-04-06T01:34:00,0.57055,0.57055,0.5705,0.5705,2
2026-04-06T01:35:00,0.5705,0.5705,0.5705,0.5705,1
2026-04-06T01:38:00,0.57055,0.57055,0.57055,0.57055,2
2026-04-06T01:39:00,0.57055,0.57055,0.57055,0.57055,2
2026-04-06T01:40:00,0.5705,0.5705,0.5705,0.5705,2
2026-04-06T01:42:00,0.57055,0.57055,0.57055,0.57055,1
2026-04-06T01:43:00,0.57065,0.57065,0.57065,0.57065,1
2026-04-06T01:44:00,0.57065,0.57065,0.57065,0.57065,1
2026-04-06T01:45:00,0.5706,0.5706,0.5706,0.5706,7
2026-04-06T01:46:00,0.57055,0.57055,0.5705,0.5705,2
2026-04-06T01:47:00,0.5705,0.5705,0.5705,0.5705,1
2026-04-06T01:48:00,0.5705,0.57055,0.5705,0.5705,6
2026-04-06T01:50:00,0.57045,0.57045,0.57045,0.57045,1
2026-04-06T01:51:00,0.5704,0.5704,0.5704,0.5704,1
2026-04-06T01:52:00,0.5704,0.5704,0.5704,0.5704,1
2026-04-06T01:53:00,0.5704,0.57045,0.5704,0.57045,5
2026-04-06T01:54:00,0.57035,0.57035,0.57035,0.57035,1
2026-04-06T01:55:00,0.5704,0.57045,0.5704,0.57045,3
2026-04-06T01:56:00,0.5703,0.5703,0.5703,0.5703,1
2026-04-06T01:57:00,0.5703,0.57035,0.5703,0.57035,5
2026-04-06T01:58:00,0.5703,0.57035,0.5703,0.5703,6
2026-04-06T01:59:00,0.57045,0.57045,0.57035,0.5704,4
2026-04-06T02:00:00,0.57045,0.57065,0.57045,0.57065,30
2026-04-06T02:01:00,0.5706,0.57065,0.5706,0.57065,29
2026-04-06T02:02:00,0.57065,0.57065,0.57065,0.57065,14
2026-04-06T02:04:00,0.5708,0.57085,0.5708,0.5708,9
2026-04-06T02:05:00,0.5708,0.5708,0.5708,0.5708,2
2026-04-06T02:06:00,0.5708,0.5709,0.5708,0.5709,7
2026-04-06T02:07:00,0.5709,0.57105,0.5709,0.57105,81
2026-04-06T02:08:00,0.57105,0.5711,0.57105,0.57105,17
2026-04-06T02:09:00,0.57105,0.57125,0.57105,0.57125,72
2026-04-06T02:10:00,0.57125,0.5713,0.57115,0.5713,29
2026-04-06T02:11:00,0.57145,0.5716,0.57145,0.57145,12
2026-04-06T02:12:00,0.57145,0.57155,0.57145,0.57155,13
2026-04-06T02:13:00,0.5715,0.57155,0.57145,0.57155,15
2026-04-06T02:14:00,0.57145,0.57145,0.5714,0.57145,13
2026-04-06T02:15:00,0.57145,0.57145,0.57145,0.57145,3
2026-04-06T02:16:00,0.5714,0.5715,0.5714,0.5715,5
2026-04-06T02:17:00,0.5716,0.5717,0.5716,0.5717,7
2026-04-06T02:18:00,0.5717,0.5717,0.57165,0.57165,6
2026-04-06T02:19:00,0.5717,0.57185,0.5717,0.5718,16
2026-04-06T02:20:00,0.57175,0.5719,0.57175,0.5718,15
2026-04-06T02:21:00,0.572,0.572,0.57195,0.57195,11
2026-04-06T02:22:00,0.57195,0.572,0.57195,0.572,9
2026-04-06T02:23:00,0.57195,0.57205,0.57195,0.572,71
2026-04-06T02:24:00,0.5719,0.57195,0.57185,0.57195,32
2026-04-06T02:25:00,0.5719,0.57195,0.57185,0.5719,37
2026-04-06T02:26:00,0.5719,0.572,0.5719,0.572,15
2026-04-06T02:27:00,0.572,0.572,0.57195,0.57195,12
2026-04-06T02:28:00,0.57195,0.57195,0.5719,0.5719,4
2026-04-06T02:29:00,0.57195,0.57195,0.5718,0.5718,20
2026-04-06T02:30:00,0.57185,0.57185,0.5718,0.57185,84
2026-04-06T02:31:00,0.57185,0.5719,0.5718,0.5718,5
2026-04-06T02:32:00,0.57175,0.57175,0.5717,0.5717,8
2026-04-06T02:33:00,0.57165,0.5717,0.57165,0.5717,8
2026-04-06T02:34:00,0.57165,0.5717,0.57165,0.5717,4
2026-04-06T02:35:00,0.57175,0.57175,0.57165,0.57165,16
2026-04-06T02:36:00,0.57165,0.57165,0.57165,0.57165,12
2026-04-06T02:37:00,0.57165,0.5717,0.5716,0.5716,8
2026-04-06T02:38:00,0.57165,0.57165,0.57165,0.57165,2
2026-04-06T02:39:00,0.5716,0.5716,0.5716,0.5716,3
2026-04-06T02:40:00,0.5716,0.57165,0.5716,0.5716,59
2026-04-06T02:41:00,0.57165,0.57165,0.57155,0.57155,5
2026-04-06T02:42:00,0.57165,0.57165,0.5716,0.57165,5
2026-04-06T02:43:00,0.5716,0.5716,0.5716,0.5716,2
2026-04-06T02:44:00,0.57155,0.57155,0.57155,0.57155,1
2026-04-06T02:45:00,0.57155,0.5716,0.5715,0.5716,16
2026-04-06T02:46:00,0.57165,0.57165,0.5716,0.5716,6
2026-04-06T02:47:00,0.57165,0.57165,0.57165,0.57165,1
2026-04-06T02:48:00,0.57165,0.5717,0.5716,0.5716,10
2026-04-06T02:51:00,0.5716,0.5716,0.5716,0.5716,1
2026-04-06T02:52:00,0.5716,0.5716,0.5716,0.5716,2
2026-04-06T02:53:00,0.57155,0.57155,0.57155,0.57155,3
2026-04-06T02:54:00,0.57155,0.57155,0.57155,0.57155,31
2026-04-06T02:57:00,0.57155,0.57155,0.57155,0.57155,2
2026-04-06T02:58:00,0.5716,0.5716,0.57155,0.5716,14
2026-04-06T02:59:00,0.57155,0.57155,0.5715,0.5715,18
2026-04-06T03:00:00,0.57145,0.5715,0.5714,0.5715,37
2026-04-06T03:01:00,0.5715,0.57155,0.5715,0.57155,22
2026-04-06T03:02:00,0.5715,0.5715,0.5715,0.5715,2
2026-04-06T03:03:00,0.5714,0.5715,0.5714,0.5715,15
2026-04-06T03:04:00,0.5715,0.57155,0.5715,0.5715,20
2026-04-06T03:05:00,0.57155,0.57155,0.5715,0.5715,7
2026-04-06T03:07:00,0.5715,0.5715,0.57145,0.57145,4
2026-04-06T03:08:00,0.5715,0.5715,0.5715,0.5715,10
2026-04-06T03:09:00,0.5715,0.5715,0.5715,0.5715,9
2026-04-06T03:10:00,0.57155,0.57155,0.5715,0.5715,8
2026-04-06T03:11:00,0.5715,0.5715,0.5714,0.5714,8
2026-04-06T03:15:00,0.57145,0.57145,0.57145,0.57145,2
2026-04-06T03:18:00,0.57145,0.57145,0.57135,0.57145,13
2026-04-06T03:19:00,0.5714,0.5714,0.5711,0.57125,121
2026-04-06T03:20:00,0.5712,0.57125,0.5712,0.57125,2
2026-04-06T03:21:00,0.5713,0.57135,0.5713,0.57135,4
2026-04-06T03:22:00,0.5714,0.5714,0.5714,0.5714,2
2026-04-06T03:23:00,0.57145,0.57145,0.57145,0.57145,2
2026-04-06T03:25:00,0.57155,0.57155,0.57155,0.57155,7
2026-04-06T03:26:00,0.57155,0.57155,0.57145,0.57145,31
2026-04-06T03:27:00,0.57155,0.57155,0.57155,0.57155,3
2026-04-06T03:28:00,0.5716,0.5716,0.57155,0.57155,5
2026-04-06T03:29:00,0.5715,0.5715,0.5715,0.5715,2
2026-04-06T03:30:00,0.5715,0.5715,0.5715,0.5715,4
2026-04-06T03:31:00,0.5715,0.5715,0.5715,0.5715,3
2026-04-06T03:34:00,0.57145,0.57145,0.57135,0.5714,20
2026-04-06T03:36:00,0.57145,0.5715,0.57145,0.57145,15
2026-04-06T03:39:00,0.57145,0.57145,0.5714,0.5714,13
2026-04-06T03:40:00,0.57135,0.57135,0.57135,0.57135,1
2026-04-06T03:42:00,0.57135,0.57135,0.57135,0.57135,14
2026-04-06T03:43:00,0.5713,0.5713,0.5713,0.5713,8
2026-04-06T03:44:00,0.57135,0.57135,0.5713,0.5713,3
2026-04-06T03:45:00,0.5713,0.5713,0.5713,0.5713,1
2026-04-06T03:46:00,0.57125,0.5713,0.5712,0.5713,15
2026-04-06T03:47:00,0.57125,0.57125,0.57125,0.57125,3
2026-04-06T03:48:00,0.57125,0.57125,0.5712,0.5712,3
2026-04-06T03:49:00,0.57115,0.57115,0.57115,0.57115,2
2026-04-06T03:50:00,0.57115,0.57115,0.5711,0.5711,3
2026-04-06T03:51:00,0.57115,0.57115,0.57115,0.57115,2
2026-04-06T03:54:00,0.57115,0.5712,0.57115,0.57115,31
2026-04-06T03:56:00,0.57125,0.5713,0.57125,0.57125,7
2026-04-06T03:58:00,0.57125,0.57125,0.57125,0.57125,2
2026-04-06T04:00:00,0.57125,0.57125,0.5712,0.57125,11
2026-04-06T04:01:00,0.5713,0.5713,0.5713,0.5713,2
2026-04-06T04:02:00,0.5713,0.5713,0.5713,0.5713,1
2026-04-06T04:03:00,0.5713,0.57135,0.5713,0.57135,5
2026-04-06T04:04:00,0.57135,0.57145,0.57135,0.57145,6
2026-04-06T04:05:00,0.5715,0.5715,0.57145,0.57145,10
2026-04-06T04:07:00,0.57145,0.5715,0.57145,0.5715,23
2026-04-06T04:08:00,0.57145,0.5715,0.57145,0.5715,33
2026-04-06T04:09:00,0.57145,0.57155,0.57145,0.57155,6
2026-04-06T04:10:00,0.5715,0.5715,0.5715,0.5715,2
2026-04-06T04:11:00,0.5715,0.5715,0.5715,0.5715,2
2026-04-06T04:15:00,0.57155,0.57155,0.57155,0.57155,2
2026-04-06T04:19:00,0.5715,0.5715,0.57145,0.57145,16
2026-04-06T04:20:00,0.5715,0.5715,0.5715,0.5715,4
2026-04-06T04:25:00,0.57155,0.57155,0.57155,0.57155,7
2026-04-06T04:27:00,0.57155,0.57155,0.57155,0.57155,1
2026-04-06T04:30:00,0.5715,0.5715,0.57145,0.5715,7
2026-04-06T04:31:00,0.57145,0.57145,0.57145,0.57145,2
2026-04-06T04:32:00,0.57155,0.57155,0.5715,0.5715,3
2026-04-06T04:33:00,0.57155,0.57155,0.5715,0.5715,9
2026-04-06T04:34:00,0.5716,0.5716,0.57155,0.57155,5
2026-04-06T04:35:00,0.5716,0.5716,0.5716,0.5716,1
2026-04-06T04:38:00,0.57165,0.57165,0.57165,0.57165,1
2026-04-06T04:39:00,0.5717,0.5717,0.5717,0.5717,3
2026-04-06T04:40:00,0.57175,0.57175,0.57175,0.57175,1
2026-04-06T04:41:00,0.57165,0.5717,0.57165,0.5717,2
2026-04-06T04:44:00,0.57165,0.57165,0.5716,0.5716,4
2026-04-06T04:45:00,0.5716,0.5716,0.5716,0.5716,1
2026-04-06T04:50:00,0.57165,0.57175,0.57165,0.57175,6
2026-04-06T04:51:00,0.57175,0.57175,0.57175,0.57175,2
2026-04-06T04:52:00,0.57175,0.57175,0.5717,0.5717,3
2026-04-06T04:54:00,0.57175,0.57175,0.57175,0.57175,3
2026-04-06T04:55:00,0.5718,0.5718,0.57175,0.57175,15
2026-04-06T04:56:00,0.5717,0.5717,0.5717,0.5717,2
2026-04-06T04:58:00,0.5717,0.5717,0.5717,0.5717,2
2026-04-06T04:59:00,0.57175,0.57175,0.57175,0.57175,1
2026-04-06T05:00:00,0.57175,0.57175,0.57175,0.57175,5
2026-04-06T05:01:00,0.57175,0.57175,0.57175,0.57175,2
2026-04-06T05:02:00,0.57175,0.5718,0.57175,0.57175,10
2026-04-06T05:04:00,0.5718,0.5718,0.5718,0.5718,1
2026-04-06T05:05:00,0.57185,0.57185,0.57185,0.57185,2
2026-04-06T05:07:00,0.57185,0.57185,0.57185,0.57185,2
2026-04-06T05:08:00,0.57185,0.5719,0.57185,0.5719,3
2026-04-06T05:09:00,0.57195,0.57195,0.57195,0.57195,6
2026-04-06T05:11:00,0.57195,0.57195,0.57195,0.57195,1
2026-04-06T05:16:00,0.572,0.5721,0.572,0.5721,12
2026-04-06T05:17:00,0.57205,0.57205,0.57205,0.57205,2
2026-04-06T05:20:00,0.572,0.572,0.572,0.572,2
2026-04-06T05:21:00,0.5719,0.5719,0.57185,0.57185,64
2026-04-06T05:22:00,0.5719,0.5719,0.57185,0.57185,3
2026-04-06T05:23:00,0.5719,0.5719,0.5719,0.5719,3
2026-04-06T05:24:00,0.57205,0.57205,0.57205,0.57205,5
2026-04-06T05:25:00,0.57205,0.57205,0.57205,0.57205,2
2026-04-06T05:27:00,0.572,0.572,0.572,0.572,1
2026-04-06T05:29:00,0.57195,0.57195,0.57195,0.57195,2
2026-04-06T05:30:00,0.57185,0.57185,0.5718,0.5718,3
2026-04-06T05:32:00,0.57185,0.57185,0.57185,0.57185,1
2026-04-06T05:33:00,0.57185,0.57185,0.57185,0.57185,2
2026-04-06T05:35:00,0.57185,0.57185,0.57185,0.57185,1
2026-04-06T05:41:00,0.57175,0.57175,0.57175,0.57175,3
2026-04-06T05:43:00,0.57175,0.57175,0.5717,0.5717,5
2026-04-06T05:45:00,0.5718,0.5718,0.5718,0.5718,8
2026-04-06T05:46:00,0.57175,0.57175,0.57175,0.57175,1
2026-04-06T05:47:00,0.5718,0.5718,0.5718,0.5718,2
2026-04-06T05:48:00,0.57175,0.57175,0.5717,0.5717,14
2026-04-06T05:49:00,0.5717,0.57175,0.57165,0.57175,125
2026-04-06T05:50:00,0.5717,0.57175,0.5717,0.57175,22
2026-04-06T05:51:00,0.5719,0.5719,0.5719,0.5719,1
2026-04-06T05:52:00,0.5719,0.5719,0.5719,0.5719,5
2026-04-06T05:53:00,0.57185,0.5719,0.57185,0.5719,4
2026-04-06T05:55:00,0.57185,0.57185,0.5718,0.5718,6
2026-04-06T05:56:00,0.5718,0.5718,0.5718,0.5718,1
2026-04-06T05:59:00,0.5717,0.5717,0.57165,0.57165,57
2026-04-06T06:00:00,0.5716,0.57165,0.5716,0.57165,19
2026-04-06T06:01:00,0.5716,0.57165,0.57155,0.57155,7
2026-04-06T06:02:00,0.5716,0.57165,0.5716,0.57165,3
2026-04-06T06:03:00,0.5716,0.5716,0.5716,0.5716,1
2026-04-06T06:06:00,0.57155,0.5717,0.57155,0.5717,21
2026-04-06T06:07:00,0.5717,0.5717,0.5717,0.5717,2
2026-04-06T06:08:00,0.57175,0.57175,0.57175,0.57175,4
2026-04-06T06:10:00,0.57175,0.5718,0.57175,0.5718,4
2026-04-06T06:11:00,0.5718,0.5718,0.5718,0.5718,2
2026-04-06T06:12:00,0.5718,0.5718,0.5718,0.5718,1
2026-04-06T06:13:00,0.57185,0.57185,0.57175,0.57175,8
2026-04-06T06:14:00,0.5718,0.5718,0.5718,0.5718,8
2026-04-06T06:16:00,0.5718,0.5718,0.57175,0.57175,2
2026-04-06T06:17:00,0.5718,0.5718,0.57175,0.57175,11
2026-04-06T06:19:00,0.57175,0.57175,0.57175,0.57175,2
2026-04-06T06:20:00,0.5717,0.5717,0.57165,0.57165,4
2026-04-06T06:21:00,0.57165,0.5717,0.57165,0.5717,13
2026-04-06T06:23:00,0.57165,0.57165,0.5716,0.5716,11
2026-04-06T06:24:00,0.57165,0.57165,0.57165,0.57165,5
2026-04-06T06:25:00,0.5717,0.5717,0.5716,0.5716,11
2026-04-06T06:26:00,0.57165,0.57165,0.57165,0.57165,6
2026-04-06T06:28:00,0.57155,0.57155,0.57155,0.57155,3
2026-04-06T06:29:00,0.5716,0.57165,0.57155,0.57165,16
2026-04-06T06:30:00,0.5717,0.5717,0.5716,0.5716,22
2026-04-06T06:32:00,0.5717,0.5717,0.5717,0.5717,1
2026-04-06T06:34:00,0.57165,0.57165,0.57165,0.57165,5
2026-04-06T06:36:00,0.57155,0.5716,0.57155,0.5716,6
2026-04-06T06:37:00,0.57155,0.57155,0.57155,0.57155,4
2026-04-06T06:38:00,0.57155,0.57155,0.57155,0.57155,5
2026-04-06T06:39:00,0.57155,0.57155,0.5715,0.5715,23
2026-04-06T06:41:00,0.5715,0.5715,0.5715,0.5715,3
2026-04-06T06:42:00,0.5715,0.5716,0.5715,0.5716,18
2026-04-06T06:43:00,0.5716,0.57175,0.5716,0.57175,12
2026-04-06T06:44:00,0.5718,0.57185,0.5718,0.5718,13
2026-04-06T06:45:00,0.5718,0.5718,0.57165,0.57165,48
2026-04-06T06:46:00,0.5717,0.5718,0.5717,0.57175,23
2026-04-06T06:47:00,0.5718,0.57185,0.5718,0.5718,31
2026-04-06T06:48:00,0.57185,0.57185,0.57185,0.57185,3
2026-04-06T06:49:00,0.5719,0.5719,0.57185,0.57185,23
2026-04-06T06:50:00,0.57185,0.57225,0.57185,0.57215,576
2026-04-06T06:51:00,0.5722,0.5723,0.57215,0.57225,29
2026-04-06T06:52:00,0.5722,0.57255,0.5722,0.57245,109
2026-04-06T06:53:00,0.5724,0.5724,0.5723,0.5723,173
2026-04-06T06:54:00,0.57225,0.57225,0.5721,0.57225,100
2026-04-06T06:55:00,0.5722,0.5722,0.5722,0.5722,3
2026-04-06T06:56:00,0.57205,0.57205,0.572,0.572,2
2026-04-06T06:57:00,0.57215,0.57215,0.57215,0.57215,7
2026-04-06T06:58:00,0.5722,0.57225,0.57215,0.57215,12
2026-04-06T06:59:00,0.57215,0.57215,0.57215,0.57215,4
2026-04-06T07:00:00,0.57225,0.57245,0.57225,0.5724,55
2026-04-06T07:01:00,0.57235,0.57235,0.5723,0.5723,9
2026-04-06T07:02:00,0.5722,0.57225,0.5722,0.57225,18
2026-04-06T07:03:00,0.57225,0.5723,0.57225,0.5723,4
2026-04-06T07:04:00,0.5722,0.5722,0.57215,0.5722,16
2026-04-06T07:05:00,0.5721,0.5721,0.57205,0.57205,14
2026-04-06T07:06:00,0.5721,0.5721,0.57195,0.57195,18
2026-04-06T07:07:00,0.57205,0.5721,0.57205,0.57205,13
2026-04-06T07:08:00,0.57205,0.57205,0.572,0.572,2
2026-04-06T07:09:00,0.57195,0.57195,0.57195,0.57195,11
2026-04-06T07:10:00,0.5719,0.5719,0.5719,0.5719,3
2026-04-06T07:11:00,0.5719,0.5719,0.5719,0.5719,12
2026-04-06T07:13:00,0.57185,0.57195,0.57185,0.57195,16
2026-04-06T07:14:00,0.5719,0.57205,0.5719,0.572,29
2026-04-06T07:15:00,0.5721,0.5721,0.57205,0.5721,20
2026-04-06T07:16:00,0.57215,0.5722,0.57215,0.5722,8
2026-04-06T07:17:00,0.57225,0.57225,0.5722,0.57225,15
2026-04-06T07:18:00,0.5722,0.5722,0.57215,0.5722,14
2026-04-06T07:19:00,0.57215,0.5722,0.57215,0.5722,7
2026-04-06T07:20:00,0.5722,0.5722,0.5722,0.5722,1
2026-04-06T07:24:00,0.57215,0.57215,0.5721,0.57215,30
2026-04-06T07:25:00,0.5722,0.5722,0.5722,0.5722,5
2026-04-06T07:26:00,0.57215,0.57225,0.57215,0.57225,10
2026-04-06T07:27:00,0.5722,0.5722,0.5722,0.5722,2
2026-04-06T07:28:00,0.5722,0.5723,0.5722,0.5723,25
2026-04-06T07:29:00,0.57235,0.5724,0.57235,0.5724,8
2026-04-06T07:30:00,0.5724,0.5725,0.5724,0.5725,11
2026-04-06T07:31:00,0.5725,0.57255,0.5725,0.5725,4
2026-04-06T07:33:00,0.57255,0.57255,0.57255,0.57255,1
2026-04-06T07:34:00,0.5725,0.5725,0.5725,0.5725,3
2026-04-06T07:35:00,0.57255,0.57255,0.5725,0.5725,3
2026-04-06T07:36:00,0.5725,0.5726,0.5725,0.5726,5
2026-04-06T07:37:00,0.5726,0.57265,0.5726,0.5726,10
2026-04-06T07:38:00,0.57265,0.5727,0.57265,0.57265,28
2026-04-06T07:39:00,0.5727,0.5727,0.5727,0.5727,18
2026-04-06T07:40:00,0.5727,0.5727,0.5727,0.5727,7
2026-04-06T07:41:00,0.57265,0.57265,0.57265,0.57265,4
2026-04-06T07:42:00,0.57275,0.57305,0.57275,0.573,48
2026-04-06T07:43:00,0.57295,0.57305,0.57295,0.57295,15
2026-04-06T07:44:00,0.573,0.573,0.57295,0.573,15
2026-04-06T07:45:00,0.573,0.5731,0.573,0.5731,10
2026-04-06T07:46:00,0.57315,0.5732,0.57315,0.5732,10
2026-04-06T07:47:00,0.5732,0.5733,0.5732,0.57325,21
2026-04-06T07:48:00,0.57325,0.5733,0.57325,0.5733,11
2026-04-06T07:49:00,0.5733,0.5733,0.57325,0.5733,18
2026-04-06T07:50:00,0.57335,0.5735,0.57335,0.5735,32
2026-04-06T07:51:00,0.5735,0.57365,0.5735,0.57365,6
2026-04-06T07:52:00,0.5736,0.5738,0.5736,0.5738,195
2026-04-06T07:53:00,0.57385,0.5739,0.5737,0.5737,26
2026-04-06T07:54:00,0.5737,0.5737,0.57365,0.5737,9
2026-04-06T07:55:00,0.57375,0.5738,0.5737,0.5738,15
2026-04-06T07:56:00,0.5739,0.5739,0.57385,0.5739,69
2026-04-06T07:57:00,0.57385,0.5739,0.57385,0.57385,29
2026-04-06T07:58:00,0.57385,0.57385,0.5738,0.5738,7
2026-04-06T07:59:00,0.5738,0.5738,0.57365,0.57365,111
2026-04-06T08:00:00,0.57375,0.57395,0.57375,0.57395,53
2026-04-06T08:01:00,0.5739,0.57405,0.5739,0.57405,27
2026-04-06T08:02:00,0.57405,0.5741,0.574,0.574,63
2026-04-06T08:03:00,0.57395,0.574,0.57395,0.57395,24
2026-04-06T08:04:00,0.57395,0.57405,0.5739,0.57405,81
2026-04-06T08:05:00,0.574,0.574,0.57375,0.57375,33
2026-04-06T08:06:00,0.57375,0.5738,0.57375,0.57375,12
2026-04-06T08:07:00,0.57365,0.57365,0.57355,0.5736,22
2026-04-06T08:08:00,0.5736,0.5736,0.57355,0.57355,9
2026-04-06T08:09:00,0.57355,0.57355,0.5735,0.57355,9
2026-04-06T08:10:00,0.5735,0.57355,0.57345,0.5735,23
2026-04-06T08:11:00,0.57355,0.5736,0.57355,0.5736,21
2026-04-06T08:12:00,0.57365,0.5738,0.57365,0.5738,23
2026-04-06T08:13:00,0.57385,0.57385,0.57385,0.57385,1
2026-04-06T08:14:00,0.57385,0.5739,0.57375,0.57375,17
2026-04-06T08:17:00,0.57365,0.57365,0.57365,0.57365,6
2026-04-06T08:18:00,0.57365,0.57365,0.57365,0.57365,30
2026-04-06T08:19:00,0.57365,0.57365,0.5736,0.5736,9
2026-04-06T08:20:00,0.57355,0.5736,0.5734,0.5736,122
2026-04-06T08:21:00,0.5736,0.5736,0.57355,0.57355,4
2026-04-06T08:22:00,0.57355,0.57355,0.57355,0.57355,5
2026-04-06T08:23:00,0.57355,0.57355,0.5735,0.5735,28
2026-04-06T08:24:00,0.57355,0.57365,0.57355,0.57365,6
2026-04-06T08:25:00,0.5736,0.5737,0.5736,0.5737,27
2026-04-06T08:26:00,0.57365,0.57365,0.5736,0.57365,38
2026-04-06T08:27:00,0.5736,0.5736,0.57355,0.57355,4
2026-04-06T08:28:00,0.5735,0.57355,0.5735,0.57355,36
2026-04-06T08:29:00,0.5736,0.5736,0.5736,0.5736,7
2026-04-06T08:30:00,0.5736,0.5737,0.5736,0.5737,31
2026-04-06T08:32:00,0.5737,0.5737,0.5737,0.5737,5
2026-04-06T08:33:00,0.5737,0.5738,0.5737,0.5738,18
2026-04-06T08:34:00,0.57375,0.57385,0.57375,0.57385,16
2026-04-06T08:36:00,0.5739,0.5739,0.57385,0.5739,14
2026-04-06T08:37:00,0.57395,0.574,0.5739,0.574,34
2026-04-06T08:38:00,0.574,0.574,0.57395,0.57395,8
2026-04-06T08:39:00,0.5739,0.5739,0.57385,0.57385,13
2026-04-06T08:40:00,0.5739,0.5739,0.5739,0.5739,2
2026-04-06T08:43:00,0.5737,0.5737,0.5737,0.5737,3
2026-04-06T08:44:00,0.5737,0.5737,0.5737,0.5737,1
2026-04-06T08:45:00,0.57365,0.57365,0.57365,0.57365,1
2026-04-06T08:46:00,0.5736,0.5736,0.5736,0.5736,2
2026-04-06T08:48:00,0.57365,0.57365,0.57365,0.57365,1
2026-04-06T08:49:00,0.57365,0.57365,0.57365,0.57365,3
2026-04-06T08:52:00,0.5736,0.5736,0.57355,0.57355,21
2026-04-06T08:53:00,0.57355,0.57355,0.57355,0.57355,8
2026-04-06T08:54:00,0.5736,0.57365,0.5736,0.57365,5
2026-04-06T08:55:00,0.57365,0.57365,0.57365,0.57365,1
2026-04-06T08:57:00,0.5738,0.57385,0.5738,0.57385,33
2026-04-06T08:58:00,0.5738,0.5739,0.5738,0.5738,43
2026-04-06T08:59:00,0.5738,0.57385,0.5738,0.5738,22
2026-04-06T09:00:00,0.5738,0.5738,0.5737,0.57375,24
2026-04-06T09:01:00,0.57375,0.57375,0.5737,0.5737,4
2026-04-06T09:02:00,0.57375,0.57375,0.57365,0.57365,22
2026-04-06T09:03:00,0.5736,0.5737,0.5736,0.5737,8
2026-04-06T09:05:00,0.57375,0.5738,0.57375,0.5738,14
2026-04-06T09:06:00,0.5738,0.5738,0.5738,0.5738,4
2026-04-06T09:07:00,0.5738,0.57385,0.5738,0.57385,5
2026-04-06T09:08:00,0.57375,0.5738,0.57375,0.5738,30
2026-04-06T09:09:00,0.57385,0.57385,0.57385,0.57385,1
2026-04-06T09:10:00,0.57375,0.57375,0.57375,0.57375,18
2026-04-06T09:11:00,0.57375,0.57375,0.57375,0.57375,1
2026-04-06T09:12:00,0.5737,0.57375,0.5737,0.57375,3
2026-04-06T09:14:00,0.5737,0.5737,0.5737,0.5737,6
2026-04-06T09:15:00,0.57375,0.57375,0.57355,0.57355,78
2026-04-06T09:16:00,0.5736,0.57365,0.5736,0.57365,12
2026-04-06T09:17:00,0.57365,0.57375,0.57365,0.57365,18
2026-04-06T09:18:00,0.5737,0.5737,0.5737,0.5737,20
2026-04-06T09:19:00,0.57365,0.57365,0.57365,0.57365,1
2026-04-06T09:20:00,0.5737,0.5737,0.57365,0.5737,16
2026-04-06T09:21:00,0.5737,0.5737,0.5737,0.5737,53
2026-04-06T09:22:00,0.57375,0.5738,0.57375,0.5738,13
2026-04-06T09:23:00,0.5738,0.5738,0.5738,0.5738,8
2026-04-06T09:24:00,0.5738,0.5738,0.5738,0.5738,17
2026-04-06T09:25:00,0.5738,0.5738,0.5738,0.5738,5
2026-04-06T09:26:00,0.5738,0.57385,0.5738,0.57385,26
2026-04-06T09:28:00,0.5738,0.5738,0.5738,0.5738,1
2026-04-06T09:31:00,0.5738,0.57385,0.5738,0.57385,2
2026-04-06T09:32:00,0.57385,0.57385,0.57385,0.57385,8
2026-04-06T09:33:00,0.5739,0.5739,0.5739,0.5739,10
2026-04-06T09:34:00,0.57395,0.57395,0.5739,0.5739,4
2026-04-06T09:35:00,0.5739,0.5739,0.57385,0.57385,10
2026-04-06T09:36:00,0.5739,0.57395,0.5739,0.57395,4
2026-04-06T09:37:00,0.57395,0.574,0.57395,0.574,7
2026-04-06T09:38:00,0.574,0.574,0.574,0.574,1
2026-04-06T09:39:00,0.57395,0.57395,0.57395,0.57395,1
2026-04-06T09:40:00,0.57385,0.57385,0.5738,0.5738,10
2026-04-06T09:41:00,0.57375,0.5738,0.57375,0.5738,5
2026-04-06T09:42:00,0.57375,0.57375,0.57375,0.57375,8
2026-04-06T09:43:00,0.5737,0.5737,0.5737,0.5737,3
2026-04-06T09:44:00,0.5737,0.57375,0.5737,0.57375,12
2026-04-06T09:45:00,0.57375,0.57375,0.5737,0.5737,14
2026-04-06T09:47:00,0.57375,0.57375,0.57375,0.57375,3
2026-04-06T09:48:00,0.57385,0.5739,0.57385,0.5739,11
2026-04-06T09:49:00,0.57385,0.5739,0.57385,0.5739,2
2026-04-06T09:50:00,0.5738,0.5738,0.57375,0.57375,9
2026-04-06T09:51:00,0.5738,0.57385,0.5738,0.57385,12
2026-04-06T09:52:00,0.5738,0.5738,0.5738,0.5738,3
2026-04-06T09:53:00,0.574,0.574,0.5738,0.5738,18
2026-04-06T09:54:00,0.57375,0.57375,0.5734,0.5735,132
2026-04-06T09:55:00,0.57355,0.57355,0.5734,0.57345,36
2026-04-06T09:56:00,0.57335,0.5734,0.57335,0.5734,12
2026-04-06T09:57:00,0.5733,0.5733,0.5733,0.5733,14
2026-04-06T09:58:00,0.5733,0.5734,0.57325,0.5733,43
2026-04-06T09:59:00,0.57335,0.57335,0.57335,0.57335,1
2026-04-06T10:00:00,0.57335,0.5734,0.57335,0.5734,11
2026-04-06T10:01:00,0.5734,0.5734,0.5734,0.5734,2
2026-04-06T10:02:00,0.5735,0.5736,0.5735,0.5736,7
2026-04-06T10:03:00,0.57365,0.57365,0.57365,0.57365,1
2026-04-06T10:04:00,0.5737,0.57375,0.5737,0.57375,3
2026-04-06T10:06:00,0.5737,0.57375,0.57365,0.57375,14
2026-04-06T10:07:00,0.57365,0.57365,0.57365,0.57365,4
2026-04-06T10:08:00,0.5737,0.5737,0.5737,0.5737,1
2026-04-06T10:09:00,0.57375,0.57375,0.57375,0.57375,2
2026-04-06T10:10:00,0.5738,0.5738,0.5738,0.5738,6
2026-04-06T10:11:00,0.57375,0.5738,0.57375,0.5738,6
2026-04-06T10:12:00,0.57375,0.57385,0.57375,0.57385,17
2026-04-06T10:13:00,0.57385,0.57385,0.5738,0.5738,10
2026-04-06T10:14:00,0.5737,0.57375,0.5737,0.57375,4
2026-04-06T10:15:00,0.5737,0.5737,0.5737,0.5737,4
2026-04-06T10:16:00,0.5737,0.5737,0.5736,0.5737,24
2026-04-06T10:17:00,0.57365,0.57365,0.5736,0.5736,7
2026-04-06T10:18:00,0.57365,0.57365,0.57365,0.57365,9
2026-04-06T10:19:00,0.5737,0.5737,0.57365,0.57365,3
2026-04-06T10:20:00,0.5737,0.5737,0.5737,0.5737,4
2026-04-06T10:22:00,0.57375,0.57375,0.57375,0.57375,8
2026-04-06T10:25:00,0.5736,0.5736,0.5736,0.5736,1
2026-04-06T10:26:00,0.5736,0.5736,0.5736,0.5736,3
2026-04-06T10:28:00,0.5736,0.57365,0.5736,0.57365,3
2026-04-06T10:29:00,0.5736,0.5736,0.5736,0.5736,3
2026-04-06T10:30:00,0.57355,0.57355,0.57355,0.57355,1
2026-04-06T10:31:00,0.57355,0.57355,0.57355,0.57355,1
2026-04-06T10:32:00,0.57355,0.5736,0.57355,0.5736,10
2026-04-06T10:33:00,0.5736,0.57365,0.5736,0.57365,12
2026-04-06T10:36:00,0.5736,0.57365,0.57355,0.57365,8
2026-04-06T10:41:00,0.57365,0.57365,0.57365,0.57365,1
2026-04-06T10:46:00,0.5735,0.5735,0.5728,0.57315,693
2026-04-06T10:47:00,0.5733,0.57345,0.57325,0.5734,169
2026-04-06T10:48:00,0.5735,0.5736,0.5735,0.5736,134
2026-04-06T10:49:00,0.5736,0.5736,0.57355,0.57355,9
2026-04-06T10:50:00,0.5736,0.5736,0.57355,0.5736,5
2026-04-06T10:51:00,0.57355,0.57355,0.57345,0.57345,7
2026-04-06T10:52:00,0.57355,0.57355,0.57355,0.57355,4
2026-04-06T10:53:00,0.5735,0.57355,0.5735,0.57355,4
2026-04-06T10:54:00,0.5735,0.5735,0.57345,0.57345,8
2026-04-06T10:55:00,0.57345,0.57345,0.57345,0.57345,2
2026-04-06T10:56:00,0.5735,0.5735,0.57345,0.57345,14
2026-04-06T10:57:00,0.5735,0.5735,0.57345,0.57345,9
2026-04-06T10:58:00,0.5734,0.5734,0.5734,0.5734,5
2026-04-06T10:59:00,0.57335,0.57335,0.57335,0.57335,8
2026-04-06T11:00:00,0.57335,0.57335,0.57335,0.57335,9
2026-04-06T11:01:00,0.57335,0.57345,0.57335,0.57345,4
2026-04-06T11:02:00,0.57345,0.5735,0.57345,0.57345,19
2026-04-06T11:03:00,0.5734,0.57345,0.5734,0.57345,2
2026-04-06T11:04:00,0.5733,0.5734,0.5733,0.5734,17
2026-04-06T11:05:00,0.5734,0.5734,0.5734,0.5734,7
2026-04-06T11:06:00,0.57335,0.57335,0.5733,0.5733,10
2026-04-06T11:07:00,0.57325,0.57325,0.57325,0.57325,2
2026-04-06T11:08:00,0.5733,0.5733,0.5733,0.5733,3
2026-04-06T11:09:00,0.57335,0.57335,0.57325,0.57325,8
2026-04-06T11:10:00,0.57325,0.57325,0.57325,0.57325,12
2026-04-06T11:12:00,0.5731,0.5731,0.57305,0.5731,8
2026-04-06T11:13:00,0.5731,0.5731,0.5731,0.5731,1
2026-04-06T11:14:00,0.57315,0.57315,0.57295,0.57295,12
2026-04-06T11:15:00,0.57305,0.57305,0.57305,0.57305,13
2026-04-06T11:16:00,0.5731,0.57315,0.5731,0.57315,9
2026-04-06T11:17:00,0.57315,0.57315,0.5731,0.5731,13
2026-04-06T11:18:00,0.57315,0.57315,0.57315,0.57315,5
2026-04-06T11:19:00,0.57315,0.57315,0.57315,0.57315,3
2026-04-06T11:21:00,0.573,0.573,0.573,0.573,5
2026-04-06T11:22:00,0.573,0.573,0.57295,0.57295,8
2026-04-06T11:23:00,0.57295,0.57295,0.57295,0.57295,4
2026-04-06T11:24:00,0.5729,0.5729,0.5729,0.5729,6
2026-04-06T11:26:00,0.5729,0.5729,0.5729,0.5729,12
2026-04-06T11:27:00,0.5729,0.5729,0.57285,0.57285,10
2026-04-06T11:28:00,0.5729,0.57305,0.5729,0.57305,17
2026-04-06T11:30:00,0.5731,0.57315,0.5731,0.57315,4
2026-04-06T11:31:00,0.57315,0.57315,0.57315,0.57315,13
2026-04-06T11:33:00,0.5731,0.5731,0.5731,0.5731,1
2026-04-06T11:34:00,0.57315,0.5732,0.57315,0.5732,5
2026-04-06T11:35:00,0.5732,0.5732,0.57315,0.5732,6
2026-04-06T11:36:00,0.57325,0.57325,0.57325,0.57325,7
2026-04-06T11:37:00,0.57325,0.57335,0.57325,0.57335,13
2026-04-06T11:38:00,0.5733,0.57335,0.5733,0.5733,9
2026-04-06T11:39:00,0.5733,0.57335,0.5733,0.57335,24
2026-04-06T11:40:00,0.5734,0.5734,0.5734,0.5734,20
2026-04-06T11:41:00,0.5734,0.5734,0.5734,0.5734,4
2026-04-06T11:42:00,0.5734,0.5734,0.5734,0.5734,9
2026-04-06T11:44:00,0.5733,0.5733,0.57325,0.5733,23
2026-04-06T11:45:00,0.57335,0.5734,0.57335,0.5734,9
2026-04-06T11:46:00,0.5734,0.5734,0.5734,0.5734,1
2026-04-06T11:47:00,0.57345,0.5735,0.57345,0.5735,4
2026-04-06T11:48:00,0.5735,0.5736,0.5735,0.57355,26
2026-04-06T11:49:00,0.5736,0.5736,0.5736,0.5736,2
2026-04-06T11:50:00,0.57365,0.57365,0.5736,0.5736,16
2026-04-06T11:51:00,0.57365,0.57365,0.57365,0.57365,7
2026-04-06T11:52:00,0.5736,0.57365,0.57355,0.57355,24
2026-04-06T11:54:00,0.5735,0.5735,0.5735,0.5735,6
2026-04-06T11:55:00,0.5735,0.5735,0.5735,0.5735,1
2026-04-06T11:56:00,0.57345,0.57345,0.57345,0.57345,11
2026-04-06T11:57:00,0.57345,0.57345,0.57345,0.57345,1
2026-04-06T11:58:00,0.57345,0.5735,0.57345,0.5735,6
2026-04-06T11:59:00,0.57345,0.57345,0.57345,0.57345,6
2026-04-06T12:00:00,0.57345,0.57345,0.5734,0.5734,4
2026-04-06T12:01:00,0.5734,0.5734,0.5734,0.5734,7
2026-04-06T12:02:00,0.57345,0.5735,0.57345,0.5735,4
2026-04-06T12:03:00,0.57355,0.57355,0.5735,0.5735,17
2026-04-06T12:04:00,0.5735,0.5735,0.5735,0.5735,2
2026-04-06T12:05:00,0.5735,0.5735,0.5735,0.5735,1
2026-04-06T12:06:00,0.5736,0.5736,0.57355,0.57355,3
2026-04-06T12:07:00,0.5736,0.5736,0.5736,0.5736,1
2026-04-06T12:08:00,0.57355,0.57355,0.57355,0.57355,8
2026-04-06T12:09:00,0.57365,0.57365,0.57365,0.57365,25
2026-04-06T12:10:00,0.5736,0.5736,0.5736,0.5736,1
2026-04-06T12:11:00,0.57355,0.57355,0.57355,0.57355,1
2026-04-06T12:13:00,0.5735,0.5735,0.5735,0.5735,5
2026-04-06T12:14:00,0.5735,0.5735,0.5735,0.5735,3
2026-04-06T12:15:00,0.57345,0.57345,0.5733,0.5733,14
2026-04-06T12:16:00,0.5734,0.5734,0.5734,0.5734,2
2026-04-06T12:17:00,0.5734,0.5734,0.5734,0.5734,1
2026-04-06T12:18:00,0.57345,0.57345,0.57345,0.57345,1
2026-04-06T12:20:00,0.57325,0.57325,0.57325,0.57325,4
2026-04-06T12:21:00,0.5732,0.57325,0.57315,0.57315,6
2026-04-06T12:22:00,0.5731,0.5731,0.57305,0.5731,44
2026-04-06T12:23:00,0.5731,0.5732,0.5731,0.5732,7
2026-04-06T12:24:00,0.5732,0.57325,0.5732,0.57325,8
2026-04-06T12:25:00,0.57325,0.57325,0.57325,0.57325,11
2026-04-06T12:26:00,0.57325,0.57325,0.5732,0.5732,17
2026-04-06T12:27:00,0.5732,0.57325,0.5732,0.57325,3
2026-04-06T12:29:00,0.5733,0.5733,0.57325,0.57325,3
2026-04-06T12:30:00,0.5734,0.57345,0.57335,0.57335,7
2026-04-06T12:31:00,0.5733,0.57335,0.5733,0.57335,4
2026-04-06T12:32:00,0.57335,0.57335,0.5733,0.5733,8
2026-04-06T12:33:00,0.5733,0.57335,0.5733,0.57335,99
2026-04-06T12:34:00,0.57335,0.57335,0.57335,0.57335,16
2026-04-06T12:35:00,0.57335,0.57335,0.57335,0.57335,7
2026-04-06T12:36:00,0.5733,0.5734,0.5733,0.5734,14
2026-04-06T12:37:00,0.57345,0.57345,0.57345,0.57345,6
2026-04-06T12:38:00,0.57345,0.5735,0.57345,0.5735,5
2026-04-06T12:39:00,0.57355,0.57355,0.57355,0.57355,4
2026-04-06T12:43:00,0.5734,0.5734,0.5734,0.5734,8
2026-04-06T12:44:00,0.5735,0.57355,0.5735,0.57355,6
2026-04-06T12:45:00,0.57355,0.57375,0.57355,0.5737,56
2026-04-06T12:46:00,0.57365,0.5737,0.57365,0.5737,6
2026-04-06T12:47:00,0.57365,0.57365,0.57365,0.57365,31
2026-04-06T12:49:00,0.57365,0.57365,0.5736,0.5736,6
2026-04-06T12:51:00,0.57365,0.5737,0.57365,0.5737,18
2026-04-06T12:52:00,0.57365,0.57365,0.57365,0.57365,1
2026-04-06T12:54:00,0.5736,0.5736,0.5736,0.5736,5
2026-04-06T12:55:00,0.57355,0.57355,0.57355,0.57355,8
2026-04-06T12:56:00,0.57355,0.57355,0.5735,0.5735,4
2026-04-06T12:58:00,0.57355,0.57355,0.57355,0.57355,1
2026-04-06T12:59:00,0.5735,0.5735,0.57345,0.5735,12
2026-04-06T13:00:00,0.5735,0.57355,0.57345,0.57345,41
2026-04-06T13:01:00,0.57345,0.57345,0.5734,0.57345,6
2026-04-06T13:02:00,0.5735,0.57355,0.57345,0.57355,47
2026-04-06T13:03:00,0.57345,0.5735,0.57345,0.5735,16
2026-04-06T13:04:00,0.5735,0.5735,0.57335,0.5734,36
2026-04-06T13:05:00,0.57335,0.57335,0.57335,0.57335,11
2026-04-06T13:06:00,0.5733,0.57335,0.57325,0.57335,12
2026-04-06T13:07:00,0.5733,0.5733,0.5733,0.5733,8
2026-04-06T13:08:00,0.57335,0.5734,0.57335,0.57335,9
2026-04-06T13:09:00,0.5734,0.57345,0.5734,0.57345,4
2026-04-06T13:10:00,0.57345,0.57345,0.57345,0.57345,23
2026-04-06T13:11:00,0.5735,0.57355,0.5735,0.57355,8
2026-04-06T13:13:00,0.57355,0.57355,0.57355,0.57355,9
2026-04-06T13:14:00,0.57345,0.57345,0.57345,0.57345,1
2026-04-06T13:16:00,0.57345,0.57355,0.57345,0.57355,40
2026-04-06T13:17:00,0.5735,0.57355,0.5735,0.57355,23
2026-04-06T13:18:00,0.5735,0.5735,0.5735,0.5735,5
2026-04-06T13:19:00,0.57345,0.57345,0.5734,0.5734,21
2026-04-06T13:20:00,0.57345,0.5735,0.57345,0.5735,12
2026-04-06T13:22:00,0.57355,0.57365,0.57355,0.57365,36
2026-04-06T13:23:00,0.5736,0.5736,0.5736,0.5736,2
2026-04-06T13:24:00,0.57365,0.57365,0.5736,0.5736,3
2026-04-06T13:25:00,0.5736,0.5736,0.5736,0.5736,1
2026-04-06T13:26:00,0.5736,0.5736,0.57355,0.57355,6
2026-04-06T13:27:00,0.57355,0.57355,0.5735,0.5735,8
2026-04-06T13:28:00,0.5735,0.57355,0.5735,0.57355,9
2026-04-06T13:29:00,0.57355,0.57355,0.5735,0.57355,7
2026-04-06T13:30:00,0.57365,0.5739,0.57365,0.57365,92
2026-04-06T13:31:00,0.57365,0.57375,0.57365,0.5737,16
2026-04-06T13:32:00,0.5736,0.5736,0.5736,0.5736,1
2026-04-06T13:33:00,0.57365,0.57375,0.57365,0.57375,16
2026-04-06T13:34:00,0.57375,0.57375,0.57365,0.5737,19
2026-04-06T13:35:00,0.5737,0.57375,0.5737,0.5737,83
2026-04-06T13:36:00,0.57365,0.57365,0.57345,0.5735,30
2026-04-06T13:37:00,0.57345,0.57355,0.57345,0.5735,18
2026-04-06T13:38:00,0.5735,0.5735,0.57345,0.57345,13
2026-04-06T13:39:00,0.5735,0.57355,0.57345,0.57345,24
2026-04-06T13:40:00,0.5734,0.5735,0.5734,0.5735,15
2026-04-06T13:41:00,0.57345,0.5735,0.57345,0.5735,21
2026-04-06T13:42:00,0.57345,0.5735,0.5734,0.5735,16
2026-04-06T13:43:00,0.5735,0.57355,0.5735,0.57355,22
2026-04-06T13:44:00,0.5735,0.5735,0.57345,0.5735,19
2026-04-06T13:45:00,0.57345,0.5736,0.57345,0.57355,21
2026-04-06T13:46:00,0.5736,0.57365,0.57355,0.57355,21
2026-04-06T13:47:00,0.5736,0.5736,0.5736,0.5736,1
2026-04-06T13:48:00,0.57355,0.5736,0.57355,0.5736,6
2026-04-06T13:49:00,0.5736,0.5736,0.5736,0.5736,5
2026-04-06T13:50:00,0.57355,0.5736,0.57355,0.5736,5
2026-04-06T13:51:00,0.57365,0.57365,0.5736,0.5736,13
2026-04-06T13:52:00,0.5736,0.57365,0.5736,0.5736,5
2026-04-06T13:53:00,0.5736,0.5736,0.57355,0.5736,8
2026-04-06T13:54:00,0.5736,0.57365,0.57355,0.57365,11
2026-04-06T13:55:00,0.57365,0.57365,0.5735,0.5735,31
2026-04-06T13:56:00,0.5735,0.5735,0.5735,0.5735,1
2026-04-06T13:57:00,0.57355,0.57355,0.57345,0.5735,31
2026-04-06T13:58:00,0.57345,0.5735,0.57345,0.5735,35
2026-04-06T13:59:00,0.5735,0.5736,0.5735,0.5736,26
2026-04-06T14:00:00,0.57365,0.57405,0.57355,0.57365,263
2026-04-06T14:01:00,0.57365,0.5737,0.57355,0.57355,19
2026-04-06T14:02:00,0.5735,0.5735,0.57325,0.57325,20
2026-04-06T14:03:00,0.57325,0.5733,0.57315,0.57315,44
2026-04-06T14:04:00,0.5732,0.5732,0.57295,0.57295,58
2026-04-06T14:05:00,0.573,0.57315,0.57285,0.57295,41
2026-04-06T14:06:00,0.57295,0.57305,0.57295,0.57305,50
2026-04-06T14:07:00,0.57305,0.57305,0.573,0.573,15
2026-04-06T14:08:00,0.57295,0.57305,0.57295,0.57305,8
2026-04-06T14:09:00,0.5731,0.5731,0.57305,0.5731,3
2026-04-06T14:10:00,0.5731,0.5731,0.57295,0.57305,19
2026-04-06T14:11:00,0.57305,0.57325,0.57305,0.57325,13
2026-04-06T14:12:00,0.5733,0.5734,0.5733,0.5733,48
2026-04-06T14:13:00,0.57335,0.57365,0.57335,0.57365,176
2026-04-06T14:14:00,0.57365,0.5738,0.57365,0.5738,118
2026-04-06T14:15:00,0.57375,0.57385,0.57375,0.57385,61
2026-04-06T14:16:00,0.5739,0.5739,0.57375,0.57375,68
2026-04-06T14:17:00,0.5738,0.5738,0.57375,0.5738,17
2026-04-06T14:18:00,0.5738,0.57385,0.57375,0.57385,29
2026-04-06T14:19:00,0.5738,0.5739,0.5738,0.5738,25
2026-04-06T14:20:00,0.5739,0.5739,0.57375,0.57375,55
2026-04-06T14:21:00,0.5737,0.57395,0.5737,0.57395,26
2026-04-06T14:22:00,0.57395,0.574,0.57395,0.57395,8
2026-04-06T14:23:00,0.5739,0.57395,0.5739,0.57395,18
2026-04-06T14:24:00,0.57395,0.57395,0.5739,0.5739,3
2026-04-06T14:25:00,0.574,0.574,0.57385,0.57385,17
2026-04-06T14:26:00,0.5739,0.57405,0.5739,0.57405,9
2026-04-06T14:27:00,0.57405,0.57405,0.57405,0.57405,6
2026-04-06T14:28:00,0.574,0.57405,0.574,0.57405,12
2026-04-06T14:29:00,0.57405,0.57405,0.57405,0.57405,2
2026-04-06T14:30:00,0.574,0.57415,0.574,0.57415,32
2026-04-06T14:31:00,0.57415,0.57415,0.5741,0.57415,17
2026-04-06T14:32:00,0.5742,0.57435,0.5741,0.5742,63
2026-04-06T14:33:00,0.57425,0.57425,0.5741,0.57415,34
2026-04-06T14:34:00,0.5742,0.5742,0.5742,0.5742,19
2026-04-06T14:35:00,0.5742,0.5744,0.57415,0.57415,63
2026-04-06T14:36:00,0.57415,0.5742,0.57415,0.57415,37
2026-04-06T14:37:00,0.5742,0.5742,0.57405,0.57405,13
2026-04-06T14:38:00,0.57405,0.57425,0.57315,0.5735,573
2026-04-06T14:39:00,0.5735,0.57385,0.5735,0.57385,137
2026-04-06T14:40:00,0.57385,0.5741,0.57385,0.5741,46
2026-04-06T14:41:00,0.57415,0.5742,0.574,0.5741,63
2026-04-06T14:42:00,0.5741,0.57415,0.574,0.574,15
2026-04-06T14:43:00,0.5741,0.5742,0.5741,0.5742,17
2026-04-06T14:44:00,0.5742,0.5742,0.57415,0.57415,6
2026-04-06T14:45:00,0.5741,0.5741,0.57405,0.57405,13
2026-04-06T14:46:00,0.57405,0.5741,0.574,0.57405,21
2026-04-06T14:47:00,0.57405,0.57405,0.57395,0.574,34
2026-04-06T14:48:00,0.574,0.57405,0.57395,0.574,24
2026-04-06T14:49:00,0.574,0.574,0.57385,0.57395,41
2026-04-06T14:50:00,0.5739,0.574,0.5739,0.5739,32
2026-04-06T14:51:00,0.57395,0.57395,0.57365,0.5737,56
2026-04-06T14:52:00,0.5737,0.57375,0.5737,0.5737,19
2026-04-06T14:53:00,0.57365,0.5737,0.57355,0.57355,26
2026-04-06T14:54:00,0.5734,0.5734,0.5734,0.5734,19
2026-04-06T14:55:00,0.57335,0.5734,0.5733,0.5734,28
2026-04-06T14:56:00,0.57335,0.57335,0.5733,0.57335,32
2026-04-06T14:57:00,0.5734,0.57355,0.5732,0.5733,125
2026-04-06T14:58:00,0.57335,0.57335,0.5733,0.57335,37
2026-04-06T14:59:00,0.57335,0.57335,0.5733,0.57335,25
2026-04-06T15:00:00,0.5733,0.5733,0.57325,0.57325,54
2026-04-06T15:01:00,0.5733,0.5733,0.5732,0.57325,100
2026-04-06T15:02:00,0.57325,0.57335,0.57305,0.57305,115
2026-04-06T15:03:00,0.57305,0.57305,0.5729,0.57295,56
2026-04-06T15:04:00,0.573,0.573,0.57295,0.573,14
2026-04-06T15:05:00,0.573,0.5731,0.57295,0.57305,25
2026-04-06T15:06:00,0.5731,0.5731,0.573,0.57305,14
2026-04-06T15:07:00,0.573,0.57315,0.573,0.57315,19
2026-04-06T15:08:00,0.5731,0.5731,0.573,0.573,28
2026-04-06T15:09:00,0.573,0.573,0.57295,0.57295,6
2026-04-06T15:10:00,0.573,0.573,0.57275,0.5728,92
2026-04-06T15:11:00,0.57275,0.57285,0.57275,0.5728,27
2026-04-06T15:12:00,0.5728,0.57285,0.5728,0.5728,25
2026-04-06T15:13:00,0.5728,0.5729,0.5728,0.57285,23
2026-04-06T15:14:00,0.5728,0.5728,0.57265,0.57275,38
2026-04-06T15:15:00,0.5728,0.57285,0.57275,0.57275,20
2026-04-06T15:16:00,0.57265,0.5728,0.57265,0.5728,24
2026-04-06T15:17:00,0.57275,0.5728,0.57275,0.5728,12
2026-04-06T15:18:00,0.57285,0.57295,0.57285,0.57285,46
2026-04-06T15:19:00,0.57285,0.57285,0.57285,0.57285,7
2026-04-06T15:20:00,0.5729,0.573,0.5729,0.57295,34
2026-04-06T15:21:00,0.573,0.57305,0.57295,0.57305,18
2026-04-06T15:22:00,0.5731,0.57315,0.573,0.57305,42
2026-04-06T15:23:00,0.57305,0.57305,0.57295,0.57295,30
2026-04-06T15:24:00,0.57295,0.573,0.57295,0.573,15
2026-04-06T15:25:00,0.57295,0.573,0.57295,0.57295,14
2026-04-06T15:26:00,0.573,0.573,0.57295,0.57295,18
2026-04-06T15:27:00,0.5729,0.57295,0.5729,0.57295,24
2026-04-06T15:28:00,0.5729,0.5729,0.5728,0.57285,33
2026-04-06T15:29:00,0.57285,0.57285,0.57285,0.57285,10
2026-04-06T15:30:00,0.5728,0.5728,0.57275,0.5728,3
2026-04-06T15:31:00,0.5728,0.5728,0.5727,0.5727,8
2026-04-06T15:32:00,0.5727,0.5727,0.57255,0.57255,68
2026-04-06T15:33:00,0.57255,0.57265,0.57255,0.57265,52
2026-04-06T15:34:00,0.57265,0.57265,0.5726,0.5726,26
2026-04-06T15:35:00,0.5726,0.5728,0.5726,0.5728,10
2026-04-06T15:36:00,0.5728,0.5728,0.57275,0.57275,11
2026-04-06T15:37:00,0.57275,0.57275,0.57265,0.5727,6
2026-04-06T15:38:00,0.5727,0.57275,0.5727,0.57275,11
2026-04-06T15:39:00,0.57275,0.5728,0.57275,0.5728,9
2026-04-06T15:40:00,0.57285,0.57285,0.57275,0.57275,13
2026-04-06T15:41:00,0.5728,0.5728,0.5727,0.5727,5
2026-04-06T15:42:00,0.5728,0.5728,0.5728,0.5728,1
2026-04-06T15:44:00,0.5728,0.57285,0.5728,0.5728,26
2026-04-06T15:45:00,0.5728,0.5728,0.5727,0.5727,10
2026-04-06T15:46:00,0.5728,0.5728,0.57275,0.5728,16
2026-04-06T15:47:00,0.57285,0.57285,0.57285,0.57285,1
2026-04-06T15:48:00,0.5729,0.5729,0.57285,0.57285,7
2026-04-06T15:49:00,0.5728,0.5728,0.5728,0.5728,3
2026-04-06T15:50:00,0.57275,0.5728,0.57275,0.5728,10
2026-04-06T15:51:00,0.57285,0.57285,0.57285,0.57285,8
2026-04-06T15:52:00,0.57285,0.57285,0.57285,0.57285,5
2026-04-06T15:54:00,0.573,0.573,0.573,0.573,4
2026-04-06T15:55:00,0.573,0.57305,0.573,0.57305,9
2026-04-06T15:56:00,0.57305,0.5731,0.57305,0.5731,20
2026-04-06T15:57:00,0.5731,0.57315,0.5731,0.57315,8
2026-04-06T15:58:00,0.57315,0.5732,0.57315,0.57315,29
2026-04-06T15:59:00,0.5732,0.57325,0.5732,0.5732,15
2026-04-06T16:00:00,0.5733,0.57335,0.57325,0.57325,5
2026-04-06T16:01:00,0.5732,0.5732,0.57315,0.5732,42
2026-04-06T16:02:00,0.57315,0.57315,0.57305,0.5731,8
2026-04-06T16:03:00,0.5732,0.57325,0.5732,0.57325,5
2026-04-06T16:04:00,0.5732,0.5732,0.5732,0.5732,1
2026-04-06T16:05:00,0.57325,0.5733,0.57325,0.5733,8
2026-04-06T16:06:00,0.57335,0.57335,0.57335,0.57335,9
2026-04-06T16:07:00,0.57335,0.57335,0.57335,0.57335,43
2026-04-06T16:08:00,0.57335,0.57335,0.5733,0.5733,10
2026-04-06T16:09:00,0.57335,0.57335,0.5733,0.5733,10
2026-04-06T16:10:00,0.5733,0.5733,0.5733,0.5733,3
2026-04-06T16:11:00,0.5733,0.5733,0.5733,0.5733,2
2026-04-06T16:13:00,0.57335,0.57335,0.57335,0.57335,7
2026-04-06T16:14:00,0.5734,0.5734,0.57335,0.57335,4
2026-04-06T16:15:00,0.5733,0.5733,0.5733,0.5733,3
2026-04-06T16:16:00,0.57335,0.57335,0.57335,0.57335,1
2026-04-06T16:17:00,0.5733,0.5733,0.57325,0.57325,6
2026-04-06T16:19:00,0.57325,0.57325,0.57325,0.57325,4
2026-04-06T16:21:00,0.5733,0.5733,0.57325,0.57325,6
2026-04-06T16:22:00,0.5732,0.5732,0.57315,0.57315,3
2026-04-06T16:23:00,0.5731,0.5731,0.5731,0.5731,30
2026-04-06T16:24:00,0.57305,0.57305,0.57305,0.57305,18
2026-04-06T16:25:00,0.5731,0.5731,0.5731,0.5731,7
2026-04-06T16:26:00,0.5732,0.5732,0.5731,0.5731,10
2026-04-06T16:28:00,0.5731,0.5731,0.5731,0.5731,6
2026-04-06T16:30:00,0.57305,0.57305,0.57305,0.57305,1
2026-04-06T16:32:00,0.5731,0.5731,0.5731,0.5731,15
2026-04-06T16:33:00,0.57305,0.57305,0.57305,0.57305,1
2026-04-06T16:35:00,0.5731,0.57315,0.5731,0.57315,16
2026-04-06T16:36:00,0.5731,0.5732,0.5731,0.5732,15
2026-04-06T16:38:00,0.57325,0.5733,0.57325,0.5733,2
2026-04-06T16:39:00,0.5732,0.5732,0.57315,0.57315,6
2026-04-06T16:40:00,0.5731,0.5731,0.5731,0.5731,3
2026-04-06T16:41:00,0.57315,0.57315,0.57315,0.57315,3
2026-04-06T16:42:00,0.5732,0.5732,0.5732,0.5732,2
2026-04-06T16:43:00,0.5732,0.5732,0.5732,0.5732,22
2026-04-06T16:44:00,0.57315,0.57315,0.57315,0.57315,1
2026-04-06T16:45:00,0.5731,0.5731,0.5731,0.5731,1
2026-04-06T16:46:00,0.5731,0.5731,0.57305,0.57305,7
2026-04-06T16:48:00,0.57305,0.5731,0.57305,0.57305,18
2026-04-06T16:49:00,0.57305,0.57305,0.57305,0.57305,7
2026-04-06T16:53:00,0.5732,0.5732,0.5731,0.5731,7
2026-04-06T16:54:00,0.5731,0.5731,0.5729,0.57295,57
2026-04-06T16:55:00,0.57295,0.57295,0.5728,0.57285,45
2026-04-06T16:56:00,0.57285,0.57285,0.5728,0.5728,8
2026-04-06T16:57:00,0.57285,0.5729,0.57285,0.57285,9
2026-04-06T16:58:00,0.5729,0.5729,0.5729,0.5729,3
2026-04-06T16:59:00,0.5729,0.57295,0.5729,0.57295,4
2026-04-06T17:00:00,0.5729,0.5729,0.57275,0.57275,21
2026-04-06T17:01:00,0.5728,0.5728,0.57265,0.57265,9
2026-04-06T17:02:00,0.57255,0.5726,0.5725,0.5725,33
2026-04-06T17:03:00,0.5725,0.5726,0.5725,0.5726,19
2026-04-06T17:04:00,0.5726,0.5726,0.5726,0.5726,3
2026-04-06T17:05:00,0.5726,0.5726,0.5726,0.5726,1
2026-04-06T17:06:00,0.57255,0.57255,0.57255,0.57255,5
2026-04-06T17:07:00,0.5726,0.5726,0.57255,0.57255,2
2026-04-06T17:08:00,0.5725,0.5725,0.5725,0.5725,11
2026-04-06T17:09:00,0.5724,0.5724,0.5724,0.5724,10
2026-04-06T17:10:00,0.5724,0.57245,0.57235,0.57235,24
2026-04-06T17:11:00,0.57235,0.5724,0.5723,0.57235,27
2026-04-06T17:12:00,0.57235,0.5724,0.57215,0.57215,18
2026-04-06T17:13:00,0.57225,0.5723,0.57215,0.57215,41
2026-04-06T17:14:00,0.5721,0.5722,0.5721,0.5722,26
2026-04-06T17:15:00,0.5722,0.57225,0.57205,0.5721,63
2026-04-06T17:16:00,0.5721,0.57215,0.57205,0.57205,34
2026-04-06T17:17:00,0.57215,0.5722,0.5721,0.5722,16
2026-04-06T17:18:00,0.57215,0.5722,0.57215,0.5722,2
2026-04-06T17:19:00,0.5723,0.5723,0.5723,0.5723,2
2026-04-06T17:20:00,0.5723,0.5723,0.57225,0.57225,5
2026-04-06T17:21:00,0.5723,0.57235,0.5723,0.57235,2
2026-04-06T17:22:00,0.57245,0.5725,0.57245,0.5725,5
2026-04-06T17:23:00,0.57245,0.57265,0.57245,0.57255,37
2026-04-06T17:24:00,0.5726,0.5726,0.5726,0.5726,4
2026-04-06T17:25:00,0.57265,0.5727,0.5726,0.5727,10
2026-04-06T17:26:00,0.57275,0.57275,0.5727,0.5727,2
2026-04-06T17:27:00,0.57275,0.57275,0.57275,0.57275,1
2026-04-06T17:28:00,0.5728,0.5728,0.5728,0.5728,1
2026-04-06T17:30:00,0.5728,0.5728,0.5728,0.5728,1
2026-04-06T17:31:00,0.57285,0.5729,0.57285,0.5729,7
2026-04-06T17:32:00,0.5729,0.5729,0.5729,0.5729,10
2026-04-06T17:33:00,0.57285,0.57285,0.57285,0.57285,1
2026-04-06T17:34:00,0.57285,0.57315,0.5728,0.57295,99
2026-04-06T17:35:00,0.5729,0.5729,0.5728,0.5728,21
2026-04-06T17:36:00,0.57285,0.57285,0.57285,0.57285,3
2026-04-06T17:37:00,0.5729,0.5729,0.57285,0.57285,16
2026-04-06T17:38:00,0.57285,0.57285,0.57285,0.57285,1
2026-04-06T17:39:00,0.57285,0.57285,0.57285,0.57285,18
2026-04-06T17:41:00,0.57275,0.57275,0.5727,0.57275,4
2026-04-06T17:42:00,0.5727,0.5727,0.5727,0.5727,5
2026-04-06T17:43:00,0.5727,0.5727,0.5727,0.5727,4
2026-04-06T17:44:00,0.5727,0.57285,0.5727,0.57285,2
2026-04-06T17:45:00,0.5728,0.5728,0.5728,0.5728,4
2026-04-06T17:46:00,0.57275,0.57275,0.57275,0.57275,4
2026-04-06T17:47:00,0.5727,0.5727,0.57265,0.57265,3
2026-04-06T17:49:00,0.5726,0.57265,0.5726,0.57265,2
2026-04-06T17:52:00,0.5727,0.5727,0.5727,0.5727,8
2026-04-06T17:53:00,0.57265,0.57265,0.57265,0.57265,2
2026-04-06T17:55:00,0.57275,0.57275,0.5727,0.5727,12
2026-04-06T17:56:00,0.5727,0.5727,0.5727,0.5727,2
2026-04-06T17:57:00,0.5727,0.5727,0.5727,0.5727,4
2026-04-06T18:00:00,0.5726,0.5726,0.5726,0.5726,3
2026-04-06T18:01:00,0.57265,0.57265,0.5726,0.5726,3
2026-04-06T18:03:00,0.5726,0.5726,0.5726,0.5726,4
2026-04-06T18:04:00,0.5726,0.57275,0.5726,0.57265,57
2026-04-06T18:05:00,0.57265,0.5727,0.57265,0.5727,6
2026-04-06T18:06:00,0.57265,0.57265,0.57265,0.57265,1
2026-04-06T18:07:00,0.57265,0.5727,0.57265,0.5727,15
2026-04-06T18:08:00,0.57265,0.57265,0.57265,0.57265,2
2026-04-06T18:09:00,0.57265,0.57275,0.57265,0.5727,36
2026-04-06T18:10:00,0.5728,0.573,0.5728,0.573,17
2026-04-06T18:11:00,0.57295,0.5732,0.5729,0.5731,85
2026-04-06T18:12:00,0.57305,0.57305,0.57305,0.57305,2
2026-04-06T18:13:00,0.57305,0.5731,0.57305,0.5731,19
2026-04-06T18:14:00,0.573,0.573,0.5729,0.573,12
2026-04-06T18:15:00,0.573,0.57305,0.573,0.57305,15
2026-04-06T18:16:00,0.5731,0.5731,0.5731,0.5731,1
2026-04-06T18:17:00,0.57305,0.57305,0.573,0.57305,21
2026-04-06T18:18:00,0.5731,0.5732,0.5731,0.5732,32
2026-04-06T18:19:00,0.57325,0.57325,0.5732,0.5732,70
2026-04-06T18:20:00,0.5732,0.5732,0.5732,0.5732,13
2026-04-06T18:21:00,0.5732,0.5732,0.5732,0.5732,8
2026-04-06T18:22:00,0.5732,0.5732,0.5732,0.5732,31
2026-04-06T18:23:00,0.5732,0.57325,0.5732,0.5732,8
2026-04-06T18:24:00,0.57315,0.5732,0.5731,0.5732,43
2026-04-06T18:25:00,0.5732,0.5732,0.57315,0.57315,4
2026-04-06T18:26:00,0.5732,0.5732,0.5732,0.5732,6
2026-04-06T18:27:00,0.5732,0.57335,0.5732,0.57325,27
2026-04-06T18:28:00,0.57325,0.57325,0.5732,0.5732,33
2026-04-06T18:29:00,0.5732,0.5732,0.5732,0.5732,2
2026-04-06T18:30:00,0.5733,0.5733,0.5732,0.5732,15
2026-04-06T18:32:00,0.57305,0.5731,0.573,0.5731,7
2026-04-06T18:33:00,0.5731,0.5731,0.5731,0.5731,4
2026-04-06T18:36:00,0.5732,0.5732,0.57315,0.57315,9
2026-04-06T18:37:00,0.57315,0.57315,0.5731,0.5731,4
2026-04-06T18:38:00,0.5731,0.5731,0.5731,0.5731,13
2026-04-06T18:39:00,0.57305,0.57305,0.57295,0.57295,9
2026-04-06T18:41:00,0.5729,0.5729,0.5729,0.5729,9
2026-04-06T18:42:00,0.5729,0.5729,0.5729,0.5729,5
2026-04-06T18:43:00,0.57285,0.57285,0.57285,0.57285,1
2026-04-06T18:44:00,0.5729,0.5729,0.5728,0.5728,9
2026-04-06T18:45:00,0.5728,0.57285,0.5728,0.5728,13
2026-04-06T18:46:00,0.57275,0.57275,0.5727,0.57275,5
2026-04-06T18:47:00,0.57275,0.5728,0.57275,0.5728,2
2026-04-06T18:48:00,0.5728,0.5728,0.5728,0.5728,4
2026-04-06T18:50:00,0.57285,0.5729,0.57285,0.57285,11
2026-04-06T18:51:00,0.5729,0.5729,0.5729,0.5729,6
2026-04-06T18:52:00,0.5729,0.5729,0.5729,0.5729,3
2026-04-06T18:53:00,0.5729,0.5729,0.5729,0.5729,6
2026-04-06T18:54:00,0.5729,0.5729,0.5729,0.5729,4
2026-04-06T18:55:00,0.57295,0.57295,0.5729,0.5729,2
2026-04-06T18:56:00,0.57295,0.57295,0.57295,0.57295,11
2026-04-06T18:57:00,0.573,0.573,0.57295,0.57295,8
2026-04-06T18:58:00,0.57295,0.57295,0.57295,0.57295,14
2026-04-06T18:59:00,0.57295,0.573,0.5729,0.57295,212
2026-04-06T19:00:00,0.57295,0.57305,0.57285,0.57285,117
2026-04-06T19:01:00,0.5729,0.5729,0.5729,0.5729,1
2026-04-06T19:02:00,0.5729,0.5729,0.5728,0.57285,9
2026-04-06T19:05:00,0.573,0.573,0.573,0.573,4
2026-04-06T19:06:00,0.57295,0.57295,0.57295,0.57295,4
2026-04-06T19:09:00,0.57285,0.57285,0.57285,0.57285,2
2026-04-06T19:10:00,0.5728,0.5728,0.5728,0.5728,4
2026-04-06T19:11:00,0.5728,0.5728,0.5728,0.5728,1
2026-04-06T19:12:00,0.5728,0.5728,0.5728,0.5728,12
2026-04-06T19:13:00,0.57285,0.57285,0.57285,0.57285,1
2026-04-06T19:14:00,0.57285,0.57285,0.5728,0.5728,5
2026-04-06T19:16:00,0.57285,0.57285,0.57285,0.57285,2
2026-04-06T19:18:00,0.57275,0.57275,0.57275,0.57275,6
2026-04-06T19:19:00,0.57275,0.57275,0.57275,0.57275,1
2026-04-06T19:23:00,0.5727,0.5727,0.5727,0.5727,5
2026-04-06T19:24:00,0.5727,0.5727,0.5727,0.5727,1
2026-04-06T19:26:00,0.57275,0.57275,0.5727,0.5727,4
2026-04-06T19:27:00,0.5727,0.5727,0.5727,0.5727,2
2026-04-06T19:28:00,0.5727,0.5727,0.5727,0.5727,2
2026-04-06T19:30:00,0.5727,0.57275,0.5727,0.5727,13
2026-04-06T19:32:00,0.57265,0.57265,0.57265,0.57265,5
2026-04-06T19:34:00,0.5727,0.5727,0.5727,0.5727,1
2026-04-06T19:35:00,0.57275,0.5728,0.57275,0.5728,2
2026-04-06T19:36:00,0.57275,0.57275,0.57275,0.57275,2
2026-04-06T19:39:00,0.57275,0.57275,0.57275,0.57275,1
2026-04-06T19:40:00,0.57275,0.57275,0.57275,0.57275,1
2026-04-06T19:41:00,0.5727,0.5727,0.5727,0.5727,4
2026-04-06T19:42:00,0.5727,0.5727,0.5727,0.5727,1
2026-04-06T19:44:00,0.5728,0.5728,0.5728,0.5728,1
2026-04-06T19:48:00,0.57285,0.5729,0.57285,0.5729,4
2026-04-06T19:49:00,0.57295,0.57295,0.57295,0.57295,5
2026-04-06T19:50:00,0.573,0.573,0.57295,0.57295,11
2026-04-06T19:52:00,0.57295,0.57295,0.57295,0.57295,8
2026-04-06T19:53:00,0.57295,0.573,0.57295,0.57295,12
2026-04-06T19:54:00,0.57295,0.57295,0.57295,0.57295,1
2026-04-06T19:55:00,0.57295,0.57295,0.5729,0.5729,11
2026-04-06T19:56:00,0.5729,0.5729,0.5729,0.5729,2
2026-04-06T19:57:00,0.5729,0.5729,0.5729,0.5729,12
2026-04-06T19:58:00,0.5729,0.5729,0.57285,0.57285,3
2026-04-06T19:59:00,0.57285,0.57285,0.5728,0.5728,4
2026-04-06T20:00:00,0.5728,0.5729,0.5728,0.5728,81
2026-04-06T20:01:00,0.57285,0.57295,0.57285,0.5729,8
2026-04-06T20:02:00,0.5729,0.5729,0.5729,0.5729,1
2026-04-06T20:03:00,0.5729,0.5729,0.57285,0.57285,3
2026-04-06T20:04:00,0.57285,0.57285,0.57285,0.57285,5
2026-04-06T20:05:00,0.57285,0.57285,0.57285,0.57285,1
2026-04-06T20:06:00,0.57285,0.57285,0.57285,0.57285,2
2026-04-06T20:07:00,0.57285,0.57285,0.57285,0.57285,1
2026-04-06T20:08:00,0.5728,0.5728,0.5728,0.5728,1
2026-04-06T20:09:00,0.5728,0.5728,0.5728,0.5728,2
2026-04-06T20:11:00,0.5728,0.5728,0.5728,0.5728,1
2026-04-06T20:13:00,0.5728,0.5728,0.5728,0.5728,4
2026-04-06T20:14:00,0.5728,0.5728,0.5728,0.5728,1
2026-04-06T20:15:00,0.5728,0.5728,0.5728,0.5728,1
2026-04-06T20:17:00,0.5728,0.5728,0.5728,0.5728,1
2026-04-06T20:19:00,0.5728,0.5728,0.5728,0.5728,3
2026-04-06T20:20:00,0.5728,0.5728,0.5728,0.5728,7
2026-04-06T20:23:00,0.5728,0.5728,0.5728,0.5728,3
2026-04-06T20:28:00,0.5728,0.5728,0.57275,0.57275,53
2026-04-06T20:29:00,0.57275,0.57275,0.57275,0.57275,3
2026-04-06T20:30:00,0.5728,0.5728,0.5728,0.5728,1
2026-04-06T20:37:00,0.5728,0.5728,0.5728,0.5728,2
2026-04-06T20:39:00,0.5727,0.5727,0.57265,0.57265,20
2026-04-06T20:40:00,0.57265,0.5727,0.57265,0.5727,2
2026-04-06T20:43:00,0.5727,0.5727,0.5727,0.5727,9
2026-04-06T20:44:00,0.5727,0.5727,0.5727,0.5727,9
2026-04-06T20:45:00,0.5727,0.5727,0.5727,0.5727,18
2026-04-06T20:46:00,0.5727,0.5727,0.5727,0.5727,1
2026-04-06T20:50:00,0.5727,0.5727,0.5727,0.5727,1
2026-04-06T20:51:00,0.57265,0.57265,0.57265,0.57265,8
2026-04-06T20:54:00,0.57265,0.57265,0.57265,0.57265,18
2026-04-06T20:55:00,0.5726,0.5727,0.5726,0.57265,14
2026-04-06T20:56:00,0.57265,0.57265,0.5726,0.5726,12
2026-04-06T20:57:00,0.5727,0.5727,0.5727,0.5727,1
2026-04-06T20:58:00,0.57265,0.57265,0.57265,0.57265,2
2026-04-06T20:59:00,0.5726,0.5726,0.5725,0.5726,43
2026-04-06T22:00:00,0.57265,0.5729,0.5726,0.5729,28
2026-04-06T22:01:00,0.57285,0.5729,0.5728,0.5729,5
2026-04-06T22:02:00,0.5729,0.5729,0.57285,0.57285,3
2026-04-06T22:03:00,0.5729,0.5729,0.5729,0.5729,13
2026-04-06T22:04:00,0.5729,0.573,0.5729,0.573,3
2026-04-06T22:05:00,0.57305,0.5731,0.57305,0.5731,3
2026-04-06T22:06:00,0.5731,0.5731,0.5731,0.5731,1
2026-04-06T22:07:00,0.573,0.573,0.573,0.573,1
2026-04-06T22:13:00,0.5729,0.5729,0.5729,0.5729,1
2026-04-06T22:14:00,0.5729,0.5729,0.5729,0.5729,1
2026-04-06T22:15:00,0.57295,0.57295,0.57295,0.57295,4
2026-04-06T22:16:00,0.57295,0.573,0.57295,0.57295,9
2026-04-06T22:18:00,0.573,0.573,0.573,0.573,7
2026-04-06T22:19:00,0.573,0.573,0.573,0.573,2
2026-04-06T22:20:00,0.57295,0.57295,0.57295,0.57295,1
2026-04-06T22:23:00,0.5729,0.5729,0.5728,0.5728,36
2026-04-06T22:24:00,0.57275,0.5728,0.57275,0.5728,26
2026-04-06T22:26:00,0.57285,0.57285,0.57285,0.57285,5
2026-04-06T22:27:00,0.5728,0.5728,0.5728,0.5728,2
2026-04-06T22:28:00,0.57285,0.57285,0.57285,0.57285,14
2026-04-06T22:29:00,0.57285,0.57285,0.57285,0.57285,5
2026-04-06T22:31:00,0.5729,0.5729,0.5729,0.5729,1
2026-04-06T22:32:00,0.57285,0.57285,0.57285,0.57285,5
2026-04-06T22:33:00,0.57285,0.57285,0.57285,0.57285,1
2026-04-06T22:35:00,0.57285,0.57285,0.57285,0.57285,17
2026-04-06T22:36:00,0.5728,0.5728,0.57275,0.57275,6
2026-04-06T22:38:00,0.57285,0.57285,0.57285,0.57285,8
2026-04-06T22:41:00,0.57285,0.57285,0.57285,0.57285,3
2026-04-06T22:42:00,0.5728,0.5728,0.57275,0.57275,4
2026-04-06T22:45:00,0.57265,0.5727,0.57255,0.5727,27
2026-04-06T22:46:00,0.5727,0.5727,0.5727,0.5727,1
2026-04-06T22:49:00,0.5727,0.5727,0.5727,0.5727,4
2026-04-06T22:50:00,0.5727,0.5727,0.5727,0.5727,4
2026-04-06T22:53:00,0.5727,0.5727,0.57265,0.57265,12
2026-04-06T22:56:00,0.5726,0.5726,0.5725,0.5725,10
2026-04-06T22:57:00,0.57255,0.57255,0.57255,0.57255,1
2026-04-06T22:59:00,0.5725,0.5725,0.5725,0.5725,4
2026-04-06T23:00:00,0.5725,0.57255,0.5725,0.57255,10
2026-04-06T23:01:00,0.57255,0.57255,0.57255,0.57255,18
2026-04-06T23:02:00,0.5725,0.5725,0.5725,0.5725,6
2026-04-06T23:03:00,0.57255,0.57255,0.57255,0.57255,2
2026-04-06T23:05:00,0.57255,0.57255,0.57255,0.57255,2
2026-04-06T23:06:00,0.57255,0.57255,0.57255,0.57255,4
2026-04-06T23:11:00,0.5726,0.5726,0.5726,0.5726,1
2026-04-06T23:14:00,0.5726,0.5726,0.5726,0.5726,4
2026-04-06T23:17:00,0.5726,0.57265,0.5726,0.5726,16
2026-04-06T23:18:00,0.5726,0.5726,0.5726,0.5726,11
2026-04-06T23:20:00,0.57265,0.57265,0.57265,0.57265,4
2026-04-06T23:21:00,0.5726,0.5726,0.5726,0.5726,10
2026-04-06T23:22:00,0.57265,0.57265,0.5726,0.5726,3
2026-04-06T23:23:00,0.5726,0.5726,0.5726,0.5726,3
2026-04-06T23:24:00,0.5726,0.5726,0.5726,0.5726,11
2026-04-06T23:25:00,0.57265,0.57265,0.57265,0.57265,4
2026-04-06T23:27:00,0.5726,0.5726,0.5726,0.5726,16
2026-04-06T23:29:00,0.5726,0.5726,0.5726,0.5726,76
2026-04-06T23:31:00,0.57255,0.57255,0.57255,0.57255,4
2026-04-06T23:32:00,0.57255,0.57255,0.57255,0.57255,3
2026-04-06T23:34:00,0.57255,0.5726,0.57255,0.5726,7
2026-04-06T23:35:00,0.5726,0.5726,0.5726,0.5726,25
2026-04-06T23:38:00,0.5726,0.5726,0.5726,0.5726,1
2026-04-06T23:39:00,0.57255,0.57255,0.57255,0.57255,12
2026-04-06T23:40:00,0.5726,0.5726,0.5726,0.5726,7
2026-04-06T23:42:00,0.5726,0.5726,0.57255,0.57255,27
2026-04-06T23:44:00,0.57255,0.5726,0.57255,0.5726,36
2026-04-06T23:45:00,0.57265,0.57265,0.57265,0.57265,16
2026-04-06T23:46:00,0.57265,0.57265,0.57265,0.57265,3
2026-04-06T23:47:00,0.57265,0.57265,0.57265,0.57265,4
2026-04-06T23:50:00,0.57265,0.5727,0.57265,0.5727,12
2026-04-06T23:51:00,0.5727,0.57275,0.5727,0.57275,27
2026-04-06T23:52:00,0.5728,0.57285,0.5728,0.5728,14
2026-04-06T23:55:00,0.5728,0.573,0.5728,0.5728,210
2026-04-06T23:56:00,0.57275,0.57275,0.57275,0.57275,9
2026-04-06T23:58:00,0.5728,0.5728,0.57275,0.57275,9
2026-04-06T23:59:00,0.5728,0.5728,0.5728,0.5728,1
2026-04-07T00:00:00,0.57275,0.5728,0.5727,0.5727,33
2026-04-07T00:01:00,0.5727,0.5727,0.57265,0.57265,17
2026-04-07T00:02:00,0.5727,0.5727,0.57255,0.57255,11
2026-04-07T00:03:00,0.57255,0.5726,0.57255,0.57255,7
2026-04-07T00:04:00,0.5725,0.5726,0.5725,0.57255,5
2026-04-07T00:05:00,0.5726,0.5726,0.57255,0.57255,2
2026-04-07T00:06:00,0.5726,0.57265,0.5726,0.5726,11
2026-04-07T00:07:00,0.5725,0.57255,0.5725,0.57255,4
2026-04-07T00:08:00,0.57255,0.5727,0.57255,0.5727,3
2026-04-07T00:09:00,0.57265,0.57265,0.5726,0.5726,18
2026-04-07T00:10:00,0.5726,0.5726,0.5725,0.5725,84
2026-04-07T00:11:00,0.57255,0.57255,0.5725,0.5725,21
2026-04-07T00:12:00,0.57245,0.5725,0.57245,0.5725,16
2026-04-07T00:13:00,0.5725,0.57255,0.5725,0.57255,24
2026-04-07T00:14:00,0.5726,0.5726,0.5726,0.5726,3
2026-04-07T00:15:00,0.57265,0.57275,0.57265,0.5727,18
2026-04-07T00:16:00,0.57265,0.57275,0.57265,0.57275,59
2026-04-07T00:17:00,0.57275,0.5728,0.57275,0.57275,15
2026-04-07T00:18:00,0.5727,0.5727,0.57265,0.5727,20
2026-04-07T00:19:00,0.5727,0.5727,0.57265,0.57265,6
2026-04-07T00:20:00,0.5727,0.5727,0.57255,0.57255,27
2026-04-07T00:21:00,0.5726,0.5726,0.5725,0.5725,6
2026-04-07T00:22:00,0.57255,0.57255,0.57255,0.57255,1
2026-04-07T00:23:00,0.57255,0.57255,0.5725,0.5725,4
2026-04-07T00:25:00,0.5725,0.5725,0.5724,0.5724,13
2026-04-07T00:26:00,0.5724,0.5724,0.5724,0.5724,19
2026-04-07T00:27:00,0.57245,0.5725,0.57245,0.57245,10
2026-04-07T00:28:00,0.57245,0.57245,0.57245,0.57245,1
2026-04-07T00:29:00,0.5725,0.5725,0.57245,0.57245,7
2026-04-07T00:30:00,0.5725,0.5725,0.57245,0.57245,10
2026-04-07T00:31:00,0.5725,0.57255,0.57245,0.5725,5
2026-04-07T00:32:00,0.5725,0.5725,0.5723,0.5723,36
2026-04-07T00:33:00,0.57235,0.57235,0.5722,0.57225,6
2026-04-07T00:34:00,0.5722,0.57225,0.5722,0.57225,14
2026-04-07T00:36:00,0.57225,0.57225,0.57225,0.57225,6
2026-04-07T00:38:00,0.5722,0.5722,0.5722,0.5722,2
2026-04-07T00:39:00,0.57225,0.57225,0.57215,0.57215,10
2026-04-07T00:40:00,0.57225,0.57225,0.57225,0.57225,10
2026-04-07T00:41:00,0.57225,0.57225,0.57225,0.57225,6
2026-04-07T00:42:00,0.57225,0.57225,0.5722,0.5722,3
2026-04-07T00:43:00,0.57225,0.5723,0.5722,0.57225,46
2026-04-07T00:44:00,0.5723,0.57235,0.5723,0.57235,10
2026-04-07T00:45:00,0.57245,0.57245,0.57245,0.57245,4
2026-04-07T00:46:00,0.5724,0.5724,0.5724,0.5724,13
2026-04-07T00:47:00,0.5724,0.5724,0.5724,0.5724,7
2026-04-07T00:48:00,0.57235,0.57235,0.57235,0.57235,7
2026-04-07T00:49:00,0.5723,0.5723,0.5723,0.5723,2
2026-04-07T00:50:00,0.57225,0.57225,0.5722,0.5722,4
2026-04-07T00:51:00,0.5722,0.5722,0.5722,0.5722,7
2026-04-07T00:52:00,0.5722,0.57225,0.5722,0.57225,3
2026-04-07T00:53:00,0.57225,0.57225,0.57215,0.57215,7
2026-04-07T00:54:00,0.57215,0.57215,0.57205,0.5721,6
2026-04-07T00:55:00,0.57215,0.5722,0.57215,0.57215,5
2026-04-07T00:56:00,0.5721,0.57215,0.5721,0.5721,5
2026-04-07T00:57:00,0.57205,0.57205,0.572,0.572,6
2026-04-07T00:58:00,0.57195,0.57195,0.5719,0.57195,16
2026-04-07T00:59:00,0.57195,0.57195,0.57195,0.57195,10
2026-04-07T01:00:00,0.572,0.57215,0.5718,0.57215,106
2026-04-07T01:01:00,0.57205,0.5722,0.57205,0.5722,14
2026-04-07T01:02:00,0.57225,0.5723,0.57225,0.5723,19
2026-04-07T01:03:00,0.57225,0.5723,0.5722,0.5723,18
2026-04-07T01:04:00,0.5723,0.5723,0.57225,0.5723,8
2026-04-07T01:05:00,0.5723,0.5723,0.5721,0.5721,11
2026-04-07T01:06:00,0.5721,0.57215,0.5721,0.5721,5
2026-04-07T01:07:00,0.5721,0.5722,0.5721,0.57215,12
2026-04-07T01:08:00,0.5722,0.5722,0.57205,0.57205,11
2026-04-07T01:09:00,0.57205,0.5721,0.57185,0.57185,22
2026-04-07T01:10:00,0.5719,0.5719,0.5716,0.57165,28
2026-04-07T01:11:00,0.5718,0.5718,0.5718,0.5718,5
2026-04-07T01:12:00,0.5718,0.5718,0.5718,0.5718,2
2026-04-07T01:13:00,0.57175,0.57175,0.57175,0.57175,2
2026-04-07T01:14:00,0.5716,0.5716,0.5716,0.5716,6
2026-04-07T01:15:00,0.57165,0.5717,0.57165,0.5717,13
2026-04-07T01:16:00,0.5717,0.57185,0.5717,0.5717,13
2026-04-07T01:17:00,0.57165,0.57175,0.57165,0.57175,2
2026-04-07T01:18:00,0.5718,0.5718,0.5717,0.5717,15
2026-04-07T01:19:00,0.57165,0.5717,0.57165,0.57165,33
2026-04-07T01:20:00,0.57165,0.57165,0.57165,0.57165,23
2026-04-07T01:21:00,0.57165,0.57165,0.5716,0.5716,41
2026-04-07T01:22:00,0.5717,0.57175,0.5717,0.5717,17
2026-04-07T01:23:00,0.5716,0.5716,0.5716,0.5716,10
2026-04-07T01:24:00,0.5717,0.5717,0.5717,0.5717,1
2026-04-07T01:25:00,0.5717,0.5719,0.5717,0.5717,136
2026-04-07T01:26:00,0.57165,0.5717,0.57165,0.57165,3
2026-04-07T01:27:00,0.5717,0.5717,0.5717,0.5717,2
2026-04-07T01:28:00,0.5717,0.5717,0.5717,0.5717,5
2026-04-07T01:29:00,0.5717,0.5717,0.57165,0.57165,6
2026-04-07T01:30:00,0.5717,0.5717,0.57165,0.57165,7
2026-04-07T01:31:00,0.57165,0.5717,0.57165,0.5717,6
2026-04-07T01:32:00,0.57165,0.5717,0.57165,0.5717,3
2026-04-07T01:33:00,0.57175,0.57175,0.5717,0.5717,4
2026-04-07T01:35:00,0.57165,0.57165,0.57165,0.57165,3
2026-04-07T01:36:00,0.5716,0.5716,0.5715,0.5715,6
2026-04-07T01:37:00,0.5715,0.5715,0.57125,0.5713,24
2026-04-07T01:38:00,0.5713,0.57135,0.5712,0.5712,8
2026-04-07T01:39:00,0.57105,0.5711,0.57105,0.5711,22
2026-04-07T01:40:00,0.5711,0.57115,0.5711,0.57115,16
2026-04-07T01:41:00,0.5711,0.57115,0.5711,0.57115,11
2026-04-07T01:42:00,0.57115,0.5712,0.5711,0.5711,10
2026-04-07T01:43:00,0.5712,0.5712,0.57115,0.5712,13
2026-04-07T01:44:00,0.57125,0.5713,0.57115,0.57115,14
2026-04-07T01:45:00,0.5712,0.5712,0.5711,0.5711,29
2026-04-07T01:46:00,0.57115,0.5712,0.57115,0.57115,8
2026-04-07T01:47:00,0.5712,0.57125,0.57115,0.5712,9
2026-04-07T01:48:00,0.5712,0.5712,0.5711,0.5711,2
2026-04-07T01:49:00,0.57105,0.5711,0.57105,0.57105,14
2026-04-07T01:50:00,0.571,0.571,0.57095,0.57095,10
2026-04-07T01:51:00,0.571,0.57105,0.571,0.57105,7
2026-04-07T01:52:00,0.57105,0.57105,0.57085,0.57085,38
2026-04-07T01:53:00,0.5709,0.57095,0.57085,0.57085,13
2026-04-07T01:54:00,0.5708,0.5708,0.57075,0.5708,42
2026-04-07T01:55:00,0.5708,0.57085,0.5708,0.57085,8
2026-04-07T01:56:00,0.57085,0.57085,0.5706,0.5706,18
2026-04-07T01:57:00,0.5706,0.57075,0.5706,0.57075,16
2026-04-07T01:58:00,0.57075,0.5708,0.57065,0.5707,48
2026-04-07T02:00:00,0.57075,0.5708,0.5707,0.5707,12
2026-04-07T02:01:00,0.57075,0.57085,0.57065,0.57065,36
2026-04-07T02:02:00,0.5707,0.57075,0.57065,0.57065,15
2026-04-07T02:03:00,0.5707,0.57075,0.5707,0.57075,5
2026-04-07T02:04:00,0.5707,0.57075,0.5707,0.5707,8
2026-04-07T02:05:00,0.5707,0.57075,0.5707,0.5707,7
2026-04-07T02:06:00,0.5708,0.57085,0.5707,0.5707,26
2026-04-07T02:07:00,0.57055,0.57055,0.5704,0.57045,10
2026-04-07T02:08:00,0.5705,0.57055,0.5705,0.5705,17
2026-04-07T02:09:00,0.5705,0.57065,0.5705,0.57065,3
2026-04-07T02:10:00,0.57065,0.5707,0.57065,0.5707,7
2026-04-07T02:13:00,0.5706,0.57065,0.5706,0.57065,6
2026-04-07T02:14:00,0.5706,0.57065,0.57055,0.57055,5
2026-04-07T02:15:00,0.57055,0.57055,0.5705,0.57055,24
2026-04-07T02:16:00,0.5706,0.57065,0.5706,0.5706,12
2026-04-07T02:17:00,0.5706,0.5706,0.5706,0.5706,2
2026-04-07T02:19:00,0.5706,0.57065,0.5706,0.57065,3
2026-04-07T02:20:00,0.57075,0.5708,0.57075,0.57075,6
2026-04-07T02:21:00,0.57065,0.57065,0.57065,0.57065,3
2026-04-07T02:22:00,0.57065,0.57075,0.57065,0.57075,2
2026-04-07T02:24:00,0.57065,0.57065,0.57065,0.57065,1
2026-04-07T02:25:00,0.5707,0.5707,0.5707,0.5707,1
2026-04-07T02:26:00,0.5708,0.5708,0.57075,0.57075,3
2026-04-07T02:27:00,0.57075,0.5708,0.57075,0.5708,3
2026-04-07T02:28:00,0.5708,0.5708,0.57075,0.5708,29
2026-04-07T02:29:00,0.57085,0.57085,0.57085,0.57085,1
2026-04-07T02:30:00,0.57085,0.5709,0.57085,0.5709,22
2026-04-07T02:31:00,0.57085,0.5709,0.57085,0.5709,4
2026-04-07T02:32:00,0.57095,0.57095,0.57095,0.57095,3
2026-04-07T02:33:00,0.57095,0.57095,0.5709,0.5709,11
2026-04-07T02:34:00,0.57095,0.57095,0.57095,0.57095,2
2026-04-07T02:35:00,0.57095,0.57095,0.57095,0.57095,1
2026-04-07T02:36:00,0.57095,0.57105,0.57095,0.57105,5
2026-04-07T02:37:00,0.5711,0.5711,0.57095,0.57095,11
2026-04-07T02:39:00,0.571,0.57105,0.571,0.571,15
2026-04-07T02:40:00,0.571,0.571,0.571,0.571,3
2026-04-07T02:41:00,0.57105,0.57105,0.57105,0.57105,6
2026-04-07T02:42:00,0.571,0.57105,0.571,0.571,3
2026-04-07T02:44:00,0.57105,0.57105,0.57105,0.57105,3
2026-04-07T02:45:00,0.571,0.57125,0.571,0.5712,245
2026-04-07T02:46:00,0.5712,0.5712,0.57115,0.5712,4
2026-04-07T02:47:00,0.57115,0.5712,0.57115,0.5712,5
2026-04-07T02:48:00,0.5712,0.5712,0.5712,0.5712,12
2026-04-07T02:49:00,0.57115,0.57125,0.57115,0.57115,13
2026-04-07T02:50:00,0.57125,0.57125,0.5712,0.5712,4
2026-04-07T02:51:00,0.5712,0.5712,0.57115,0.57115,4
2026-04-07T02:52:00,0.57115,0.57115,0.57105,0.5711,13
2026-04-07T02:53:00,0.5711,0.5711,0.57105,0.57105,4
2026-04-07T02:55:00,0.57105,0.57105,0.571,0.57105,9
2026-04-07T02:56:00,0.571,0.571,0.57095,0.57095,5
2026-04-07T02:57:00,0.571,0.571,0.57095,0.57095,8
2026-04-07T02:59:00,0.57095,0.57095,0.5709,0.5709,4
2026-04-07T03:00:00,0.57095,0.571,0.57095,0.571,13
2026-04-07T03:01:00,0.57095,0.57105,0.57095,0.57105,8
2026-04-07T03:02:00,0.5711,0.57115,0.5711,0.57115,2
2026-04-07T03:03:00,0.57125,0.57125,0.5712,0.57125,7
2026-04-07T03:04:00,0.5712,0.5712,0.5712,0.5712,3
2026-04-07T03:05:00,0.5712,0.57125,0.5712,0.5712,11
2026-04-07T03:06:00,0.57115,0.57115,0.57105,0.5711,16
2026-04-07T03:07:00,0.57115,0.57115,0.57115,0.57115,2
2026-04-07T03:10:00,0.5712,0.5712,0.57115,0.5712,7
2026-04-07T03:11:00,0.5712,0.5712,0.57115,0.57115,6
2026-04-07T03:12:00,0.5712,0.57125,0.5712,0.57125,22
2026-04-07T03:13:00,0.5712,0.5712,0.5712,0.5712,3
2026-04-07T03:16:00,0.5712,0.5712,0.5712,0.5712,2
2026-04-07T03:17:00,0.5712,0.5712,0.5712,0.5712,7
2026-04-07T03:18:00,0.5712,0.5712,0.5712,0.5712,4
2026-04-07T03:19:00,0.5712,0.5712,0.5711,0.5711,5
2026-04-07T03:21:00,0.5712,0.57125,0.5712,0.57125,6
2026-04-07T03:22:00,0.57125,0.57135,0.5712,0.5713,39
2026-04-07T03:23:00,0.5713,0.5713,0.5713,0.5713,16
2026-04-07T03:25:00,0.57125,0.57125,0.57125,0.57125,3
2026-04-07T03:26:00,0.57125,0.57125,0.57125,0.57125,5
2026-04-07T03:29:00,0.5713,0.5713,0.5713,0.5713,2
2026-04-07T03:31:00,0.57135,0.57145,0.57135,0.57145,15
2026-04-07T03:32:00,0.57145,0.5715,0.5714,0.57145,67
2026-04-07T03:33:00,0.5715,0.5715,0.5715,0.5715,2
2026-04-07T03:34:00,0.57145,0.57145,0.57145,0.57145,1
2026-04-07T03:36:00,0.5714,0.5714,0.5714,0.5714,2
2026-04-07T03:37:00,0.5714,0.5714,0.5714,0.5714,1
2026-04-07T03:40:00,0.57145,0.57155,0.57145,0.57155,7
2026-04-07T03:41:00,0.5715,0.57155,0.57145,0.57145,6
2026-04-07T03:43:00,0.5715,0.57155,0.5715,0.57155,3
2026-04-07T03:44:00,0.5716,0.5716,0.5716,0.5716,2
2026-04-07T03:45:00,0.5716,0.5716,0.5716,0.5716,1
2026-04-07T03:46:00,0.57155,0.57155,0.5715,0.5715,12
2026-04-07T03:47:00,0.5715,0.5715,0.5715,0.5715,6
2026-04-07T03:54:00,0.57145,0.57145,0.57145,0.57145,3
2026-04-07T03:55:00,0.5715,0.5715,0.5714,0.57145,14
2026-04-07T03:56:00,0.57145,0.57145,0.5714,0.57145,4
2026-04-07T03:57:00,0.5714,0.5714,0.5714,0.5714,4
2026-04-07T03:58:00,0.57145,0.57145,0.57135,0.57135,6
2026-04-07T04:00:00,0.57125,0.57125,0.57125,0.57125,1
2026-04-07T04:01:00,0.5713,0.5713,0.5713,0.5713,2
2026-04-07T04:02:00,0.57135,0.5715,0.57135,0.57145,14
2026-04-07T04:03:00,0.57145,0.57145,0.57145,0.57145,2
2026-04-07T04:04:00,0.5713,0.5713,0.5713,0.5713,2
2026-04-07T04:06:00,0.5712,0.57125,0.5712,0.57125,4
2026-04-07T04:07:00,0.5713,0.5713,0.57125,0.57125,9
2026-04-07T04:08:00,0.57135,0.57135,0.57135,0.57135,1
2026-04-07T04:09:00,0.57135,0.57135,0.57135,0.57135,1
2026-04-07T04:10:00,0.57135,0.57145,0.57135,0.5714,10
2026-04-07T04:11:00,0.57135,0.57135,0.57135,0.57135,2
2026-04-07T04:12:00,0.57135,0.57135,0.5713,0.5713,7
2026-04-07T04:16:00,0.57125,0.57125,0.57125,0.57125,5
2026-04-07T04:19:00,0.57115,0.5712,0.57115,0.5712,4
2026-04-07T04:22:00,0.5712,0.5715,0.5712,0.57135,333
2026-04-07T04:23:00,0.57135,0.57135,0.57135,0.57135,5
2026-04-07T04:25:00,0.5714,0.57145,0.5714,0.57145,4
2026-04-07T04:26:00,0.5714,0.5714,0.5714,0.5714,5
2026-04-07T04:27:00,0.57135,0.57135,0.57135,0.57135,2
2026-04-07T04:29:00,0.57145,0.57145,0.57145,0.57145,3
2026-04-07T04:30:00,0.57145,0.57165,0.57145,0.5716,14
2026-04-07T04:32:00,0.5716,0.5716,0.57155,0.57155,7
2026-04-07T04:34:00,0.5717,0.5718,0.5717,0.5718,12
2026-04-07T04:35:00,0.57175,0.57175,0.5717,0.5717,12
2026-04-07T04:36:00,0.57165,0.57165,0.57155,0.57155,13
2026-04-07T04:37:00,0.5715,0.5715,0.5715,0.5715,6
2026-04-07T04:38:00,0.57155,0.57155,0.5714,0.5714,17
2026-04-07T04:39:00,0.5715,0.57155,0.57145,0.57145,12
2026-04-07T04:41:00,0.57145,0.57145,0.57145,0.57145,2
2026-04-07T04:42:00,0.5715,0.57155,0.5715,0.5715,12
2026-04-07T04:43:00,0.5715,0.5715,0.5715,0.5715,3
2026-04-07T04:44:00,0.5715,0.5715,0.5715,0.5715,1
2026-04-07T04:46:00,0.5716,0.5716,0.5716,0.5716,3
2026-04-07T04:47:00,0.57175,0.57175,0.57175,0.57175,1
2026-04-07T04:48:00,0.5718,0.5719,0.5718,0.5719,13
2026-04-07T04:49:00,0.57185,0.57185,0.57185,0.57185,1
2026-04-07T04:50:00,0.57185,0.57185,0.57185,0.57185,7
2026-04-07T04:51:00,0.5718,0.5718,0.57175,0.57175,4
2026-04-07T04:54:00,0.5718,0.5718,0.57175,0.5718,3
2026-04-07T04:56:00,0.57175,0.57175,0.57175,0.57175,1
2026-04-07T04:57:00,0.57175,0.5718,0.57175,0.5718,5
2026-04-07T04:58:00,0.57165,0.57165,0.57165,0.57165,1
2026-04-07T04:59:00,0.5717,0.5717,0.5717,0.5717,2
2026-04-07T05:00:00,0.5717,0.57175,0.5716,0.5716,32
2026-04-07T05:01:00,0.57165,0.5717,0.57165,0.5717,2
2026-04-07T05:03:00,0.5717,0.5717,0.5717,0.5717,3
2026-04-07T05:04:00,0.57165,0.57165,0.57165,0.57165,6
2026-04-07T05:05:00,0.5717,0.5717,0.5717,0.5717,1
2026-04-07T05:06:00,0.57165,0.57165,0.57165,0.57165,2
2026-04-07T05:07:00,0.5716,0.5717,0.5716,0.5717,13
2026-04-07T05:08:00,0.5717,0.5717,0.5717,0.5717,1
2026-04-07T05:10:00,0.57165,0.57165,0.57165,0.57165,3
2026-04-07T05:11:00,0.5716,0.5716,0.5716,0.5716,1
2026-04-07T05:12:00,0.5716,0.5716,0.5716,0.5716,1
2026-04-07T05:13:00,0.57165,0.57165,0.57165,0.57165,2
2026-04-07T05:15:00,0.5716,0.5716,0.57155,0.57155,22
2026-04-07T05:16:00,0.57155,0.5716,0.57155,0.5716,22
2026-04-07T05:18:00,0.57155,0.57155,0.57155,0.57155,2
2026-04-07T05:19:00,0.57155,0.57155,0.57155,0.57155,1
2026-04-07T05:20:00,0.57165,0.57165,0.57165,0.57165,3
2026-04-07T05:22:00,0.57165,0.57165,0.57165,0.57165,1
2026-04-07T05:23:00,0.5716,0.5716,0.57155,0.5716,23
2026-04-07T05:25:00,0.5715,0.57155,0.57145,0.5715,8
2026-04-07T05:26:00,0.5715,0.5715,0.57145,0.5715,10
2026-04-07T05:27:00,0.5715,0.5715,0.5715,0.5715,2
2026-04-07T05:30:00,0.5714,0.5717,0.57135,0.57135,236
2026-04-07T05:31:00,0.5714,0.57145,0.5714,0.5714,11
2026-04-07T05:32:00,0.5714,0.57145,0.5714,0.57145,5
2026-04-07T05:33:00,0.57145,0.5715,0.57145,0.5715,7
2026-04-07T05:34:00,0.5715,0.5715,0.5715,0.5715,6
2026-04-07T05:35:00,0.57145,0.5715,0.57145,0.5715,8
2026-04-07T05:36:00,0.5715,0.5715,0.57145,0.57145,6
2026-04-07T05:37:00,0.5715,0.5716,0.5715,0.5716,7
2026-04-07T05:38:00,0.5716,0.5716,0.5716,0.5716,10
2026-04-07T05:40:00,0.5716,0.5716,0.57155,0.57155,6
2026-04-07T05:41:00,0.5714,0.5714,0.5714,0.5714,7
2026-04-07T05:42:00,0.5713,0.5713,0.5711,0.5711,22
2026-04-07T05:43:00,0.57115,0.57115,0.57115,0.57115,10
2026-04-07T05:44:00,0.5711,0.5711,0.5711,0.5711,2
2026-04-07T05:46:00,0.57105,0.5711,0.571,0.5711,196
2026-04-07T05:47:00,0.57115,0.57115,0.5711,0.5711,5
2026-04-07T05:48:00,0.5712,0.5712,0.5712,0.5712,1
2026-04-07T05:49:00,0.5712,0.5712,0.57115,0.57115,2
2026-04-07T05:50:00,0.5712,0.57135,0.5712,0.57135,12
2026-04-07T05:51:00,0.5713,0.57145,0.5713,0.57145,30
2026-04-07T05:52:00,0.57145,0.57145,0.57145,0.57145,1
2026-04-07T05:53:00,0.5714,0.57145,0.5714,0.57145,8
2026-04-07T05:54:00,0.57145,0.57145,0.57145,0.57145,5
2026-04-07T05:55:00,0.57145,0.5715,0.57145,0.57145,8
2026-04-07T05:58:00,0.5716,0.5716,0.5716,0.5716,2
2026-04-07T05:59:00,0.57165,0.57165,0.57165,0.57165,1
2026-04-07T06:00:00,0.57165,0.57165,0.5716,0.5716,11
2026-04-07T06:01:00,0.5716,0.5716,0.57155,0.5716,30
2026-04-07T06:02:00,0.57155,0.57165,0.57155,0.57165,16
2026-04-07T06:03:00,0.57165,0.57175,0.57165,0.5717,5
2026-04-07T06:04:00,0.5717,0.57175,0.5717,0.57175,9
2026-04-07T06:05:00,0.5717,0.5717,0.57165,0.57165,8
2026-04-07T06:07:00,0.5717,0.5719,0.5717,0.5719,38
2026-04-07T06:08:00,0.5719,0.572,0.5719,0.572,64
2026-04-07T06:09:00,0.572,0.572,0.57195,0.572,19
2026-04-07T06:10:00,0.5719,0.57195,0.5719,0.5719,5
2026-04-07T06:11:00,0.57185,0.57195,0.57185,0.5719,18
2026-04-07T06:12:00,0.57195,0.57195,0.5719,0.5719,2
2026-04-07T06:13:00,0.5719,0.5719,0.57185,0.57185,7
2026-04-07T06:14:00,0.5718,0.57185,0.5718,0.57185,3
2026-04-07T06:15:00,0.5718,0.5718,0.5718,0.5718,3
2026-04-07T06:16:00,0.57185,0.57185,0.5718,0.5718,15
2026-04-07T06:17:00,0.5718,0.5718,0.5717,0.5717,7
2026-04-07T06:18:00,0.5717,0.5717,0.57165,0.57165,4
2026-04-07T06:19:00,0.5716,0.57165,0.5716,0.57165,4
2026-04-07T06:22:00,0.57165,0.57165,0.5716,0.57165,4
2026-04-07T06:23:00,0.5717,0.5717,0.5717,0.5717,3
2026-04-07T06:24:00,0.5717,0.57175,0.5717,0.57175,2
2026-04-07T06:27:00,0.5719,0.5719,0.5719,0.5719,4
2026-04-07T06:28:00,0.57185,0.57195,0.57185,0.57195,4
2026-04-07T06:29:00,0.572,0.57215,0.572,0.5721,47
2026-04-07T06:30:00,0.5721,0.5721,0.57205,0.5721,10
2026-04-07T06:31:00,0.57205,0.57205,0.57195,0.572,13
2026-04-07T06:32:00,0.57195,0.57195,0.57185,0.57185,7
2026-04-07T06:33:00,0.57185,0.5719,0.57185,0.5719,3
2026-04-07T06:35:00,0.57185,0.57185,0.57175,0.57175,5
2026-04-07T06:36:00,0.57185,0.57185,0.57185,0.57185,2
2026-04-07T06:38:00,0.57185,0.57195,0.57185,0.57195,8
2026-04-07T06:39:00,0.5719,0.5719,0.5719,0.5719,3
2026-04-07T06:40:00,0.57185,0.57185,0.5718,0.5718,18
2026-04-07T06:41:00,0.5718,0.5718,0.57175,0.57175,9
2026-04-07T06:42:00,0.5718,0.57185,0.5718,0.57185,25
2026-04-07T06:43:00,0.57185,0.5719,0.57185,0.5719,18
2026-04-07T06:44:00,0.57185,0.57185,0.5718,0.57185,19
2026-04-07T06:45:00,0.57185,0.57185,0.57185,0.57185,10
2026-04-07T06:46:00,0.5718,0.5718,0.57175,0.57175,8
2026-04-07T06:47:00,0.5718,0.57185,0.5718,0.57185,3
2026-04-07T06:48:00,0.5718,0.5718,0.5718,0.5718,5
2026-04-07T06:49:00,0.5718,0.57195,0.57175,0.57195,5
2026-04-07T06:52:00,0.5719,0.57195,0.5719,0.57195,12
2026-04-07T06:53:00,0.57195,0.57195,0.57195,0.57195,6
2026-04-07T06:54:00,0.57195,0.57195,0.57195,0.57195,13
2026-04-07T06:55:00,0.5719,0.5719,0.57185,0.5719,9
2026-04-07T06:57:00,0.5719,0.57195,0.5719,0.57195,42
2026-04-07T06:58:00,0.57195,0.57195,0.5719,0.5719,6
2026-04-07T06:59:00,0.57195,0.572,0.57195,0.572,5
2026-04-07T07:00:00,0.572,0.57205,0.5719,0.5719,25
2026-04-07T07:01:00,0.5719,0.572,0.5719,0.572,9
2026-04-07T07:02:00,0.572,0.572,0.57195,0.57195,15
2026-04-07T07:03:00,0.57185,0.5719,0.57185,0.5719,5
2026-04-07T07:04:00,0.57185,0.57185,0.5718,0.5718,12
2026-04-07T07:05:00,0.57175,0.57175,0.57155,0.57155,28
2026-04-07T07:06:00,0.5715,0.5715,0.57135,0.57135,19
2026-04-07T07:07:00,0.5714,0.5714,0.57135,0.57135,2
2026-04-07T07:08:00,0.57145,0.57145,0.5714,0.5714,12
2026-04-07T07:09:00,0.5714,0.5716,0.5714,0.5716,5
2026-04-07T07:10:00,0.57145,0.5715,0.57145,0.5715,3
2026-04-07T07:11:00,0.57155,0.57155,0.57145,0.57145,4
2026-04-07T07:12:00,0.57145,0.57155,0.57145,0.57155,3
2026-04-07T07:13:00,0.57155,0.57165,0.57155,0.57165,17
2026-04-07T07:14:00,0.57165,0.57165,0.57155,0.57155,26
2026-04-07T07:15:00,0.5715,0.57155,0.5715,0.57155,3
2026-04-07T07:16:00,0.5715,0.57155,0.5715,0.57155,12
2026-04-07T07:17:00,0.57155,0.57175,0.57155,0.57175,10
2026-04-07T07:18:00,0.5718,0.5718,0.5718,0.5718,5
2026-04-07T07:19:00,0.5717,0.5717,0.5717,0.5717,12
2026-04-07T07:20:00,0.5718,0.5718,0.5718,0.5718,1
2026-04-07T07:21:00,0.57175,0.57175,0.5716,0.5716,12
2026-04-07T07:22:00,0.57155,0.57155,0.5715,0.5715,14
2026-04-07T07:23:00,0.57155,0.57155,0.5715,0.57155,13
2026-04-07T07:24:00,0.5716,0.57165,0.57155,0.57165,8
2026-04-07T07:25:00,0.5716,0.5717,0.5716,0.5717,12
2026-04-07T07:26:00,0.5716,0.5716,0.5715,0.57155,26
2026-04-07T07:27:00,0.57155,0.5716,0.57155,0.5716,10
2026-04-07T07:28:00,0.57155,0.57155,0.57145,0.57145,17
2026-04-07T07:29:00,0.57145,0.57145,0.5712,0.5712,71
2026-04-07T07:30:00,0.57125,0.57125,0.57115,0.57115,33
2026-04-07T07:31:00,0.57115,0.5712,0.57115,0.5712,6
2026-04-07T07:32:00,0.5712,0.5713,0.5712,0.5713,6
2026-04-07T07:33:00,0.57135,0.57135,0.57135,0.57135,4
2026-04-07T07:34:00,0.5713,0.5713,0.5712,0.5712,8
2026-04-07T07:35:00,0.57125,0.57135,0.57125,0.5713,11
2026-04-07T07:36:00,0.5713,0.57135,0.5713,0.57135,7
2026-04-07T07:37:00,0.5713,0.5713,0.57125,0.5713,3
2026-04-07T07:38:00,0.57135,0.57135,0.57135,0.57135,6
2026-04-07T07:39:00,0.5714,0.57145,0.5714,0.57145,10
2026-04-07T07:40:00,0.57145,0.5715,0.57135,0.57135,18
2026-04-07T07:41:00,0.57125,0.57125,0.5712,0.5712,43
2026-04-07T07:42:00,0.57125,0.57125,0.5712,0.5712,59
2026-04-07T07:43:00,0.57125,0.5713,0.57125,0.5713,42
2026-04-07T07:44:00,0.5713,0.5713,0.5713,0.5713,7
2026-04-07T07:45:00,0.5713,0.5714,0.5713,0.5714,11
2026-04-07T07:46:00,0.5713,0.5714,0.5713,0.5714,26
2026-04-07T07:47:00,0.57135,0.57145,0.57135,0.57145,38
2026-04-07T07:48:00,0.57145,0.57145,0.57145,0.57145,2
2026-04-07T07:49:00,0.57135,0.57135,0.57135,0.57135,1
2026-04-07T07:50:00,0.5713,0.5713,0.5713,0.5713,1
2026-04-07T07:51:00,0.57135,0.57135,0.57135,0.57135,2
2026-04-07T07:52:00,0.5713,0.5713,0.5713,0.5713,2
2026-04-07T07:53:00,0.57125,0.57125,0.57125,0.57125,7
2026-04-07T07:54:00,0.5712,0.5712,0.57115,0.57115,24
2026-04-07T07:55:00,0.57115,0.57115,0.5711,0.5711,8
2026-04-07T07:56:00,0.5711,0.5711,0.5711,0.5711,2
2026-04-07T07:57:00,0.5712,0.5712,0.5712,0.5712,1
2026-04-07T07:58:00,0.57125,0.57125,0.57125,0.57125,1
2026-04-07T07:59:00,0.57125,0.5713,0.57125,0.5713,9
2026-04-07T08:00:00,0.5713,0.57135,0.5713,0.57135,23
2026-04-07T08:01:00,0.5713,0.5716,0.5713,0.5716,4
2026-04-07T08:02:00,0.5716,0.5728,0.5716,0.572,588
2026-04-07T08:03:00,0.57195,0.572,0.5716,0.5717,50
2026-04-07T08:04:00,0.5717,0.5717,0.5716,0.5716,13
2026-04-07T08:05:00,0.57155,0.5717,0.57155,0.5717,25
2026-04-07T08:06:00,0.5717,0.5718,0.57165,0.5718,63
2026-04-07T08:07:00,0.5717,0.5719,0.5717,0.57185,22
2026-04-07T08:08:00,0.57185,0.57185,0.5718,0.5718,4
2026-04-07T08:09:00,0.5719,0.57195,0.5719,0.57195,5
2026-04-07T08:10:00,0.5719,0.57195,0.5719,0.57195,7
2026-04-07T08:11:00,0.5721,0.5723,0.5721,0.5723,6
2026-04-07T08:12:00,0.5723,0.5724,0.5723,0.5723,10
2026-04-07T08:13:00,0.57225,0.57245,0.57225,0.57245,22
2026-04-07T08:14:00,0.5724,0.5726,0.5724,0.5726,37
2026-04-07T08:15:00,0.57245,0.5726,0.5724,0.5726,47
2026-04-07T08:16:00,0.57265,0.5727,0.57245,0.5725,23
2026-04-07T08:17:00,0.57255,0.57255,0.57245,0.5725,54
2026-04-07T08:18:00,0.5725,0.5725,0.57235,0.5724,18
2026-04-07T08:19:00,0.5724,0.5725,0.5724,0.5725,22
2026-04-07T08:20:00,0.57245,0.57265,0.57245,0.57265,18
2026-04-07T08:21:00,0.5728,0.5728,0.5726,0.57275,53
2026-04-07T08:22:00,0.57275,0.5728,0.5727,0.5727,29
2026-04-07T08:23:00,0.5727,0.5728,0.5727,0.57275,21
2026-04-07T08:24:00,0.5728,0.5729,0.57275,0.57275,22
2026-04-07T08:25:00,0.57275,0.5728,0.5727,0.5727,22
2026-04-07T08:26:00,0.5727,0.5727,0.5726,0.5726,22
2026-04-07T08:27:00,0.5725,0.57255,0.5725,0.5725,7
2026-04-07T08:28:00,0.57255,0.57255,0.5725,0.5725,10
2026-04-07T08:29:00,0.5725,0.5727,0.5725,0.5727,11
2026-04-07T08:30:00,0.57265,0.5727,0.57255,0.57255,23
2026-04-07T08:31:00,0.57265,0.5728,0.57265,0.5727,50
2026-04-07T08:32:00,0.57275,0.5728,0.57275,0.5728,19
2026-04-07T08:33:00,0.57275,0.5728,0.5727,0.57275,12
2026-04-07T08:34:00,0.57265,0.5728,0.57265,0.5728,6
2026-04-07T08:35:00,0.57275,0.57285,0.57275,0.5728,8
2026-04-07T08:36:00,0.57275,0.57285,0.57275,0.5728,16
2026-04-07T08:37:00,0.57275,0.5728,0.57275,0.57275,12
2026-04-07T08:38:00,0.5728,0.5729,0.5728,0.57285,12
2026-04-07T08:39:00,0.57285,0.57295,0.57285,0.57295,4
2026-04-07T08:40:00,0.57285,0.57285,0.57275,0.57275,6
2026-04-07T08:41:00,0.57275,0.57275,0.5727,0.5727,11
2026-04-07T08:42:00,0.5727,0.5728,0.5727,0.57275,27
2026-04-07T08:43:00,0.57275,0.57305,0.57275,0.57305,82
2026-04-07T08:44:00,0.573,0.5731,0.573,0.57305,38
2026-04-07T08:45:00,0.5731,0.57315,0.5731,0.57315,10
2026-04-07T08:46:00,0.5731,0.5731,0.5729,0.5729,24
2026-04-07T08:47:00,0.5729,0.5729,0.5729,0.5729,4
2026-04-07T08:48:00,0.5729,0.57295,0.5728,0.57285,26
2026-04-07T08:49:00,0.57285,0.5729,0.57285,0.5729,4
2026-04-07T08:50:00,0.5728,0.57285,0.57275,0.5728,13
2026-04-07T08:51:00,0.5728,0.5729,0.5728,0.5729,7
2026-04-07T08:52:00,0.57295,0.57295,0.57295,0.57295,6
2026-04-07T08:53:00,0.57295,0.57295,0.57295,0.57295,9
2026-04-07T08:54:00,0.57295,0.57295,0.57295,0.57295,3
2026-04-07T08:55:00,0.573,0.573,0.573,0.573,2
2026-04-07T08:57:00,0.573,0.57315,0.573,0.57315,18
2026-04-07T08:58:00,0.5732,0.57365,0.5732,0.5735,109
2026-04-07T08:59:00,0.5735,0.5736,0.57345,0.57345,64
2026-04-07T09:00:00,0.57345,0.5735,0.57335,0.57335,15
2026-04-07T09:01:00,0.57345,0.57355,0.5733,0.57355,40
2026-04-07T09:02:00,0.57355,0.5736,0.5735,0.5735,5
2026-04-07T09:03:00,0.5735,0.5735,0.57345,0.57345,13
2026-04-07T09:04:00,0.57345,0.57345,0.5734,0.5734,9
2026-04-07T09:05:00,0.57335,0.5734,0.57325,0.57325,14
2026-04-07T09:06:00,0.57335,0.57335,0.5733,0.5733,5
2026-04-07T09:07:00,0.57325,0.5734,0.57325,0.5734,12
2026-04-07T09:08:00,0.5734,0.5735,0.5734,0.5735,9
2026-04-07T09:10:00,0.5735,0.5735,0.57345,0.57345,31
2026-04-07T09:11:00,0.57345,0.57345,0.57345,0.57345,1
2026-04-07T09:12:00,0.5735,0.5735,0.5735,0.5735,7
2026-04-07T09:13:00,0.57355,0.57355,0.57355,0.57355,5
2026-04-07T09:14:00,0.5734,0.5734,0.5734,0.5734,2
2026-04-07T09:15:00,0.57325,0.5733,0.5732,0.5732,15
2026-04-07T09:16:00,0.5732,0.57325,0.57315,0.57315,36
2026-04-07T09:17:00,0.57325,0.5733,0.57325,0.5733,23
2026-04-07T09:18:00,0.5733,0.5733,0.5732,0.57325,14
2026-04-07T09:19:00,0.5733,0.57335,0.57325,0.5733,23
2026-04-07T09:20:00,0.5733,0.5733,0.57325,0.5733,56
2026-04-07T09:21:00,0.57325,0.57325,0.57325,0.57325,8
2026-04-07T09:22:00,0.5733,0.5733,0.57315,0.57315,34
2026-04-07T09:23:00,0.5732,0.5732,0.57315,0.5732,7
2026-04-07T09:24:00,0.57325,0.57325,0.57325,0.57325,2
2026-04-07T09:25:00,0.57325,0.57325,0.57325,0.57325,8
2026-04-07T09:26:00,0.57325,0.5733,0.5732,0.5732,16
2026-04-07T09:27:00,0.57325,0.57325,0.57315,0.57315,9
2026-04-07T09:28:00,0.5731,0.5731,0.57285,0.5731,106
2026-04-07T09:29:00,0.5732,0.5732,0.5731,0.57315,15
2026-04-07T09:30:00,0.5731,0.57325,0.573,0.57325,19
2026-04-07T09:31:00,0.57315,0.57315,0.57315,0.57315,8
2026-04-07T09:32:00,0.5731,0.5731,0.57295,0.57295,13
2026-04-07T09:33:00,0.573,0.57305,0.573,0.57305,5
2026-04-07T09:34:00,0.57305,0.5731,0.573,0.5731,24
2026-04-07T09:35:00,0.5731,0.5731,0.5731,0.5731,7
2026-04-07T09:36:00,0.573,0.57305,0.573,0.57305,8
2026-04-07T09:37:00,0.573,0.57305,0.573,0.573,14
2026-04-07T09:38:00,0.57305,0.57305,0.573,0.573,6
2026-04-07T09:39:00,0.573,0.573,0.57295,0.573,7
2026-04-07T09:40:00,0.57295,0.573,0.57295,0.573,6
2026-04-07T09:41:00,0.57305,0.57305,0.573,0.573,6
2026-04-07T09:42:00,0.57295,0.57295,0.5729,0.5729,16
2026-04-07T09:43:00,0.57295,0.57295,0.5729,0.5729,16
2026-04-07T09:44:00,0.5729,0.57295,0.57285,0.57285,17
2026-04-07T09:45:00,0.5728,0.5728,0.57275,0.57275,12
2026-04-07T09:46:00,0.57275,0.57275,0.57275,0.57275,20
2026-04-07T09:47:00,0.5727,0.5727,0.57265,0.5727,25
2026-04-07T09:48:00,0.5728,0.5728,0.5728,0.5728,9
2026-04-07T09:49:00,0.57275,0.57275,0.57275,0.57275,3
2026-04-07T09:50:00,0.57275,0.57275,0.57275,0.57275,5
2026-04-07T09:51:00,0.57285,0.57285,0.57285,0.57285,1
2026-04-07T09:52:00,0.57285,0.57285,0.5728,0.5728,7
2026-04-07T09:55:00,0.5728,0.5729,0.5728,0.5729,7
2026-04-07T09:57:00,0.57285,0.57285,0.57285,0.57285,3
2026-04-07T09:58:00,0.5728,0.5728,0.5728,0.5728,1
2026-04-07T10:00:00,0.57275,0.57275,0.57275,0.57275,9
2026-04-07T10:01:00,0.5729,0.5729,0.5729,0.5729,7
2026-04-07T10:02:00,0.57285,0.57285,0.5727,0.5727,14
2026-04-07T10:03:00,0.5727,0.5727,0.5726,0.5726,23
2026-04-07T10:04:00,0.5726,0.5727,0.5726,0.5727,5
2026-04-07T10:05:00,0.57265,0.5727,0.5724,0.5727,443
2026-04-07T10:06:00,0.5727,0.5727,0.5727,0.5727,6
2026-04-07T10:07:00,0.5726,0.57265,0.5726,0.57265,2
2026-04-07T10:08:00,0.57265,0.57265,0.57265,0.57265,1
2026-04-07T10:09:00,0.57265,0.57265,0.57185,0.57235,671
2026-04-07T10:10:00,0.57235,0.57245,0.57215,0.5722,75
2026-04-07T10:11:00,0.5723,0.57245,0.5722,0.57235,16
2026-04-07T10:12:00,0.57235,0.57255,0.57235,0.57245,14
2026-04-07T10:13:00,0.57245,0.57245,0.57245,0.57245,3
2026-04-07T10:14:00,0.57245,0.57255,0.5724,0.57255,11
2026-04-07T10:15:00,0.5726,0.57265,0.5726,0.57265,8
2026-04-07T10:16:00,0.5726,0.57265,0.5726,0.57265,8
2026-04-07T10:17:00,0.57255,0.57255,0.5725,0.5725,8
2026-04-07T10:18:00,0.5726,0.5726,0.5726,0.5726,8
2026-04-07T10:19:00,0.57245,0.5725,0.57245,0.5725,7
2026-04-07T10:20:00,0.57245,0.57245,0.57245,0.57245,6
2026-04-07T10:21:00,0.57235,0.57235,0.5721,0.5721,36
2026-04-07T10:22:00,0.57215,0.57215,0.57205,0.57205,25
2026-04-07T10:23:00,0.5721,0.5721,0.57205,0.57205,3
2026-04-07T10:24:00,0.5721,0.5721,0.572,0.572,9
2026-04-07T10:25:00,0.572,0.57205,0.5714,0.57145,514
2026-04-07T10:26:00,0.57135,0.57165,0.57135,0.5716,144
2026-04-07T10:27:00,0.5715,0.57165,0.5715,0.57165,15
2026-04-07T10:28:00,0.57165,0.572,0.57165,0.5719,86
2026-04-07T10:29:00,0.5719,0.5719,0.5719,0.5719,9
2026-04-07T10:30:00,0.5719,0.57205,0.5719,0.57205,14
2026-04-07T10:31:00,0.57205,0.5721,0.5719,0.5719,13
2026-04-07T10:32:00,0.57195,0.57195,0.57185,0.57185,11
2026-04-07T10:33:00,0.5719,0.5719,0.5719,0.5719,1
2026-04-07T10:34:00,0.5719,0.5719,0.5719,0.5719,1
2026-04-07T10:35:00,0.57195,0.572,0.57195,0.572,8
2026-04-07T10:36:00,0.572,0.57205,0.572,0.57205,10
2026-04-07T10:37:00,0.572,0.572,0.5718,0.5719,28
2026-04-07T10:38:00,0.57195,0.572,0.57195,0.57195,17
2026-04-07T10:39:00,0.57195,0.57205,0.5719,0.57195,17
2026-04-07T10:40:00,0.57195,0.57195,0.57195,0.57195,1
2026-04-07T10:41:00,0.57175,0.5718,0.57175,0.57175,8
2026-04-07T10:42:00,0.5718,0.572,0.5718,0.572,5
2026-04-07T10:43:00,0.57185,0.57185,0.57125,0.57145,69
2026-04-07T10:44:00,0.57145,0.57175,0.57145,0.57175,49
2026-04-07T10:45:00,0.57165,0.5717,0.57155,0.5716,15
2026-04-07T10:46:00,0.57165,0.57165,0.5715,0.57165,10
2026-04-07T10:47:00,0.57155,0.5716,0.5715,0.5716,15
2026-04-07T10:48:00,0.5715,0.57155,0.5715,0.57155,11
2026-04-07T10:49:00,0.5716,0.5716,0.57155,0.57155,7
2026-04-07T10:50:00,0.57155,0.57155,0.57155,0.57155,5
2026-04-07T10:51:00,0.57155,0.57165,0.57155,0.57165,19
2026-04-07T10:52:00,0.5716,0.5716,0.5715,0.57155,81
2026-04-07T10:53:00,0.57155,0.57165,0.5715,0.5716,26
2026-04-07T10:54:00,0.57155,0.57165,0.57155,0.57165,3
2026-04-07T10:55:00,0.57165,0.57175,0.5716,0.57175,12
2026-04-07T10:56:00,0.5718,0.5718,0.57165,0.5717,16
2026-04-07T10:57:00,0.5717,0.57175,0.5717,0.57175,7
2026-04-07T10:58:00,0.5718,0.5719,0.5718,0.5719,9
2026-04-07T10:59:00,0.57185,0.57185,0.5718,0.5718,6
2026-04-07T11:00:00,0.57195,0.57195,0.5719,0.5719,7
2026-04-07T11:01:00,0.57185,0.5719,0.57185,0.5719,10
2026-04-07T11:02:00,0.57175,0.5718,0.57175,0.5718,19
2026-04-07T11:03:00,0.57185,0.57185,0.5718,0.5718,11
2026-04-07T11:04:00,0.57185,0.57185,0.57185,0.57185,2
2026-04-07T11:05:00,0.57185,0.5719,0.57185,0.5719,6
2026-04-07T11:06:00,0.5718,0.5718,0.57175,0.57175,14
2026-04-07T11:07:00,0.57185,0.57185,0.5717,0.5717,19
2026-04-07T11:08:00,0.57175,0.57175,0.57175,0.57175,1
2026-04-07T11:10:00,0.5718,0.5718,0.5717,0.5717,7
2026-04-07T11:13:00,0.57165,0.5717,0.57165,0.5717,6
2026-04-07T11:14:00,0.5716,0.5716,0.57155,0.5716,6
2026-04-07T11:15:00,0.57175,0.57185,0.57175,0.57175,9
2026-04-07T11:16:00,0.57165,0.5717,0.57165,0.57165,3
2026-04-07T11:17:00,0.57175,0.5718,0.57175,0.5718,7
2026-04-07T11:18:00,0.57175,0.57175,0.57175,0.57175,6
2026-04-07T11:20:00,0.5718,0.572,0.5718,0.5718,215
2026-04-07T11:21:00,0.57175,0.57175,0.57175,0.57175,2
2026-04-07T11:22:00,0.5718,0.57185,0.5718,0.5718,16
2026-04-07T11:23:00,0.5719,0.572,0.5719,0.5719,14
2026-04-07T11:24:00,0.5719,0.5719,0.5718,0.57185,11
2026-04-07T11:25:00,0.57185,0.57195,0.57185,0.57195,3
2026-04-07T11:26:00,0.57195,0.57205,0.57195,0.57205,22
2026-04-07T11:27:00,0.57205,0.57205,0.572,0.572,10
2026-04-07T11:28:00,0.572,0.572,0.572,0.572,1
2026-04-07T11:29:00,0.572,0.57205,0.5719,0.5719,23
2026-04-07T11:30:00,0.57185,0.57185,0.57185,0.57185,4
2026-04-07T11:31:00,0.57185,0.57185,0.57185,0.57185,7
2026-04-07T11:32:00,0.57185,0.5719,0.57175,0.57175,17
2026-04-07T11:33:00,0.5717,0.5717,0.5717,0.5717,1
2026-04-07T11:35:00,0.5718,0.57185,0.5718,0.57185,10
2026-04-07T11:36:00,0.57185,0.57185,0.5718,0.5718,2
2026-04-07T11:37:00,0.5718,0.5723,0.57175,0.5721,161
2026-04-07T11:38:00,0.572,0.57205,0.572,0.572,8
2026-04-07T11:39:00,0.57195,0.57195,0.5719,0.57195,5
2026-04-07T11:40:00,0.57195,0.57195,0.57195,0.57195,3
2026-04-07T11:41:00,0.572,0.572,0.572,0.572,4
2026-04-07T11:42:00,0.5719,0.5719,0.5719,0.5719,2
2026-04-07T11:43:00,0.572,0.5721,0.572,0.57205,8
2026-04-07T11:44:00,0.5721,0.5721,0.5721,0.5721,1
2026-04-07T11:45:00,0.5721,0.5721,0.57205,0.57205,12
2026-04-07T11:46:00,0.57205,0.57205,0.572,0.572,5
2026-04-07T11:47:00,0.572,0.572,0.572,0.572,7
2026-04-07T11:48:00,0.57195,0.57195,0.5719,0.5719,13
2026-04-07T11:49:00,0.5719,0.57195,0.5719,0.57195,2
2026-04-07T11:50:00,0.5719,0.5719,0.57185,0.57185,13
2026-04-07T11:51:00,0.57185,0.57185,0.57175,0.5718,6
2026-04-07T11:52:00,0.57185,0.57185,0.5718,0.5718,8
2026-04-07T11:53:00,0.5718,0.5719,0.5718,0.5718,14
2026-04-07T11:54:00,0.5718,0.5718,0.57175,0.57175,24
2026-04-07T11:55:00,0.5718,0.5718,0.5717,0.5718,36
2026-04-07T11:56:00,0.57175,0.5718,0.57175,0.57175,9
2026-04-07T11:57:00,0.57175,0.57195,0.5717,0.57195,50
2026-04-07T11:58:00,0.57195,0.57195,0.5719,0.57195,9
2026-04-07T11:59:00,0.5719,0.57195,0.5719,0.5719,9
2026-04-07T12:00:00,0.57195,0.572,0.57195,0.572,16
2026-04-07T12:01:00,0.572,0.572,0.572,0.572,1
2026-04-07T12:02:00,0.57205,0.57225,0.572,0.57225,21
2026-04-07T12:03:00,0.57215,0.57225,0.57215,0.5722,16
2026-04-07T12:04:00,0.57215,0.57215,0.57215,0.57215,1
2026-04-07T12:05:00,0.57215,0.5722,0.57215,0.5722,5
2026-04-07T12:06:00,0.57215,0.57265,0.57155,0.57195,649
2026-04-07T12:07:00,0.572,0.5722,0.5718,0.5718,235
2026-04-07T12:08:00,0.5718,0.57185,0.57155,0.57185,129
2026-04-07T12:09:00,0.5719,0.57195,0.5717,0.5717,56
2026-04-07T12:10:00,0.5717,0.5717,0.57155,0.57165,67
2026-04-07T12:11:00,0.57165,0.5717,0.57155,0.57155,28
2026-04-07T12:12:00,0.5716,0.5716,0.5715,0.57155,28
2026-04-07T12:13:00,0.5715,0.5716,0.5715,0.5715,26
2026-04-07T12:14:00,0.5715,0.5715,0.57135,0.5714,72
2026-04-07T12:15:00,0.57145,0.5715,0.57145,0.5715,22
2026-04-07T12:16:00,0.57145,0.57155,0.57135,0.57155,41
2026-04-07T12:17:00,0.5716,0.5716,0.57145,0.57145,28
2026-04-07T12:18:00,0.57155,0.57175,0.57155,0.57175,88
2026-04-07T12:19:00,0.5717,0.57175,0.57155,0.57165,39
2026-04-07T12:20:00,0.57165,0.57165,0.57155,0.57155,17
2026-04-07T12:21:00,0.5716,0.5718,0.5716,0.5718,30
2026-04-07T12:22:00,0.5717,0.57185,0.5717,0.57185,10
2026-04-07T12:23:00,0.5718,0.57185,0.57175,0.57185,13
2026-04-07T12:24:00,0.57185,0.57215,0.57185,0.57185,78
2026-04-07T12:25:00,0.5718,0.5719,0.5718,0.5718,10
2026-04-07T12:26:00,0.5718,0.57185,0.5718,0.5718,13
2026-04-07T12:27:00,0.57185,0.57185,0.57185,0.57185,1
2026-04-07T12:28:00,0.57185,0.57185,0.5717,0.5717,12
2026-04-07T12:29:00,0.5717,0.57175,0.5717,0.57175,14
2026-04-07T12:30:00,0.5718,0.5718,0.5717,0.57175,29
2026-04-07T12:31:00,0.5718,0.5719,0.5718,0.57185,8
2026-04-07T12:32:00,0.57175,0.57175,0.57165,0.5717,13
2026-04-07T12:33:00,0.57175,0.57175,0.5717,0.57175,7
2026-04-07T12:34:00,0.57175,0.57175,0.5717,0.57175,5
2026-04-07T12:35:00,0.57165,0.57175,0.57165,0.57175,12
2026-04-07T12:36:00,0.57175,0.5718,0.57175,0.5718,3
2026-04-07T12:37:00,0.57175,0.5718,0.57175,0.5718,8
2026-04-07T12:38:00,0.5718,0.57185,0.5718,0.57185,5
2026-04-07T12:39:00,0.5718,0.57185,0.5718,0.57185,9
2026-04-07T12:40:00,0.5718,0.5718,0.5718,0.5718,1
2026-04-07T12:41:00,0.57175,0.57175,0.5717,0.57175,17
2026-04-07T12:42:00,0.57175,0.57175,0.57175,0.57175,4
2026-04-07T12:43:00,0.5717,0.5717,0.5717,0.5717,1
2026-04-07T12:44:00,0.5717,0.57175,0.5717,0.57175,10
2026-04-07T12:45:00,0.5717,0.57175,0.5717,0.57175,4
2026-04-07T12:46:00,0.5717,0.5717,0.57165,0.57165,19
2026-04-07T12:47:00,0.57165,0.57165,0.5716,0.57165,7
2026-04-07T12:48:00,0.5716,0.5716,0.5714,0.57145,34
2026-04-07T12:49:00,0.57145,0.57145,0.5714,0.5714,24
2026-04-07T12:50:00,0.5714,0.5715,0.5714,0.5715,129
2026-04-07T12:51:00,0.5715,0.5716,0.5715,0.5716,6
2026-04-07T12:52:00,0.57165,0.57175,0.57165,0.57175,6
2026-04-07T12:53:00,0.57175,0.5718,0.57175,0.5718,12
2026-04-07T12:54:00,0.57185,0.57185,0.57185,0.57185,8
2026-04-07T12:55:00,0.5718,0.57255,0.57175,0.57225,207
2026-04-07T12:56:00,0.57215,0.57215,0.57175,0.57175,56
2026-04-07T12:57:00,0.57175,0.5718,0.5717,0.5717,38
2026-04-07T12:58:00,0.5717,0.57175,0.57165,0.57165,33
2026-04-07T12:59:00,0.57165,0.57165,0.57165,0.57165,4
2026-04-07T13:00:00,0.57165,0.57165,0.5716,0.57165,14
2026-04-07T13:01:00,0.5716,0.5716,0.5716,0.5716,2
2026-04-07T13:02:00,0.5717,0.5717,0.57165,0.5717,16
2026-04-07T13:03:00,0.57165,0.5717,0.57155,0.57165,57
2026-04-07T13:04:00,0.57165,0.5717,0.57165,0.57165,8
2026-04-07T13:05:00,0.5716,0.57175,0.5716,0.57175,3
2026-04-07T13:06:00,0.57175,0.5718,0.57175,0.5718,11
2026-04-07T13:07:00,0.5718,0.5718,0.5717,0.5717,26
2026-04-07T13:08:00,0.5717,0.5718,0.57165,0.57165,100
2026-04-07T13:09:00,0.5716,0.5716,0.57155,0.57155,6
2026-04-07T13:10:00,0.57155,0.57155,0.5714,0.5714,14
2026-04-07T13:11:00,0.5715,0.57155,0.5715,0.57155,50
2026-04-07T13:12:00,0.57155,0.5716,0.57155,0.5716,4
2026-04-07T13:13:00,0.5716,0.57165,0.5716,0.5716,7
2026-04-07T13:14:00,0.57165,0.57165,0.57135,0.57155,179
2026-04-07T13:15:00,0.57165,0.5717,0.57155,0.5717,16
2026-04-07T13:16:00,0.57165,0.57165,0.5716,0.5716,119
2026-04-07T13:17:00,0.57155,0.57155,0.57145,0.57155,42
2026-04-07T13:18:00,0.57155,0.57155,0.57145,0.5715,14
2026-04-07T13:19:00,0.5715,0.57155,0.57145,0.57155,13
2026-04-07T13:20:00,0.57155,0.5716,0.57145,0.5716,19
2026-04-07T13:21:00,0.5716,0.5716,0.57155,0.57155,11
2026-04-07T13:22:00,0.57155,0.57155,0.57145,0.5715,40
2026-04-07T13:23:00,0.57155,0.5716,0.5715,0.57155,14
2026-04-07T13:24:00,0.57155,0.5716,0.57155,0.57155,7
2026-04-07T13:25:00,0.57155,0.5716,0.57155,0.5716,18
2026-04-07T13:26:00,0.5716,0.57165,0.5715,0.5715,20
2026-04-07T13:27:00,0.5715,0.5715,0.5714,0.57145,33
2026-04-07T13:28:00,0.5715,0.5715,0.57145,0.57145,12
2026-04-07T13:29:00,0.5714,0.5714,0.57135,0.57135,23
2026-04-07T13:30:00,0.5714,0.5716,0.57135,0.57135,108
2026-04-07T13:31:00,0.57135,0.57135,0.57095,0.5711,53
2026-04-07T13:32:00,0.57115,0.57125,0.57115,0.57125,25
2026-04-07T13:33:00,0.5713,0.57135,0.5713,0.57135,9
2026-04-07T13:34:00,0.5713,0.5714,0.57125,0.57135,20
2026-04-07T13:35:00,0.5713,0.57135,0.57125,0.5713,46
2026-04-07T13:36:00,0.57135,0.5715,0.5713,0.5713,35
2026-04-07T13:37:00,0.57135,0.5714,0.5713,0.57135,24
2026-04-07T13:38:00,0.57125,0.5714,0.5712,0.5712,18
2026-04-07T13:39:00,0.5712,0.5712,0.5711,0.57115,10
2026-04-07T13:40:00,0.5712,0.57125,0.57095,0.57095,68
2026-04-07T13:41:00,0.57095,0.57105,0.5709,0.571,46
2026-04-07T13:42:00,0.571,0.571,0.5709,0.571,41
2026-04-07T13:43:00,0.57105,0.57105,0.571,0.57105,28
2026-04-07T13:44:00,0.571,0.571,0.57095,0.57095,34
2026-04-07T13:45:00,0.571,0.5712,0.571,0.57105,13
2026-04-07T13:46:00,0.5711,0.5711,0.57105,0.5711,9
2026-04-07T13:47:00,0.5711,0.5711,0.57105,0.5711,29
2026-04-07T13:48:00,0.5711,0.57125,0.5711,0.5712,34
2026-04-07T13:49:00,0.57125,0.57145,0.57125,0.5714,80
2026-04-07T13:50:00,0.5714,0.57155,0.5714,0.5715,99
2026-04-07T13:51:00,0.5715,0.5716,0.5714,0.5714,36
2026-04-07T13:52:00,0.5714,0.5715,0.5714,0.5715,11
2026-04-07T13:53:00,0.57145,0.5715,0.57135,0.5715,19
2026-04-07T13:54:00,0.5715,0.57155,0.5715,0.57155,29
2026-04-07T13:55:00,0.57155,0.5716,0.5715,0.57155,11
2026-04-07T13:56:00,0.57155,0.57155,0.57135,0.5714,30
2026-04-07T13:57:00,0.57145,0.57145,0.57135,0.5714,54
2026-04-07T13:58:00,0.57145,0.57145,0.57135,0.57135,23
2026-04-07T13:59:00,0.5714,0.5714,0.57135,0.5714,59
2026-04-07T14:00:00,0.57135,0.5716,0.5713,0.5713,299
2026-04-07T14:01:00,0.57135,0.57135,0.5713,0.5713,30
2026-04-07T14:02:00,0.57125,0.57125,0.57115,0.5712,26
2026-04-07T14:03:00,0.57125,0.5713,0.5712,0.5712,15
2026-04-07T14:04:00,0.5712,0.57125,0.5712,0.5712,57
2026-04-07T14:05:00,0.5712,0.5714,0.5712,0.5714,81
2026-04-07T14:06:00,0.5714,0.5714,0.57135,0.57135,84
2026-04-07T14:07:00,0.57135,0.57145,0.57125,0.57125,64
2026-04-07T14:08:00,0.57125,0.5713,0.5712,0.5712,25
2026-04-07T14:09:00,0.5712,0.5713,0.5712,0.5713,21
2026-04-07T14:10:00,0.57135,0.57135,0.5713,0.57135,22
2026-04-07T14:11:00,0.5713,0.57135,0.57125,0.57135,14
2026-04-07T14:12:00,0.57135,0.57135,0.5713,0.5713,40
2026-04-07T14:13:00,0.57135,0.57135,0.5713,0.5713,19
2026-04-07T14:14:00,0.5714,0.5715,0.5714,0.57145,20
2026-04-07T14:15:00,0.57145,0.57145,0.5714,0.57145,23
2026-04-07T14:16:00,0.57155,0.57155,0.5714,0.5714,30
2026-04-07T14:17:00,0.5714,0.5714,0.57135,0.57135,6
2026-04-07T14:18:00,0.57135,0.5714,0.5713,0.5714,24
2026-04-07T14:19:00,0.57135,0.5715,0.57135,0.5715,22
2026-04-07T14:20:00,0.57155,0.57185,0.57155,0.57185,46
2026-04-07T14:21:00,0.57185,0.57215,0.57185,0.5721,39
2026-04-07T14:22:00,0.5721,0.57215,0.57205,0.5721,18
2026-04-07T14:23:00,0.57205,0.57225,0.57205,0.5722,32
2026-04-07T14:24:00,0.57215,0.57235,0.57215,0.57225,40
2026-04-07T14:25:00,0.5722,0.5723,0.5722,0.5723,33
2026-04-07T14:26:00,0.57225,0.5723,0.57225,0.5723,9
2026-04-07T14:27:00,0.5723,0.57235,0.5722,0.5722,28
2026-04-07T14:28:00,0.5722,0.57225,0.5722,0.5722,36
2026-04-07T14:29:00,0.57225,0.57225,0.5722,0.57225,39
2026-04-07T14:30:00,0.5723,0.57235,0.5722,0.5722,69
2026-04-07T14:31:00,0.57215,0.57215,0.5721,0.5721,48
2026-04-07T14:32:00,0.5721,0.57215,0.572,0.57205,133
2026-04-07T14:33:00,0.57205,0.57245,0.57205,0.57235,200
2026-04-07T14:34:00,0.57235,0.57235,0.5722,0.5722,57
2026-04-07T14:35:00,0.57225,0.57235,0.57195,0.57215,219
2026-04-07T14:36:00,0.5721,0.5722,0.57205,0.5722,52
2026-04-07T14:37:00,0.57215,0.5723,0.5721,0.5723,60
2026-04-07T14:38:00,0.57235,0.57255,0.5723,0.57245,145
2026-04-07T14:39:00,0.5724,0.5724,0.5723,0.5723,55
2026-04-07T14:40:00,0.57235,0.5724,0.57225,0.57235,56
2026-04-07T14:41:00,0.57235,0.57245,0.5723,0.57235,51
2026-04-07T14:42:00,0.57235,0.5725,0.5723,0.5725,135
2026-04-07T14:43:00,0.57245,0.57245,0.57235,0.5724,38
2026-04-07T14:44:00,0.5724,0.57245,0.5723,0.5723,39
2026-04-07T14:45:00,0.57235,0.5724,0.57225,0.5723,12
2026-04-07T14:46:00,0.5723,0.57285,0.5723,0.57245,178
2026-04-07T14:47:00,0.57245,0.57245,0.5724,0.5724,45
2026-04-07T14:48:00,0.5724,0.57245,0.57235,0.5724,42
2026-04-07T14:49:00,0.5724,0.57255,0.5724,0.57245,68
2026-04-07T14:50:00,0.57245,0.57255,0.5724,0.5724,9
2026-04-07T14:51:00,0.5724,0.5724,0.5723,0.5723,28
2026-04-07T14:52:00,0.57235,0.57235,0.57225,0.5723,19
2026-04-07T14:53:00,0.5723,0.57235,0.5723,0.5723,31
2026-04-07T14:54:00,0.57225,0.57225,0.57215,0.57215,16
2026-04-07T14:55:00,0.5721,0.5721,0.5718,0.5718,80
2026-04-07T14:56:00,0.5718,0.5718,0.5716,0.57165,83
2026-04-07T14:57:00,0.57165,0.57165,0.5715,0.57165,315
2026-04-07T14:58:00,0.57165,0.5717,0.57145,0.57145,291
2026-04-07T14:59:00,0.57145,0.5715,0.5714,0.57145,316
2026-04-07T15:00:00,0.57145,0.57145,0.57135,0.57145,958
2026-04-07T15:01:00,0.57145,0.57145,0.57135,0.57135,71
2026-04-07T15:02:00,0.57135,0.57135,0.5711,0.5712,89
2026-04-07T15:03:00,0.5712,0.57125,0.5712,0.57125,9
2026-04-07T15:04:00,0.57125,0.57125,0.5711,0.57115,15
2026-04-07T15:05:00,0.5711,0.5711,0.571,0.571,37
2026-04-07T15:06:00,0.571,0.57105,0.57095,0.571,86
2026-04-07T15:07:00,0.57105,0.57105,0.57095,0.571,21
2026-04-07T15:08:00,0.57095,0.571,0.5709,0.5709,60
2026-04-07T15:09:00,0.5709,0.5709,0.5708,0.57085,18
2026-04-07T15:10:00,0.5709,0.57105,0.57085,0.571,33
2026-04-07T15:11:00,0.571,0.5711,0.571,0.57105,42
2026-04-07T15:12:00,0.571,0.57105,0.571,0.571,16
2026-04-07T15:13:00,0.571,0.57105,0.5709,0.57105,22
2026-04-07T15:14:00,0.5711,0.5711,0.571,0.5711,24
2026-04-07T15:15:00,0.5711,0.5717,0.57105,0.5715,427
2026-04-07T15:16:00,0.5715,0.5715,0.57135,0.57135,150
2026-04-07T15:17:00,0.57135,0.57135,0.5713,0.5713,21
2026-04-07T15:18:00,0.5713,0.57135,0.5713,0.5713,20
2026-04-07T15:19:00,0.57135,0.57145,0.5713,0.5714,17
2026-04-07T15:20:00,0.57135,0.5714,0.5713,0.5714,31
2026-04-07T15:21:00,0.57135,0.57135,0.5713,0.57135,21
2026-04-07T15:22:00,0.5713,0.57135,0.57125,0.5713,23
2026-04-07T15:23:00,0.5713,0.5713,0.5711,0.57125,64
2026-04-07T15:24:00,0.5713,0.57135,0.5713,0.5713,35
2026-04-07T15:25:00,0.5713,0.5715,0.5713,0.5715,22
2026-04-07T15:26:00,0.5715,0.5716,0.57145,0.5716,81
2026-04-07T15:27:00,0.57155,0.57155,0.5714,0.5714,27
2026-04-07T15:28:00,0.57145,0.5715,0.57145,0.5715,16
2026-04-07T15:29:00,0.5715,0.5716,0.5715,0.5716,23
2026-04-07T15:30:00,0.5716,0.5716,0.5716,0.5716,28
2026-04-07T15:31:00,0.5716,0.5716,0.57145,0.57155,46
2026-04-07T15:32:00,0.57155,0.57165,0.57155,0.5716,19
2026-04-07T15:33:00,0.57165,0.57165,0.5716,0.5716,11
2026-04-07T15:34:00,0.5716,0.5716,0.5716,0.5716,3
2026-04-07T15:35:00,0.57155,0.57165,0.57155,0.57165,27
2026-04-07T15:36:00,0.57165,0.57165,0.5716,0.57165,21
2026-04-07T15:37:00,0.57165,0.57165,0.5715,0.57155,59
2026-04-07T15:38:00,0.57155,0.5716,0.57155,0.5716,2
2026-04-07T15:39:00,0.57155,0.57155,0.57145,0.5715,12
2026-04-07T15:40:00,0.5715,0.5716,0.5715,0.57155,12
2026-04-07T15:41:00,0.5715,0.5715,0.57135,0.57135,14
2026-04-07T15:42:00,0.5714,0.5714,0.5714,0.5714,4
2026-04-07T15:43:00,0.57145,0.57145,0.5714,0.5714,11
2026-04-07T15:44:00,0.57145,0.57145,0.5712,0.5712,27
2026-04-07T15:45:00,0.57115,0.5712,0.57105,0.5712,58
2026-04-07T15:46:00,0.57125,0.5714,0.57125,0.5714,28
2026-04-07T15:47:00,0.5714,0.57145,0.5714,0.57145,19
2026-04-07T15:48:00,0.57145,0.5715,0.57135,0.57145,15
2026-04-07T15:49:00,0.5715,0.5716,0.5714,0.5716,33
2026-04-07T15:50:00,0.5716,0.5716,0.57155,0.5716,31
2026-04-07T15:51:00,0.57165,0.57165,0.57155,0.5716,39
2026-04-07T15:52:00,0.57155,0.57155,0.5715,0.57155,13
2026-04-07T15:53:00,0.5716,0.5717,0.5716,0.57165,25
2026-04-07T15:54:00,0.5717,0.5717,0.5716,0.5716,43
2026-04-07T15:55:00,0.57155,0.57195,0.57155,0.57165,250
2026-04-07T15:56:00,0.5716,0.5716,0.5715,0.57155,58
2026-04-07T15:57:00,0.5716,0.5716,0.57155,0.57155,44
2026-04-07T15:58:00,0.57155,0.5717,0.57155,0.5717,18
2026-04-07T15:59:00,0.57165,0.57165,0.5716,0.57165,25
2026-04-07T16:00:00,0.5717,0.5718,0.57165,0.5718,34
2026-04-07T16:01:00,0.5717,0.57175,0.57165,0.5717,37
2026-04-07T16:02:00,0.5717,0.57205,0.57165,0.57205,62
2026-04-07T16:03:00,0.572,0.57235,0.572,0.57205,167
2026-04-07T16:04:00,0.57205,0.57205,0.57195,0.57195,13
2026-04-07T16:05:00,0.5719,0.57195,0.5718,0.5719,41
2026-04-07T16:06:00,0.5718,0.57205,0.5718,0.57205,28
2026-04-07T16:07:00,0.5721,0.5721,0.57195,0.57195,18
2026-04-07T16:08:00,0.57185,0.57185,0.57185,0.57185,15
2026-04-07T16:09:00,0.57185,0.5719,0.57185,0.57185,19
2026-04-07T16:10:00,0.57185,0.57185,0.57185,0.57185,1
2026-04-07T16:11:00,0.57185,0.57185,0.57185,0.57185,8
2026-04-07T16:12:00,0.57185,0.57185,0.57185,0.57185,7
2026-04-07T16:13:00,0.5719,0.57195,0.57185,0.57195,26
2026-04-07T16:14:00,0.5719,0.5719,0.57185,0.57185,10
2026-04-07T16:15:00,0.57185,0.5719,0.5718,0.5719,28
2026-04-07T16:16:00,0.57185,0.57185,0.57185,0.57185,8
2026-04-07T16:17:00,0.57185,0.57185,0.57185,0.57185,2
2026-04-07T16:18:00,0.5718,0.57185,0.5718,0.5718,24
2026-04-07T16:19:00,0.57175,0.5718,0.57175,0.5718,9
2026-04-07T16:20:00,0.57175,0.57175,0.5717,0.57175,11
2026-04-07T16:21:00,0.57175,0.5718,0.57175,0.5718,5
2026-04-07T16:22:00,0.5718,0.5718,0.5718,0.5718,4
2026-04-07T16:23:00,0.57175,0.5723,0.57175,0.5719,367
2026-04-07T16:24:00,0.57185,0.57195,0.5718,0.57195,49
2026-04-07T16:25:00,0.57195,0.572,0.57195,0.57195,19
2026-04-07T16:26:00,0.57185,0.5719,0.57185,0.5719,20
2026-04-07T16:27:00,0.572,0.57205,0.572,0.57205,19
2026-04-07T16:28:00,0.57215,0.57215,0.572,0.57205,20
2026-04-07T16:29:00,0.5721,0.57215,0.5721,0.57215,6
2026-04-07T16:30:00,0.57205,0.57215,0.57205,0.57215,11
2026-04-07T16:31:00,0.5721,0.5722,0.5721,0.5722,13
2026-04-07T16:32:00,0.5722,0.5722,0.57215,0.57215,10
2026-04-07T16:33:00,0.5722,0.57225,0.5722,0.57225,3
2026-04-07T16:34:00,0.57225,0.57225,0.57225,0.57225,17
2026-04-07T16:35:00,0.5723,0.57235,0.5723,0.57235,27
2026-04-07T16:36:00,0.57225,0.5723,0.5722,0.5723,19
2026-04-07T16:37:00,0.5723,0.5723,0.57225,0.5723,43
2026-04-07T16:38:00,0.57225,0.57225,0.5722,0.5722,3
2026-04-07T16:39:00,0.5722,0.5722,0.5721,0.57215,16
2026-04-07T16:40:00,0.5721,0.57215,0.5721,0.57215,3
2026-04-07T16:41:00,0.5722,0.5723,0.5722,0.5723,27
2026-04-07T16:42:00,0.57225,0.5723,0.5722,0.5722,8
2026-04-07T16:43:00,0.57215,0.57215,0.5721,0.5721,14
2026-04-07T16:44:00,0.5721,0.5722,0.5721,0.57215,15
2026-04-07T16:45:00,0.57225,0.5723,0.57225,0.5723,6
2026-04-07T16:46:00,0.57215,0.57225,0.57215,0.57225,3
2026-04-07T16:47:00,0.57215,0.57225,0.57215,0.57225,8
2026-04-07T16:48:00,0.57225,0.5723,0.57225,0.5723,8
2026-04-07T16:49:00,0.5722,0.5722,0.5722,0.5722,3
2026-04-07T16:50:00,0.5722,0.5722,0.5722,0.5722,7
2026-04-07T16:52:00,0.57225,0.57225,0.5722,0.57225,20
2026-04-07T16:53:00,0.57225,0.5723,0.57225,0.5723,13
2026-04-07T16:54:00,0.5723,0.5723,0.57215,0.57215,11
2026-04-07T16:55:00,0.5721,0.5721,0.5721,0.5721,3
2026-04-07T16:56:00,0.572,0.57205,0.572,0.57205,19
2026-04-07T16:57:00,0.5721,0.5721,0.5721,0.5721,35
2026-04-07T16:58:00,0.57205,0.57215,0.57205,0.57215,22
2026-04-07T16:59:00,0.57215,0.57215,0.57215,0.57215,40
2026-04-07T17:00:00,0.5721,0.57235,0.5721,0.57215,106
2026-04-07T17:01:00,0.5722,0.5722,0.5722,0.5722,13
2026-04-07T17:02:00,0.57225,0.57235,0.57225,0.5723,20
2026-04-07T17:03:00,0.57235,0.57245,0.5723,0.57245,7
2026-04-07T17:04:00,0.57245,0.57245,0.57245,0.57245,6
2026-04-07T17:05:00,0.57245,0.57245,0.57235,0.57235,17
2026-04-07T17:06:00,0.57235,0.57245,0.57235,0.57245,11
2026-04-07T17:07:00,0.5724,0.5724,0.5724,0.5724,5
2026-04-07T17:08:00,0.57235,0.57235,0.57235,0.57235,1
2026-04-07T17:09:00,0.57235,0.57235,0.5723,0.5723,18
2026-04-07T17:10:00,0.5723,0.57235,0.5723,0.5723,5
2026-04-07T17:11:00,0.57225,0.57225,0.57215,0.5722,42
2026-04-07T17:12:00,0.5722,0.5723,0.5722,0.5723,42
2026-04-07T17:13:00,0.5723,0.5723,0.5723,0.5723,6
2026-04-07T17:14:00,0.57225,0.57225,0.57225,0.57225,2
2026-04-07T17:15:00,0.5722,0.57225,0.5722,0.57225,2
2026-04-07T17:16:00,0.5723,0.5723,0.5723,0.5723,7
2026-04-07T17:17:00,0.5721,0.5721,0.5721,0.5721,12
2026-04-07T17:18:00,0.5721,0.5721,0.5721,0.5721,1
2026-04-07T17:19:00,0.57205,0.5721,0.57205,0.5721,10
2026-04-07T17:20:00,0.5721,0.5721,0.57205,0.57205,5
2026-04-07T17:21:00,0.57195,0.572,0.57195,0.572,8
2026-04-07T17:22:00,0.572,0.57205,0.572,0.572,9
2026-04-07T17:23:00,0.572,0.5721,0.57195,0.57205,10
2026-04-07T17:24:00,0.57205,0.57205,0.57205,0.57205,2
2026-04-07T17:25:00,0.572,0.572,0.5718,0.57195,447
2026-04-07T17:26:00,0.57205,0.57205,0.57205,0.57205,1
2026-04-07T17:27:00,0.57195,0.572,0.57195,0.572,8
2026-04-07T17:28:00,0.57195,0.57195,0.57195,0.57195,11
2026-04-07T17:29:00,0.57195,0.57195,0.57195,0.57195,1
2026-04-07T17:30:00,0.572,0.5721,0.572,0.5721,15
2026-04-07T17:31:00,0.57205,0.57205,0.57205,0.57205,10
2026-04-07T17:32:00,0.57215,0.57225,0.57215,0.57225,15
2026-04-07T17:33:00,0.5722,0.57225,0.5722,0.57225,16
2026-04-07T17:34:00,0.5723,0.57235,0.5723,0.57235,7
2026-04-07T17:35:00,0.5724,0.57275,0.5724,0.5727,55
2026-04-07T17:36:00,0.5726,0.57285,0.5726,0.57285,56
2026-04-07T17:37:00,0.57285,0.5729,0.5728,0.57285,95
2026-04-07T17:38:00,0.5728,0.57285,0.57265,0.57265,25
2026-04-07T17:39:00,0.5727,0.5727,0.5726,0.5726,23
2026-04-07T17:40:00,0.57245,0.57245,0.57245,0.57245,10
2026-04-07T17:41:00,0.57255,0.57255,0.57255,0.57255,1
2026-04-07T17:42:00,0.57255,0.57255,0.57255,0.57255,1
2026-04-07T17:43:00,0.57245,0.5725,0.57245,0.5725,16
2026-04-07T17:44:00,0.5725,0.5725,0.5725,0.5725,1
2026-04-07T17:45:00,0.5725,0.5725,0.5723,0.5723,11
2026-04-07T17:46:00,0.57235,0.57245,0.57235,0.57245,12
2026-04-07T17:47:00,0.57245,0.57245,0.57245,0.57245,3
2026-04-07T17:48:00,0.57245,0.5725,0.57245,0.57245,26
2026-04-07T17:49:00,0.5725,0.57255,0.5725,0.57255,9
2026-04-07T17:50:00,0.57255,0.57255,0.57255,0.57255,1
2026-04-07T17:51:00,0.5725,0.5726,0.5725,0.5726,10
2026-04-07T17:52:00,0.57265,0.57265,0.5726,0.5726,4
2026-04-07T17:53:00,0.57265,0.5727,0.57265,0.57265,12
2026-04-07T17:54:00,0.5726,0.5726,0.57255,0.57255,6
2026-04-07T17:55:00,0.57255,0.57255,0.5725,0.5725,9
2026-04-07T17:56:00,0.5725,0.5725,0.5725,0.5725,1
2026-04-07T17:57:00,0.5725,0.5725,0.5724,0.5724,6
2026-04-07T17:58:00,0.57245,0.57255,0.57245,0.57245,8
2026-04-07T17:59:00,0.5725,0.5725,0.5725,0.5725,6
2026-04-07T18:00:00,0.57255,0.57255,0.57255,0.57255,1
2026-04-07T18:01:00,0.5726,0.5726,0.5726,0.5726,2
2026-04-07T18:02:00,0.57255,0.57255,0.5725,0.57255,9
2026-04-07T18:05:00,0.57245,0.57245,0.5724,0.5724,15
2026-04-07T18:06:00,0.57245,0.57245,0.5724,0.5724,19
2026-04-07T18:07:00,0.57245,0.57245,0.5724,0.5724,13
2026-04-07T18:08:00,0.5724,0.57245,0.5724,0.57245,13
2026-04-07T18:09:00,0.57245,0.57245,0.57245,0.57245,2
2026-04-07T18:11:00,0.5724,0.57245,0.5724,0.57245,30
2026-04-07T18:12:00,0.57245,0.5725,0.57245,0.5725,9
2026-04-07T18:13:00,0.5725,0.57255,0.5725,0.57255,3
2026-04-07T18:14:00,0.57255,0.57255,0.57255,0.57255,1
2026-04-07T18:15:00,0.57255,0.57255,0.5725,0.5725,8
2026-04-07T18:16:00,0.57245,0.5725,0.57245,0.5725,2
2026-04-07T18:17:00,0.5725,0.5725,0.5725,0.5725,5
2026-04-07T18:18:00,0.5725,0.57255,0.5725,0.57255,13
2026-04-07T18:19:00,0.5726,0.5726,0.57255,0.5726,7
2026-04-07T18:20:00,0.57265,0.57265,0.57265,0.57265,36
2026-04-07T18:21:00,0.5727,0.5727,0.57265,0.5727,26
2026-04-07T18:22:00,0.57265,0.57285,0.57265,0.57285,49
2026-04-07T18:23:00,0.5727,0.5727,0.57265,0.5727,9
2026-04-07T18:24:00,0.5727,0.5727,0.57265,0.5727,21
2026-04-07T18:25:00,0.5727,0.5727,0.5727,0.5727,21
2026-04-07T18:26:00,0.57265,0.57265,0.57265,0.57265,1
2026-04-07T18:27:00,0.57265,0.57265,0.57265,0.57265,9
2026-04-07T18:28:00,0.57265,0.57265,0.57265,0.57265,1
2026-04-07T18:29:00,0.5727,0.5727,0.5727,0.5727,7
2026-04-07T18:30:00,0.57275,0.57275,0.57275,0.57275,2
2026-04-07T18:31:00,0.5727,0.5727,0.5727,0.5727,8
2026-04-07T18:32:00,0.5727,0.5727,0.5727,0.5727,13
2026-04-07T18:33:00,0.57265,0.57275,0.57265,0.57275,6
2026-04-07T18:34:00,0.57275,0.57275,0.57275,0.57275,1
2026-04-07T18:35:00,0.57275,0.57275,0.57275,0.57275,1
2026-04-07T18:36:00,0.5727,0.57275,0.57265,0.57275,11
2026-04-07T18:37:00,0.57265,0.57265,0.57265,0.57265,9
2026-04-07T18:38:00,0.5726,0.5726,0.5726,0.5726,2
2026-04-07T18:39:00,0.57255,0.57255,0.5725,0.57255,4
2026-04-07T18:40:00,0.57255,0.57255,0.5724,0.57245,9
2026-04-07T18:41:00,0.57245,0.5725,0.57245,0.57245,22
2026-04-07T18:42:00,0.57245,0.57245,0.5724,0.5724,7
2026-04-07T18:43:00,0.5724,0.57245,0.57235,0.5724,16
2026-04-07T18:44:00,0.5724,0.5724,0.57235,0.5724,11
2026-04-07T18:45:00,0.57235,0.57235,0.57225,0.5723,32
2026-04-07T18:46:00,0.5724,0.5724,0.5724,0.5724,2
2026-04-07T18:48:00,0.57235,0.57235,0.5723,0.5723,9
2026-04-07T18:50:00,0.5723,0.5723,0.5723,0.5723,1
2026-04-07T18:51:00,0.57225,0.57225,0.57225,0.57225,10
2026-04-07T18:52:00,0.57225,0.57225,0.57225,0.57225,6
2026-04-07T18:53:00,0.5722,0.57225,0.5722,0.5722,17
2026-04-07T18:54:00,0.57215,0.57215,0.57205,0.57205,13
2026-04-07T18:55:00,0.57205,0.57205,0.57185,0.57185,64
2026-04-07T18:56:00,0.5719,0.57195,0.57185,0.57185,47
2026-04-07T18:57:00,0.57195,0.572,0.57195,0.57195,35
2026-04-07T18:58:00,0.57205,0.57205,0.572,0.572,39
2026-04-07T18:59:00,0.572,0.57205,0.57195,0.572,279
2026-04-07T19:00:00,0.572,0.57205,0.57195,0.572,147
2026-04-07T19:01:00,0.572,0.572,0.5719,0.57195,88
2026-04-07T19:02:00,0.572,0.57215,0.572,0.57215,49
2026-04-07T19:03:00,0.57215,0.57215,0.57205,0.57205,9
2026-04-07T19:05:00,0.57205,0.57205,0.57195,0.57195,32
2026-04-07T19:06:00,0.5719,0.5719,0.5719,0.5719,11
2026-04-07T19:07:00,0.5719,0.5719,0.5719,0.5719,3
2026-04-07T19:08:00,0.57185,0.57235,0.57185,0.5719,231
2026-04-07T19:09:00,0.57195,0.57195,0.5719,0.5719,18
2026-04-07T19:10:00,0.57195,0.572,0.57195,0.572,12
2026-04-07T19:11:00,0.572,0.57205,0.572,0.57205,9
2026-04-07T19:12:00,0.5721,0.5721,0.572,0.572,30
2026-04-07T19:13:00,0.572,0.57205,0.572,0.572,7
2026-04-07T19:14:00,0.5721,0.57215,0.5721,0.5721,9
2026-04-07T19:15:00,0.5721,0.57215,0.5721,0.57215,18
2026-04-07T19:16:00,0.57215,0.5723,0.57215,0.57225,12
2026-04-07T19:17:00,0.57225,0.57225,0.57225,0.57225,1
2026-04-07T19:18:00,0.5723,0.57295,0.5723,0.5729,167
2026-04-07T19:19:00,0.57275,0.57325,0.57265,0.5731,147
2026-04-07T19:20:00,0.57305,0.57325,0.573,0.57305,74
2026-04-07T19:21:00,0.573,0.573,0.5729,0.5729,9
2026-04-07T19:22:00,0.57295,0.57295,0.57285,0.57295,8
2026-04-07T19:23:00,0.57285,0.57285,0.57275,0.57275,4
2026-04-07T19:24:00,0.5727,0.5727,0.5727,0.5727,3
2026-04-07T19:25:00,0.57275,0.5728,0.5727,0.5728,13
2026-04-07T19:26:00,0.5727,0.5727,0.57265,0.57265,6
2026-04-07T19:27:00,0.5727,0.5729,0.5727,0.5729,26
2026-04-07T19:28:00,0.57285,0.57285,0.5728,0.5728,13
2026-04-07T19:29:00,0.5728,0.5728,0.57275,0.57275,3
2026-04-07T19:30:00,0.5727,0.57275,0.5727,0.57275,5
2026-04-07T19:31:00,0.57275,0.57275,0.57275,0.57275,15
2026-04-07T19:32:00,0.57275,0.57285,0.57275,0.57285,9
2026-04-07T19:34:00,0.5728,0.57285,0.5728,0.5728,11
2026-04-07T19:35:00,0.5727,0.5727,0.5727,0.5727,1
2026-04-07T19:36:00,0.57275,0.57285,0.57275,0.5728,28
2026-04-07T19:37:00,0.57285,0.5729,0.5728,0.5729,30
2026-04-07T19:38:00,0.57285,0.57285,0.57285,0.57285,3
2026-04-07T19:39:00,0.5728,0.57285,0.5728,0.57285,7
2026-04-07T19:40:00,0.5728,0.57285,0.5728,0.57285,7
2026-04-07T19:41:00,0.57285,0.57295,0.57285,0.57295,6
2026-04-07T19:42:00,0.5728,0.5728,0.5728,0.5728,1
2026-04-07T19:43:00,0.57285,0.57285,0.57285,0.57285,7
2026-04-07T19:44:00,0.5728,0.5732,0.5728,0.57295,80
2026-04-07T19:45:00,0.57295,0.57395,0.5729,0.5737,460
2026-04-07T19:46:00,0.57365,0.5738,0.57335,0.5738,377
2026-04-07T19:47:00,0.5738,0.574,0.5737,0.57395,148
2026-04-07T19:48:00,0.57405,0.57405,0.57385,0.57385,43
2026-04-07T19:49:00,0.57385,0.57405,0.57375,0.5738,161
2026-04-07T19:50:00,0.57385,0.5739,0.5738,0.5739,67
2026-04-07T19:51:00,0.5739,0.57405,0.5739,0.57405,10
2026-04-07T19:52:00,0.57405,0.57415,0.57395,0.57405,87
2026-04-07T19:53:00,0.574,0.5741,0.574,0.57405,61
2026-04-07T19:54:00,0.574,0.5741,0.574,0.5741,17
2026-04-07T19:55:00,0.5741,0.57415,0.574,0.57405,13
2026-04-07T19:56:00,0.57405,0.57415,0.57405,0.5741,31
2026-04-07T19:57:00,0.57405,0.57405,0.5739,0.57395,35
2026-04-07T19:58:00,0.5739,0.5739,0.57375,0.5738,56
2026-04-07T19:59:00,0.57375,0.5738,0.57375,0.5738,117
2026-04-07T20:00:00,0.57375,0.57375,0.5737,0.5737,25
2026-04-07T20:01:00,0.57375,0.5739,0.57375,0.5739,9
2026-04-07T20:02:00,0.5739,0.574,0.57385,0.57395,63
2026-04-07T20:03:00,0.57405,0.57405,0.57395,0.57395,7
2026-04-07T20:04:00,0.574,0.574,0.574,0.574,1
2026-04-07T20:05:00,0.574,0.574,0.5739,0.57395,13
2026-04-07T20:06:00,0.5739,0.5739,0.5739,0.5739,21
2026-04-07T20:07:00,0.5739,0.5739,0.5739,0.5739,3
2026-04-07T20:08:00,0.57395,0.57405,0.57395,0.57405,7
2026-04-07T20:09:00,0.57405,0.5741,0.574,0.5741,31
2026-04-07T20:10:00,0.57415,0.57415,0.57415,0.57415,1
2026-04-07T20:11:00,0.5741,0.57415,0.5741,0.5741,137
2026-04-07T20:12:00,0.5741,0.57415,0.5741,0.57415,19
2026-04-07T20:13:00,0.5742,0.5743,0.5742,0.57425,47
2026-04-07T20:14:00,0.57425,0.5744,0.57425,0.57435,40
2026-04-07T20:15:00,0.5744,0.57455,0.5743,0.57435,66
2026-04-07T20:17:00,0.5743,0.57445,0.5743,0.5744,23
2026-04-07T20:18:00,0.57435,0.57435,0.5743,0.5743,34
2026-04-07T20:19:00,0.57435,0.57435,0.57425,0.5743,6
2026-04-07T20:20:00,0.5743,0.5743,0.5743,0.5743,1
2026-04-07T20:21:00,0.57425,0.57425,0.57425,0.57425,5
2026-04-07T20:22:00,0.57425,0.57425,0.57425,0.57425,5
2026-04-07T20:24:00,0.5743,0.5743,0.5743,0.5743,3
2026-04-07T20:25:00,0.5743,0.57435,0.5743,0.57435,21
2026-04-07T20:26:00,0.57425,0.5743,0.5742,0.57425,81
2026-04-07T20:27:00,0.57425,0.5743,0.57425,0.5743,7
2026-04-07T20:28:00,0.57425,0.57435,0.57425,0.57435,3
2026-04-07T20:29:00,0.5743,0.5743,0.57425,0.57425,6
2026-04-07T20:30:00,0.5742,0.5742,0.5742,0.5742,1
2026-04-07T20:31:00,0.57425,0.57425,0.5742,0.5742,9
2026-04-07T20:32:00,0.57415,0.57415,0.57415,0.57415,12
2026-04-07T20:33:00,0.57425,0.57435,0.57425,0.5743,25
2026-04-07T20:34:00,0.5743,0.5743,0.5742,0.5742,7
2026-04-07T20:35:00,0.57425,0.57425,0.57425,0.57425,1
2026-04-07T20:36:00,0.5741,0.5741,0.5741,0.5741,3
2026-04-07T20:38:00,0.5741,0.5741,0.57405,0.57405,8
2026-04-07T20:39:00,0.5742,0.5743,0.5742,0.5743,58
2026-04-07T20:40:00,0.5743,0.5743,0.57425,0.57425,19
2026-04-07T20:41:00,0.5743,0.57475,0.5743,0.5746,43
2026-04-07T20:42:00,0.57445,0.57455,0.5744,0.5744,12
2026-04-07T20:43:00,0.5744,0.57445,0.5744,0.57445,17
2026-04-07T20:44:00,0.57435,0.5745,0.57435,0.57435,49
2026-04-07T20:45:00,0.57435,0.57435,0.57425,0.57435,20
2026-04-07T20:46:00,0.57435,0.57435,0.5743,0.5743,7
2026-04-07T20:47:00,0.5743,0.5743,0.5743,0.5743,2
2026-04-07T20:48:00,0.5743,0.5746,0.5743,0.57445,334
2026-04-07T20:49:00,0.5744,0.5744,0.5744,0.5744,4
2026-04-07T20:50:00,0.57445,0.57445,0.57445,0.57445,7
2026-04-07T20:51:00,0.5744,0.5745,0.5744,0.5745,4
2026-04-07T20:52:00,0.5745,0.5745,0.5745,0.5745,2
2026-04-07T20:53:00,0.57455,0.5746,0.5745,0.5745,10
2026-04-07T20:54:00,0.5746,0.5746,0.5746,0.5746,4
2026-04-07T20:55:00,0.5746,0.5747,0.5746,0.5747,16
2026-04-07T20:56:00,0.5747,0.5747,0.57465,0.5747,12
2026-04-07T20:57:00,0.57475,0.57475,0.57465,0.57465,11
2026-04-07T20:58:00,0.57465,0.57475,0.57465,0.57475,14
2026-04-07T20:59:00,0.57475,0.57475,0.5745,0.5745,48
2026-04-07T22:00:00,0.5747,0.5756,0.5747,0.57535,236
2026-04-07T22:01:00,0.57535,0.5754,0.5753,0.57535,9
2026-04-07T22:02:00,0.5754,0.5756,0.57505,0.5754,156
2026-04-07T22:03:00,0.57545,0.5757,0.57545,0.5756,9
2026-04-07T22:04:00,0.57565,0.5757,0.57555,0.5757,11
2026-04-07T22:05:00,0.57565,0.57585,0.57565,0.57575,50
2026-04-07T22:06:00,0.57585,0.5759,0.5757,0.5758,119
2026-04-07T22:07:00,0.57575,0.57585,0.57565,0.5757,75
2026-04-07T22:08:00,0.5757,0.5757,0.5757,0.5757,4
2026-04-07T22:09:00,0.5757,0.5757,0.57565,0.57565,9
2026-04-07T22:10:00,0.5756,0.5757,0.57555,0.57555,17
2026-04-07T22:11:00,0.5755,0.57555,0.5755,0.57555,20
2026-04-07T22:12:00,0.57555,0.5756,0.57555,0.5756,10
2026-04-07T22:13:00,0.57565,0.57565,0.5755,0.5755,13
2026-04-07T22:14:00,0.57555,0.57555,0.5755,0.5755,2
2026-04-07T22:15:00,0.5755,0.5755,0.5755,0.5755,1
2026-04-07T22:16:00,0.57545,0.5755,0.57545,0.5755,9
2026-04-07T22:17:00,0.57555,0.57555,0.57555,0.57555,3
2026-04-07T22:18:00,0.5755,0.5755,0.5755,0.5755,2
2026-04-07T22:19:00,0.57555,0.57555,0.5755,0.5755,3
2026-04-07T22:20:00,0.5755,0.5755,0.5755,0.5755,2
2026-04-07T22:21:00,0.57545,0.57545,0.57545,0.57545,3
2026-04-07T22:22:00,0.57545,0.57555,0.5754,0.5755,21
2026-04-07T22:23:00,0.57555,0.5756,0.57555,0.5756,10
2026-04-07T22:24:00,0.5756,0.57565,0.5756,0.57565,2
2026-04-07T22:25:00,0.57555,0.57555,0.57555,0.57555,1
2026-04-07T22:26:00,0.5755,0.5755,0.5755,0.5755,1
2026-04-07T22:27:00,0.5755,0.57555,0.5755,0.57555,3
2026-04-07T22:28:00,0.57555,0.57565,0.57555,0.57565,6
2026-04-07T22:30:00,0.5756,0.5756,0.57515,0.5756,234
2026-04-07T22:31:00,0.5756,0.5756,0.5754,0.57555,20
2026-04-07T22:32:00,0.57555,0.5767,0.57385,0.57515,670
2026-04-07T22:33:00,0.5752,0.57655,0.5752,0.57625,351
2026-04-07T22:34:00,0.5763,0.57665,0.57595,0.57645,107
2026-04-07T22:35:00,0.57655,0.57725,0.5765,0.57705,176
2026-04-07T22:36:00,0.5772,0.57735,0.57705,0.5773,83
2026-04-07T22:37:00,0.57735,0.57795,0.5773,0.5779,248
2026-04-07T22:38:00,0.57795,0.57835,0.5779,0.57825,64
2026-04-07T22:39:00,0.5782,0.5786,0.5782,0.57855,148
2026-04-07T22:40:00,0.5785,0.57865,0.57845,0.57855,70
2026-04-07T22:41:00,0.57855,0.57855,0.57805,0.57825,96
2026-04-07T22:42:00,0.5783,0.57845,0.57795,0.57805,84
2026-04-07T22:43:00,0.5782,0.57875,0.57805,0.5785,54
2026-04-07T22:44:00,0.5785,0.5786,0.57825,0.57825,51
2026-04-07T22:45:00,0.5782,0.5789,0.5782,0.57885,241
2026-04-07T22:46:00,0.5788,0.5789,0.57865,0.5788,43
2026-04-07T22:47:00,0.57875,0.5788,0.57855,0.57875,40
2026-04-07T22:48:00,0.5787,0.5787,0.57845,0.5786,59
2026-04-07T22:49:00,0.57865,0.57885,0.57855,0.5788,64
2026-04-07T22:50:00,0.5789,0.5791,0.57885,0.57895,56
2026-04-07T22:51:00,0.579,0.57965,0.5788,0.5795,467
2026-04-07T22:52:00,0.5795,0.5796,0.57905,0.5796,382
2026-04-07T22:53:00,0.5796,0.58,0.5794,0.58,192
2026-04-07T22:54:00,0.5801,0.5802,0.57985,0.58,75
2026-04-07T22:55:00,0.58,0.5802,0.5799,0.58005,50
2026-04-07T22:56:00,0.5801,0.5804,0.58005,0.5804,99
2026-04-07T22:57:00,0.5804,0.5813,0.58035,0.5809,375
2026-04-07T22:58:00,0.58095,0.58105,0.5806,0.58095,116
2026-04-07T22:59:00,0.58105,0.5812,0.58095,0.58105,107
2026-04-07T23:00:00,0.58125,0.5813,0.5808,0.581,251
2026-04-07T23:01:00,0.581,0.581,0.5804,0.58065,190
2026-04-07T23:02:00,0.58065,0.58105,0.58045,0.581,165
2026-04-07T23:03:00,0.58095,0.582,0.5809,0.58185,290
2026-04-07T23:04:00,0.5818,0.582,0.5815,0.58155,217
2026-04-07T23:05:00,0.58135,0.5814,0.58105,0.5813,180
2026-04-07T23:06:00,0.5813,0.58165,0.58115,0.58135,159
2026-04-07T23:07:00,0.5813,0.58175,0.58115,0.58155,136
2026-04-07T23:08:00,0.58145,0.5815,0.5812,0.58125,100
2026-04-07T23:09:00,0.58125,0.58125,0.5809,0.58095,71
2026-04-07T23:10:00,0.58095,0.58105,0.5808,0.58095,39
2026-04-07T23:11:00,0.5809,0.5811,0.5809,0.58105,115
2026-04-07T23:12:00,0.5811,0.58135,0.581,0.5813,56
2026-04-07T23:13:00,0.58125,0.58175,0.58125,0.58175,116
2026-04-07T23:14:00,0.5817,0.58175,0.5814,0.5814,40
2026-04-07T23:15:00,0.58145,0.5815,0.58135,0.58135,41
2026-04-07T23:16:00,0.58135,0.5815,0.58135,0.5815,50
2026-04-07T23:17:00,0.58155,0.5818,0.5815,0.58175,69
2026-04-07T23:18:00,0.5818,0.5819,0.5817,0.5818,70
2026-04-07T23:19:00,0.5818,0.58255,0.5818,0.58235,232
2026-04-07T23:20:00,0.5824,0.5827,0.5823,0.5827,66
2026-04-07T23:21:00,0.58265,0.58285,0.58235,0.58255,95
2026-04-07T23:22:00,0.58255,0.58265,0.5825,0.58265,23
2026-04-07T23:23:00,0.58265,0.5827,0.5825,0.5827,25
2026-04-07T23:24:00,0.58275,0.58285,0.58225,0.58235,91
2026-04-07T23:25:00,0.58235,0.5824,0.582,0.5821,171
2026-04-07T23:26:00,0.5822,0.5823,0.58205,0.5823,29
2026-04-07T23:27:00,0.5822,0.5823,0.5818,0.5818,141
2026-04-07T23:28:00,0.5818,0.5818,0.5815,0.5818,53
2026-04-07T23:29:00,0.5818,0.5818,0.58135,0.58155,93
2026-04-07T23:30:00,0.5816,0.58195,0.58155,0.5818,60
2026-04-07T23:31:00,0.5817,0.5817,0.5816,0.5817,23
2026-04-07T23:32:00,0.58175,0.58195,0.5817,0.58195,14
2026-04-07T23:33:00,0.5819,0.5819,0.5817,0.5818,56
2026-04-07T23:34:00,0.5818,0.582,0.58165,0.582,131
2026-04-07T23:35:00,0.582,0.582,0.58175,0.582,135
2026-04-07T23:36:00,0.58195,0.582,0.58165,0.5819,57
2026-04-07T23:37:00,0.5819,0.58215,0.58185,0.582,22
2026-04-07T23:38:00,0.582,0.58245,0.582,0.5823,198
2026-04-07T23:39:00,0.58235,0.5832,0.58225,0.58315,492
2026-04-07T23:40:00,0.58315,0.5832,0.5827,0.58285,146
2026-04-07T23:41:00,0.5828,0.58285,0.58265,0.58275,127
2026-04-07T23:42:00,0.5827,0.583,0.5826,0.5826,230
2026-04-07T23:43:00,0.58265,0.5828,0.58245,0.5827,44
2026-04-07T23:44:00,0.58275,0.5828,0.58255,0.58255,24
2026-04-07T23:45:00,0.58275,0.5829,0.58265,0.5828,110
2026-04-07T23:46:00,0.58285,0.58305,0.58285,0.5829,108
2026-04-07T23:47:00,0.58285,0.58315,0.5827,0.58275,227
2026-04-07T23:48:00,0.58275,0.58275,0.58255,0.58255,29
2026-04-07T23:49:00,0.58255,0.58275,0.58255,0.5827,27
2026-04-07T23:50:00,0.5826,0.58275,0.5825,0.58265,106
2026-04-07T23:51:00,0.5827,0.58275,0.58245,0.5825,24
2026-04-07T23:52:00,0.5824,0.58265,0.5824,0.58255,34
2026-04-07T23:53:00,0.5827,0.58285,0.58265,0.5828,24
2026-04-07T23:54:00,0.5828,0.5828,0.5824,0.5825,39
2026-04-07T23:55:00,0.5825,0.58255,0.58235,0.58235,24
2026-04-07T23:56:00,0.5824,0.5824,0.58235,0.5824,14
2026-04-07T23:57:00,0.58235,0.58245,0.5822,0.5822,78
2026-04-07T23:58:00,0.58225,0.58245,0.58215,0.58235,143
2026-04-07T23:59:00,0.58235,0.58245,0.5822,0.58225,36
2026-04-08T00:00:00,0.5823,0.5827,0.5822,0.5827,178
2026-04-08T00:01:00,0.5827,0.5829,0.58235,0.5829,103
2026-04-08T00:02:00,0.58295,0.58305,0.58275,0.58285,38
2026-04-08T00:03:00,0.5829,0.58295,0.58235,0.58245,49
2026-04-08T00:04:00,0.5824,0.5824,0.5822,0.5823,45
2026-04-08T00:05:00,0.5823,0.5825,0.5822,0.58225,50
2026-04-08T00:06:00,0.58225,0.58245,0.5821,0.5822,56
2026-04-08T00:07:00,0.58215,0.5822,0.58185,0.58195,96
2026-04-08T00:08:00,0.58195,0.58195,0.58165,0.5818,122
2026-04-08T00:09:00,0.5817,0.5819,0.5817,0.5819,51
2026-04-08T00:10:00,0.5821,0.58215,0.582,0.58215,40
2026-04-08T00:11:00,0.58215,0.58215,0.582,0.582,42
2026-04-08T00:12:00,0.582,0.582,0.58185,0.5819,42
2026-04-08T00:13:00,0.582,0.58205,0.58175,0.58175,19
2026-04-08T00:14:00,0.58175,0.58175,0.58145,0.58155,83
2026-04-08T00:15:00,0.58155,0.58155,0.5811,0.5813,78
2026-04-08T00:16:00,0.58145,0.58155,0.58145,0.58145,44
2026-04-08T00:17:00,0.5814,0.5814,0.5813,0.58135,12
2026-04-08T00:18:00,0.5814,0.5815,0.58125,0.58125,49
2026-04-08T00:19:00,0.5812,0.58125,0.58115,0.5812,22
2026-04-08T00:20:00,0.5812,0.5813,0.58105,0.5813,55
2026-04-08T00:21:00,0.58135,0.58145,0.58135,0.58135,20
2026-04-08T00:22:00,0.58135,0.5814,0.5812,0.5813,30
2026-04-08T00:23:00,0.58135,0.5815,0.58135,0.5815,40
2026-04-08T00:24:00,0.58145,0.58145,0.5813,0.5813,36
2026-04-08T00:25:00,0.58125,0.58135,0.5812,0.5813,67
2026-04-08T00:26:00,0.5814,0.58165,0.5814,0.5815,26
2026-04-08T00:27:00,0.58145,0.58145,0.58115,0.58115,13
2026-04-08T00:28:00,0.58115,0.58115,0.5811,0.5811,19
2026-04-08T00:29:00,0.58115,0.58115,0.5811,0.58115,15
2026-04-08T00:30:00,0.58125,0.5813,0.581,0.5811,97
2026-04-08T00:31:00,0.5811,0.5811,0.58085,0.58095,67
2026-04-08T00:32:00,0.581,0.58115,0.581,0.58105,111
2026-04-08T00:33:00,0.58105,0.58105,0.58095,0.58095,8
2026-04-08T00:34:00,0.5809,0.5809,0.58075,0.58085,17
2026-04-08T00:35:00,0.5809,0.5809,0.58065,0.58075,81
2026-04-08T00:36:00,0.58075,0.5808,0.58045,0.58045,85
2026-04-08T00:37:00,0.5805,0.5806,0.58045,0.5806,92
2026-04-08T00:38:00,0.5808,0.58095,0.5807,0.5808,52
2026-04-08T00:39:00,0.5808,0.58085,0.5806,0.58065,15
2026-04-08T00:40:00,0.5807,0.5807,0.58045,0.58045,17
2026-04-08T00:41:00,0.5804,0.5805,0.5804,0.58045,15
2026-04-08T00:42:00,0.5805,0.58065,0.5805,0.58065,12
2026-04-08T00:43:00,0.5806,0.5806,0.5804,0.58045,16
2026-04-08T00:44:00,0.58045,0.58045,0.58025,0.58025,15
2026-04-08T00:45:00,0.58025,0.58025,0.5801,0.58015,147
2026-04-08T00:46:00,0.5802,0.58025,0.58015,0.58015,20
2026-04-08T00:47:00,0.58015,0.5802,0.58,0.58,70
2026-04-08T00:48:00,0.58005,0.58025,0.58005,0.5802,19
2026-04-08T00:49:00,0.58025,0.58055,0.58025,0.5804,106
2026-04-08T00:50:00,0.5804,0.58045,0.5804,0.58045,44
2026-04-08T00:51:00,0.58045,0.58065,0.58045,0.58055,18
2026-04-08T00:52:00,0.58055,0.5807,0.58055,0.58065,24
2026-04-08T00:53:00,0.5806,0.58065,0.5805,0.5805,14
2026-04-08T00:54:00,0.5805,0.5806,0.58045,0.5805,31
2026-04-08T00:55:00,0.58055,0.58065,0.58035,0.58035,38
2026-04-08T00:56:00,0.58035,0.58035,0.58025,0.58025,22
2026-04-08T00:57:00,0.58025,0.58035,0.58025,0.5803,7
2026-04-08T00:58:00,0.58035,0.58035,0.5801,0.58015,19
2026-04-08T00:59:00,0.5802,0.58025,0.58015,0.58025,10
2026-04-08T01:00:00,0.58015,0.5804,0.58015,0.5804,82
2026-04-08T01:01:00,0.58045,0.58055,0.5804,0.58055,32
2026-04-08T01:02:00,0.5805,0.5805,0.5804,0.58045,20
2026-04-08T01:03:00,0.58045,0.58045,0.58035,0.58045,54
2026-04-08T01:04:00,0.5804,0.5805,0.58035,0.5805,34
2026-04-08T01:05:00,0.5805,0.5805,0.5804,0.58045,42
2026-04-08T01:06:00,0.58045,0.58045,0.5803,0.58045,43
2026-04-08T01:07:00,0.5804,0.58055,0.5804,0.5805,21
2026-04-08T01:08:00,0.58055,0.58075,0.58055,0.5806,36
2026-04-08T01:09:00,0.58055,0.58055,0.5804,0.58045,18
2026-04-08T01:10:00,0.5805,0.5805,0.58045,0.5805,3
2026-04-08T01:11:00,0.58055,0.5806,0.5805,0.5806,15
2026-04-08T01:12:00,0.5806,0.5809,0.5806,0.5809,13
2026-04-08T01:13:00,0.5809,0.58095,0.5808,0.5808,30
2026-04-08T01:14:00,0.58085,0.5809,0.58055,0.5806,72
2026-04-08T01:15:00,0.5806,0.58075,0.58055,0.58075,65
2026-04-08T01:16:00,0.5808,0.5808,0.58075,0.58075,2
2026-04-08T01:17:00,0.5807,0.58085,0.5807,0.58085,9
2026-04-08T01:18:00,0.5809,0.5809,0.5808,0.5808,14
2026-04-08T01:19:00,0.58085,0.5809,0.5808,0.5808,19
2026-04-08T01:20:00,0.5808,0.5808,0.5807,0.58075,9
2026-04-08T01:21:00,0.58075,0.58075,0.58065,0.58065,8
2026-04-08T01:22:00,0.5808,0.5808,0.5808,0.5808,1
2026-04-08T01:23:00,0.5809,0.58105,0.58085,0.581,15
2026-04-08T01:24:00,0.58105,0.58105,0.58095,0.581,6
2026-04-08T01:25:00,0.58105,0.58115,0.58105,0.58115,6
2026-04-08T01:26:00,0.5812,0.5813,0.58115,0.5813,25
2026-04-08T01:27:00,0.58125,0.58125,0.5812,0.58125,7
2026-04-08T01:28:00,0.5813,0.58135,0.5812,0.58125,17
2026-04-08T01:29:00,0.5812,0.58125,0.5811,0.58125,6
2026-04-08T01:30:00,0.5812,0.58125,0.58095,0.581,68
2026-04-08T01:31:00,0.58095,0.581,0.58065,0.58075,63
2026-04-08T01:32:00,0.5808,0.5808,0.58075,0.58075,7
2026-04-08T01:33:00,0.5808,0.5808,0.5807,0.5807,11
2026-04-08T01:34:00,0.5808,0.58085,0.58075,0.58085,5
2026-04-08T01:35:00,0.58095,0.581,0.5808,0.5808,16
2026-04-08T01:36:00,0.5808,0.58085,0.58075,0.58085,5
2026-04-08T01:37:00,0.5809,0.581,0.5809,0.581,13
2026-04-08T01:38:00,0.58095,0.5811,0.58095,0.58105,4
2026-04-08T01:39:00,0.58105,0.58105,0.5808,0.5808,12
2026-04-08T01:40:00,0.58075,0.5808,0.58065,0.58075,24
2026-04-08T01:41:00,0.58075,0.58075,0.5807,0.58075,3
2026-04-08T01:42:00,0.58085,0.5809,0.58085,0.5809,7
2026-04-08T01:43:00,0.5808,0.5809,0.58075,0.58075,12
2026-04-08T01:44:00,0.58085,0.5809,0.58085,0.5809,10
2026-04-08T01:45:00,0.58095,0.5811,0.58095,0.58105,10
2026-04-08T01:46:00,0.581,0.58115,0.581,0.5811,9
2026-04-08T01:47:00,0.58115,0.58115,0.58105,0.5811,11
2026-04-08T01:48:00,0.5811,0.5811,0.5811,0.5811,4
2026-04-08T01:49:00,0.5812,0.58125,0.5812,0.58125,11
2026-04-08T01:50:00,0.5813,0.58155,0.5813,0.5815,29
2026-04-08T01:51:00,0.58155,0.58155,0.5814,0.5814,20
2026-04-08T01:52:00,0.58145,0.5815,0.5814,0.5815,8
2026-04-08T01:53:00,0.5815,0.5815,0.58135,0.58135,6
2026-04-08T01:54:00,0.5813,0.5813,0.5811,0.5811,23
2026-04-08T01:55:00,0.58105,0.58105,0.58095,0.58095,3
2026-04-08T01:56:00,0.581,0.5811,0.581,0.58105,5
2026-04-08T01:57:00,0.581,0.581,0.58095,0.58095,2
2026-04-08T01:58:00,0.581,0.58105,0.581,0.58105,7
2026-04-08T01:59:00,0.58105,0.58105,0.581,0.581,6
2026-04-08T02:00:00,0.581,0.5822,0.581,0.58185,751
2026-04-08T02:01:00,0.58175,0.58315,0.58175,0.5829,781
2026-04-08T02:02:00,0.5829,0.583,0.58235,0.58235,87
2026-04-08T02:03:00,0.5824,0.5829,0.5824,0.5826,197
2026-04-08T02:04:00,0.5826,0.5826,0.5823,0.58235,41
2026-04-08T02:05:00,0.58235,0.58235,0.5822,0.58225,56
2026-04-08T02:06:00,0.5823,0.5823,0.5821,0.5821,24
2026-04-08T02:07:00,0.58205,0.5821,0.5819,0.582,28
2026-04-08T02:08:00,0.58205,0.5822,0.58195,0.58215,36
2026-04-08T02:09:00,0.58205,0.58205,0.5818,0.58185,37
2026-04-08T02:10:00,0.58185,0.58195,0.5818,0.5818,8
2026-04-08T02:11:00,0.5819,0.582,0.5817,0.58185,108
2026-04-08T02:12:00,0.5819,0.58215,0.58185,0.5821,61
2026-04-08T02:13:00,0.5822,0.5824,0.5821,0.58225,33
2026-04-08T02:14:00,0.5822,0.5822,0.58195,0.58195,20
2026-04-08T02:15:00,0.582,0.582,0.5818,0.58185,11
2026-04-08T02:16:00,0.58185,0.58185,0.58165,0.58165,35
2026-04-08T02:17:00,0.58165,0.5817,0.58165,0.5817,25
2026-04-08T02:18:00,0.58165,0.58165,0.5815,0.5816,23
2026-04-08T02:19:00,0.5817,0.58175,0.5817,0.5817,19
2026-04-08T02:20:00,0.5817,0.58175,0.58165,0.58165,12
2026-04-08T02:21:00,0.58155,0.58155,0.5814,0.5814,37
2026-04-08T02:22:00,0.5814,0.5814,0.5812,0.5812,56
2026-04-08T02:23:00,0.58125,0.5814,0.58125,0.58135,75
2026-04-08T02:24:00,0.58135,0.5815,0.58135,0.58135,22
2026-04-08T02:25:00,0.5813,0.5814,0.5813,0.58135,16
2026-04-08T02:26:00,0.58135,0.58145,0.58135,0.58145,4
2026-04-08T02:27:00,0.5815,0.5817,0.5815,0.5817,15
2026-04-08T02:28:00,0.58165,0.58165,0.58155,0.5816,10
2026-04-08T02:29:00,0.5816,0.5816,0.58145,0.58145,6
2026-04-08T02:30:00,0.5815,0.5815,0.5813,0.58135,17
2026-04-08T02:31:00,0.58135,0.58135,0.58105,0.58115,67
2026-04-08T02:32:00,0.58105,0.58105,0.58105,0.58105,2
2026-04-08T02:33:00,0.58115,0.5812,0.5811,0.5811,20
2026-04-08T02:34:00,0.5811,0.5811,0.5811,0.5811,2
2026-04-08T02:35:00,0.5811,0.5812,0.5811,0.5812,5
2026-04-08T02:36:00,0.581,0.5811,0.581,0.5811,7
2026-04-08T02:37:00,0.5813,0.58135,0.5812,0.5813,45
2026-04-08T02:38:00,0.5813,0.5813,0.58125,0.58125,15
2026-04-08T02:39:00,0.5812,0.5812,0.58115,0.5812,5
2026-04-08T02:40:00,0.5812,0.5812,0.5812,0.5812,1
2026-04-08T02:41:00,0.58115,0.5812,0.58115,0.5812,10
2026-04-08T02:42:00,0.5812,0.5812,0.58115,0.58115,9
2026-04-08T02:43:00,0.58115,0.5812,0.58115,0.5812,2
2026-04-08T02:45:00,0.5812,0.5813,0.5812,0.5813,4
2026-04-08T02:46:00,0.58125,0.5813,0.58125,0.5813,3
2026-04-08T02:47:00,0.5813,0.5813,0.58125,0.58125,14
2026-04-08T02:48:00,0.58135,0.58155,0.58135,0.5815,27
2026-04-08T02:49:00,0.5815,0.5815,0.5815,0.5815,7
2026-04-08T02:50:00,0.5815,0.58165,0.5815,0.5816,14
2026-04-08T02:51:00,0.5816,0.5816,0.58145,0.58145,24
2026-04-08T02:52:00,0.58155,0.5816,0.58155,0.5816,9
2026-04-08T02:53:00,0.58165,0.58165,0.5816,0.58165,6
2026-04-08T02:54:00,0.5816,0.5816,0.5815,0.58155,56
2026-04-08T02:55:00,0.58155,0.5816,0.58145,0.58145,16
2026-04-08T02:56:00,0.5814,0.5814,0.5813,0.5813,16
2026-04-08T02:57:00,0.58125,0.5813,0.58125,0.5813,17
2026-04-08T02:58:00,0.5813,0.5813,0.58125,0.58125,6
2026-04-08T02:59:00,0.5814,0.5814,0.58135,0.58135,6
2026-04-08T03:00:00,0.58135,0.58135,0.5813,0.58135,17
2026-04-08T03:01:00,0.58135,0.58135,0.5812,0.5812,44
2026-04-08T03:02:00,0.58125,0.58125,0.5812,0.5812,26
2026-04-08T03:03:00,0.58115,0.58115,0.5811,0.58115,21
2026-04-08T03:04:00,0.5812,0.5813,0.5812,0.5812,20
2026-04-08T03:05:00,0.58115,0.5813,0.5811,0.5811,48
2026-04-08T03:06:00,0.5811,0.58115,0.5811,0.58115,2
2026-04-08T03:07:00,0.5811,0.58115,0.5811,0.58115,8
2026-04-08T03:08:00,0.5812,0.58135,0.5812,0.58135,31
2026-04-08T03:09:00,0.5813,0.5814,0.5813,0.58135,33
2026-04-08T03:11:00,0.58135,0.5824,0.58135,0.5822,443
2026-04-08T03:12:00,0.5822,0.58235,0.58195,0.58235,160
2026-04-08T03:13:00,0.58235,0.58245,0.5821,0.58245,162
2026-04-08T03:14:00,0.5824,0.583,0.5824,0.583,115
2026-04-08T03:15:00,0.583,0.583,0.5827,0.5827,114
2026-04-08T03:16:00,0.5827,0.5832,0.58265,0.5832,63
2026-04-08T03:17:00,0.58315,0.5834,0.58305,0.58335,77
2026-04-08T03:18:00,0.5833,0.58335,0.58245,0.5825,149
2026-04-08T03:19:00,0.5825,0.58255,0.58195,0.58195,184
2026-04-08T03:20:00,0.58195,0.582,0.5818,0.5819,42
2026-04-08T03:21:00,0.58185,0.5819,0.5816,0.58165,63
2026-04-08T03:22:00,0.5816,0.5816,0.58135,0.5814,102
2026-04-08T03:23:00,0.5814,0.58145,0.5813,0.58145,35
2026-04-08T03:24:00,0.5814,0.58145,0.5814,0.5814,9
2026-04-08T03:25:00,0.5815,0.58175,0.5814,0.58145,66
2026-04-08T03:26:00,0.5814,0.5816,0.5814,0.5816,21
2026-04-08T03:27:00,0.5815,0.58205,0.58145,0.582,145
2026-04-08T03:28:00,0.58195,0.58195,0.58175,0.5818,53
2026-04-08T03:29:00,0.5819,0.58195,0.5819,0.58195,12
2026-04-08T03:30:00,0.582,0.582,0.58185,0.58195,16
2026-04-08T03:31:00,0.5819,0.582,0.5819,0.58195,15
2026-04-08T03:32:00,0.58185,0.58185,0.5816,0.5816,10
2026-04-08T03:33:00,0.58155,0.58155,0.58145,0.58145,20
2026-04-08T03:34:00,0.58145,0.5817,0.58145,0.5817,17
2026-04-08T03:35:00,0.58175,0.582,0.58175,0.582,42
2026-04-08T03:36:00,0.58205,0.58215,0.582,0.582,32
2026-04-08T03:37:00,0.582,0.58215,0.582,0.58215,14
2026-04-08T03:38:00,0.58215,0.5829,0.58215,0.5828,176
2026-04-08T03:39:00,0.5828,0.583,0.5826,0.583,127
2026-04-08T03:40:00,0.58295,0.5835,0.5829,0.5834,165
2026-04-08T03:41:00,0.5834,0.58345,0.58335,0.58335,79
2026-04-08T03:42:00,0.5834,0.58375,0.58335,0.58375,54
2026-04-08T03:43:00,0.5837,0.58415,0.5837,0.58385,145
2026-04-08T03:44:00,0.5838,0.5838,0.58335,0.58335,75
2026-04-08T03:45:00,0.5833,0.5833,0.5832,0.5832,34
2026-04-08T03:46:00,0.58315,0.58335,0.5831,0.58335,16
2026-04-08T03:47:00,0.5833,0.5833,0.58315,0.58315,17
2026-04-08T03:48:00,0.5832,0.58335,0.5832,0.58335,11
2026-04-08T03:49:00,0.58335,0.5835,0.58335,0.5835,18
2026-04-08T03:50:00,0.58345,0.58345,0.58335,0.58345,19
2026-04-08T03:51:00,0.5835,0.5835,0.5835,0.5835,9
2026-04-08T03:52:00,0.58355,0.58415,0.58355,0.58365,294
2026-04-08T03:53:00,0.5837,0.5837,0.58355,0.58355,13
2026-04-08T03:54:00,0.58355,0.58355,0.58345,0.5835,21
2026-04-08T03:55:00,0.58355,0.5837,0.58355,0.58365,35
2026-04-08T03:56:00,0.58365,0.58365,0.5836,0.5836,13
2026-04-08T03:57:00,0.58355,0.58385,0.58355,0.58385,24
2026-04-08T03:58:00,0.5838,0.58385,0.58375,0.5838,30
2026-04-08T03:59:00,0.58385,0.58385,0.5837,0.5837,26
2026-04-08T04:00:00,0.58365,0.584,0.58365,0.584,29
2026-04-08T04:01:00,0.584,0.58415,0.58395,0.58415,55
2026-04-08T04:02:00,0.5841,0.5843,0.58405,0.5842,35
2026-04-08T04:03:00,0.58425,0.58485,0.58425,0.58485,124
2026-04-08T04:04:00,0.58485,0.58485,0.58435,0.58435,52
2026-04-08T04:05:00,0.58435,0.5845,0.58435,0.58435,35
2026-04-08T04:06:00,0.58435,0.5844,0.58435,0.5844,6
2026-04-08T04:07:00,0.5844,0.58445,0.58435,0.58435,14
2026-04-08T04:08:00,0.5844,0.5844,0.58435,0.58435,4
2026-04-08T04:09:00,0.5844,0.5845,0.58435,0.5845,14
2026-04-08T04:10:00,0.5846,0.58475,0.5846,0.58465,41
2026-04-08T04:11:00,0.5846,0.58465,0.58445,0.5845,30
2026-04-08T04:12:00,0.5845,0.58455,0.5845,0.5845,6
2026-04-08T04:13:00,0.58445,0.58445,0.5844,0.58445,8
2026-04-08T04:14:00,0.5846,0.5847,0.58455,0.5847,8
2026-04-08T04:15:00,0.5846,0.5847,0.58455,0.5847,8
2026-04-08T04:16:00,0.58465,0.58465,0.58455,0.58465,14
2026-04-08T04:17:00,0.58465,0.58465,0.5845,0.5845,14
2026-04-08T04:18:00,0.58455,0.58455,0.58435,0.58445,23
2026-04-08T04:19:00,0.5845,0.58455,0.58445,0.58445,14
2026-04-08T04:20:00,0.58445,0.5845,0.5844,0.5844,36
2026-04-08T04:21:00,0.5844,0.5845,0.58435,0.5844,38
2026-04-08T04:22:00,0.5844,0.5844,0.5844,0.5844,7
2026-04-08T04:23:00,0.5844,0.5844,0.58435,0.58435,5
2026-04-08T04:24:00,0.5844,0.5845,0.5844,0.5845,12
2026-04-08T04:25:00,0.58445,0.5845,0.58445,0.5845,4
2026-04-08T04:26:00,0.5845,0.5845,0.5844,0.5844,20
2026-04-08T04:27:00,0.58435,0.58435,0.5843,0.5843,8
2026-04-08T04:28:00,0.5844,0.58445,0.5844,0.5844,5
2026-04-08T04:29:00,0.58445,0.58445,0.58445,0.58445,20
2026-04-08T04:30:00,0.5844,0.58445,0.5843,0.5844,35
2026-04-08T04:31:00,0.5844,0.58455,0.5844,0.58455,36
2026-04-08T04:32:00,0.58455,0.58455,0.58455,0.58455,4
2026-04-08T04:33:00,0.58455,0.58455,0.5845,0.58455,12
2026-04-08T04:34:00,0.5845,0.58465,0.5845,0.58455,49
2026-04-08T04:35:00,0.5846,0.5846,0.5845,0.58455,11
2026-04-08T04:36:00,0.58455,0.58455,0.5845,0.5845,7
2026-04-08T04:37:00,0.5846,0.5847,0.5846,0.5847,10
2026-04-08T04:38:00,0.58475,0.5848,0.58475,0.58475,15
2026-04-08T04:39:00,0.5847,0.5847,0.58445,0.5846,43
2026-04-08T04:40:00,0.58455,0.58465,0.58455,0.58465,12
2026-04-08T04:41:00,0.58455,0.58455,0.5844,0.58455,15
2026-04-08T04:42:00,0.5846,0.5848,0.5846,0.58475,38
2026-04-08T04:43:00,0.5847,0.5847,0.58455,0.58455,10
2026-04-08T04:44:00,0.58455,0.5846,0.5845,0.5845,19
2026-04-08T04:45:00,0.58445,0.58455,0.58445,0.58455,15
2026-04-08T04:46:00,0.5845,0.58455,0.5845,0.58455,5
2026-04-08T04:47:00,0.5845,0.5845,0.5845,0.5845,16
2026-04-08T04:48:00,0.5846,0.5846,0.58455,0.58455,7
2026-04-08T04:49:00,0.58455,0.58455,0.58445,0.5845,34
2026-04-08T04:50:00,0.58445,0.58455,0.5844,0.5845,35
2026-04-08T04:51:00,0.5845,0.58455,0.5845,0.58455,18
2026-04-08T04:52:00,0.58455,0.58455,0.5845,0.5845,14
2026-04-08T04:53:00,0.58455,0.58465,0.5845,0.5845,17
2026-04-08T04:54:00,0.5845,0.58455,0.5845,0.58455,3
2026-04-08T04:55:00,0.5845,0.5845,0.58435,0.58445,32
2026-04-08T04:56:00,0.5845,0.5846,0.5845,0.5846,7
2026-04-08T04:57:00,0.58455,0.5847,0.58455,0.58465,7
2026-04-08T04:58:00,0.58465,0.58475,0.58465,0.5847,9
2026-04-08T04:59:00,0.5847,0.5848,0.5847,0.5848,8
2026-04-08T05:00:00,0.58475,0.58485,0.5847,0.58485,26
2026-04-08T05:01:00,0.5849,0.58495,0.58485,0.58485,13
2026-04-08T05:02:00,0.5848,0.5848,0.58465,0.58465,11
2026-04-08T05:03:00,0.5847,0.5847,0.58465,0.5847,15
2026-04-08T05:04:00,0.58465,0.5847,0.58465,0.5847,6
2026-04-08T05:05:00,0.58475,0.58475,0.58475,0.58475,12
2026-04-08T05:06:00,0.58485,0.5852,0.58485,0.58515,82
2026-04-08T05:07:00,0.58515,0.58515,0.5851,0.5851,19
2026-04-08T05:08:00,0.5851,0.5851,0.5849,0.58495,69
2026-04-08T05:09:00,0.58495,0.58495,0.58475,0.58485,14
2026-04-08T05:10:00,0.5849,0.5849,0.58485,0.58485,30
2026-04-08T05:11:00,0.5848,0.5848,0.5848,0.5848,7
2026-04-08T05:12:00,0.5849,0.5849,0.5848,0.5848,6
2026-04-08T05:13:00,0.5848,0.5848,0.58445,0.5848,59
2026-04-08T05:14:00,0.58485,0.5849,0.5847,0.5847,59
2026-04-08T05:15:00,0.5847,0.5847,0.5845,0.58455,62
2026-04-08T05:16:00,0.5845,0.5846,0.5845,0.5846,11
2026-04-08T05:17:00,0.58455,0.58465,0.58455,0.58465,4
2026-04-08T05:18:00,0.5847,0.58485,0.5847,0.58485,25
2026-04-08T05:19:00,0.58485,0.58485,0.58485,0.58485,5
2026-04-08T05:20:00,0.5848,0.58485,0.58475,0.5848,21
2026-04-08T05:21:00,0.58485,0.585,0.58485,0.585,24
2026-04-08T05:22:00,0.58505,0.5852,0.58505,0.58505,26
2026-04-08T05:23:00,0.58505,0.5851,0.58505,0.58505,7
2026-04-08T05:24:00,0.5851,0.5851,0.58505,0.5851,20
2026-04-08T05:25:00,0.58515,0.5852,0.58515,0.58515,17
2026-04-08T05:26:00,0.5851,0.5851,0.58495,0.585,18
2026-04-08T05:27:00,0.585,0.58505,0.585,0.58505,25
2026-04-08T05:28:00,0.58515,0.58515,0.5851,0.5851,5
2026-04-08T05:29:00,0.5851,0.58515,0.5851,0.58515,10
2026-04-08T05:30:00,0.58515,0.58515,0.585,0.585,27
2026-04-08T05:31:00,0.585,0.5852,0.585,0.58515,70
2026-04-08T05:32:00,0.58515,0.58525,0.58505,0.58505,21
2026-04-08T05:33:00,0.58505,0.5852,0.58505,0.5852,11
2026-04-08T05:34:00,0.5852,0.5852,0.58515,0.58515,20
2026-04-08T05:35:00,0.5852,0.5852,0.5851,0.58515,11
2026-04-08T05:36:00,0.5851,0.5852,0.5851,0.5852,5
2026-04-08T05:37:00,0.5852,0.5852,0.58505,0.5851,17
2026-04-08T05:38:00,0.5852,0.5853,0.5852,0.5853,8
2026-04-08T05:39:00,0.5854,0.5854,0.58525,0.5854,102
2026-04-08T05:40:00,0.58535,0.5856,0.58535,0.5856,81
2026-04-08T05:41:00,0.5856,0.58565,0.5855,0.5855,61
2026-04-08T05:42:00,0.58555,0.58555,0.5855,0.5855,10
2026-04-08T05:43:00,0.5855,0.58555,0.5855,0.5855,24
2026-04-08T05:44:00,0.58555,0.58555,0.58535,0.5854,11
2026-04-08T05:45:00,0.5853,0.5855,0.5853,0.58545,25
2026-04-08T05:46:00,0.58555,0.5858,0.58555,0.58565,32
2026-04-08T05:47:00,0.5857,0.58575,0.58555,0.58575,66
2026-04-08T05:48:00,0.5858,0.58585,0.58575,0.58585,31
2026-04-08T05:49:00,0.5859,0.5859,0.5859,0.5859,3
2026-04-08T05:50:00,0.58595,0.5862,0.58595,0.5862,58
2026-04-08T05:51:00,0.5862,0.58635,0.58615,0.58625,61
2026-04-08T05:52:00,0.5863,0.58645,0.5861,0.5861,89
2026-04-08T05:53:00,0.58615,0.5862,0.586,0.58605,75
2026-04-08T05:54:00,0.586,0.58605,0.58575,0.5858,237
2026-04-08T05:55:00,0.5858,0.5858,0.5856,0.58575,48
2026-04-08T05:56:00,0.58565,0.58565,0.58535,0.58535,28
2026-04-08T05:57:00,0.5854,0.5854,0.58525,0.5853,43
2026-04-08T05:58:00,0.58525,0.58535,0.58515,0.58515,44
2026-04-08T05:59:00,0.5852,0.58525,0.58515,0.58525,17
2026-04-08T06:00:00,0.5852,0.5852,0.58495,0.58495,102
2026-04-08T06:01:00,0.585,0.5851,0.5847,0.5847,83
2026-04-08T06:02:00,0.5847,0.58485,0.58465,0.5848,47
2026-04-08T06:03:00,0.58485,0.58485,0.5846,0.5848,77
2026-04-08T06:04:00,0.5848,0.5848,0.58465,0.58475,63
2026-04-08T06:05:00,0.58475,0.58485,0.5846,0.5847,52
2026-04-08T06:06:00,0.58475,0.5848,0.5846,0.58475,41
2026-04-08T06:07:00,0.58475,0.58475,0.58465,0.58465,16
2026-04-08T06:08:00,0.5847,0.5847,0.58455,0.58455,17
2026-04-08T06:09:00,0.58455,0.5847,0.5845,0.58465,89
2026-04-08T06:10:00,0.58455,0.58465,0.58455,0.58465,28
2026-04-08T06:11:00,0.58475,0.5848,0.5846,0.58465,15
2026-04-08T06:12:00,0.58465,0.58465,0.58455,0.58455,21
2026-04-08T06:13:00,0.58455,0.5847,0.58455,0.5847,21
2026-04-08T06:14:00,0.58465,0.58485,0.58465,0.58485,27
2026-04-08T06:15:00,0.5849,0.58525,0.5849,0.58515,68
2026-04-08T06:16:00,0.58535,0.58535,0.58525,0.58525,30
2026-04-08T06:17:00,0.5853,0.5854,0.58525,0.5854,30
2026-04-08T06:18:00,0.58535,0.58555,0.58535,0.5855,29
2026-04-08T06:19:00,0.58555,0.5856,0.5855,0.5856,52
2026-04-08T06:20:00,0.5856,0.58585,0.58555,0.58585,41
2026-04-08T06:21:00,0.5858,0.58585,0.58565,0.58565,38
2026-04-08T06:22:00,0.5856,0.5856,0.58545,0.58545,12
2026-04-08T06:23:00,0.58555,0.58585,0.58555,0.58585,20
2026-04-08T06:24:00,0.5858,0.58585,0.58575,0.58585,46
2026-04-08T06:25:00,0.58585,0.58585,0.58565,0.58565,12
2026-04-08T06:26:00,0.5857,0.5857,0.5857,0.5857,3
2026-04-08T06:27:00,0.58575,0.58575,0.5856,0.58575,19
2026-04-08T06:28:00,0.58575,0.5859,0.58575,0.58585,27
2026-04-08T06:29:00,0.5858,0.5859,0.58575,0.58585,17
2026-04-08T06:30:00,0.5857,0.5858,0.58565,0.5858,42
2026-04-08T06:31:00,0.58585,0.5859,0.58565,0.58575,56
2026-04-08T06:32:00,0.58595,0.58605,0.5859,0.5859,46
2026-04-08T06:33:00,0.5859,0.58625,0.5859,0.5861,57
2026-04-08T06:34:00,0.58605,0.58605,0.58595,0.586,25
2026-04-08T06:35:00,0.58595,0.58615,0.58595,0.58615,11
2026-04-08T06:36:00,0.5862,0.5863,0.5861,0.5861,35
2026-04-08T06:37:00,0.58615,0.5862,0.58615,0.5862,3
2026-04-08T06:38:00,0.5862,0.5862,0.5861,0.5862,16
2026-04-08T06:39:00,0.58615,0.58615,0.58595,0.586,76
2026-04-08T06:40:00,0.58605,0.58615,0.58595,0.58595,89
2026-04-08T06:41:00,0.5859,0.586,0.5859,0.5859,11
2026-04-08T06:42:00,0.58595,0.5861,0.58595,0.58605,18
2026-04-08T06:43:00,0.586,0.58605,0.586,0.58605,12
2026-04-08T06:44:00,0.586,0.5861,0.586,0.586,11
2026-04-08T06:45:00,0.58605,0.58605,0.58595,0.586,21
2026-04-08T06:46:00,0.586,0.58605,0.586,0.58605,20
2026-04-08T06:47:00,0.58605,0.5861,0.586,0.586,12
2026-04-08T06:48:00,0.586,0.58605,0.5859,0.5859,37
2026-04-08T06:49:00,0.5859,0.5859,0.5857,0.5857,17
2026-04-08T06:50:00,0.5857,0.5858,0.5853,0.58535,214
2026-04-08T06:51:00,0.58535,0.58545,0.5853,0.5853,70
2026-04-08T06:52:00,0.5854,0.58545,0.58535,0.58545,53
2026-04-08T06:53:00,0.5854,0.58545,0.58515,0.58515,96
2026-04-08T06:54:00,0.5852,0.58525,0.5851,0.5851,87
2026-04-08T06:55:00,0.58515,0.58545,0.58515,0.58545,52
2026-04-08T06:56:00,0.5855,0.5855,0.58545,0.5855,11
2026-04-08T06:57:00,0.58545,0.5856,0.58545,0.5856,25
2026-04-08T06:58:00,0.5857,0.5858,0.58565,0.58575,14
2026-04-08T06:59:00,0.58575,0.58575,0.5856,0.5856,16
2026-04-08T07:00:00,0.5856,0.5856,0.58545,0.5855,49
2026-04-08T07:01:00,0.5855,0.58555,0.5854,0.58555,21
2026-04-08T07:02:00,0.5854,0.5854,0.58505,0.58515,44
2026-04-08T07:03:00,0.58515,0.58515,0.58505,0.5851,15
2026-04-08T07:04:00,0.5851,0.58515,0.585,0.585,25
2026-04-08T07:05:00,0.58505,0.58505,0.5848,0.5848,100
2026-04-08T07:06:00,0.5848,0.58485,0.58465,0.5847,66
2026-04-08T07:07:00,0.5847,0.58475,0.5845,0.5845,77
2026-04-08T07:08:00,0.5845,0.5845,0.58435,0.58435,78
2026-04-08T07:09:00,0.5844,0.58445,0.58425,0.58445,122
2026-04-08T07:10:00,0.5845,0.58455,0.58415,0.58415,111
2026-04-08T07:11:00,0.58415,0.58415,0.584,0.58405,105
2026-04-08T07:12:00,0.58405,0.5842,0.58405,0.58415,88
2026-04-08T07:13:00,0.5841,0.5841,0.5839,0.58405,101
2026-04-08T07:14:00,0.5841,0.58415,0.584,0.58405,65
2026-04-08T07:15:00,0.584,0.5841,0.5839,0.58395,65
2026-04-08T07:16:00,0.5841,0.5841,0.584,0.584,26
2026-04-08T07:17:00,0.58405,0.5842,0.58405,0.58415,120
2026-04-08T07:18:00,0.58415,0.5842,0.5841,0.58415,93
2026-04-08T07:19:00,0.5841,0.58425,0.5841,0.58425,46
2026-04-08T07:20:00,0.58425,0.58435,0.58425,0.5843,95
2026-04-08T07:21:00,0.58425,0.58445,0.58425,0.58435,25
2026-04-08T07:22:00,0.5844,0.5845,0.5843,0.58435,77
2026-04-08T07:23:00,0.5843,0.58455,0.5843,0.5845,54
2026-04-08T07:24:00,0.58455,0.58455,0.5844,0.5844,76
2026-04-08T07:25:00,0.58435,0.5846,0.58435,0.58455,52
2026-04-08T07:26:00,0.5846,0.5846,0.58445,0.58445,37
2026-04-08T07:27:00,0.58455,0.5847,0.58455,0.5847,66
2026-04-08T07:28:00,0.58475,0.58475,0.5845,0.58455,37
2026-04-08T07:29:00,0.58445,0.5845,0.58435,0.5844,30
2026-04-08T07:30:00,0.58445,0.5845,0.5843,0.58445,26
2026-04-08T07:31:00,0.58445,0.58455,0.5844,0.58455,43
2026-04-08T07:32:00,0.58455,0.58455,0.58455,0.58455,5
2026-04-08T07:33:00,0.58455,0.58455,0.5845,0.58455,16
2026-04-08T07:34:00,0.5845,0.58455,0.58445,0.58445,33
2026-04-08T07:35:00,0.58465,0.58475,0.5846,0.58475,23
2026-04-08T07:36:00,0.58475,0.58475,0.58455,0.58465,60
2026-04-08T07:37:00,0.5847,0.58475,0.5846,0.5846,31
2026-04-08T07:38:00,0.58455,0.5846,0.5845,0.58455,43
2026-04-08T07:39:00,0.58455,0.58455,0.58445,0.58445,39
2026-04-08T07:40:00,0.58445,0.58445,0.5844,0.5844,27
2026-04-08T07:41:00,0.58445,0.58455,0.58445,0.5845,13
2026-04-08T07:42:00,0.5845,0.5847,0.5845,0.58465,30
2026-04-08T07:43:00,0.5846,0.58465,0.58455,0.58455,12
2026-04-08T07:44:00,0.58455,0.58465,0.58455,0.58465,10
2026-04-08T07:45:00,0.5846,0.58465,0.5845,0.5846,29
2026-04-08T07:46:00,0.5847,0.58475,0.58465,0.5847,48
2026-04-08T07:47:00,0.58465,0.58465,0.5845,0.58455,22
2026-04-08T07:48:00,0.58455,0.5846,0.5844,0.5845,61
2026-04-08T07:49:00,0.58445,0.5845,0.5844,0.5844,33
2026-04-08T07:50:00,0.5844,0.5844,0.58435,0.58435,41
2026-04-08T07:51:00,0.5844,0.5844,0.5844,0.5844,3
2026-04-08T07:52:00,0.5845,0.58455,0.5845,0.5845,18
2026-04-08T07:53:00,0.58445,0.58455,0.58445,0.58455,37
2026-04-08T07:54:00,0.58455,0.58455,0.5845,0.5845,13
2026-04-08T07:55:00,0.5845,0.5845,0.58445,0.58445,15
2026-04-08T07:56:00,0.58445,0.5845,0.58445,0.5845,9
2026-04-08T07:57:00,0.58445,0.58445,0.58445,0.58445,17
2026-04-08T07:58:00,0.58435,0.58435,0.58435,0.58435,6
2026-04-08T07:59:00,0.58435,0.58435,0.5842,0.5842,24
2026-04-08T08:00:00,0.5842,0.5842,0.58405,0.58405,64
2026-04-08T08:01:00,0.5841,0.5841,0.584,0.58405,41
2026-04-08T08:02:00,0.58405,0.5841,0.584,0.584,41
2026-04-08T08:03:00,0.58405,0.5841,0.58405,0.5841,38
2026-04-08T08:04:00,0.58415,0.58415,0.58405,0.5841,89
2026-04-08T08:05:00,0.58415,0.58415,0.58405,0.5841,34
2026-04-08T08:06:00,0.5841,0.58435,0.5841,0.5843,10
2026-04-08T08:07:00,0.58425,0.5843,0.5839,0.5839,54
2026-04-08T08:08:00,0.58395,0.58405,0.58395,0.58405,10
2026-04-08T08:09:00,0.58405,0.58405,0.5839,0.5839,12
2026-04-08T08:10:00,0.58385,0.5839,0.58385,0.58385,19
2026-04-08T08:11:00,0.5838,0.5838,0.58365,0.58365,46
2026-04-08T08:12:00,0.5837,0.58375,0.5837,0.58375,7
2026-04-08T08:13:00,0.58375,0.58395,0.58375,0.5838,39
2026-04-08T08:14:00,0.58375,0.5838,0.58375,0.58375,20
2026-04-08T08:15:00,0.58375,0.58375,0.58375,0.58375,1
2026-04-08T08:16:00,0.5838,0.58385,0.58375,0.5838,29
2026-04-08T08:17:00,0.58385,0.58385,0.58385,0.58385,2
2026-04-08T08:18:00,0.58395,0.58395,0.58395,0.58395,4
2026-04-08T08:19:00,0.58395,0.584,0.5839,0.5839,11
2026-04-08T08:20:00,0.58385,0.58385,0.58375,0.58375,16
2026-04-08T08:21:00,0.5838,0.5838,0.58375,0.58375,2
2026-04-08T08:22:00,0.5838,0.5839,0.5838,0.5839,4
2026-04-08T08:23:00,0.58385,0.58385,0.58375,0.58375,16
2026-04-08T08:24:00,0.5838,0.58385,0.58375,0.58375,11
2026-04-08T08:25:00,0.5838,0.58395,0.58375,0.5838,66
2026-04-08T08:26:00,0.58375,0.58375,0.58365,0.58365,12
2026-04-08T08:27:00,0.5836,0.5836,0.5836,0.5836,9
2026-04-08T08:28:00,0.5836,0.5836,0.58355,0.58355,5
2026-04-08T08:29:00,0.58375,0.5838,0.58375,0.5838,6
2026-04-08T08:30:00,0.58375,0.58375,0.58365,0.58365,15
2026-04-08T08:31:00,0.58365,0.5837,0.58365,0.5837,8
2026-04-08T08:32:00,0.58375,0.58375,0.5836,0.5836,21
2026-04-08T08:33:00,0.5836,0.5836,0.58355,0.5836,12
2026-04-08T08:34:00,0.5835,0.5835,0.58345,0.5835,31
2026-04-08T08:35:00,0.5835,0.58365,0.5835,0.5836,11
2026-04-08T08:36:00,0.5836,0.5836,0.5834,0.5834,521
2026-04-08T08:37:00,0.58345,0.58355,0.5834,0.58345,69
2026-04-08T08:38:00,0.58345,0.58355,0.58345,0.58355,10
2026-04-08T08:39:00,0.58365,0.58375,0.58365,0.58375,12
2026-04-08T08:40:00,0.5837,0.58375,0.5836,0.58365,24
2026-04-08T08:41:00,0.5837,0.5837,0.58335,0.5834,14
2026-04-08T08:42:00,0.58335,0.58335,0.583,0.583,132
2026-04-08T08:43:00,0.58305,0.58305,0.5827,0.58285,105
2026-04-08T08:44:00,0.5828,0.5833,0.5828,0.5833,119
2026-04-08T08:45:00,0.5833,0.58335,0.58315,0.5832,58
2026-04-08T08:46:00,0.5832,0.5832,0.58315,0.58315,25
2026-04-08T08:47:00,0.58315,0.5832,0.58315,0.58315,15
2026-04-08T08:48:00,0.5831,0.58325,0.5831,0.5832,46
2026-04-08T08:49:00,0.58325,0.5833,0.5832,0.5832,90
2026-04-08T08:50:00,0.5832,0.58335,0.58315,0.5833,37
2026-04-08T08:51:00,0.58335,0.58335,0.5833,0.5833,11
2026-04-08T08:52:00,0.58325,0.5833,0.5832,0.58325,30
2026-04-08T08:53:00,0.5832,0.5832,0.5831,0.58315,34
2026-04-08T08:54:00,0.5831,0.5831,0.58305,0.58305,9
2026-04-08T08:55:00,0.5831,0.58315,0.58305,0.5831,15
2026-04-08T08:56:00,0.5831,0.5831,0.5831,0.5831,5
2026-04-08T08:57:00,0.5832,0.5832,0.5832,0.5832,6
2026-04-08T08:58:00,0.5831,0.5831,0.583,0.58305,20
2026-04-08T08:59:00,0.58315,0.5832,0.58315,0.5832,11
2026-04-08T09:00:00,0.5832,0.58325,0.5832,0.58325,10
2026-04-08T09:01:00,0.58325,0.58335,0.58325,0.58335,25
2026-04-08T09:02:00,0.5833,0.5833,0.58325,0.58325,14
2026-04-08T09:03:00,0.5832,0.5833,0.5832,0.58325,7
2026-04-08T09:04:00,0.5833,0.5833,0.5833,0.5833,14
2026-04-08T09:05:00,0.58325,0.58325,0.5832,0.58325,14
2026-04-08T09:06:00,0.5832,0.5833,0.5832,0.5833,24
2026-04-08T09:07:00,0.58335,0.58355,0.58335,0.58355,24
2026-04-08T09:08:00,0.5835,0.5835,0.5834,0.58345,24
2026-04-08T09:09:00,0.58345,0.58345,0.58345,0.58345,3
2026-04-08T09:10:00,0.58345,0.58345,0.5834,0.5834,14
2026-04-08T09:11:00,0.5834,0.5834,0.58325,0.5833,29
2026-04-08T09:12:00,0.58335,0.58345,0.58335,0.58335,53
2026-04-08T09:13:00,0.58335,0.5835,0.58335,0.58345,29
2026-04-08T09:14:00,0.5835,0.5835,0.58345,0.58345,7
2026-04-08T09:15:00,0.5834,0.58345,0.5833,0.58335,24
2026-04-08T09:16:00,0.58335,0.5834,0.5833,0.58335,30
2026-04-08T09:17:00,0.5833,0.58335,0.5832,0.58335,25
2026-04-08T09:18:00,0.58335,0.5835,0.5833,0.5835,18
2026-04-08T09:19:00,0.5835,0.58355,0.5835,0.5835,22
2026-04-08T09:20:00,0.58355,0.5836,0.5835,0.5835,29
2026-04-08T09:21:00,0.5835,0.5835,0.58345,0.5835,11
2026-04-08T09:22:00,0.58345,0.58345,0.5834,0.5834,23
2026-04-08T09:23:00,0.5834,0.5835,0.5834,0.5835,19
2026-04-08T09:24:00,0.58345,0.58345,0.5834,0.58345,20
2026-04-08T09:25:00,0.5834,0.5834,0.58335,0.58335,17
2026-04-08T09:26:00,0.58335,0.5834,0.58335,0.58335,12
2026-04-08T09:27:00,0.5834,0.5834,0.5834,0.5834,25
2026-04-08T09:28:00,0.5834,0.58345,0.58335,0.58345,30
2026-04-08T09:29:00,0.58345,0.58345,0.58345,0.58345,12
2026-04-08T09:30:00,0.5834,0.5835,0.5834,0.5835,11
2026-04-08T09:31:00,0.58355,0.58365,0.5835,0.5836,90
2026-04-08T09:32:00,0.58365,0.5837,0.5836,0.5836,162
2026-04-08T09:33:00,0.58355,0.58355,0.5835,0.58355,10
2026-04-08T09:34:00,0.5835,0.58355,0.58345,0.58355,16
2026-04-08T09:35:00,0.5836,0.5837,0.5836,0.5837,54
2026-04-08T09:36:00,0.5837,0.5837,0.58365,0.58365,6
2026-04-08T09:37:00,0.5836,0.58375,0.5835,0.58375,23
2026-04-08T09:38:00,0.5838,0.5838,0.5836,0.5837,30
2026-04-08T09:39:00,0.5837,0.5837,0.58365,0.5837,39
2026-04-08T09:40:00,0.5837,0.5837,0.58355,0.58355,7
2026-04-08T09:41:00,0.5835,0.58365,0.5835,0.58365,13
2026-04-08T09:42:00,0.58365,0.58365,0.5835,0.5835,34
2026-04-08T09:43:00,0.58345,0.58355,0.5834,0.5834,52
2026-04-08T09:44:00,0.58345,0.58345,0.58315,0.58315,28
2026-04-08T09:45:00,0.58325,0.58325,0.5832,0.5832,12
2026-04-08T09:46:00,0.58315,0.58325,0.5831,0.58315,26
2026-04-08T09:47:00,0.58315,0.58325,0.5831,0.58325,14
2026-04-08T09:48:00,0.5833,0.58335,0.5833,0.58335,7
2026-04-08T09:49:00,0.58335,0.58335,0.58335,0.58335,1
2026-04-08T09:50:00,0.58345,0.5835,0.58345,0.5835,4
2026-04-08T09:51:00,0.5835,0.5835,0.58335,0.58335,235
2026-04-08T09:52:00,0.5834,0.58345,0.5833,0.58335,261
2026-04-08T09:53:00,0.58335,0.58355,0.58335,0.58355,3
2026-04-08T09:54:00,0.58355,0.58355,0.5835,0.5835,5
2026-04-08T09:55:00,0.5835,0.58355,0.58345,0.5835,9
2026-04-08T09:56:00,0.5836,0.5836,0.5834,0.5834,5
2026-04-08T09:57:00,0.58345,0.58345,0.58325,0.5833,18
2026-04-08T09:58:00,0.5832,0.5832,0.58315,0.5832,33
2026-04-08T09:59:00,0.5832,0.5832,0.58305,0.5831,21
2026-04-08T10:00:00,0.58305,0.58315,0.58295,0.5831,17
2026-04-08T10:01:00,0.5831,0.58315,0.583,0.5831,14
2026-04-08T10:02:00,0.58305,0.58305,0.583,0.583,18
2026-04-08T10:03:00,0.583,0.5831,0.583,0.5831,10
2026-04-08T10:04:00,0.5831,0.5831,0.58295,0.58295,35
2026-04-08T10:05:00,0.58295,0.58295,0.5828,0.58285,33
2026-04-08T10:06:00,0.58295,0.583,0.58295,0.583,6
2026-04-08T10:07:00,0.58305,0.5831,0.583,0.5831,9
2026-04-08T10:08:00,0.58315,0.58315,0.583,0.58305,19
2026-04-08T10:09:00,0.5831,0.58315,0.5831,0.5831,25
2026-04-08T10:10:00,0.58305,0.58305,0.583,0.583,22
2026-04-08T10:11:00,0.58315,0.58315,0.5831,0.5831,2
2026-04-08T10:12:00,0.5831,0.58325,0.5831,0.58325,14
2026-04-08T10:13:00,0.58325,0.5833,0.5832,0.5833,9
2026-04-08T10:14:00,0.5833,0.5833,0.5833,0.5833,2
2026-04-08T10:15:00,0.5833,0.5833,0.5833,0.5833,1
2026-04-08T10:16:00,0.5832,0.5832,0.58315,0.58315,6
2026-04-08T10:17:00,0.5832,0.58325,0.5832,0.5832,10
2026-04-08T10:18:00,0.5832,0.58325,0.5832,0.58325,7
2026-04-08T10:19:00,0.5832,0.5833,0.5832,0.5833,8
2026-04-08T10:20:00,0.58325,0.58325,0.5832,0.5832,2
2026-04-08T10:21:00,0.5832,0.5833,0.5832,0.5833,9
2026-04-08T10:22:00,0.58325,0.58335,0.58325,0.58335,2
2026-04-08T10:23:00,0.58335,0.58345,0.58335,0.58345,7
2026-04-08T10:24:00,0.58345,0.58345,0.58335,0.58335,4
2026-04-08T10:25:00,0.58335,0.5834,0.58335,0.5834,8
2026-04-08T10:26:00,0.5834,0.5834,0.5834,0.5834,7
2026-04-08T10:27:00,0.58345,0.58345,0.58345,0.58345,1
2026-04-08T10:28:00,0.5835,0.5835,0.5835,0.5835,4
2026-04-08T10:29:00,0.58345,0.58345,0.58345,0.58345,5
2026-04-08T10:30:00,0.58355,0.58355,0.58355,0.58355,1
2026-04-08T10:31:00,0.5835,0.5835,0.5835,0.5835,1
2026-04-08T10:32:00,0.58355,0.5836,0.58355,0.58355,22
2026-04-08T10:33:00,0.58355,0.5836,0.5835,0.5835,16
2026-04-08T10:34:00,0.58355,0.58355,0.58355,0.58355,1
2026-04-08T10:35:00,0.58355,0.5836,0.58355,0.5836,6
2026-04-08T10:36:00,0.58355,0.5836,0.58355,0.5836,9
2026-04-08T10:37:00,0.5836,0.5836,0.58355,0.58355,15
2026-04-08T10:38:00,0.5836,0.5836,0.5836,0.5836,5
2026-04-08T10:39:00,0.58355,0.5836,0.58355,0.5836,12
2026-04-08T10:40:00,0.5836,0.5836,0.58355,0.58355,14
2026-04-08T10:41:00,0.5835,0.5836,0.5835,0.5836,13
2026-04-08T10:42:00,0.5836,0.58365,0.5835,0.5835,16
2026-04-08T10:43:00,0.58355,0.58355,0.58355,0.58355,2
2026-04-08T10:44:00,0.5837,0.5837,0.5837,0.5837,1
2026-04-08T10:45:00,0.58375,0.58375,0.5837,0.5837,8
2026-04-08T10:46:00,0.58375,0.58375,0.58375,0.58375,3
2026-04-08T10:47:00,0.58375,0.58375,0.5837,0.5837,30
2026-04-08T10:48:00,0.58365,0.58365,0.58365,0.58365,4
2026-04-08T10:49:00,0.5836,0.5836,0.58355,0.58355,9
2026-04-08T10:50:00,0.58355,0.58355,0.58355,0.58355,1
2026-04-08T10:51:00,0.58365,0.58365,0.58365,0.58365,2
2026-04-08T10:52:00,0.5835,0.5835,0.58345,0.5835,6
2026-04-08T10:54:00,0.58355,0.58355,0.5835,0.5835,15
2026-04-08T10:55:00,0.5835,0.58355,0.5835,0.58355,22
2026-04-08T10:56:00,0.5836,0.5836,0.5836,0.5836,3
2026-04-08T10:57:00,0.5837,0.5837,0.5837,0.5837,5
2026-04-08T10:58:00,0.5837,0.5837,0.58365,0.5837,5
2026-04-08T10:59:00,0.5836,0.5836,0.58355,0.58355,9
2026-04-08T11:00:00,0.5835,0.58355,0.58345,0.5835,17
2026-04-08T11:01:00,0.5835,0.5835,0.58325,0.58325,22
2026-04-08T11:02:00,0.5833,0.58345,0.58325,0.5834,40
2026-04-08T11:03:00,0.5835,0.58355,0.5835,0.5835,37
2026-04-08T11:04:00,0.58355,0.58355,0.58345,0.5835,16
2026-04-08T11:06:00,0.58345,0.58345,0.5834,0.5834,2
2026-04-08T11:07:00,0.5835,0.5835,0.5835,0.5835,3
2026-04-08T11:08:00,0.5835,0.58355,0.5835,0.58355,4
2026-04-08T11:09:00,0.5836,0.5836,0.5836,0.5836,14
2026-04-08T11:10:00,0.58365,0.58375,0.58365,0.58375,8
2026-04-08T11:11:00,0.5837,0.58375,0.5837,0.58375,22
2026-04-08T11:12:00,0.5837,0.58375,0.5837,0.58375,9
2026-04-08T11:13:00,0.58375,0.5839,0.58375,0.58385,17
2026-04-08T11:14:00,0.5838,0.58385,0.5838,0.5838,10
2026-04-08T11:15:00,0.5838,0.5838,0.58375,0.58375,4
2026-04-08T11:16:00,0.58375,0.5838,0.58375,0.5838,7
2026-04-08T11:17:00,0.5838,0.5838,0.5838,0.5838,3
2026-04-08T11:19:00,0.58385,0.58405,0.58385,0.58405,26
2026-04-08T11:20:00,0.584,0.584,0.5839,0.5839,22
2026-04-08T11:21:00,0.58385,0.58385,0.5838,0.58385,25
2026-04-08T11:22:00,0.5838,0.58405,0.58375,0.58405,69
2026-04-08T11:23:00,0.584,0.58405,0.584,0.58405,69
2026-04-08T11:24:00,0.58405,0.5843,0.58405,0.5842,30
2026-04-08T11:25:00,0.5843,0.58455,0.5843,0.58445,84
2026-04-08T11:26:00,0.58445,0.5845,0.58445,0.5845,24
2026-04-08T11:27:00,0.58455,0.58475,0.58455,0.5847,20
2026-04-08T11:28:00,0.5847,0.585,0.5847,0.5849,65
2026-04-08T11:29:00,0.58485,0.58485,0.5848,0.5848,28
2026-04-08T11:30:00,0.58475,0.5848,0.58465,0.58475,57
2026-04-08T11:31:00,0.5847,0.58475,0.5847,0.58475,20
2026-04-08T11:32:00,0.58475,0.5848,0.58475,0.5848,25
2026-04-08T11:33:00,0.58475,0.5848,0.5847,0.5848,28
2026-04-08T11:34:00,0.5848,0.58485,0.5848,0.5848,14
2026-04-08T11:35:00,0.58475,0.58475,0.58455,0.58455,64
2026-04-08T11:36:00,0.5845,0.5845,0.5843,0.5843,24
2026-04-08T11:37:00,0.58435,0.5844,0.5843,0.5844,6
2026-04-08T11:38:00,0.58435,0.58435,0.5842,0.5842,15
2026-04-08T11:39:00,0.5842,0.5842,0.5841,0.58415,20
2026-04-08T11:40:00,0.58415,0.5843,0.58415,0.5843,16
2026-04-08T11:41:00,0.5843,0.5843,0.58425,0.58425,13
2026-04-08T11:42:00,0.58435,0.58435,0.5843,0.5843,7
2026-04-08T11:43:00,0.58425,0.58435,0.5842,0.58435,19
2026-04-08T11:44:00,0.5844,0.5844,0.58425,0.58425,23
2026-04-08T11:45:00,0.5843,0.5843,0.5843,0.5843,15
2026-04-08T11:46:00,0.5843,0.5845,0.5843,0.5845,22
2026-04-08T11:47:00,0.5845,0.58455,0.58445,0.58455,11
2026-04-08T11:48:00,0.5846,0.58465,0.5846,0.58465,14
2026-04-08T11:49:00,0.58465,0.5847,0.58465,0.5847,25
2026-04-08T11:50:00,0.5847,0.58475,0.5847,0.5847,15
2026-04-08T11:51:00,0.5847,0.5847,0.5847,0.5847,11
2026-04-08T11:52:00,0.5847,0.58475,0.5847,0.58475,8
2026-04-08T11:53:00,0.5847,0.58475,0.5847,0.58475,11
2026-04-08T11:54:00,0.5847,0.5847,0.58465,0.58465,13
2026-04-08T11:55:00,0.58465,0.5847,0.58465,0.58465,10
2026-04-08T11:56:00,0.58465,0.58465,0.58455,0.5846,90
2026-04-08T11:57:00,0.58465,0.58475,0.58465,0.58475,46
2026-04-08T11:58:00,0.58475,0.5848,0.58475,0.58475,29
2026-04-08T11:59:00,0.58475,0.58475,0.58475,0.58475,7
2026-04-08T12:00:00,0.5848,0.58485,0.58475,0.5848,28
2026-04-08T12:01:00,0.5848,0.5848,0.58475,0.58475,23
2026-04-08T12:02:00,0.5848,0.5849,0.5848,0.5849,43
2026-04-08T12:03:00,0.5849,0.585,0.58485,0.58495,132
2026-04-08T12:04:00,0.58495,0.58505,0.58495,0.585,21
2026-04-08T12:05:00,0.58505,0.5851,0.585,0.5851,41
2026-04-08T12:06:00,0.58515,0.5853,0.58515,0.58515,65
2026-04-08T12:07:00,0.5852,0.5852,0.58515,0.58515,69
2026-04-08T12:08:00,0.58515,0.58525,0.58515,0.58525,28
2026-04-08T12:09:00,0.5852,0.5852,0.5851,0.5851,56
2026-04-08T12:10:00,0.5851,0.58515,0.58505,0.5851,50
2026-04-08T12:11:00,0.5851,0.5853,0.58505,0.58515,396
2026-04-08T12:12:00,0.58515,0.5852,0.5851,0.5852,149
2026-04-08T12:13:00,0.5852,0.5853,0.5852,0.5853,32
2026-04-08T12:14:00,0.5853,0.5854,0.58525,0.5854,83
2026-04-08T12:15:00,0.5854,0.5854,0.58535,0.5854,112
2026-04-08T12:16:00,0.58545,0.5855,0.58535,0.58545,51
2026-04-08T12:17:00,0.58545,0.58555,0.5854,0.58555,26
2026-04-08T12:18:00,0.5855,0.5855,0.58535,0.5854,26
2026-04-08T12:19:00,0.5854,0.58545,0.5849,0.58495,330
2026-04-08T12:20:00,0.58495,0.58505,0.58465,0.5849,196
2026-04-08T12:21:00,0.5849,0.58505,0.5843,0.58465,564
2026-04-08T12:22:00,0.5847,0.5849,0.58465,0.5848,166
2026-04-08T12:23:00,0.5848,0.5851,0.5848,0.58485,300
2026-04-08T12:24:00,0.5849,0.58505,0.58475,0.58485,131
2026-04-08T12:25:00,0.5848,0.58485,0.5846,0.58475,117
2026-04-08T12:26:00,0.58475,0.585,0.58475,0.58485,66
2026-04-08T12:27:00,0.58485,0.5849,0.58485,0.5849,24
2026-04-08T12:28:00,0.58495,0.585,0.58485,0.58495,74
2026-04-08T12:29:00,0.58495,0.5852,0.58495,0.5852,148
2026-04-08T12:30:00,0.5852,0.58535,0.58515,0.5853,36
2026-04-08T12:31:00,0.58535,0.5854,0.5853,0.5854,37
2026-04-08T12:32:00,0.58535,0.5854,0.58525,0.58535,40
2026-04-08T12:33:00,0.58545,0.58555,0.58545,0.58555,12
2026-04-08T12:34:00,0.5855,0.58555,0.5855,0.58555,30
2026-04-08T12:35:00,0.5855,0.5856,0.5855,0.5856,32
2026-04-08T12:36:00,0.58555,0.58555,0.58555,0.58555,39
2026-04-08T12:37:00,0.58555,0.5857,0.58555,0.5857,24
2026-04-08T12:38:00,0.58575,0.5859,0.58575,0.58585,151
2026-04-08T12:39:00,0.58585,0.5859,0.58585,0.58585,41
2026-04-08T12:40:00,0.58585,0.58595,0.58585,0.58595,121
2026-04-08T12:41:00,0.58595,0.586,0.58595,0.586,55
2026-04-08T12:42:00,0.58605,0.58615,0.58595,0.58615,62
2026-04-08T12:43:00,0.5861,0.58635,0.5861,0.5863,81
2026-04-08T12:44:00,0.58625,0.5864,0.58625,0.5864,74
2026-04-08T12:45:00,0.5864,0.5865,0.5864,0.58645,200
2026-04-08T12:46:00,0.5864,0.58665,0.5864,0.5866,67
2026-04-08T12:47:00,0.58665,0.58665,0.58655,0.58655,25
2026-04-08T12:48:00,0.58655,0.58655,0.58645,0.5865,159
2026-04-08T12:49:00,0.58645,0.58655,0.58645,0.5865,295
2026-04-08T12:50:00,0.58645,0.58645,0.5863,0.5863,64
2026-04-08T12:51:00,0.5863,0.5864,0.5863,0.5864,43
2026-04-08T12:52:00,0.5864,0.5864,0.58625,0.58635,63
2026-04-08T12:53:00,0.5864,0.58645,0.58635,0.58645,39
2026-04-08T12:54:00,0.5865,0.5866,0.5865,0.5866,44
2026-04-08T12:55:00,0.58665,0.58675,0.5866,0.5867,67
2026-04-08T12:56:00,0.58665,0.58665,0.58655,0.5866,86
2026-04-08T12:57:00,0.58665,0.58685,0.58665,0.58675,78
2026-04-08T12:58:00,0.58675,0.58675,0.58665,0.58675,38
2026-04-08T12:59:00,0.5867,0.5867,0.58655,0.58655,24
2026-04-08T13:00:00,0.58655,0.58675,0.58645,0.5867,62
2026-04-08T13:01:00,0.58675,0.58685,0.58675,0.5868,62
2026-04-08T13:02:00,0.58685,0.58695,0.58685,0.58695,63
2026-04-08T13:03:00,0.5869,0.58695,0.58685,0.5869,59
2026-04-08T13:04:00,0.5869,0.5869,0.5867,0.58675,26
2026-04-08T13:05:00,0.58675,0.58705,0.58675,0.58695,81
2026-04-08T13:06:00,0.58695,0.5871,0.58695,0.58695,59
2026-04-08T13:07:00,0.5869,0.58695,0.58685,0.58695,74
2026-04-08T13:08:00,0.58695,0.5871,0.58695,0.5871,48
2026-04-08T13:09:00,0.5871,0.5873,0.58705,0.5872,255
2026-04-08T13:10:00,0.58715,0.58725,0.58695,0.587,114
2026-04-08T13:11:00,0.58695,0.58695,0.58675,0.58685,83
2026-04-08T13:12:00,0.58685,0.5869,0.5867,0.5867,39
2026-04-08T13:13:00,0.5867,0.5867,0.5866,0.5866,26
2026-04-08T13:14:00,0.58665,0.5867,0.58655,0.5867,49
2026-04-08T13:15:00,0.58675,0.58685,0.5867,0.5867,47
2026-04-08T13:16:00,0.5867,0.5868,0.5867,0.5868,8
2026-04-08T13:17:00,0.5868,0.5868,0.5867,0.5868,21
2026-04-08T13:18:00,0.58675,0.5868,0.5867,0.5867,15
2026-04-08T13:19:00,0.5867,0.5868,0.58665,0.5868,23
2026-04-08T13:20:00,0.58665,0.58675,0.5866,0.5866,20
2026-04-08T13:21:00,0.58655,0.58655,0.58635,0.58635,20
2026-04-08T13:22:00,0.5864,0.5864,0.58635,0.5864,53
2026-04-08T13:23:00,0.58645,0.5865,0.58645,0.5865,9
2026-04-08T13:24:00,0.58655,0.5867,0.58655,0.58665,19
2026-04-08T13:25:00,0.58665,0.5867,0.58665,0.58665,37
2026-04-08T13:26:00,0.5866,0.5866,0.58655,0.58655,16
2026-04-08T13:27:00,0.58655,0.58655,0.58635,0.58655,115
2026-04-08T13:28:00,0.5865,0.5866,0.5861,0.5861,335
2026-04-08T13:29:00,0.5861,0.58615,0.586,0.5861,66
2026-04-08T13:30:00,0.5861,0.58625,0.58595,0.586,123
2026-04-08T13:31:00,0.58605,0.5861,0.58585,0.5859,70
2026-04-08T13:32:00,0.58585,0.58595,0.5857,0.58575,56
2026-04-08T13:33:00,0.5857,0.58575,0.5854,0.58555,124
2026-04-08T13:34:00,0.58555,0.58565,0.58545,0.58545,41
2026-04-08T13:35:00,0.5854,0.5854,0.58525,0.5853,72
2026-04-08T13:36:00,0.58535,0.5854,0.5851,0.58515,357
2026-04-08T13:37:00,0.58515,0.5852,0.5851,0.5851,96
2026-04-08T13:38:00,0.5851,0.5851,0.58475,0.58505,200
2026-04-08T13:39:00,0.58505,0.58505,0.5848,0.58495,59
2026-04-08T13:40:00,0.58505,0.58505,0.58485,0.585,71
2026-04-08T13:41:00,0.585,0.585,0.5848,0.5849,84
2026-04-08T13:42:00,0.58495,0.58505,0.58475,0.58485,115
2026-04-08T13:43:00,0.58485,0.58495,0.5848,0.5849,49
2026-04-08T13:44:00,0.58505,0.5851,0.585,0.585,43
2026-04-08T13:45:00,0.585,0.58505,0.58495,0.58495,65
2026-04-08T13:46:00,0.58495,0.5854,0.58495,0.5854,97
2026-04-08T13:47:00,0.58545,0.58555,0.5854,0.5855,49
2026-04-08T13:48:00,0.5855,0.5856,0.58545,0.58555,69
2026-04-08T13:49:00,0.58555,0.5856,0.58555,0.5856,35
2026-04-08T13:50:00,0.58555,0.5856,0.5855,0.5855,40
2026-04-08T13:51:00,0.5855,0.58555,0.58505,0.5852,235
2026-04-08T13:52:00,0.58525,0.58535,0.5852,0.58525,65
2026-04-08T13:53:00,0.5853,0.5853,0.585,0.585,25
2026-04-08T13:54:00,0.58505,0.5851,0.58495,0.585,34
2026-04-08T13:55:00,0.58495,0.5851,0.58495,0.58495,45
2026-04-08T13:56:00,0.585,0.58515,0.585,0.58515,39
2026-04-08T13:57:00,0.5852,0.58525,0.585,0.5852,159
2026-04-08T13:58:00,0.5852,0.5853,0.58515,0.58525,154
2026-04-08T13:59:00,0.5853,0.5854,0.58525,0.5853,73
2026-04-08T14:00:00,0.5853,0.5856,0.5853,0.5855,70
2026-04-08T14:01:00,0.58545,0.5855,0.58545,0.58545,31
2026-04-08T14:02:00,0.5855,0.5855,0.5854,0.58545,73
2026-04-08T14:03:00,0.5855,0.5855,0.58545,0.58545,72
2026-04-08T14:04:00,0.58545,0.5855,0.58535,0.58545,40
2026-04-08T14:05:00,0.58545,0.5855,0.5854,0.5855,35
2026-04-08T14:06:00,0.58545,0.58555,0.5854,0.58555,41
2026-04-08T14:07:00,0.58555,0.5856,0.58555,0.58555,65
2026-04-08T14:08:00,0.5855,0.58555,0.5849,0.5853,370
2026-04-08T14:09:00,0.5853,0.58545,0.5853,0.58545,57
2026-04-08T14:10:00,0.5855,0.58555,0.58545,0.58545,20
2026-04-08T14:11:00,0.58545,0.5856,0.5854,0.58555,30
2026-04-08T14:12:00,0.5856,0.5856,0.5855,0.58555,43
2026-04-08T14:13:00,0.5856,0.5856,0.58545,0.5855,20
2026-04-08T14:14:00,0.5854,0.58545,0.5853,0.5853,19
2026-04-08T14:15:00,0.5853,0.5854,0.58525,0.5853,29
2026-04-08T14:16:00,0.5853,0.58535,0.58525,0.58525,26
2026-04-08T14:17:00,0.5853,0.5854,0.5853,0.58535,52
2026-04-08T14:18:00,0.58535,0.58545,0.5852,0.5852,61
2026-04-08T14:19:00,0.5852,0.58525,0.58495,0.585,91
2026-04-08T14:20:00,0.58495,0.58515,0.58485,0.58485,266
2026-04-08T14:21:00,0.5848,0.585,0.58475,0.58485,131
2026-04-08T14:22:00,0.58485,0.585,0.5848,0.58495,78
2026-04-08T14:23:00,0.58495,0.58495,0.5848,0.5848,61
2026-04-08T14:24:00,0.5848,0.58505,0.5848,0.585,206
2026-04-08T14:25:00,0.585,0.5851,0.58495,0.58495,83
2026-04-08T14:26:00,0.585,0.585,0.5849,0.58495,93
2026-04-08T14:27:00,0.5849,0.58515,0.5849,0.58515,72
2026-04-08T14:28:00,0.58515,0.5853,0.58505,0.5851,109
2026-04-08T14:29:00,0.5851,0.58515,0.5849,0.5849,48
2026-04-08T14:30:00,0.58485,0.58495,0.58465,0.58475,161
2026-04-08T14:31:00,0.58475,0.58485,0.58435,0.58475,336
2026-04-08T14:32:00,0.5847,0.58485,0.5847,0.5848,62
2026-04-08T14:33:00,0.58475,0.58485,0.5847,0.5848,65
2026-04-08T14:34:00,0.5848,0.5849,0.5848,0.5849,42
2026-04-08T14:35:00,0.5849,0.58505,0.5847,0.5847,49
2026-04-08T14:36:00,0.5847,0.58475,0.5845,0.5845,51
2026-04-08T14:37:00,0.58455,0.58475,0.58455,0.58475,66
2026-04-08T14:38:00,0.58475,0.58475,0.58465,0.58465,66
2026-04-08T14:39:00,0.5847,0.58475,0.5846,0.5846,43
2026-04-08T14:40:00,0.58465,0.58475,0.58465,0.5847,86
2026-04-08T14:41:00,0.58475,0.5848,0.5847,0.58475,35
2026-04-08T14:42:00,0.58475,0.58485,0.58465,0.58485,27
2026-04-08T14:43:00,0.58485,0.58485,0.5847,0.5847,34
2026-04-08T14:44:00,0.58475,0.58475,0.58465,0.5847,47
2026-04-08T14:45:00,0.5847,0.58485,0.5847,0.58475,24
2026-04-08T14:46:00,0.5847,0.5847,0.5846,0.58465,19
2026-04-08T14:47:00,0.5846,0.5847,0.58455,0.5847,52
2026-04-08T14:48:00,0.5847,0.58505,0.5847,0.585,41
2026-04-08T14:49:00,0.58505,0.5851,0.58495,0.58495,23
2026-04-08T14:50:00,0.585,0.58505,0.5849,0.58505,14
2026-04-08T14:51:00,0.58505,0.58505,0.58485,0.5849,65
2026-04-08T14:52:00,0.58485,0.5851,0.58485,0.5851,204
2026-04-08T14:53:00,0.5851,0.5851,0.5849,0.5849,139
2026-04-08T14:54:00,0.58495,0.5852,0.58495,0.5852,33
2026-04-08T14:55:00,0.58525,0.58525,0.58485,0.58485,206
2026-04-08T14:56:00,0.5849,0.58495,0.5844,0.5844,339
2026-04-08T14:57:00,0.58435,0.58515,0.58435,0.58515,228
2026-04-08T14:58:00,0.5851,0.5852,0.5851,0.58515,28
2026-04-08T14:59:00,0.5852,0.5852,0.58515,0.5852,86
2026-04-08T15:00:00,0.5852,0.5852,0.58515,0.5852,63
2026-04-08T15:01:00,0.5852,0.5852,0.58505,0.5851,117
2026-04-08T15:02:00,0.5851,0.5852,0.58495,0.585,69
2026-04-08T15:03:00,0.58495,0.5851,0.58495,0.5851,62
2026-04-08T15:04:00,0.5851,0.58515,0.58505,0.58515,41
2026-04-08T15:05:00,0.5852,0.5852,0.585,0.585,51
2026-04-08T15:06:00,0.58495,0.58495,0.58485,0.58485,71
2026-04-08T15:07:00,0.58485,0.58495,0.5848,0.5848,40
2026-04-08T15:08:00,0.58475,0.5848,0.5847,0.5847,22
2026-04-08T15:09:00,0.58465,0.5847,0.58455,0.58455,85
2026-04-08T15:10:00,0.5845,0.5845,0.58435,0.5845,61
2026-04-08T15:11:00,0.5845,0.5846,0.5844,0.58455,48
2026-04-08T15:12:00,0.5845,0.5846,0.5845,0.5846,25
2026-04-08T15:13:00,0.58465,0.58475,0.58465,0.5847,26
2026-04-08T15:14:00,0.58465,0.58465,0.5845,0.58465,18
2026-04-08T15:15:00,0.5846,0.58475,0.5846,0.58475,10
2026-04-08T15:16:00,0.58475,0.5848,0.58475,0.5848,40
2026-04-08T15:17:00,0.58485,0.5849,0.5847,0.5847,74
2026-04-08T15:18:00,0.58475,0.5848,0.58465,0.5848,67
2026-04-08T15:19:00,0.58485,0.5852,0.5848,0.5852,88
2026-04-08T15:20:00,0.58525,0.58535,0.58525,0.5853,28
2026-04-08T15:21:00,0.5853,0.58535,0.58515,0.5852,54
2026-04-08T15:22:00,0.5852,0.58525,0.58515,0.5852,25
2026-04-08T15:23:00,0.5852,0.5852,0.58505,0.5851,19
2026-04-08T15:24:00,0.5851,0.5851,0.5851,0.5851,18
2026-04-08T15:25:00,0.58505,0.58505,0.58495,0.58495,19
2026-04-08T15:26:00,0.5849,0.5849,0.5849,0.5849,21
2026-04-08T15:27:00,0.58495,0.58495,0.58475,0.58475,24
2026-04-08T15:28:00,0.58475,0.58475,0.58465,0.5847,25
2026-04-08T15:29:00,0.58465,0.58465,0.58465,0.58465,7
2026-04-08T15:30:00,0.58465,0.5848,0.58465,0.5848,29
2026-04-08T15:31:00,0.5848,0.5848,0.58475,0.58475,19
2026-04-08T15:32:00,0.5847,0.58475,0.58465,0.58475,47
2026-04-08T15:33:00,0.58475,0.58485,0.58455,0.5846,244
2026-04-08T15:34:00,0.58465,0.5848,0.58465,0.5848,27
2026-04-08T15:35:00,0.58475,0.58485,0.58465,0.58465,95
2026-04-08T15:36:00,0.58465,0.58485,0.5846,0.58485,44
2026-04-08T15:37:00,0.58485,0.585,0.58485,0.585,55
2026-04-08T15:38:00,0.5851,0.5852,0.5851,0.5852,16
2026-04-08T15:39:00,0.5852,0.5853,0.5852,0.5852,29
2026-04-08T15:40:00,0.5851,0.5852,0.5851,0.58515,27
2026-04-08T15:41:00,0.58515,0.58515,0.5851,0.58515,16
2026-04-08T15:42:00,0.5851,0.5851,0.5851,0.5851,4
2026-04-08T15:43:00,0.5851,0.58515,0.58505,0.58505,63
2026-04-08T15:44:00,0.585,0.585,0.5849,0.5849,12
2026-04-08T15:45:00,0.58495,0.58495,0.58495,0.58495,12
2026-04-08T15:46:00,0.58495,0.5851,0.58495,0.5851,19
2026-04-08T15:47:00,0.58505,0.58515,0.58505,0.5851,13
2026-04-08T15:48:00,0.5851,0.5851,0.585,0.585,10
2026-04-08T15:49:00,0.5851,0.5851,0.585,0.5851,11
2026-04-08T15:50:00,0.58515,0.5852,0.58515,0.58515,4
2026-04-08T15:51:00,0.58515,0.58515,0.5851,0.5851,10
2026-04-08T15:52:00,0.58515,0.58515,0.58515,0.58515,7
2026-04-08T15:53:00,0.58515,0.58515,0.58515,0.58515,5
2026-04-08T15:54:00,0.5852,0.5852,0.5852,0.5852,9
2026-04-08T15:55:00,0.5852,0.5852,0.5852,0.5852,8
2026-04-08T15:56:00,0.58515,0.58515,0.58505,0.58505,9
2026-04-08T15:57:00,0.5851,0.58515,0.58505,0.5851,10
2026-04-08T15:58:00,0.5851,0.5851,0.58505,0.58505,3
2026-04-08T15:59:00,0.58505,0.58505,0.58495,0.58495,3
2026-04-08T16:00:00,0.5849,0.58495,0.58485,0.58485,20
2026-04-08T16:01:00,0.5849,0.585,0.5849,0.585,13
2026-04-08T16:02:00,0.585,0.5851,0.585,0.58505,19
2026-04-08T16:03:00,0.58505,0.58505,0.58505,0.58505,3
2026-04-08T16:04:00,0.58505,0.58505,0.58475,0.58485,50
2026-04-08T16:05:00,0.5848,0.5849,0.5848,0.5849,11
2026-04-08T16:06:00,0.5849,0.5849,0.5848,0.58485,52
2026-04-08T16:07:00,0.5849,0.5849,0.58485,0.58485,11
2026-04-08T16:08:00,0.58485,0.58485,0.58485,0.58485,5
2026-04-08T16:09:00,0.5849,0.5849,0.5849,0.5849,3
2026-04-08T16:10:00,0.58495,0.58495,0.5849,0.58495,18
2026-04-08T16:11:00,0.58505,0.58505,0.585,0.58505,18
2026-04-08T16:12:00,0.585,0.58505,0.585,0.585,6
2026-04-08T16:13:00,0.585,0.585,0.58495,0.58495,3
2026-04-08T16:14:00,0.58495,0.58495,0.5848,0.5848,17
2026-04-08T16:15:00,0.5848,0.58485,0.5848,0.58485,3
2026-04-08T16:16:00,0.5848,0.5848,0.58475,0.58475,8
2026-04-08T16:17:00,0.5847,0.5847,0.5846,0.58465,16
2026-04-08T16:18:00,0.5846,0.58465,0.5846,0.58465,7
2026-04-08T16:19:00,0.58455,0.5847,0.58455,0.58465,7
2026-04-08T16:20:00,0.58465,0.58465,0.58455,0.58455,23
2026-04-08T16:21:00,0.58455,0.5846,0.58455,0.5846,7
2026-04-08T16:22:00,0.58455,0.58455,0.5845,0.58455,11
2026-04-08T16:23:00,0.58455,0.58455,0.5845,0.5845,5
2026-04-08T16:24:00,0.58465,0.58465,0.58465,0.58465,3
2026-04-08T16:25:00,0.58465,0.58465,0.5846,0.58465,16
2026-04-08T16:26:00,0.5846,0.5847,0.5846,0.58465,14
2026-04-08T16:27:00,0.58455,0.58465,0.58455,0.5846,13
2026-04-08T16:28:00,0.5846,0.58465,0.5846,0.58465,22
2026-04-08T16:29:00,0.5847,0.58475,0.58465,0.5847,26
2026-04-08T16:30:00,0.58475,0.58475,0.5846,0.5847,60
2026-04-08T16:31:00,0.5847,0.5847,0.58465,0.5847,23
2026-04-08T16:32:00,0.58475,0.5848,0.58475,0.5848,12
2026-04-08T16:33:00,0.58485,0.58485,0.58485,0.58485,11
2026-04-08T16:34:00,0.58485,0.58485,0.58485,0.58485,4
2026-04-08T16:35:00,0.58485,0.58485,0.5848,0.5848,13
2026-04-08T16:36:00,0.58485,0.58485,0.58485,0.58485,2
2026-04-08T16:37:00,0.5848,0.58485,0.5848,0.58485,12
2026-04-08T16:38:00,0.5849,0.5849,0.58475,0.5848,20
2026-04-08T16:39:00,0.58485,0.585,0.58485,0.58495,32
2026-04-08T16:40:00,0.58495,0.58495,0.5849,0.5849,22
2026-04-08T16:41:00,0.5849,0.58495,0.5849,0.5849,6
2026-04-08T16:42:00,0.5849,0.5849,0.5849,0.5849,2
2026-04-08T16:43:00,0.5848,0.5848,0.58475,0.5848,13
2026-04-08T16:44:00,0.58485,0.58485,0.5848,0.5848,13
2026-04-08T16:46:00,0.58485,0.58485,0.5848,0.58485,8
2026-04-08T16:47:00,0.5848,0.58485,0.5848,0.58485,11
2026-04-08T16:48:00,0.5849,0.5849,0.58485,0.5849,9
2026-04-08T16:49:00,0.5849,0.58495,0.5849,0.5849,10
2026-04-08T16:50:00,0.5849,0.5849,0.5849,0.5849,1
2026-04-08T16:51:00,0.5849,0.5849,0.58485,0.58485,9
2026-04-08T16:52:00,0.58485,0.58485,0.58485,0.58485,5
2026-04-08T16:53:00,0.5849,0.5849,0.5849,0.5849,3
2026-04-08T16:54:00,0.5849,0.5849,0.5849,0.5849,4
2026-04-08T16:55:00,0.5849,0.5849,0.5849,0.5849,11
2026-04-08T16:56:00,0.5849,0.5849,0.5849,0.5849,9
2026-04-08T16:57:00,0.58495,0.58495,0.58495,0.58495,3
2026-04-08T16:58:00,0.5849,0.58495,0.5849,0.5849,4
2026-04-08T17:00:00,0.585,0.585,0.585,0.585,1
2026-04-08T17:01:00,0.5851,0.5851,0.58505,0.5851,10
2026-04-08T17:02:00,0.5851,0.58515,0.5851,0.5851,8
2026-04-08T17:03:00,0.5851,0.5851,0.58505,0.58505,7
2026-04-08T17:04:00,0.585,0.585,0.58495,0.585,18
2026-04-08T17:05:00,0.58495,0.58495,0.58485,0.58485,24
2026-04-08T17:06:00,0.58485,0.58485,0.58475,0.58475,16
2026-04-08T17:07:00,0.5848,0.5849,0.5848,0.5849,5
2026-04-08T17:08:00,0.5849,0.5849,0.5848,0.5848,19
2026-04-08T17:09:00,0.5848,0.5848,0.5848,0.5848,12
2026-04-08T17:10:00,0.58485,0.5849,0.58485,0.5849,18
2026-04-08T17:11:00,0.58495,0.58495,0.58495,0.58495,12
2026-04-08T17:12:00,0.58495,0.58495,0.5849,0.5849,8
2026-04-08T17:13:00,0.58495,0.58495,0.58495,0.58495,3
2026-04-08T17:14:00,0.58495,0.585,0.58495,0.58495,8
2026-04-08T17:15:00,0.58495,0.58495,0.58495,0.58495,5
2026-04-08T17:16:00,0.5849,0.5849,0.58485,0.58485,7
2026-04-08T17:17:00,0.5848,0.5848,0.5847,0.58475,22
2026-04-08T17:18:00,0.5847,0.5847,0.58465,0.58465,5
2026-04-08T17:19:00,0.58465,0.58465,0.58465,0.58465,1
2026-04-08T17:20:00,0.5846,0.5846,0.5846,0.5846,5
2026-04-08T17:21:00,0.5846,0.5846,0.58455,0.58455,18
2026-04-08T17:22:00,0.5846,0.5846,0.5843,0.5845,85
2026-04-08T17:23:00,0.5845,0.5845,0.58425,0.58435,40
2026-04-08T17:24:00,0.58435,0.5844,0.5843,0.5843,18
2026-04-08T17:25:00,0.58435,0.58435,0.5843,0.5843,19
2026-04-08T17:26:00,0.5843,0.5843,0.5843,0.5843,5
2026-04-08T17:27:00,0.58425,0.58425,0.58415,0.5842,13
2026-04-08T17:30:00,0.58425,0.5843,0.5842,0.58425,17
2026-04-08T17:31:00,0.5843,0.58435,0.5843,0.58435,15
2026-04-08T17:32:00,0.58435,0.58435,0.5843,0.5843,3
2026-04-08T17:33:00,0.58425,0.58425,0.58415,0.58415,13
2026-04-08T17:34:00,0.58415,0.58415,0.5841,0.5841,10
2026-04-08T17:35:00,0.5841,0.5841,0.584,0.58405,14
2026-04-08T17:36:00,0.58405,0.5841,0.58405,0.5841,18
2026-04-08T17:37:00,0.5841,0.58415,0.5839,0.584,95
2026-04-08T17:38:00,0.58405,0.58405,0.584,0.584,3
2026-04-08T17:39:00,0.584,0.58405,0.584,0.58405,19
2026-04-08T17:40:00,0.58405,0.58405,0.58405,0.58405,8
2026-04-08T17:41:00,0.584,0.58415,0.58395,0.584,166
2026-04-08T17:42:00,0.58405,0.5841,0.584,0.5841,28
2026-04-08T17:43:00,0.58405,0.5841,0.58405,0.5841,8
2026-04-08T17:44:00,0.58415,0.5842,0.58415,0.58415,22
2026-04-08T17:45:00,0.58415,0.58415,0.5841,0.5841,47
2026-04-08T17:46:00,0.5841,0.58415,0.5841,0.5841,27
2026-04-08T17:47:00,0.5841,0.5841,0.5841,0.5841,8
2026-04-08T17:48:00,0.5841,0.58415,0.5841,0.5841,8
2026-04-08T17:49:00,0.5841,0.5841,0.5841,0.5841,4
2026-04-08T17:50:00,0.58415,0.58425,0.58415,0.5842,19
2026-04-08T17:51:00,0.58415,0.58425,0.58415,0.58425,11
2026-04-08T17:52:00,0.5842,0.5842,0.58415,0.5842,10
2026-04-08T17:53:00,0.5842,0.5842,0.5842,0.5842,10
2026-04-08T17:54:00,0.5842,0.5842,0.5842,0.5842,5
2026-04-08T17:55:00,0.5842,0.5842,0.58415,0.58415,14
2026-04-08T17:56:00,0.58415,0.58415,0.5841,0.5841,6
2026-04-08T17:57:00,0.58405,0.58415,0.58405,0.58415,29
2026-04-08T17:58:00,0.5842,0.58425,0.5842,0.5842,14
2026-04-08T17:59:00,0.58425,0.5843,0.58425,0.5843,30
2026-04-08T18:00:00,0.58435,0.58435,0.5841,0.58425,86
2026-04-08T18:01:00,0.5843,0.5843,0.58425,0.58425,6
2026-04-08T18:02:00,0.58435,0.5844,0.58435,0.5844,5
2026-04-08T18:03:00,0.58435,0.58435,0.58425,0.58425,9
2026-04-08T18:04:00,0.5843,0.5843,0.5843,0.5843,1
2026-04-08T18:05:00,0.5843,0.5844,0.5843,0.5844,4
2026-04-08T18:06:00,0.5844,0.58445,0.5844,0.5844,17
2026-04-08T18:07:00,0.5844,0.58455,0.5844,0.58455,14
2026-04-08T18:08:00,0.5845,0.5845,0.58445,0.58445,5
2026-04-08T18:09:00,0.5845,0.58455,0.5845,0.58455,4
2026-04-08T18:10:00,0.5846,0.5846,0.5845,0.58455,28
2026-04-08T18:11:00,0.5845,0.58455,0.5845,0.58455,20
2026-04-08T18:12:00,0.58455,0.58455,0.5845,0.58455,18
2026-04-08T18:13:00,0.58455,0.5846,0.5845,0.5846,7
2026-04-08T18:14:00,0.58455,0.58455,0.58455,0.58455,1
2026-04-08T18:15:00,0.5846,0.5846,0.5846,0.5846,4
2026-04-08T18:16:00,0.58465,0.58465,0.58465,0.58465,14
2026-04-08T18:17:00,0.58465,0.58465,0.58455,0.58455,13
2026-04-08T18:18:00,0.5845,0.5845,0.58375,0.58395,181
2026-04-08T18:19:00,0.58395,0.584,0.58375,0.58395,100
2026-04-08T18:20:00,0.5839,0.584,0.5837,0.58375,63
2026-04-08T18:21:00,0.5838,0.5838,0.58375,0.5838,60
2026-04-08T18:22:00,0.58385,0.58395,0.5837,0.5837,64
2026-04-08T18:23:00,0.58375,0.5839,0.5836,0.58365,70
2026-04-08T18:24:00,0.58365,0.5837,0.5836,0.5836,103
2026-04-08T18:25:00,0.5836,0.58365,0.58345,0.58345,79
2026-04-08T18:26:00,0.58345,0.58365,0.58345,0.5836,28
2026-04-08T18:27:00,0.5836,0.5836,0.5835,0.58355,8
2026-04-08T18:28:00,0.5836,0.58365,0.58355,0.58365,18
2026-04-08T18:29:00,0.58355,0.58355,0.5834,0.5834,22
2026-04-08T18:30:00,0.58345,0.5836,0.58345,0.58355,30
2026-04-08T18:31:00,0.5836,0.5836,0.58355,0.58355,6
2026-04-08T18:32:00,0.5835,0.5835,0.5834,0.58345,22
2026-04-08T18:33:00,0.58345,0.58345,0.58335,0.58335,2
2026-04-08T18:34:00,0.5834,0.58355,0.58335,0.58355,271
2026-04-08T18:35:00,0.5835,0.5835,0.58345,0.58345,17
2026-04-08T18:36:00,0.58335,0.58345,0.58335,0.5834,20
2026-04-08T18:37:00,0.5834,0.5834,0.58335,0.58335,25
2026-04-08T18:38:00,0.58335,0.58335,0.58325,0.5833,16
2026-04-08T18:39:00,0.5833,0.5833,0.5831,0.5831,53
2026-04-08T18:40:00,0.5832,0.5832,0.583,0.583,22
2026-04-08T18:41:00,0.583,0.58305,0.583,0.583,18
2026-04-08T18:42:00,0.583,0.5831,0.58295,0.58305,52
2026-04-08T18:43:00,0.58305,0.58305,0.58295,0.583,22
2026-04-08T18:44:00,0.583,0.583,0.5829,0.58295,14
2026-04-08T18:45:00,0.58295,0.583,0.58295,0.583,26
2026-04-08T18:46:00,0.583,0.583,0.5829,0.5829,10
2026-04-08T18:47:00,0.58295,0.583,0.58295,0.58295,8
2026-04-08T18:48:00,0.58295,0.58295,0.58295,0.58295,11
2026-04-08T18:49:00,0.5829,0.5829,0.58275,0.58275,49
2026-04-08T18:50:00,0.5827,0.5828,0.58265,0.5828,45
2026-04-08T18:51:00,0.58285,0.58285,0.5827,0.58275,55
2026-04-08T18:52:00,0.58275,0.5829,0.58275,0.5828,40
2026-04-08T18:53:00,0.5828,0.5829,0.5828,0.58285,16
2026-04-08T18:54:00,0.58285,0.5829,0.58285,0.58285,14
2026-04-08T18:55:00,0.5828,0.58285,0.5827,0.58275,34
2026-04-08T18:56:00,0.58275,0.58275,0.58265,0.5827,16
2026-04-08T18:57:00,0.5827,0.58275,0.58265,0.5827,98
2026-04-08T18:58:00,0.58265,0.5827,0.5826,0.5826,80
2026-04-08T18:59:00,0.58265,0.58265,0.58255,0.5826,403
2026-04-08T19:00:00,0.58255,0.58265,0.58235,0.5824,520
2026-04-08T19:01:00,0.58245,0.58265,0.58245,0.58265,126
2026-04-08T19:02:00,0.5827,0.58275,0.58265,0.58265,110
2026-04-08T19:03:00,0.5827,0.5827,0.5826,0.5826,9
2026-04-08T19:04:00,0.58255,0.58255,0.5825,0.5825,22
2026-04-08T19:05:00,0.5825,0.5825,0.58245,0.58245,17
2026-04-08T19:06:00,0.58245,0.58255,0.58245,0.58255,12
2026-04-08T19:07:00,0.5825,0.5826,0.5825,0.58255,38
2026-04-08T19:08:00,0.58255,0.5826,0.58255,0.5826,9
2026-04-08T19:09:00,0.5826,0.5827,0.5826,0.5827,23
2026-04-08T19:10:00,0.58275,0.5828,0.58275,0.5828,4
2026-04-08T19:11:00,0.5829,0.5829,0.58285,0.5829,15
2026-04-08T19:12:00,0.5829,0.583,0.5829,0.58295,10
2026-04-08T19:13:00,0.58295,0.58295,0.5829,0.5829,28
2026-04-08T19:14:00,0.5829,0.58295,0.5829,0.58295,28
2026-04-08T19:15:00,0.58295,0.5831,0.58295,0.583,31
2026-04-08T19:16:00,0.583,0.5831,0.583,0.58305,14
2026-04-08T19:17:00,0.583,0.583,0.5829,0.58295,32
2026-04-08T19:18:00,0.58295,0.583,0.58295,0.58295,19
2026-04-08T19:19:00,0.5829,0.58295,0.5829,0.58295,2
2026-04-08T19:20:00,0.5829,0.5829,0.5829,0.5829,6
2026-04-08T19:21:00,0.5829,0.5829,0.5829,0.5829,2
2026-04-08T19:22:00,0.58295,0.58305,0.58285,0.58295,191
2026-04-08T19:23:00,0.5829,0.58305,0.5829,0.58305,36
2026-04-08T19:24:00,0.58305,0.58305,0.58305,0.58305,1
2026-04-08T19:25:00,0.5831,0.58315,0.58305,0.58305,36
2026-04-08T19:26:00,0.5831,0.5831,0.58295,0.58295,15
2026-04-08T19:27:00,0.58295,0.58295,0.58285,0.5829,19
2026-04-08T19:28:00,0.58285,0.58285,0.58285,0.58285,13
2026-04-08T19:29:00,0.5829,0.5829,0.58285,0.5829,7
2026-04-08T19:30:00,0.5829,0.58295,0.5829,0.58295,3
2026-04-08T19:31:00,0.58315,0.5832,0.58315,0.5832,17
2026-04-08T19:32:00,0.58315,0.5832,0.58315,0.5832,7
2026-04-08T19:33:00,0.58315,0.58315,0.5831,0.5831,21
2026-04-08T19:34:00,0.58305,0.5832,0.58305,0.5832,20
2026-04-08T19:35:00,0.58315,0.58325,0.58315,0.58315,49
2026-04-08T19:36:00,0.58315,0.5834,0.58315,0.5833,17
2026-04-08T19:37:00,0.5834,0.5834,0.58335,0.5834,19
2026-04-08T19:38:00,0.58345,0.58355,0.58335,0.58335,32
2026-04-08T19:39:00,0.58335,0.5835,0.58335,0.5835,14
2026-04-08T19:40:00,0.58345,0.58345,0.58345,0.58345,2
2026-04-08T19:41:00,0.5834,0.5834,0.5834,0.5834,16
2026-04-08T19:42:00,0.5834,0.5834,0.5834,0.5834,2
2026-04-08T19:43:00,0.5834,0.5834,0.5834,0.5834,4
2026-04-08T19:44:00,0.58345,0.58345,0.5834,0.58345,4
2026-04-08T19:45:00,0.5834,0.5835,0.5834,0.5835,11
2026-04-08T19:46:00,0.5835,0.5835,0.58345,0.58345,4
2026-04-08T19:47:00,0.5835,0.5835,0.5835,0.5835,3
2026-04-08T19:48:00,0.5835,0.5835,0.5835,0.5835,4
2026-04-08T19:49:00,0.58355,0.58355,0.58355,0.58355,1
2026-04-08T19:50:00,0.58355,0.58365,0.58355,0.5836,41
2026-04-08T19:51:00,0.5836,0.5836,0.5836,0.5836,13
2026-04-08T19:52:00,0.58365,0.58365,0.5836,0.5836,5
2026-04-08T19:53:00,0.58365,0.5838,0.58365,0.58375,24
2026-04-08T19:54:00,0.58375,0.5838,0.58375,0.5838,5
2026-04-08T19:55:00,0.58385,0.58385,0.58375,0.5838,29
2026-04-08T19:56:00,0.5838,0.58385,0.5838,0.5838,28
2026-04-08T19:57:00,0.5839,0.584,0.5839,0.584,31
2026-04-08T19:58:00,0.584,0.5841,0.584,0.58405,34
2026-04-08T19:59:00,0.58405,0.5841,0.584,0.584,50
2026-04-08T20:00:00,0.584,0.58405,0.584,0.58405,21
2026-04-08T20:01:00,0.5841,0.5841,0.5841,0.5841,36
2026-04-08T20:02:00,0.58405,0.5841,0.584,0.5841,10
2026-04-08T20:03:00,0.58405,0.58405,0.58405,0.58405,2
2026-04-08T20:05:00,0.58395,0.58395,0.58375,0.5838,18
2026-04-08T20:07:00,0.5838,0.5838,0.5838,0.5838,1
2026-04-08T20:08:00,0.58385,0.58385,0.58385,0.58385,2
2026-04-08T20:09:00,0.5839,0.5839,0.58385,0.58385,7
2026-04-08T20:10:00,0.58385,0.58385,0.5838,0.5838,18
2026-04-08T20:11:00,0.58385,0.58385,0.58385,0.58385,3
2026-04-08T20:12:00,0.58375,0.58375,0.58375,0.58375,1
2026-04-08T20:16:00,0.5837,0.5837,0.58365,0.58365,5
2026-04-08T20:17:00,0.58365,0.58365,0.58365,0.58365,1
2026-04-08T20:18:00,0.5836,0.5836,0.5836,0.5836,1
2026-04-08T20:19:00,0.5836,0.5836,0.5836,0.5836,7
2026-04-08T20:20:00,0.58365,0.58365,0.5836,0.5836,7
2026-04-08T20:21:00,0.5836,0.5836,0.5836,0.5836,14
2026-04-08T20:24:00,0.58355,0.58355,0.5835,0.58355,6
2026-04-08T20:26:00,0.58355,0.58355,0.58355,0.58355,2
2026-04-08T20:33:00,0.58365,0.58365,0.5836,0.58365,9
2026-04-08T20:36:00,0.58365,0.58365,0.58365,0.58365,1
2026-04-08T20:37:00,0.58355,0.58355,0.58355,0.58355,1
2026-04-08T20:39:00,0.58355,0.58355,0.58355,0.58355,6
2026-04-08T20:40:00,0.5836,0.5836,0.5836,0.5836,2
2026-04-08T20:42:00,0.5836,0.58365,0.5836,0.58365,11
2026-04-08T20:47:00,0.58365,0.58365,0.58365,0.58365,1
2026-04-08T20:50:00,0.5837,0.5837,0.5837,0.5837,2
2026-04-08T20:51:00,0.5837,0.5837,0.58365,0.58365,8
2026-04-08T20:53:00,0.58365,0.58365,0.58365,0.58365,10
2026-04-08T20:55:00,0.58355,0.5836,0.5835,0.5836,19
2026-04-08T20:56:00,0.5836,0.5836,0.5836,0.5836,5
2026-04-08T20:58:00,0.58355,0.5836,0.58355,0.5836,2
2026-04-08T20:59:00,0.5836,0.5836,0.5835,0.5835,21
2026-04-08T22:00:00,0.5835,0.5837,0.5835,0.5837,21
2026-04-08T22:01:00,0.5837,0.5837,0.5836,0.5836,10
2026-04-08T22:02:00,0.5836,0.58375,0.5836,0.58375,28
2026-04-08T22:03:00,0.5838,0.5838,0.5838,0.5838,1
2026-04-08T22:04:00,0.5838,0.5838,0.5838,0.5838,4
2026-04-08T22:05:00,0.5838,0.58385,0.5838,0.5838,8
2026-04-08T22:06:00,0.58375,0.5838,0.58375,0.5838,15
2026-04-08T22:08:00,0.5838,0.5838,0.5838,0.5838,6
2026-04-08T22:09:00,0.5838,0.5838,0.5838,0.5838,2
2026-04-08T22:11:00,0.58375,0.58375,0.58375,0.58375,1
2026-04-08T22:12:00,0.5837,0.5837,0.58355,0.58355,14
2026-04-08T22:13:00,0.5836,0.5836,0.5836,0.5836,10
2026-04-08T22:14:00,0.5836,0.5836,0.5836,0.5836,1
2026-04-08T22:15:00,0.58365,0.58365,0.58365,0.58365,5
2026-04-08T22:17:00,0.58365,0.5837,0.58365,0.58365,8
2026-04-08T22:18:00,0.5836,0.5836,0.58355,0.58355,7
2026-04-08T22:20:00,0.5835,0.5835,0.5835,0.5835,1
2026-04-08T22:21:00,0.58345,0.5835,0.58345,0.5835,31
2026-04-08T22:22:00,0.5835,0.5835,0.5835,0.5835,4
2026-04-08T22:23:00,0.5835,0.5835,0.5835,0.5835,3
2026-04-08T22:24:00,0.5835,0.5835,0.5835,0.5835,12
2026-04-08T22:25:00,0.58355,0.5836,0.58355,0.5836,22
2026-04-08T22:27:00,0.5836,0.5836,0.5836,0.5836,22
2026-04-08T22:28:00,0.5836,0.5836,0.5836,0.5836,3
2026-04-08T22:29:00,0.58365,0.5837,0.58365,0.5837,10
2026-04-08T22:30:00,0.5837,0.58375,0.5837,0.58375,11
2026-04-08T22:31:00,0.5837,0.5837,0.5837,0.5837,21
2026-04-08T22:32:00,0.5837,0.58375,0.5837,0.58375,42
2026-04-08T22:33:00,0.58375,0.58375,0.58375,0.58375,2
2026-04-08T22:34:00,0.58375,0.5838,0.58375,0.5838,4
2026-04-08T22:35:00,0.5838,0.5839,0.5838,0.5839,12
2026-04-08T22:36:00,0.5839,0.58395,0.5839,0.5839,18
2026-04-08T22:37:00,0.5839,0.5839,0.5839,0.5839,26
2026-04-08T22:38:00,0.58385,0.5839,0.58385,0.5839,16
2026-04-08T22:39:00,0.5839,0.5839,0.5839,0.5839,25
2026-04-08T22:40:00,0.58385,0.58385,0.58385,0.58385,2
2026-04-08T22:41:00,0.58385,0.5839,0.58385,0.5839,5
2026-04-08T22:42:00,0.58385,0.58385,0.58385,0.58385,9
2026-04-08T22:47:00,0.5838,0.5838,0.58375,0.58375,2
2026-04-08T22:48:00,0.58375,0.58375,0.58375,0.58375,2
2026-04-08T22:49:00,0.58375,0.58375,0.58375,0.58375,2
2026-04-08T22:50:00,0.5837,0.58375,0.5837,0.58375,8
2026-04-08T22:51:00,0.5838,0.58385,0.58375,0.58375,38
2026-04-08T22:55:00,0.58385,0.5839,0.58385,0.58385,16
2026-04-08T22:57:00,0.5838,0.5838,0.5838,0.5838,3
2026-04-08T22:58:00,0.58385,0.58385,0.58385,0.58385,8
2026-04-08T23:00:00,0.58385,0.5839,0.58385,0.5839,27
2026-04-08T23:01:00,0.58385,0.58385,0.58385,0.58385,1
2026-04-08T23:02:00,0.5838,0.58385,0.5838,0.58385,4
2026-04-08T23:04:00,0.58385,0.58385,0.5838,0.58385,11
2026-04-08T23:05:00,0.5839,0.58395,0.5839,0.5839,6
2026-04-08T23:06:00,0.58395,0.584,0.58395,0.584,13
2026-04-08T23:07:00,0.58395,0.58395,0.58395,0.58395,3
2026-04-08T23:10:00,0.58395,0.58405,0.58395,0.58395,16
2026-04-08T23:11:00,0.5838,0.5839,0.5838,0.5839,38
2026-04-08T23:12:00,0.58385,0.58385,0.58385,0.58385,9
2026-04-08T23:13:00,0.5839,0.58395,0.5839,0.5839,20
2026-04-08T23:14:00,0.5839,0.5839,0.5839,0.5839,1
2026-04-08T23:15:00,0.5839,0.5839,0.58385,0.5839,224
2026-04-08T23:16:00,0.58385,0.5839,0.58365,0.5839,267
2026-04-08T23:17:00,0.5839,0.5839,0.5839,0.5839,2
2026-04-08T23:18:00,0.58395,0.58395,0.58395,0.58395,8
2026-04-08T23:21:00,0.5839,0.5839,0.5839,0.5839,10
2026-04-08T23:23:00,0.58385,0.58385,0.58385,0.58385,9
2026-04-08T23:24:00,0.58385,0.58385,0.58385,0.58385,5
2026-04-08T23:25:00,0.58375,0.58375,0.58375,0.58375,3
2026-04-08T23:26:00,0.5837,0.5838,0.5837,0.5838,4
2026-04-08T23:27:00,0.5838,0.5838,0.5838,0.5838,1
2026-04-08T23:28:00,0.58375,0.58375,0.58375,0.58375,1
2026-04-08T23:30:00,0.58375,0.5838,0.58375,0.5838,26
2026-04-08T23:31:00,0.5838,0.5838,0.5837,0.5837,25
2026-04-08T23:32:00,0.5837,0.5837,0.58365,0.58365,12
2026-04-08T23:33:00,0.58365,0.58365,0.58365,0.58365,3
2026-04-08T23:34:00,0.5837,0.5837,0.5837,0.5837,4
2026-04-08T23:36:00,0.58375,0.58375,0.58375,0.58375,12
2026-04-08T23:37:00,0.58375,0.58375,0.58375,0.58375,5
2026-04-08T23:38:00,0.58375,0.5838,0.58375,0.5838,164
2026-04-08T23:40:00,0.5838,0.58385,0.5838,0.58385,54
2026-04-08T23:44:00,0.58385,0.58385,0.58385,0.58385,4
2026-04-08T23:45:00,0.5839,0.5839,0.5839,0.5839,4
2026-04-08T23:48:00,0.5839,0.584,0.5839,0.584,116
2026-04-08T23:49:00,0.584,0.584,0.584,0.584,2
2026-04-08T23:50:00,0.584,0.584,0.58395,0.584,17
2026-04-08T23:51:00,0.584,0.58405,0.584,0.58405,27
2026-04-08T23:52:00,0.58395,0.58415,0.58395,0.58415,11
2026-04-08T23:53:00,0.5841,0.5841,0.58405,0.58405,3
2026-04-08T23:54:00,0.58395,0.58395,0.58395,0.58395,13
2026-04-08T23:55:00,0.5839,0.5839,0.5837,0.58375,11
2026-04-08T23:56:00,0.58375,0.5838,0.58375,0.5838,10
2026-04-08T23:57:00,0.5838,0.5838,0.58375,0.58375,7
2026-04-08T23:58:00,0.5838,0.5838,0.5838,0.5838,2
2026-04-08T23:59:00,0.58375,0.5838,0.58375,0.5838,14
2026-04-09T00:00:00,0.5838,0.5839,0.58375,0.5839,83
2026-04-09T00:01:00,0.58385,0.5839,0.5838,0.5839,68
2026-04-09T00:02:00,0.58385,0.5839,0.5838,0.5838,38
2026-04-09T00:03:00,0.5836,0.5836,0.58355,0.58355,17
2026-04-09T00:04:00,0.58355,0.58355,0.5835,0.58355,6
2026-04-09T00:05:00,0.58355,0.5836,0.58345,0.5835,9
2026-04-09T00:06:00,0.5835,0.5835,0.5833,0.5833,22
2026-04-09T00:07:00,0.58335,0.58335,0.5832,0.58325,16
2026-04-09T00:08:00,0.5833,0.5833,0.5833,0.5833,1
2026-04-09T00:09:00,0.58325,0.58325,0.5832,0.5832,2
2026-04-09T00:10:00,0.5832,0.5832,0.58315,0.58315,5
2026-04-09T00:11:00,0.5832,0.5832,0.583,0.583,25
2026-04-09T00:12:00,0.58305,0.58305,0.583,0.58305,13
2026-04-09T00:13:00,0.58305,0.5831,0.58305,0.5831,15
2026-04-09T00:14:00,0.58315,0.58315,0.5831,0.5831,27
2026-04-09T00:15:00,0.5831,0.5831,0.58305,0.58305,33
2026-04-09T00:16:00,0.58305,0.5832,0.58305,0.5832,47
2026-04-09T00:17:00,0.5832,0.5834,0.58315,0.5832,223
2026-04-09T00:18:00,0.58325,0.58325,0.58325,0.58325,2
2026-04-09T00:19:00,0.58315,0.58325,0.58315,0.58325,7
2026-04-09T00:20:00,0.58325,0.58335,0.5832,0.58335,33
2026-04-09T00:21:00,0.5834,0.5834,0.58335,0.5834,12
2026-04-09T00:22:00,0.5833,0.5833,0.5833,0.5833,7
2026-04-09T00:23:00,0.5833,0.58345,0.5833,0.58345,22
2026-04-09T00:25:00,0.58335,0.58335,0.5833,0.5833,7
2026-04-09T00:26:00,0.5833,0.5834,0.5833,0.5834,13
2026-04-09T00:27:00,0.58345,0.58365,0.58345,0.58345,220
2026-04-09T00:28:00,0.58345,0.58345,0.58345,0.58345,6
2026-04-09T00:29:00,0.58335,0.58335,0.58335,0.58335,1
2026-04-09T00:30:00,0.5834,0.5835,0.5834,0.5835,2
2026-04-09T00:31:00,0.5835,0.58375,0.5835,0.5837,11
2026-04-09T00:32:00,0.5837,0.5837,0.5837,0.5837,1
2026-04-09T00:33:00,0.5835,0.5835,0.5835,0.5835,1
2026-04-09T00:34:00,0.5835,0.58355,0.5835,0.58355,4
2026-04-09T00:35:00,0.58355,0.58355,0.5835,0.5835,4
2026-04-09T00:36:00,0.58355,0.58355,0.58355,0.58355,1
2026-04-09T00:37:00,0.58365,0.58365,0.58365,0.58365,1
2026-04-09T00:38:00,0.58365,0.58375,0.58365,0.58375,2
2026-04-09T00:39:00,0.5837,0.5837,0.5837,0.5837,2
2026-04-09T00:40:00,0.5837,0.58375,0.5837,0.58375,5
2026-04-09T00:42:00,0.58375,0.58375,0.58375,0.58375,2
2026-04-09T00:45:00,0.5837,0.5837,0.5835,0.5835,7
2026-04-09T00:46:00,0.58355,0.58355,0.58335,0.58355,238
2026-04-09T00:47:00,0.5836,0.58365,0.58355,0.58355,27
2026-04-09T00:49:00,0.5836,0.58365,0.5836,0.5836,12
2026-04-09T00:50:00,0.5836,0.58365,0.5836,0.58365,10
2026-04-09T00:51:00,0.5836,0.5837,0.5836,0.5837,4
2026-04-09T00:52:00,0.5837,0.5837,0.5836,0.5837,40
2026-04-09T00:54:00,0.5836,0.5837,0.5836,0.58365,12
2026-04-09T00:55:00,0.58365,0.5837,0.5836,0.5836,47
2026-04-09T00:56:00,0.5836,0.58365,0.5836,0.58365,5
2026-04-09T00:57:00,0.58365,0.5838,0.58365,0.5838,13
2026-04-09T00:58:00,0.58375,0.58385,0.58375,0.58385,17
2026-04-09T00:59:00,0.5838,0.5838,0.58375,0.58375,15
2026-04-09T01:00:00,0.58385,0.58395,0.58385,0.58385,18
2026-04-09T01:01:00,0.58385,0.58385,0.5838,0.5838,19
2026-04-09T01:02:00,0.58375,0.5838,0.58365,0.5837,23
2026-04-09T01:03:00,0.5836,0.5838,0.58355,0.5838,28
2026-04-09T01:04:00,0.5838,0.5838,0.5837,0.58375,17
2026-04-09T01:06:00,0.58375,0.58385,0.58375,0.58385,15
2026-04-09T01:07:00,0.5838,0.5838,0.58375,0.58375,14
2026-04-09T01:08:00,0.5838,0.58385,0.5838,0.58385,5
2026-04-09T01:09:00,0.5838,0.584,0.5838,0.584,21
2026-04-09T01:10:00,0.584,0.5841,0.58395,0.5841,86
2026-04-09T01:11:00,0.584,0.58405,0.584,0.58405,12
2026-04-09T01:12:00,0.58405,0.58405,0.584,0.584,32
2026-04-09T01:13:00,0.58395,0.58395,0.58395,0.58395,10
2026-04-09T01:14:00,0.5839,0.5839,0.5839,0.5839,3
2026-04-09T01:15:00,0.5839,0.5839,0.5838,0.5838,45
2026-04-09T01:16:00,0.5837,0.58375,0.58365,0.58375,18
2026-04-09T01:17:00,0.5837,0.5838,0.5837,0.5838,7
2026-04-09T01:18:00,0.5838,0.5838,0.58375,0.5838,5
2026-04-09T01:19:00,0.58375,0.58375,0.5837,0.5837,16
2026-04-09T01:20:00,0.58365,0.58365,0.5836,0.58365,14
2026-04-09T01:21:00,0.5837,0.58375,0.5837,0.58375,6
2026-04-09T01:22:00,0.58375,0.58375,0.58365,0.58365,16
2026-04-09T01:23:00,0.58365,0.58365,0.58365,0.58365,3
2026-04-09T01:24:00,0.5837,0.5837,0.5837,0.5837,3
2026-04-09T01:25:00,0.58365,0.5837,0.5836,0.58365,15
2026-04-09T01:26:00,0.5837,0.58375,0.5837,0.5837,6
2026-04-09T01:27:00,0.58365,0.58365,0.58365,0.58365,3
2026-04-09T01:28:00,0.5837,0.58385,0.5837,0.5838,20
2026-04-09T01:29:00,0.58385,0.58385,0.5837,0.5838,73
2026-04-09T01:30:00,0.5838,0.58395,0.5838,0.58395,19
2026-04-09T01:31:00,0.58405,0.5841,0.584,0.5841,11
2026-04-09T01:32:00,0.5841,0.5841,0.58405,0.5841,4
2026-04-09T01:33:00,0.58415,0.5843,0.58415,0.58425,20
2026-04-09T01:34:00,0.58425,0.5844,0.58425,0.5844,44
2026-04-09T01:35:00,0.5844,0.58445,0.58435,0.58445,9
2026-04-09T01:36:00,0.58445,0.58445,0.58435,0.5844,24
2026-04-09T01:37:00,0.5844,0.5844,0.58425,0.58425,16
2026-04-09T01:38:00,0.58425,0.58425,0.58425,0.58425,3
2026-04-09T01:39:00,0.58425,0.58425,0.5841,0.5842,19
2026-04-09T01:40:00,0.5842,0.5843,0.5842,0.5843,6
2026-04-09T01:41:00,0.58415,0.58415,0.58415,0.58415,1
2026-04-09T01:42:00,0.58415,0.58435,0.58415,0.58435,201
2026-04-09T01:43:00,0.58435,0.58435,0.58435,0.58435,5
2026-04-09T01:44:00,0.5842,0.58425,0.5842,0.5842,5
2026-04-09T01:45:00,0.5842,0.5842,0.5842,0.5842,1
2026-04-09T01:47:00,0.5841,0.5841,0.58405,0.58405,4
2026-04-09T01:48:00,0.58405,0.58405,0.58405,0.58405,2
2026-04-09T01:49:00,0.58405,0.58425,0.58405,0.58425,22
2026-04-09T01:50:00,0.58425,0.5843,0.58425,0.5843,17
2026-04-09T01:51:00,0.58425,0.5844,0.58425,0.5844,22
2026-04-09T01:52:00,0.58435,0.58435,0.58425,0.5843,15
2026-04-09T01:53:00,0.58425,0.5843,0.5842,0.5842,10
2026-04-09T01:54:00,0.5842,0.58425,0.5842,0.58425,3
2026-04-09T01:55:00,0.58425,0.5843,0.58425,0.5843,3
2026-04-09T01:56:00,0.5842,0.58425,0.58415,0.5842,12
2026-04-09T01:57:00,0.58415,0.58425,0.5841,0.58425,24
2026-04-09T01:58:00,0.5842,0.5842,0.58415,0.5842,10
2026-04-09T01:59:00,0.5842,0.58425,0.5841,0.5841,8
2026-04-09T02:00:00,0.5842,0.5843,0.5842,0.58425,14
2026-04-09T02:01:00,0.58415,0.5842,0.5841,0.5841,17
2026-04-09T02:02:00,0.58405,0.58415,0.5839,0.58395,40
2026-04-09T02:03:00,0.58385,0.58395,0.58385,0.5839,44
2026-04-09T02:04:00,0.58395,0.584,0.5839,0.5839,14
2026-04-09T02:05:00,0.584,0.584,0.5839,0.58395,41
2026-04-09T02:06:00,0.5839,0.584,0.5839,0.58395,28
2026-04-09T02:07:00,0.584,0.584,0.584,0.584,1
2026-04-09T02:08:00,0.5841,0.5841,0.5839,0.5839,17
2026-04-09T02:09:00,0.58395,0.584,0.5839,0.5839,3
2026-04-09T02:10:00,0.5839,0.584,0.5839,0.5839,20
2026-04-09T02:11:00,0.58385,0.5839,0.58385,0.58385,8
2026-04-09T02:12:00,0.58385,0.58385,0.58385,0.58385,11
2026-04-09T02:13:00,0.5837,0.5837,0.5837,0.5837,1
2026-04-09T02:14:00,0.5838,0.5838,0.5838,0.5838,2
2026-04-09T02:15:00,0.58385,0.58385,0.58375,0.58375,58
2026-04-09T02:16:00,0.5838,0.5838,0.5838,0.5838,2
2026-04-09T02:17:00,0.5838,0.5839,0.5838,0.5839,18
2026-04-09T02:18:00,0.5839,0.584,0.5839,0.584,9
2026-04-09T02:19:00,0.584,0.5842,0.584,0.584,216
2026-04-09T02:20:00,0.58405,0.58405,0.58405,0.58405,6
2026-04-09T02:21:00,0.5841,0.58415,0.5841,0.58415,10
2026-04-09T02:22:00,0.58415,0.5842,0.58415,0.5842,7
2026-04-09T02:23:00,0.5842,0.5842,0.5842,0.5842,3
2026-04-09T02:24:00,0.58415,0.58425,0.58415,0.58425,41
2026-04-09T02:25:00,0.58425,0.58425,0.5842,0.5842,3
2026-04-09T02:26:00,0.58415,0.5842,0.58415,0.5842,8
2026-04-09T02:27:00,0.58415,0.58425,0.58415,0.58425,6
2026-04-09T02:28:00,0.5842,0.58425,0.5842,0.58425,3
2026-04-09T02:29:00,0.58425,0.5843,0.58425,0.5843,4
2026-04-09T02:30:00,0.5843,0.58435,0.5843,0.58435,7
2026-04-09T02:31:00,0.58435,0.5844,0.58435,0.5844,24
2026-04-09T02:32:00,0.58445,0.5846,0.58445,0.5846,12
2026-04-09T02:33:00,0.58455,0.5846,0.58455,0.5846,4
2026-04-09T02:34:00,0.58455,0.58455,0.58455,0.58455,4
2026-04-09T02:35:00,0.5845,0.5845,0.5845,0.5845,3
2026-04-09T02:36:00,0.5846,0.5846,0.5846,0.5846,1
2026-04-09T02:37:00,0.58455,0.58455,0.58455,0.58455,2
2026-04-09T02:38:00,0.58455,0.58455,0.58455,0.58455,10
2026-04-09T02:39:00,0.58455,0.58455,0.58445,0.58455,21
2026-04-09T02:40:00,0.5846,0.5846,0.58445,0.58445,86
2026-04-09T02:41:00,0.58445,0.58445,0.5842,0.5844,247
2026-04-09T02:42:00,0.58445,0.58445,0.58445,0.58445,3
2026-04-09T02:43:00,0.58445,0.5845,0.58445,0.5845,4
2026-04-09T02:44:00,0.58445,0.5845,0.58445,0.5845,12
2026-04-09T02:45:00,0.5845,0.5845,0.58445,0.58445,10
2026-04-09T02:46:00,0.58445,0.58445,0.58445,0.58445,7
2026-04-09T02:48:00,0.58435,0.58435,0.58435,0.58435,2
2026-04-09T02:49:00,0.58435,0.5844,0.58435,0.58435,33
2026-04-09T02:50:00,0.5844,0.5845,0.5844,0.5845,2
2026-04-09T02:51:00,0.5845,0.5846,0.5845,0.58455,12
2026-04-09T02:52:00,0.5845,0.5845,0.5845,0.5845,3
2026-04-09T02:53:00,0.58455,0.58455,0.58455,0.58455,3
2026-04-09T02:56:00,0.5846,0.58465,0.5846,0.5846,9
2026-04-09T02:59:00,0.5846,0.5846,0.5846,0.5846,10
2026-04-09T03:00:00,0.5845,0.5845,0.5845,0.5845,2
2026-04-09T03:01:00,0.58445,0.58445,0.5844,0.5844,23
2026-04-09T03:02:00,0.58435,0.58435,0.58435,0.58435,18
2026-04-09T03:03:00,0.5844,0.5844,0.58435,0.58435,18
2026-04-09T03:04:00,0.5844,0.5844,0.5844,0.5844,10
2026-04-09T03:05:00,0.58435,0.58435,0.58415,0.58425,206
2026-04-09T03:06:00,0.5843,0.5843,0.58425,0.5843,39
2026-04-09T03:07:00,0.58435,0.5844,0.58435,0.5844,9
2026-04-09T03:08:00,0.5845,0.58455,0.5845,0.58455,2
2026-04-09T03:09:00,0.5845,0.5845,0.5845,0.5845,2
2026-04-09T03:10:00,0.58445,0.58445,0.58445,0.58445,8
2026-04-09T03:11:00,0.5844,0.5844,0.58435,0.5844,31
2026-04-09T03:12:00,0.5844,0.5844,0.5844,0.5844,2
2026-04-09T03:13:00,0.58445,0.58445,0.58435,0.58435,23
2026-04-09T03:15:00,0.58435,0.58435,0.5843,0.5843,9
2026-04-09T03:17:00,0.5843,0.5843,0.5843,0.5843,12
2026-04-09T03:18:00,0.5843,0.58435,0.58425,0.58425,27
2026-04-09T03:21:00,0.58425,0.5843,0.58425,0.58425,40
2026-04-09T03:24:00,0.5843,0.5843,0.5843,0.5843,4
2026-04-09T03:26:00,0.58435,0.58435,0.58435,0.58435,3
2026-04-09T03:27:00,0.5844,0.5844,0.5844,0.5844,8
2026-04-09T03:28:00,0.58445,0.5845,0.58445,0.5845,8
2026-04-09T03:29:00,0.58445,0.58445,0.5844,0.5844,4
2026-04-09T03:30:00,0.58445,0.5845,0.58445,0.5845,7
2026-04-09T03:31:00,0.5846,0.5846,0.58455,0.58455,3
2026-04-09T03:33:00,0.58455,0.5846,0.58455,0.5846,5
2026-04-09T03:35:00,0.5845,0.5845,0.5845,0.5845,13
2026-04-09T03:36:00,0.5845,0.5845,0.58445,0.58445,16
2026-04-09T03:37:00,0.5844,0.58445,0.58435,0.58435,18
2026-04-09T03:38:00,0.5844,0.5844,0.5844,0.5844,2
2026-04-09T03:39:00,0.58445,0.58455,0.58445,0.58455,9
2026-04-09T03:40:00,0.58455,0.58455,0.5845,0.5845,5
2026-04-09T03:41:00,0.5845,0.5845,0.5845,0.5845,2
2026-04-09T03:42:00,0.5845,0.5845,0.5845,0.5845,4
2026-04-09T03:43:00,0.5845,0.5845,0.5845,0.5845,1
2026-04-09T03:44:00,0.58455,0.58455,0.58455,0.58455,2
2026-04-09T03:45:00,0.58455,0.58455,0.5845,0.5845,12
2026-04-09T03:46:00,0.58445,0.58445,0.58435,0.5844,25
2026-04-09T03:47:00,0.5844,0.58445,0.58425,0.5843,49
2026-04-09T03:48:00,0.5844,0.58445,0.5844,0.58445,9
2026-04-09T03:50:00,0.58455,0.58465,0.58455,0.58465,9
2026-04-09T03:51:00,0.58465,0.58465,0.58465,0.58465,4
2026-04-09T03:52:00,0.58475,0.58475,0.5847,0.5847,3
2026-04-09T03:53:00,0.5847,0.5847,0.58465,0.5847,8
2026-04-09T03:55:00,0.5846,0.5846,0.5846,0.5846,9
2026-04-09T03:56:00,0.58465,0.58465,0.58465,0.58465,8
2026-04-09T03:57:00,0.58465,0.58465,0.58465,0.58465,9
2026-04-09T03:58:00,0.58465,0.58465,0.58465,0.58465,10
2026-04-09T03:59:00,0.5846,0.5846,0.5846,0.5846,1
2026-04-09T04:00:00,0.58465,0.58465,0.58455,0.5846,4
2026-04-09T04:01:00,0.58455,0.58465,0.58455,0.58465,16
2026-04-09T04:02:00,0.58465,0.58475,0.58465,0.58475,7
2026-04-09T04:03:00,0.5847,0.58475,0.5847,0.58475,6
2026-04-09T04:04:00,0.5847,0.5847,0.58465,0.58465,16
2026-04-09T04:07:00,0.5847,0.58475,0.5847,0.58475,16
2026-04-09T04:08:00,0.5848,0.58485,0.5848,0.58485,10
2026-04-09T04:09:00,0.58485,0.58485,0.58485,0.58485,5
2026-04-09T04:10:00,0.58485,0.5849,0.58485,0.5849,8
2026-04-09T04:11:00,0.5849,0.5849,0.5849,0.5849,1
2026-04-09T04:12:00,0.5849,0.5849,0.5849,0.5849,6
2026-04-09T04:13:00,0.58485,0.58485,0.5848,0.58485,14
2026-04-09T04:14:00,0.58485,0.5849,0.58485,0.5849,5
2026-04-09T04:15:00,0.58495,0.58495,0.58495,0.58495,16
2026-04-09T04:17:00,0.58495,0.58495,0.5849,0.5849,6
2026-04-09T04:19:00,0.5849,0.58495,0.5849,0.58495,4
2026-04-09T04:20:00,0.5849,0.5849,0.5849,0.5849,1
2026-04-09T04:21:00,0.5849,0.5849,0.5849,0.5849,3
2026-04-09T04:22:00,0.58495,0.585,0.58495,0.585,9
2026-04-09T04:23:00,0.58505,0.58505,0.585,0.585,15
2026-04-09T04:25:00,0.585,0.585,0.585,0.585,4
2026-04-09T04:27:00,0.585,0.58505,0.585,0.58505,6
2026-04-09T04:29:00,0.58505,0.58505,0.58505,0.58505,8
2026-04-09T04:30:00,0.585,0.58515,0.585,0.58515,4
2026-04-09T04:31:00,0.5851,0.5851,0.5851,0.5851,2
2026-04-09T04:32:00,0.58505,0.58505,0.58505,0.58505,8
2026-04-09T04:33:00,0.585,0.585,0.58495,0.58495,15
2026-04-09T04:34:00,0.5849,0.58495,0.5849,0.58495,5
2026-04-09T04:35:00,0.585,0.58505,0.585,0.58505,6
2026-04-09T04:38:00,0.58505,0.58505,0.58505,0.58505,2
2026-04-09T04:39:00,0.5851,0.5851,0.585,0.58505,17
2026-04-09T04:40:00,0.585,0.585,0.58495,0.585,6
2026-04-09T04:41:00,0.58505,0.58505,0.585,0.585,2
2026-04-09T04:43:00,0.585,0.585,0.585,0.585,4
2026-04-09T04:45:00,0.58495,0.58495,0.5849,0.5849,9
2026-04-09T04:46:00,0.5849,0.5849,0.5849,0.5849,2
2026-04-09T04:48:00,0.58495,0.58495,0.58495,0.58495,2
2026-04-09T04:50:00,0.5849,0.5849,0.5847,0.58485,214
2026-04-09T04:51:00,0.58485,0.58485,0.58485,0.58485,4
2026-04-09T04:52:00,0.58485,0.58485,0.58485,0.58485,11
2026-04-09T04:53:00,0.58485,0.58485,0.58475,0.58475,5
2026-04-09T04:55:00,0.58475,0.58475,0.58475,0.58475,22
2026-04-09T04:56:00,0.58475,0.58475,0.58475,0.58475,2
2026-04-09T04:58:00,0.5847,0.58475,0.5847,0.58475,2
2026-04-09T04:59:00,0.5847,0.5847,0.5847,0.5847,6
2026-04-09T05:00:00,0.58465,0.58475,0.58465,0.58475,9
2026-04-09T05:01:00,0.5848,0.5848,0.58475,0.58475,4
2026-04-09T05:02:00,0.58475,0.5848,0.58475,0.5848,3
2026-04-09T05:03:00,0.58485,0.5849,0.58485,0.5849,13
2026-04-09T05:06:00,0.5849,0.58495,0.5849,0.58495,5
2026-04-09T05:08:00,0.5849,0.5849,0.5849,0.5849,5
2026-04-09T05:09:00,0.58495,0.58495,0.58495,0.58495,7
2026-04-09T05:10:00,0.58495,0.58495,0.58475,0.58485,7
2026-04-09T05:11:00,0.58485,0.58485,0.58485,0.58485,5
2026-04-09T05:12:00,0.58485,0.58485,0.58475,0.58475,18
2026-04-09T05:13:00,0.58475,0.5848,0.58475,0.5848,7
2026-04-09T05:14:00,0.58475,0.58475,0.58475,0.58475,3
2026-04-09T05:15:00,0.5848,0.5848,0.5848,0.5848,2
2026-04-09T05:16:00,0.58485,0.58495,0.58485,0.58495,5
2026-04-09T05:17:00,0.5849,0.5849,0.5849,0.5849,7
2026-04-09T05:19:00,0.5851,0.5851,0.5851,0.5851,3
2026-04-09T05:20:00,0.5851,0.58515,0.5851,0.58515,4
2026-04-09T05:21:00,0.5851,0.58515,0.5851,0.58515,3
2026-04-09T05:22:00,0.58505,0.58505,0.58505,0.58505,45
2026-04-09T05:23:00,0.58505,0.58505,0.58495,0.58495,8
2026-04-09T05:25:00,0.5849,0.5849,0.5849,0.5849,1
2026-04-09T05:26:00,0.58495,0.58495,0.5849,0.5849,13
2026-04-09T05:27:00,0.5849,0.5849,0.5849,0.5849,4
2026-04-09T05:28:00,0.5849,0.5849,0.58485,0.58485,2
2026-04-09T05:31:00,0.5848,0.58485,0.5848,0.58485,4
2026-04-09T05:32:00,0.58485,0.58485,0.58475,0.58475,52
2026-04-09T05:33:00,0.58475,0.58475,0.58475,0.58475,3
2026-04-09T05:34:00,0.58475,0.58475,0.58475,0.58475,3
2026-04-09T05:35:00,0.5847,0.5847,0.58465,0.5847,47
2026-04-09T05:36:00,0.5847,0.5847,0.5847,0.5847,10
2026-04-09T05:37:00,0.5847,0.5847,0.5847,0.5847,6
2026-04-09T05:38:00,0.5848,0.5848,0.58475,0.58475,10
2026-04-09T05:39:00,0.5847,0.5847,0.58465,0.58465,8
2026-04-09T05:41:00,0.58465,0.5847,0.58465,0.5847,5
2026-04-09T05:44:00,0.58465,0.58465,0.58465,0.58465,3
2026-04-09T05:45:00,0.58465,0.5847,0.58465,0.58465,18
2026-04-09T05:46:00,0.5846,0.58465,0.58455,0.58465,15
2026-04-09T05:47:00,0.5846,0.5846,0.5846,0.5846,3
2026-04-09T05:48:00,0.58455,0.58455,0.58455,0.58455,3
2026-04-09T05:49:00,0.5845,0.5845,0.58445,0.58445,21
2026-04-09T05:50:00,0.58445,0.58445,0.58425,0.58425,19
2026-04-09T05:51:00,0.58425,0.58435,0.58425,0.58435,56
2026-04-09T05:52:00,0.58435,0.58435,0.58435,0.58435,5
2026-04-09T05:53:00,0.58435,0.58435,0.58435,0.58435,4
2026-04-09T05:55:00,0.5844,0.5844,0.58435,0.58435,6
2026-04-09T05:56:00,0.5844,0.5844,0.5844,0.5844,1
2026-04-09T05:57:00,0.5843,0.5843,0.5842,0.5842,31
2026-04-09T05:58:00,0.58425,0.58425,0.58425,0.58425,7
2026-04-09T05:59:00,0.5842,0.5843,0.5842,0.5843,37
2026-04-09T06:00:00,0.58435,0.58445,0.5843,0.58445,35
2026-04-09T06:01:00,0.58445,0.58445,0.58435,0.58435,28
2026-04-09T06:02:00,0.5844,0.58455,0.58435,0.5845,16
2026-04-09T06:03:00,0.58445,0.5846,0.58445,0.5846,20
2026-04-09T06:04:00,0.58455,0.5846,0.58455,0.5846,4
2026-04-09T06:05:00,0.58455,0.58455,0.58455,0.58455,5
2026-04-09T06:06:00,0.5845,0.5845,0.5845,0.5845,4
2026-04-09T06:07:00,0.58455,0.58455,0.58455,0.58455,3
2026-04-09T06:08:00,0.58445,0.58445,0.58445,0.58445,1
2026-04-09T06:09:00,0.5844,0.5844,0.58435,0.58435,8
2026-04-09T06:10:00,0.5843,0.5843,0.5843,0.5843,9
2026-04-09T06:11:00,0.5843,0.5843,0.5842,0.5842,6
2026-04-09T06:12:00,0.58425,0.58435,0.58425,0.5843,10
2026-04-09T06:13:00,0.58435,0.58435,0.58425,0.5843,8
2026-04-09T06:14:00,0.58425,0.58425,0.58425,0.58425,3
2026-04-09T06:15:00,0.5843,0.5843,0.58425,0.58425,8
2026-04-09T06:16:00,0.58425,0.58425,0.5842,0.5842,8
2026-04-09T06:17:00,0.58415,0.5842,0.58415,0.5842,52
2026-04-09T06:18:00,0.5842,0.5843,0.5842,0.5843,14
2026-04-09T06:19:00,0.5843,0.5843,0.5843,0.5843,18
2026-04-09T06:20:00,0.5843,0.5844,0.5843,0.5844,17
2026-04-09T06:21:00,0.58445,0.58445,0.58435,0.58435,18
2026-04-09T06:22:00,0.5843,0.5843,0.58425,0.5843,21
2026-04-09T06:23:00,0.5843,0.5843,0.5843,0.5843,3
2026-04-09T06:24:00,0.5843,0.5843,0.58425,0.5843,18
2026-04-09T06:25:00,0.58425,0.58425,0.5842,0.5842,19
2026-04-09T06:26:00,0.5842,0.5843,0.5842,0.5843,18
2026-04-09T06:27:00,0.58425,0.58435,0.58425,0.58435,5
2026-04-09T06:28:00,0.5843,0.5843,0.5842,0.58425,35
2026-04-09T06:29:00,0.5844,0.5844,0.5844,0.5844,3
2026-04-09T06:30:00,0.58435,0.58445,0.5843,0.58445,22
2026-04-09T06:31:00,0.5844,0.5845,0.5844,0.5845,30
2026-04-09T06:32:00,0.5844,0.5844,0.58435,0.58435,7
2026-04-09T06:33:00,0.5843,0.58435,0.58425,0.58435,7
2026-04-09T06:34:00,0.5844,0.5844,0.58435,0.5844,38
2026-04-09T06:35:00,0.58435,0.58435,0.5843,0.5843,6
2026-04-09T06:36:00,0.5844,0.5844,0.58425,0.58425,2
2026-04-09T06:37:00,0.58425,0.58425,0.58425,0.58425,14
2026-04-09T06:38:00,0.58425,0.5843,0.5842,0.58425,10
2026-04-09T06:39:00,0.5843,0.5843,0.5843,0.5843,3
2026-04-09T06:40:00,0.5842,0.5843,0.5842,0.5843,26
2026-04-09T06:41:00,0.5843,0.58435,0.5843,0.58435,8
2026-04-09T06:42:00,0.58435,0.58445,0.58435,0.58445,7
2026-04-09T06:43:00,0.58455,0.5846,0.5845,0.5846,15
2026-04-09T06:44:00,0.58455,0.58455,0.58455,0.58455,3
2026-04-09T06:45:00,0.5846,0.5846,0.58455,0.5846,13
2026-04-09T06:46:00,0.5846,0.5846,0.5846,0.5846,4
2026-04-09T06:47:00,0.58455,0.58455,0.5845,0.58455,19
2026-04-09T06:48:00,0.5846,0.5847,0.58455,0.5847,38
2026-04-09T06:49:00,0.5847,0.5847,0.58455,0.58455,25
2026-04-09T06:50:00,0.58465,0.58475,0.5846,0.5846,15
2026-04-09T06:51:00,0.5846,0.58465,0.5846,0.58465,10
2026-04-09T06:52:00,0.58465,0.58475,0.58465,0.58475,11
2026-04-09T06:53:00,0.5847,0.5847,0.58455,0.58455,6
2026-04-09T06:54:00,0.5846,0.5846,0.58455,0.5846,234
2026-04-09T06:55:00,0.58465,0.58475,0.5846,0.58475,102
2026-04-09T06:56:00,0.58475,0.5848,0.58475,0.58475,44
2026-04-09T06:57:00,0.5848,0.5849,0.5848,0.5849,11
2026-04-09T06:58:00,0.58485,0.58485,0.58485,0.58485,9
2026-04-09T06:59:00,0.58485,0.5849,0.58485,0.5849,15
2026-04-09T07:00:00,0.585,0.58505,0.58495,0.58495,27
2026-04-09T07:01:00,0.5849,0.58495,0.5849,0.5849,9
2026-04-09T07:02:00,0.58495,0.585,0.5849,0.585,49
2026-04-09T07:03:00,0.5849,0.585,0.58485,0.585,19
2026-04-09T07:04:00,0.58495,0.58505,0.58495,0.58505,11
2026-04-09T07:05:00,0.58505,0.5851,0.585,0.5851,16
2026-04-09T07:06:00,0.585,0.58505,0.585,0.58505,7
2026-04-09T07:07:00,0.585,0.5851,0.58495,0.5851,17
2026-04-09T07:08:00,0.5851,0.5851,0.58505,0.5851,19
2026-04-09T07:09:00,0.5851,0.5851,0.58505,0.58505,24
2026-04-09T07:10:00,0.58505,0.5851,0.585,0.5851,11
2026-04-09T07:11:00,0.58505,0.58505,0.585,0.58505,12
2026-04-09T07:12:00,0.5851,0.58515,0.58505,0.58505,56
2026-04-09T07:13:00,0.585,0.5851,0.585,0.58505,62
2026-04-09T07:14:00,0.585,0.5851,0.585,0.5851,15
2026-04-09T07:15:00,0.58505,0.58505,0.585,0.585,9
2026-04-09T07:16:00,0.58495,0.58495,0.58485,0.58485,25
2026-04-09T07:17:00,0.5848,0.5848,0.58465,0.58465,13
2026-04-09T07:18:00,0.5846,0.5846,0.5845,0.58455,53
2026-04-09T07:19:00,0.58455,0.58455,0.58445,0.58445,28
2026-04-09T07:20:00,0.58445,0.5846,0.58445,0.58455,56
2026-04-09T07:21:00,0.58455,0.5847,0.5845,0.5847,39
2026-04-09T07:22:00,0.58475,0.5848,0.58465,0.58465,38
2026-04-09T07:23:00,0.5846,0.5846,0.5846,0.5846,2
2026-04-09T07:24:00,0.58465,0.58485,0.58465,0.58485,22
2026-04-09T07:25:00,0.58475,0.58475,0.5847,0.5847,6
2026-04-09T07:26:00,0.5847,0.5848,0.5847,0.5848,23
2026-04-09T07:27:00,0.5847,0.58485,0.5847,0.58475,18
2026-04-09T07:28:00,0.58475,0.58475,0.58465,0.58465,23
2026-04-09T07:29:00,0.58465,0.58465,0.58455,0.5846,24
2026-04-09T07:30:00,0.58465,0.58465,0.5845,0.5845,32
2026-04-09T07:31:00,0.5845,0.5845,0.58445,0.58445,11
2026-04-09T07:32:00,0.5845,0.5845,0.58425,0.58425,25
2026-04-09T07:33:00,0.58425,0.5845,0.58425,0.5845,34
2026-04-09T07:34:00,0.5845,0.5845,0.58435,0.5844,36
2026-04-09T07:35:00,0.58445,0.5845,0.58445,0.58445,14
2026-04-09T07:36:00,0.58445,0.58455,0.58445,0.58455,19
2026-04-09T07:37:00,0.5846,0.5846,0.5846,0.5846,6
2026-04-09T07:38:00,0.5846,0.5847,0.5846,0.5847,18
2026-04-09T07:39:00,0.5847,0.5847,0.5846,0.58465,8
2026-04-09T07:40:00,0.58465,0.58465,0.5846,0.5846,2
2026-04-09T07:41:00,0.58465,0.58465,0.58465,0.58465,12
2026-04-09T07:42:00,0.58465,0.5848,0.58465,0.58475,120
2026-04-09T07:43:00,0.58475,0.58485,0.58475,0.58485,64
2026-04-09T07:44:00,0.58485,0.58485,0.5848,0.58485,31
2026-04-09T07:45:00,0.5848,0.58485,0.5848,0.58485,3
2026-04-09T07:46:00,0.5848,0.5848,0.58475,0.5848,17
2026-04-09T07:47:00,0.58475,0.5848,0.58475,0.5848,16
2026-04-09T07:48:00,0.58485,0.58485,0.58475,0.58485,77
2026-04-09T07:49:00,0.58485,0.5849,0.58485,0.5849,36
2026-04-09T07:50:00,0.58485,0.58485,0.5847,0.5847,35
2026-04-09T07:51:00,0.5847,0.58475,0.5847,0.58475,19
2026-04-09T07:52:00,0.58475,0.58475,0.5847,0.5847,17
2026-04-09T07:53:00,0.58465,0.5847,0.5846,0.5847,44
2026-04-09T07:54:00,0.5847,0.58475,0.5847,0.58475,16
2026-04-09T07:55:00,0.58475,0.5848,0.58475,0.5848,31
2026-04-09T07:56:00,0.5848,0.5848,0.5846,0.5846,26
2026-04-09T07:57:00,0.5846,0.5846,0.58455,0.58455,43
2026-04-09T07:58:00,0.58455,0.58455,0.58445,0.5845,37
2026-04-09T07:59:00,0.58445,0.58445,0.58435,0.58435,65
2026-04-09T08:00:00,0.58435,0.5844,0.58425,0.5844,69
2026-04-09T08:01:00,0.5844,0.5844,0.5842,0.58425,22
2026-04-09T08:02:00,0.58425,0.5843,0.58425,0.5843,13
2026-04-09T08:03:00,0.58445,0.58445,0.58445,0.58445,10
2026-04-09T08:04:00,0.58445,0.5845,0.58445,0.5845,3
2026-04-09T08:05:00,0.58445,0.58445,0.5844,0.58445,31
2026-04-09T08:06:00,0.58445,0.58455,0.5844,0.58455,111
2026-04-09T08:07:00,0.58455,0.58455,0.58445,0.5845,38
2026-04-09T08:08:00,0.58445,0.5845,0.58445,0.5845,3
2026-04-09T08:09:00,0.5845,0.5845,0.58445,0.58445,24
2026-04-09T08:10:00,0.5844,0.5844,0.5844,0.5844,10
2026-04-09T08:11:00,0.5844,0.5844,0.5843,0.5843,24
2026-04-09T08:12:00,0.58425,0.58425,0.58425,0.58425,6
2026-04-09T08:13:00,0.58425,0.58425,0.5842,0.5842,11
2026-04-09T08:14:00,0.5842,0.5842,0.5842,0.5842,1
2026-04-09T08:15:00,0.5842,0.5842,0.5842,0.5842,6
2026-04-09T08:16:00,0.5842,0.5842,0.5841,0.58415,14
2026-04-09T08:17:00,0.58415,0.58415,0.5841,0.5841,2
2026-04-09T08:18:00,0.5842,0.5842,0.58415,0.58415,7
2026-04-09T08:19:00,0.58415,0.58415,0.5841,0.58415,18
2026-04-09T08:20:00,0.58415,0.58425,0.58415,0.58425,13
2026-04-09T08:21:00,0.5842,0.5842,0.5842,0.5842,2
2026-04-09T08:22:00,0.5842,0.58425,0.5842,0.5842,6
2026-04-09T08:23:00,0.5842,0.5842,0.58415,0.58415,2
2026-04-09T08:24:00,0.58415,0.58415,0.58415,0.58415,57
2026-04-09T08:25:00,0.5841,0.5841,0.584,0.5841,32
2026-04-09T08:26:00,0.5841,0.5841,0.58405,0.58405,3
2026-04-09T08:27:00,0.58405,0.58405,0.584,0.584,3
2026-04-09T08:28:00,0.584,0.58405,0.584,0.584,22
2026-04-09T08:29:00,0.58395,0.584,0.58395,0.584,8
2026-04-09T08:30:00,0.584,0.5841,0.584,0.5841,23
2026-04-09T08:31:00,0.5841,0.58415,0.58405,0.58415,12
2026-04-09T08:32:00,0.58415,0.58415,0.5841,0.58415,7
2026-04-09T08:33:00,0.5842,0.5842,0.5842,0.5842,15
2026-04-09T08:34:00,0.5842,0.5842,0.58415,0.58415,14
2026-04-09T08:35:00,0.5841,0.5841,0.58395,0.584,31
2026-04-09T08:36:00,0.5841,0.5841,0.5841,0.5841,4
2026-04-09T08:37:00,0.5841,0.5841,0.584,0.58405,11
2026-04-09T08:38:00,0.5841,0.5841,0.5841,0.5841,2
2026-04-09T08:39:00,0.5842,0.5842,0.5842,0.5842,2
2026-04-09T08:40:00,0.58415,0.58415,0.5841,0.5841,3
2026-04-09T08:41:00,0.5841,0.58415,0.5841,0.58415,10
2026-04-09T08:42:00,0.58415,0.58415,0.58415,0.58415,3
2026-04-09T08:43:00,0.5842,0.5842,0.5842,0.5842,13
2026-04-09T08:44:00,0.5842,0.58425,0.5842,0.58425,10
2026-04-09T08:45:00,0.58425,0.58435,0.58425,0.5843,3
2026-04-09T08:46:00,0.58435,0.58435,0.58425,0.5843,5
2026-04-09T08:47:00,0.58425,0.58425,0.5842,0.58425,10
2026-04-09T08:48:00,0.58425,0.5843,0.58425,0.5843,9
2026-04-09T08:49:00,0.5843,0.5843,0.58425,0.58425,11
2026-04-09T08:50:00,0.58425,0.58425,0.58425,0.58425,3
2026-04-09T08:51:00,0.5842,0.5842,0.5842,0.5842,2
2026-04-09T08:52:00,0.58425,0.58425,0.58425,0.58425,3
2026-04-09T08:53:00,0.5843,0.5843,0.5843,0.5843,1
2026-04-09T08:54:00,0.58435,0.58445,0.58435,0.58445,7
2026-04-09T08:55:00,0.58445,0.5845,0.58445,0.5845,11
2026-04-09T08:56:00,0.58445,0.58445,0.58445,0.58445,1
2026-04-09T08:57:00,0.58445,0.58445,0.5844,0.58445,8
2026-04-09T08:58:00,0.5844,0.5845,0.58435,0.5844,224
2026-04-09T08:59:00,0.58435,0.58435,0.5843,0.5843,16
2026-04-09T09:00:00,0.5843,0.58445,0.5841,0.5841,245
2026-04-09T09:01:00,0.5841,0.5841,0.584,0.584,23
2026-04-09T09:02:00,0.584,0.584,0.58395,0.584,54
2026-04-09T09:03:00,0.58415,0.58415,0.58415,0.58415,9
2026-04-09T09:04:00,0.5842,0.5842,0.58415,0.58415,3
2026-04-09T09:05:00,0.5842,0.5844,0.5842,0.5844,39
2026-04-09T09:06:00,0.5844,0.5844,0.58435,0.58435,12
2026-04-09T09:07:00,0.58435,0.58435,0.58435,0.58435,2
2026-04-09T09:08:00,0.58435,0.58445,0.58435,0.58445,16
2026-04-09T09:09:00,0.58445,0.5846,0.58445,0.5846,21
2026-04-09T09:10:00,0.58465,0.58465,0.58465,0.58465,5
2026-04-09T09:11:00,0.58465,0.58465,0.58465,0.58465,8
2026-04-09T09:12:00,0.5846,0.58465,0.5846,0.5846,4
2026-04-09T09:13:00,0.58465,0.58465,0.58465,0.58465,5
2026-04-09T09:14:00,0.58465,0.58465,0.58465,0.58465,1
2026-04-09T09:15:00,0.5846,0.5846,0.58455,0.58455,4
2026-04-09T09:16:00,0.58455,0.5846,0.58455,0.5846,12
2026-04-09T09:17:00,0.58455,0.5846,0.58455,0.5846,9
2026-04-09T09:18:00,0.5846,0.5846,0.58455,0.58455,7
2026-04-09T09:19:00,0.5846,0.5846,0.5846,0.5846,9
2026-04-09T09:20:00,0.58455,0.58455,0.58455,0.58455,9
2026-04-09T09:22:00,0.58465,0.58465,0.58465,0.58465,2
2026-04-09T09:23:00,0.58465,0.58465,0.58465,0.58465,4
2026-04-09T09:24:00,0.58465,0.58465,0.5846,0.5846,7
2026-04-09T09:25:00,0.58455,0.5846,0.58455,0.58455,5
2026-04-09T09:26:00,0.58465,0.58465,0.58465,0.58465,2
2026-04-09T09:27:00,0.58465,0.58465,0.58465,0.58465,2
2026-04-09T09:28:00,0.58465,0.58465,0.58465,0.58465,3
2026-04-09T09:29:00,0.58455,0.5846,0.58455,0.58455,22
2026-04-09T09:31:00,0.58455,0.58455,0.5845,0.5845,5
2026-04-09T09:32:00,0.58455,0.5846,0.58455,0.5846,14
2026-04-09T09:34:00,0.58445,0.5845,0.58445,0.5845,6
2026-04-09T09:35:00,0.58455,0.58455,0.5845,0.5845,3
2026-04-09T09:36:00,0.58455,0.58455,0.58455,0.58455,2
2026-04-09T09:37:00,0.5845,0.5845,0.5845,0.5845,3
2026-04-09T09:38:00,0.58455,0.58455,0.58455,0.58455,2
2026-04-09T09:39:00,0.5846,0.5846,0.5846,0.5846,4
2026-04-09T09:40:00,0.58455,0.5846,0.58455,0.5846,16
2026-04-09T09:41:00,0.5846,0.5846,0.5846,0.5846,3
2026-04-09T09:42:00,0.5846,0.58465,0.5846,0.58465,7
2026-04-09T09:43:00,0.5846,0.5846,0.5846,0.5846,1
2026-04-09T09:44:00,0.5846,0.5846,0.5846,0.5846,2
2026-04-09T09:45:00,0.58455,0.58455,0.58455,0.58455,3
2026-04-09T09:46:00,0.5846,0.5846,0.5845,0.5845,5
2026-04-09T09:47:00,0.58455,0.58455,0.58455,0.58455,3
2026-04-09T09:48:00,0.5845,0.5845,0.5845,0.5845,2
2026-04-09T09:49:00,0.5845,0.5845,0.5845,0.5845,7
2026-04-09T09:50:00,0.5845,0.58455,0.5845,0.58455,2
2026-04-09T09:51:00,0.58455,0.58455,0.58455,0.58455,4
2026-04-09T09:52:00,0.58455,0.58455,0.58455,0.58455,9
2026-04-09T09:53:00,0.5846,0.5846,0.5846,0.5846,6
2026-04-09T09:54:00,0.5846,0.5846,0.5846,0.5846,7
2026-04-09T09:55:00,0.5846,0.5846,0.58455,0.58455,11
2026-04-09T09:56:00,0.58455,0.5846,0.58455,0.5846,3
2026-04-09T09:57:00,0.58455,0.58455,0.58455,0.58455,2
2026-04-09T09:58:00,0.5845,0.58455,0.5845,0.58455,5
2026-04-09T10:01:00,0.5846,0.58465,0.5846,0.58465,2
2026-04-09T10:02:00,0.58465,0.58475,0.58465,0.58475,11
2026-04-09T10:03:00,0.58475,0.58475,0.58475,0.58475,9
2026-04-09T10:04:00,0.58475,0.5848,0.58475,0.58475,14
2026-04-09T10:05:00,0.5847,0.5847,0.5846,0.58465,29
2026-04-09T10:07:00,0.5847,0.5848,0.5847,0.5848,2
2026-04-09T10:09:00,0.5847,0.5847,0.5847,0.5847,3
2026-04-09T10:11:00,0.58475,0.58475,0.58475,0.58475,10
2026-04-09T10:12:00,0.5847,0.5847,0.5847,0.5847,1
2026-04-09T10:13:00,0.58465,0.58465,0.58465,0.58465,2
2026-04-09T10:14:00,0.58465,0.5847,0.58465,0.5847,9
2026-04-09T10:15:00,0.5846,0.5846,0.58455,0.5846,22
2026-04-09T10:17:00,0.5846,0.5846,0.58455,0.58455,4
2026-04-09T10:18:00,0.5846,0.5846,0.5846,0.5846,3
2026-04-09T10:20:00,0.5846,0.5846,0.5846,0.5846,4
2026-04-09T10:21:00,0.58465,0.5847,0.58465,0.5847,56
2026-04-09T10:22:00,0.58465,0.58465,0.58465,0.58465,7
2026-04-09T10:23:00,0.58465,0.58475,0.58465,0.5847,35
2026-04-09T10:24:00,0.5847,0.58475,0.5847,0.58475,51
2026-04-09T10:25:00,0.58475,0.58485,0.58475,0.58485,27
2026-04-09T10:26:00,0.58485,0.58485,0.58485,0.58485,3
2026-04-09T10:27:00,0.58485,0.58485,0.5848,0.5848,13
2026-04-09T10:29:00,0.58475,0.58475,0.58475,0.58475,3
2026-04-09T10:30:00,0.58475,0.58475,0.58475,0.58475,4
2026-04-09T10:31:00,0.5848,0.5848,0.58475,0.58475,6
2026-04-09T10:32:00,0.5847,0.58475,0.5847,0.58475,5
2026-04-09T10:33:00,0.58475,0.58475,0.58475,0.58475,3
2026-04-09T10:34:00,0.58465,0.58465,0.58465,0.58465,6
2026-04-09T10:37:00,0.58455,0.5846,0.58455,0.5846,17
2026-04-09T10:38:00,0.58465,0.58465,0.58465,0.58465,4
2026-04-09T10:39:00,0.5846,0.5846,0.5846,0.5846,5
2026-04-09T10:42:00,0.58455,0.5846,0.58455,0.5846,8
2026-04-09T10:43:00,0.58455,0.5846,0.5845,0.5846,10
2026-04-09T10:44:00,0.5846,0.5846,0.5846,0.5846,2
2026-04-09T10:45:00,0.5846,0.58465,0.5846,0.58465,3
2026-04-09T10:46:00,0.58455,0.58455,0.58455,0.58455,5
2026-04-09T10:47:00,0.58455,0.58455,0.58445,0.58455,34
2026-04-09T10:48:00,0.58445,0.58445,0.58445,0.58445,12
2026-04-09T10:49:00,0.58445,0.58445,0.58445,0.58445,1
2026-04-09T10:50:00,0.58455,0.58455,0.58455,0.58455,1
2026-04-09T10:51:00,0.58455,0.58455,0.58435,0.58445,12
2026-04-09T10:52:00,0.5845,0.58455,0.5845,0.5845,4
2026-04-09T10:53:00,0.5844,0.5844,0.5844,0.5844,4
2026-04-09T10:54:00,0.58445,0.58445,0.58435,0.5844,41
2026-04-09T10:55:00,0.5844,0.58445,0.5844,0.58445,16
2026-04-09T10:56:00,0.58445,0.58445,0.58445,0.58445,1
2026-04-09T10:57:00,0.58445,0.58445,0.58445,0.58445,1
2026-04-09T10:59:00,0.58445,0.58445,0.5843,0.58435,9
2026-04-09T11:00:00,0.5843,0.58435,0.58425,0.58435,26
2026-04-09T11:01:00,0.5844,0.5844,0.5844,0.5844,2
2026-04-09T11:02:00,0.5844,0.5844,0.58435,0.5844,10
2026-04-09T11:03:00,0.58435,0.5844,0.58435,0.58435,7
2026-04-09T11:04:00,0.58445,0.5845,0.58445,0.5845,8
2026-04-09T11:07:00,0.58445,0.5845,0.58445,0.5845,9
2026-04-09T11:08:00,0.5844,0.5844,0.58435,0.58435,8
2026-04-09T11:09:00,0.5844,0.58445,0.5844,0.58445,10
2026-04-09T11:15:00,0.5845,0.5845,0.5845,0.5845,2
2026-04-09T11:16:00,0.5845,0.5846,0.5845,0.5846,16
2026-04-09T11:17:00,0.5845,0.5845,0.5845,0.5845,6
2026-04-09T11:18:00,0.58455,0.5847,0.58455,0.5846,48
2026-04-09T11:19:00,0.5846,0.5847,0.5846,0.5847,20
2026-04-09T11:20:00,0.5847,0.58475,0.5847,0.58475,13
2026-04-09T11:21:00,0.5847,0.5848,0.5847,0.5848,15
2026-04-09T11:22:00,0.58475,0.5848,0.58475,0.58475,52
2026-04-09T11:23:00,0.58475,0.5848,0.5847,0.5848,21
2026-04-09T11:24:00,0.5847,0.58475,0.58465,0.5847,26
2026-04-09T11:25:00,0.58465,0.5847,0.58465,0.5847,17
2026-04-09T11:26:00,0.5847,0.58475,0.5847,0.5847,12
2026-04-09T11:27:00,0.5847,0.58475,0.5847,0.58475,13
2026-04-09T11:29:00,0.58475,0.58475,0.58475,0.58475,7
2026-04-09T11:30:00,0.5848,0.58485,0.5848,0.58485,27
2026-04-09T11:31:00,0.5849,0.58495,0.5849,0.58495,86
2026-04-09T11:32:00,0.58495,0.58495,0.5849,0.5849,15
2026-04-09T11:33:00,0.5849,0.585,0.5849,0.585,18
2026-04-09T11:34:00,0.58495,0.585,0.58495,0.585,30
2026-04-09T11:35:00,0.58495,0.585,0.58495,0.585,11
2026-04-09T11:36:00,0.5849,0.58495,0.5849,0.58495,8
2026-04-09T11:37:00,0.58505,0.58505,0.585,0.58505,13
2026-04-09T11:38:00,0.5851,0.5851,0.5851,0.5851,5
2026-04-09T11:39:00,0.58505,0.58515,0.58505,0.5851,33
2026-04-09T11:40:00,0.5851,0.58515,0.5851,0.58515,77
2026-04-09T11:41:00,0.58515,0.5852,0.5851,0.5851,60
2026-04-09T11:42:00,0.58505,0.58515,0.58505,0.58515,65
2026-04-09T11:43:00,0.5851,0.58525,0.58505,0.5852,55
2026-04-09T11:44:00,0.5852,0.58535,0.58515,0.58525,60
2026-04-09T11:45:00,0.5853,0.5855,0.5853,0.58545,45
2026-04-09T11:46:00,0.5855,0.5855,0.58535,0.5854,26
2026-04-09T11:47:00,0.58535,0.5854,0.58525,0.5853,74
2026-04-09T11:48:00,0.5853,0.58535,0.58525,0.58525,50
2026-04-09T11:49:00,0.58525,0.5854,0.58525,0.5854,78
2026-04-09T11:50:00,0.58535,0.5854,0.58535,0.5854,62
2026-04-09T11:51:00,0.58535,0.58535,0.58525,0.58525,41
2026-04-09T11:52:00,0.5853,0.58535,0.5853,0.58535,18
2026-04-09T11:53:00,0.5853,0.5853,0.5852,0.5852,25
2026-04-09T11:54:00,0.5852,0.5853,0.5852,0.5853,28
2026-04-09T11:55:00,0.58525,0.58525,0.58525,0.58525,9
2026-04-09T11:56:00,0.58525,0.58525,0.5851,0.5851,47
2026-04-09T11:57:00,0.5851,0.58515,0.5851,0.58515,10
2026-04-09T11:58:00,0.58515,0.5852,0.58515,0.5852,24
2026-04-09T11:59:00,0.5852,0.58525,0.5852,0.58525,14
2026-04-09T12:00:00,0.5852,0.58535,0.58515,0.5853,133
2026-04-09T12:01:00,0.5853,0.58535,0.5853,0.5853,37
2026-04-09T12:02:00,0.5853,0.5853,0.5853,0.5853,17
2026-04-09T12:03:00,0.5853,0.5853,0.58525,0.58525,20
2026-04-09T12:04:00,0.58525,0.5853,0.58525,0.5853,27
2026-04-09T12:05:00,0.5852,0.58525,0.58505,0.58505,18
2026-04-09T12:06:00,0.58505,0.5851,0.585,0.585,49
2026-04-09T12:07:00,0.58505,0.58505,0.58505,0.58505,4
2026-04-09T12:08:00,0.5851,0.5851,0.58505,0.58505,3
2026-04-09T12:09:00,0.5851,0.5851,0.58505,0.58505,21
2026-04-09T12:10:00,0.585,0.58505,0.585,0.58505,35
2026-04-09T12:11:00,0.585,0.585,0.585,0.585,21
2026-04-09T12:12:00,0.585,0.58505,0.58495,0.58505,19
2026-04-09T12:13:00,0.58505,0.5851,0.58505,0.58505,21
2026-04-09T12:14:00,0.585,0.58505,0.585,0.58505,32
2026-04-09T12:15:00,0.585,0.585,0.585,0.585,2
2026-04-09T12:16:00,0.585,0.585,0.58495,0.585,15
2026-04-09T12:17:00,0.585,0.58505,0.58495,0.58495,6
2026-04-09T12:18:00,0.585,0.585,0.585,0.585,6
2026-04-09T12:19:00,0.585,0.585,0.5849,0.58495,22
2026-04-09T12:20:00,0.5849,0.5849,0.58485,0.58485,16
2026-04-09T12:21:00,0.5848,0.5848,0.5847,0.58475,34
2026-04-09T12:22:00,0.58475,0.5848,0.5847,0.5848,26
2026-04-09T12:23:00,0.58485,0.58485,0.58475,0.5848,51
2026-04-09T12:24:00,0.58485,0.58485,0.58485,0.58485,15
2026-04-09T12:25:00,0.58485,0.58485,0.58485,0.58485,3
2026-04-09T12:26:00,0.58485,0.58485,0.5848,0.58485,10
2026-04-09T12:27:00,0.58485,0.58485,0.58485,0.58485,2
2026-04-09T12:28:00,0.58485,0.58495,0.58485,0.5849,112
2026-04-09T12:29:00,0.5849,0.585,0.5849,0.585,25
2026-04-09T12:30:00,0.58495,0.58515,0.58485,0.58495,72
2026-04-09T12:31:00,0.5849,0.5849,0.5846,0.58485,113
2026-04-09T12:32:00,0.5848,0.5848,0.58465,0.58465,36
2026-04-09T12:33:00,0.58475,0.5848,0.58475,0.58475,37
2026-04-09T12:34:00,0.5847,0.5847,0.58465,0.5847,9
2026-04-09T12:35:00,0.5847,0.5847,0.5845,0.5846,77
2026-04-09T12:36:00,0.58465,0.5847,0.58465,0.5847,14
2026-04-09T12:37:00,0.58475,0.58475,0.58475,0.58475,7
2026-04-09T12:38:00,0.5847,0.58475,0.5845,0.5845,40
2026-04-09T12:39:00,0.5846,0.58465,0.58455,0.58455,10
2026-04-09T12:40:00,0.58465,0.58465,0.5846,0.5846,22
2026-04-09T12:41:00,0.58465,0.58515,0.58465,0.5847,354
2026-04-09T12:42:00,0.58465,0.58465,0.58455,0.58455,39
2026-04-09T12:43:00,0.58455,0.5846,0.58455,0.58455,46
2026-04-09T12:44:00,0.58455,0.58455,0.5845,0.5845,34
2026-04-09T12:45:00,0.58455,0.58465,0.58455,0.5846,75
2026-04-09T12:46:00,0.58455,0.58465,0.58455,0.58465,76
2026-04-09T12:47:00,0.58465,0.5847,0.5846,0.5847,198
2026-04-09T12:48:00,0.58475,0.5848,0.58475,0.5848,106
2026-04-09T12:49:00,0.5848,0.5849,0.58475,0.58485,33
2026-04-09T12:50:00,0.5847,0.58475,0.5847,0.58475,8
2026-04-09T12:51:00,0.58475,0.5848,0.58475,0.58475,52
2026-04-09T12:52:00,0.58475,0.58475,0.5847,0.5847,5
2026-04-09T12:53:00,0.58475,0.58475,0.58475,0.58475,11
2026-04-09T12:54:00,0.5847,0.5847,0.5847,0.5847,1
2026-04-09T12:55:00,0.58475,0.5848,0.58475,0.58475,61
2026-04-09T12:56:00,0.5848,0.5848,0.5848,0.5848,11
2026-04-09T12:57:00,0.5848,0.5848,0.5848,0.5848,2
2026-04-09T12:58:00,0.58485,0.5849,0.58485,0.58485,46
2026-04-09T12:59:00,0.5849,0.58495,0.58485,0.58495,12
2026-04-09T13:00:00,0.58495,0.58505,0.58485,0.5849,107
2026-04-09T13:01:00,0.5849,0.58505,0.58485,0.58505,25
2026-04-09T13:02:00,0.58505,0.58515,0.58505,0.58505,30
2026-04-09T13:03:00,0.58505,0.5851,0.58495,0.58495,28
2026-04-09T13:04:00,0.585,0.58505,0.58495,0.58505,155
2026-04-09T13:05:00,0.5851,0.5852,0.5851,0.5852,13
2026-04-09T13:06:00,0.58515,0.58515,0.58505,0.58505,12
2026-04-09T13:07:00,0.5851,0.58515,0.5851,0.58515,14
2026-04-09T13:08:00,0.5851,0.58515,0.5851,0.58515,18
2026-04-09T13:09:00,0.58515,0.58515,0.58505,0.5851,14
2026-04-09T13:10:00,0.5851,0.5851,0.58505,0.5851,19
2026-04-09T13:11:00,0.5851,0.5852,0.5851,0.58515,19
2026-04-09T13:12:00,0.5852,0.5852,0.58515,0.5852,18
2026-04-09T13:13:00,0.58525,0.58525,0.5852,0.58525,16
2026-04-09T13:14:00,0.5852,0.58525,0.5852,0.58525,14
2026-04-09T13:15:00,0.5853,0.58535,0.5853,0.58535,5
2026-04-09T13:16:00,0.58535,0.58535,0.5853,0.5853,18
2026-04-09T13:17:00,0.5853,0.58535,0.5853,0.58535,22
2026-04-09T13:18:00,0.5854,0.58545,0.5854,0.5854,21
2026-04-09T13:19:00,0.5855,0.58555,0.5855,0.5855,11
2026-04-09T13:20:00,0.5855,0.5855,0.58545,0.5855,14
2026-04-09T13:21:00,0.5856,0.5856,0.5855,0.5855,7
2026-04-09T13:22:00,0.5855,0.58555,0.5855,0.58555,16
2026-04-09T13:23:00,0.5855,0.5855,0.5854,0.5854,23
2026-04-09T13:24:00,0.5854,0.58545,0.5854,0.58545,6
2026-04-09T13:25:00,0.58545,0.58545,0.5854,0.5854,12
2026-04-09T13:26:00,0.58545,0.5855,0.58545,0.5855,11
2026-04-09T13:27:00,0.58545,0.58545,0.58545,0.58545,14
2026-04-09T13:28:00,0.58545,0.58555,0.58545,0.58555,38
2026-04-09T13:29:00,0.58555,0.58555,0.58545,0.58545,12
2026-04-09T13:30:00,0.5855,0.5856,0.58545,0.58545,32
2026-04-09T13:31:00,0.58545,0.58555,0.58545,0.58555,47
2026-04-09T13:32:00,0.58555,0.58555,0.5855,0.5855,14
2026-04-09T13:33:00,0.5855,0.5857,0.5855,0.58565,22
2026-04-09T13:34:00,0.58565,0.58575,0.5856,0.58575,23
2026-04-09T13:35:00,0.58575,0.58595,0.58575,0.5859,101
2026-04-09T13:36:00,0.5859,0.586,0.5859,0.586,22
2026-04-09T13:37:00,0.58595,0.586,0.58595,0.58595,11
2026-04-09T13:38:00,0.58595,0.58605,0.58595,0.58595,26
2026-04-09T13:39:00,0.586,0.58605,0.586,0.58605,64
2026-04-09T13:40:00,0.58605,0.58605,0.58595,0.586,13
2026-04-09T13:41:00,0.58605,0.5862,0.58605,0.5862,15
2026-04-09T13:42:00,0.58615,0.58615,0.58615,0.58615,12
2026-04-09T13:43:00,0.58615,0.5862,0.5861,0.5861,49
2026-04-09T13:44:00,0.58605,0.5861,0.58605,0.5861,22
2026-04-09T13:45:00,0.5861,0.5861,0.586,0.586,58
2026-04-09T13:46:00,0.586,0.586,0.586,0.586,79
2026-04-09T13:47:00,0.58595,0.58605,0.58595,0.586,50
2026-04-09T13:48:00,0.586,0.586,0.5859,0.586,51
2026-04-09T13:49:00,0.586,0.5861,0.586,0.5861,48
2026-04-09T13:50:00,0.5861,0.5861,0.586,0.586,47
2026-04-09T13:51:00,0.58595,0.58595,0.58565,0.58565,75
2026-04-09T13:52:00,0.5857,0.5857,0.5856,0.58565,45
2026-04-09T13:53:00,0.5857,0.5858,0.5857,0.5858,51
2026-04-09T13:54:00,0.58585,0.58585,0.58575,0.58575,121
2026-04-09T13:55:00,0.58575,0.5858,0.58575,0.5858,42
2026-04-09T13:56:00,0.5858,0.58585,0.5858,0.58585,140
2026-04-09T13:57:00,0.5859,0.58595,0.58585,0.58585,84
2026-04-09T13:58:00,0.5859,0.5859,0.58575,0.58575,61
2026-04-09T13:59:00,0.58575,0.58575,0.5856,0.5857,104
2026-04-09T14:00:00,0.5856,0.5857,0.5856,0.5857,85
2026-04-09T14:01:00,0.5857,0.5858,0.58565,0.5858,89
2026-04-09T14:02:00,0.58585,0.58595,0.58585,0.58595,39
2026-04-09T14:03:00,0.58585,0.58595,0.5858,0.58595,10
2026-04-09T14:04:00,0.58595,0.58595,0.5859,0.5859,27
2026-04-09T14:05:00,0.58585,0.5859,0.58585,0.5859,19
2026-04-09T14:06:00,0.5859,0.5859,0.5858,0.5859,53
2026-04-09T14:07:00,0.5859,0.586,0.58585,0.58595,33
2026-04-09T14:08:00,0.586,0.5861,0.58595,0.5861,34
2026-04-09T14:09:00,0.5861,0.58615,0.58605,0.58605,25
2026-04-09T14:10:00,0.586,0.58615,0.586,0.58615,39
2026-04-09T14:11:00,0.58615,0.58615,0.58605,0.58605,28
2026-04-09T14:12:00,0.58605,0.5862,0.58605,0.5862,25
2026-04-09T14:13:00,0.58615,0.5862,0.5861,0.5861,22
2026-04-09T14:14:00,0.5861,0.5862,0.5861,0.58615,33
2026-04-09T14:15:00,0.58615,0.58625,0.5861,0.5862,102
2026-04-09T14:16:00,0.5862,0.5862,0.58605,0.58615,125
2026-04-09T14:17:00,0.58615,0.58625,0.5861,0.58625,62
2026-04-09T14:18:00,0.58625,0.5863,0.58625,0.58625,83
2026-04-09T14:19:00,0.5862,0.5862,0.58605,0.58605,54
2026-04-09T14:20:00,0.5861,0.5863,0.5861,0.58625,25
2026-04-09T14:21:00,0.58625,0.58625,0.58615,0.58615,24
2026-04-09T14:22:00,0.58615,0.58615,0.58615,0.58615,22
2026-04-09T14:23:00,0.5862,0.5863,0.5862,0.5863,31
2026-04-09T14:24:00,0.5863,0.58635,0.58625,0.58625,67
2026-04-09T14:25:00,0.5863,0.58635,0.5863,0.5863,14
2026-04-09T14:26:00,0.58625,0.5863,0.58625,0.58625,25
2026-04-09T14:27:00,0.5862,0.58625,0.58615,0.58625,27
2026-04-09T14:28:00,0.5862,0.58625,0.5862,0.58625,22
2026-04-09T14:29:00,0.58625,0.58635,0.58625,0.58635,34
2026-04-09T14:30:00,0.5863,0.5863,0.58615,0.58615,26
2026-04-09T14:31:00,0.5862,0.5862,0.58615,0.58615,42
2026-04-09T14:32:00,0.58615,0.5862,0.58615,0.5862,50
2026-04-09T14:33:00,0.58615,0.58635,0.58615,0.5863,103
2026-04-09T14:34:00,0.58625,0.58635,0.5861,0.5861,81
2026-04-09T14:35:00,0.5861,0.58615,0.586,0.586,51
2026-04-09T14:36:00,0.586,0.586,0.58565,0.58565,30
2026-04-09T14:37:00,0.58565,0.58565,0.58555,0.58565,81
2026-04-09T14:38:00,0.5857,0.5857,0.5857,0.5857,21
2026-04-09T14:39:00,0.58575,0.58595,0.58575,0.58595,64
2026-04-09T14:40:00,0.58595,0.58595,0.5859,0.58595,32
2026-04-09T14:41:00,0.58595,0.58595,0.58595,0.58595,2
2026-04-09T14:42:00,0.58585,0.58585,0.5857,0.58575,36
2026-04-09T14:43:00,0.58575,0.58575,0.58575,0.58575,12
2026-04-09T14:44:00,0.58575,0.58575,0.58565,0.58565,22
2026-04-09T14:45:00,0.5856,0.5858,0.5856,0.5858,62
2026-04-09T14:46:00,0.58575,0.58575,0.5856,0.5856,43
2026-04-09T14:47:00,0.5856,0.58565,0.5856,0.5856,36
2026-04-09T14:48:00,0.5856,0.58565,0.58555,0.5856,36
2026-04-09T14:49:00,0.5856,0.5856,0.58555,0.58555,17
2026-04-09T14:50:00,0.5856,0.58575,0.5856,0.58565,60
2026-04-09T14:51:00,0.5857,0.5858,0.5857,0.58575,22
2026-04-09T14:52:00,0.5857,0.5857,0.58565,0.58565,67
2026-04-09T14:53:00,0.5856,0.5857,0.5856,0.5857,16
2026-04-09T14:54:00,0.5857,0.58585,0.5857,0.5858,22
2026-04-09T14:55:00,0.58585,0.5862,0.58585,0.5861,52
2026-04-09T14:56:00,0.5861,0.58615,0.5861,0.58615,43
2026-04-09T14:57:00,0.58615,0.58615,0.58585,0.58595,311
2026-04-09T14:58:00,0.58595,0.586,0.5859,0.586,111
2026-04-09T14:59:00,0.586,0.586,0.58595,0.58595,116
2026-04-09T15:00:00,0.5859,0.58605,0.5859,0.58605,93
2026-04-09T15:01:00,0.586,0.58605,0.5859,0.5859,155
2026-04-09T15:02:00,0.58585,0.58585,0.58575,0.5858,55
2026-04-09T15:03:00,0.58585,0.5859,0.58565,0.58565,19
2026-04-09T15:04:00,0.5856,0.5856,0.58545,0.58555,55
2026-04-09T15:05:00,0.58555,0.5856,0.5855,0.5856,11
2026-04-09T15:06:00,0.58565,0.5857,0.58555,0.5857,49
2026-04-09T15:07:00,0.5857,0.5857,0.5856,0.5856,36
2026-04-09T15:08:00,0.5856,0.5857,0.5856,0.58565,27
2026-04-09T15:10:00,0.58565,0.5858,0.58565,0.5858,52
2026-04-09T15:11:00,0.5858,0.5858,0.5857,0.5857,25
2026-04-09T15:12:00,0.5857,0.58575,0.58565,0.58575,29
2026-04-09T15:13:00,0.5858,0.5859,0.5858,0.5859,46
2026-04-09T15:14:00,0.58585,0.58605,0.58585,0.58605,41
2026-04-09T15:15:00,0.5861,0.5865,0.5861,0.58645,196
2026-04-09T15:16:00,0.5864,0.58645,0.58635,0.58635,136
2026-04-09T15:17:00,0.58635,0.5866,0.58635,0.58655,147
2026-04-09T15:18:00,0.58655,0.58665,0.58655,0.58665,34
2026-04-09T15:19:00,0.5866,0.58675,0.5866,0.58675,75
2026-04-09T15:20:00,0.5868,0.58685,0.5867,0.5868,22
2026-04-09T15:21:00,0.5868,0.58705,0.5868,0.58685,115
2026-04-09T15:22:00,0.58685,0.58695,0.5868,0.58685,100
2026-04-09T15:23:00,0.58685,0.58685,0.5868,0.58685,27
2026-04-09T15:24:00,0.5868,0.58695,0.5868,0.58695,35
2026-04-09T15:25:00,0.58685,0.5869,0.5868,0.5869,11
2026-04-09T15:26:00,0.58685,0.58685,0.5868,0.58685,12
2026-04-09T15:27:00,0.5868,0.5868,0.5866,0.5866,61
2026-04-09T15:28:00,0.58655,0.58655,0.58645,0.58645,15
2026-04-09T15:29:00,0.5864,0.5864,0.58635,0.58635,7
2026-04-09T15:30:00,0.5864,0.58655,0.58635,0.58655,28
2026-04-09T15:31:00,0.58655,0.58665,0.5865,0.58655,24
2026-04-09T15:32:00,0.5866,0.58735,0.5866,0.58715,354
2026-04-09T15:33:00,0.5871,0.58725,0.587,0.58725,107
2026-04-09T15:34:00,0.5872,0.5875,0.5872,0.5875,147
2026-04-09T15:35:00,0.5875,0.58765,0.5874,0.58765,80
2026-04-09T15:36:00,0.58755,0.58775,0.5875,0.5875,104
2026-04-09T15:37:00,0.58755,0.5877,0.58755,0.5876,69
2026-04-09T15:38:00,0.5876,0.5876,0.58735,0.58745,78
2026-04-09T15:39:00,0.58745,0.5875,0.58735,0.5875,27
2026-04-09T15:40:00,0.58755,0.58765,0.58755,0.58765,34
2026-04-09T15:41:00,0.58765,0.58765,0.58755,0.58765,30
2026-04-09T15:42:00,0.5876,0.5876,0.5875,0.5875,38
2026-04-09T15:43:00,0.5875,0.58755,0.58735,0.58735,41
2026-04-09T15:44:00,0.58735,0.5875,0.58735,0.5875,73
2026-04-09T15:45:00,0.5874,0.5874,0.58725,0.5873,65
2026-04-09T15:46:00,0.58725,0.58735,0.58725,0.58725,69
2026-04-09T15:47:00,0.58725,0.5875,0.58725,0.5875,29
2026-04-09T15:48:00,0.58745,0.58765,0.58745,0.5876,43
2026-04-09T15:49:00,0.58755,0.58755,0.58745,0.58745,28
2026-04-09T15:50:00,0.58745,0.5876,0.58745,0.58755,61
2026-04-09T15:51:00,0.58755,0.58765,0.5875,0.58765,37
2026-04-09T15:52:00,0.5877,0.58775,0.58765,0.58775,25
2026-04-09T15:53:00,0.58775,0.58805,0.58775,0.588,142
2026-04-09T15:54:00,0.588,0.5881,0.58795,0.588,121
2026-04-09T15:55:00,0.588,0.58805,0.58795,0.58805,13
2026-04-09T15:56:00,0.58805,0.58805,0.588,0.58805,5
2026-04-09T15:57:00,0.58805,0.58805,0.58795,0.58795,24
2026-04-09T15:58:00,0.588,0.5882,0.588,0.58815,42
2026-04-09T15:59:00,0.5881,0.5882,0.5881,0.58815,142
2026-04-09T16:00:00,0.58815,0.58815,0.58795,0.58815,91
2026-04-09T16:01:00,0.58815,0.5884,0.58815,0.5884,8
2026-04-09T16:02:00,0.58835,0.5884,0.5883,0.5883,24
2026-04-09T16:03:00,0.5883,0.58845,0.5883,0.58835,38
2026-04-09T16:04:00,0.58835,0.5884,0.58835,0.58835,25
2026-04-09T16:05:00,0.5883,0.5883,0.58825,0.5883,17
2026-04-09T16:06:00,0.58825,0.5883,0.5882,0.5883,6
2026-04-09T16:07:00,0.5883,0.58845,0.5883,0.58845,35
2026-04-09T16:08:00,0.5884,0.5885,0.58835,0.5885,109
2026-04-09T16:09:00,0.58845,0.5885,0.5883,0.58835,66
2026-04-09T16:10:00,0.5884,0.58845,0.58835,0.5884,16
2026-04-09T16:11:00,0.58835,0.5884,0.58835,0.58835,6
2026-04-09T16:12:00,0.5884,0.58855,0.5884,0.5885,10
2026-04-09T16:13:00,0.58845,0.5885,0.58835,0.58835,17
2026-04-09T16:14:00,0.58835,0.58835,0.58825,0.5883,6
2026-04-09T16:15:00,0.58825,0.5883,0.58825,0.5883,6
2026-04-09T16:16:00,0.5883,0.58845,0.5883,0.58845,30
2026-04-09T16:17:00,0.5885,0.58855,0.5885,0.5885,19
2026-04-09T16:18:00,0.58855,0.5886,0.5885,0.5886,29
2026-04-09T16:19:00,0.5886,0.58865,0.5886,0.5886,13
2026-04-09T16:20:00,0.5886,0.5886,0.58855,0.58855,11
2026-04-09T16:21:00,0.5885,0.5885,0.58845,0.5885,14
2026-04-09T16:22:00,0.5885,0.5885,0.5884,0.5884,38
2026-04-09T16:23:00,0.5884,0.5885,0.5884,0.5885,19
2026-04-09T16:24:00,0.5885,0.5885,0.5884,0.5885,47
2026-04-09T16:25:00,0.5884,0.5884,0.58835,0.5884,6
2026-04-09T16:26:00,0.58845,0.58845,0.5884,0.5884,5
2026-04-09T16:27:00,0.5884,0.58845,0.5884,0.58845,4
2026-04-09T16:28:00,0.58855,0.5886,0.5885,0.5886,13
2026-04-09T16:29:00,0.58865,0.58865,0.5886,0.58865,6
2026-04-09T16:30:00,0.58865,0.58865,0.5885,0.5886,44
2026-04-09T16:31:00,0.58865,0.58865,0.58855,0.58855,2
2026-04-09T16:32:00,0.5885,0.5885,0.5884,0.5884,4
2026-04-09T16:33:00,0.58835,0.5884,0.58835,0.58835,15
2026-04-09T16:34:00,0.5884,0.58845,0.5884,0.58845,18
2026-04-09T16:36:00,0.58835,0.58835,0.58835,0.58835,3
2026-04-09T16:37:00,0.5884,0.5884,0.5884,0.5884,8
2026-04-09T16:38:00,0.5884,0.58845,0.5884,0.58845,3
2026-04-09T16:39:00,0.5884,0.5884,0.5884,0.5884,3
2026-04-09T16:40:00,0.5884,0.5884,0.58835,0.58835,10
2026-04-09T16:41:00,0.58835,0.5884,0.5883,0.5883,7
2026-04-09T16:42:00,0.5882,0.58835,0.5882,0.58835,17
2026-04-09T16:43:00,0.5883,0.5883,0.5883,0.5883,2
2026-04-09T16:44:00,0.58835,0.58835,0.58835,0.58835,3
2026-04-09T16:45:00,0.5883,0.5883,0.5882,0.5882,16
2026-04-09T16:46:00,0.5883,0.5883,0.5883,0.5883,5
2026-04-09T16:47:00,0.58825,0.58825,0.58825,0.58825,3
2026-04-09T16:48:00,0.58825,0.58825,0.5882,0.5882,4
2026-04-09T16:49:00,0.5882,0.5882,0.58815,0.58815,3
2026-04-09T16:50:00,0.5882,0.5882,0.5881,0.58815,35
2026-04-09T16:51:00,0.5881,0.5882,0.5881,0.58815,13
2026-04-09T16:52:00,0.5882,0.5883,0.5882,0.58825,52
2026-04-09T16:53:00,0.5882,0.5882,0.5882,0.5882,12
2026-04-09T16:54:00,0.58815,0.58815,0.5881,0.5881,9
2026-04-09T16:55:00,0.58815,0.58815,0.58805,0.58805,20
2026-04-09T16:56:00,0.588,0.58805,0.588,0.58805,20
2026-04-09T16:57:00,0.588,0.588,0.588,0.588,7
2026-04-09T16:58:00,0.588,0.58805,0.58795,0.58805,10
2026-04-09T16:59:00,0.588,0.588,0.588,0.588,2
2026-04-09T17:00:00,0.588,0.588,0.588,0.588,3
2026-04-09T17:01:00,0.58795,0.58805,0.58795,0.58805,15
2026-04-09T17:02:00,0.588,0.588,0.58795,0.588,7
2026-04-09T17:03:00,0.58805,0.58805,0.58805,0.58805,4
2026-04-09T17:04:00,0.5881,0.5881,0.5881,0.5881,4
2026-04-09T17:05:00,0.5881,0.5881,0.58805,0.5881,45
2026-04-09T17:06:00,0.5881,0.5882,0.58805,0.5882,27
2026-04-09T17:07:00,0.58835,0.5884,0.58825,0.58825,14
2026-04-09T17:08:00,0.5883,0.5884,0.5883,0.5884,30
2026-04-09T17:09:00,0.58845,0.58845,0.58835,0.58845,53
2026-04-09T17:10:00,0.5884,0.5885,0.5884,0.5885,34
2026-04-09T17:11:00,0.58855,0.5886,0.58855,0.5886,5
2026-04-09T17:12:00,0.5886,0.5886,0.58855,0.5886,57
2026-04-09T17:13:00,0.5886,0.58865,0.58855,0.5886,37
2026-04-09T17:14:00,0.58855,0.5886,0.58855,0.5886,9
2026-04-09T17:15:00,0.58865,0.58865,0.5886,0.5886,7
2026-04-09T17:16:00,0.5886,0.5886,0.5886,0.5886,7
2026-04-09T17:17:00,0.58855,0.58855,0.58855,0.58855,6
2026-04-09T17:18:00,0.5886,0.5886,0.58855,0.58855,12
2026-04-09T17:19:00,0.58855,0.5886,0.58855,0.5886,18
2026-04-09T17:20:00,0.5886,0.5886,0.5885,0.5885,25
2026-04-09T17:21:00,0.5885,0.5885,0.58845,0.58845,6
2026-04-09T17:22:00,0.58855,0.58855,0.58845,0.58845,18
2026-04-09T17:23:00,0.5884,0.5885,0.58835,0.5885,25
2026-04-09T17:24:00,0.5885,0.5885,0.5885,0.5885,13
2026-04-09T17:25:00,0.58845,0.58855,0.58845,0.58855,15
2026-04-09T17:26:00,0.5885,0.5885,0.5884,0.58845,6
2026-04-09T17:27:00,0.58845,0.58845,0.58845,0.58845,2
2026-04-09T17:28:00,0.5885,0.5886,0.5885,0.5886,12
2026-04-09T17:29:00,0.5886,0.58865,0.58855,0.58855,66
2026-04-09T17:30:00,0.5886,0.5886,0.58825,0.5883,68
2026-04-09T17:31:00,0.58825,0.5883,0.58825,0.58825,20
2026-04-09T17:32:00,0.5883,0.58835,0.5883,0.58835,22
2026-04-09T17:33:00,0.5884,0.5884,0.5883,0.5883,14
2026-04-09T17:34:00,0.58835,0.5884,0.58835,0.5884,15
2026-04-09T17:35:00,0.5884,0.58845,0.58835,0.58845,32
2026-04-09T17:36:00,0.5884,0.58845,0.5884,0.58845,22
2026-04-09T17:37:00,0.58845,0.58845,0.58845,0.58845,55
2026-04-09T17:38:00,0.5885,0.5886,0.5885,0.58855,28
2026-04-09T17:39:00,0.58855,0.5886,0.58855,0.58855,23
2026-04-09T17:40:00,0.58855,0.5886,0.58855,0.5886,8
2026-04-09T17:41:00,0.58855,0.58855,0.58855,0.58855,9
2026-04-09T17:42:00,0.5885,0.5885,0.5884,0.5884,13
2026-04-09T17:43:00,0.5884,0.5884,0.58835,0.58835,7
2026-04-09T17:44:00,0.5883,0.5883,0.5883,0.5883,12
2026-04-09T17:45:00,0.5883,0.5884,0.5883,0.5884,11
2026-04-09T17:46:00,0.5884,0.5884,0.5884,0.5884,21
2026-04-09T17:47:00,0.58845,0.58845,0.5884,0.5884,6
2026-04-09T17:48:00,0.5884,0.5884,0.5883,0.5884,26
2026-04-09T17:49:00,0.5884,0.5884,0.5884,0.5884,12
2026-04-09T17:50:00,0.58825,0.5883,0.58825,0.5883,24
2026-04-09T17:51:00,0.58825,0.58825,0.5882,0.5882,16
2026-04-09T17:52:00,0.58815,0.5882,0.58815,0.58815,16
2026-04-09T17:53:00,0.5882,0.5882,0.5881,0.5881,16
2026-04-09T17:54:00,0.58815,0.58815,0.58815,0.58815,3
2026-04-09T17:55:00,0.5881,0.5881,0.5881,0.5881,6
2026-04-09T17:56:00,0.5881,0.5881,0.5881,0.5881,11
2026-04-09T17:57:00,0.58815,0.58815,0.5881,0.5881,7
2026-04-09T17:58:00,0.58815,0.58815,0.58815,0.58815,5
2026-04-09T17:59:00,0.58815,0.58815,0.58815,0.58815,10
2026-04-09T18:00:00,0.5882,0.5882,0.58815,0.58815,12
2026-04-09T18:01:00,0.5881,0.5881,0.58795,0.58795,9
2026-04-09T18:02:00,0.58785,0.58785,0.5877,0.58785,35
2026-04-09T18:03:00,0.58785,0.58785,0.58775,0.58775,21
2026-04-09T18:04:00,0.58765,0.58765,0.58745,0.58755,84
2026-04-09T18:05:00,0.5877,0.58775,0.58765,0.58775,18
2026-04-09T18:06:00,0.5878,0.5878,0.5877,0.5877,15
2026-04-09T18:07:00,0.58765,0.58775,0.58765,0.5877,19
2026-04-09T18:08:00,0.5876,0.5876,0.5876,0.5876,4
2026-04-09T18:09:00,0.5876,0.5876,0.58755,0.5876,20
2026-04-09T18:10:00,0.58765,0.58765,0.5876,0.5876,5
2026-04-09T18:11:00,0.58755,0.58765,0.5875,0.58755,17
2026-04-09T18:12:00,0.5875,0.5875,0.58745,0.5875,16
2026-04-09T18:13:00,0.5874,0.5874,0.58735,0.5874,21
2026-04-09T18:14:00,0.58735,0.5874,0.5872,0.5873,66
2026-04-09T18:15:00,0.5873,0.5873,0.58725,0.58725,25
2026-04-09T18:16:00,0.58725,0.5873,0.58725,0.5873,25
2026-04-09T18:17:00,0.5874,0.5874,0.5874,0.5874,31
2026-04-09T18:18:00,0.5874,0.5874,0.58725,0.58725,14
2026-04-09T18:19:00,0.58725,0.5873,0.5872,0.5872,65
2026-04-09T18:20:00,0.5872,0.5872,0.58715,0.58715,21
2026-04-09T18:21:00,0.58725,0.58725,0.58715,0.58715,18
2026-04-09T18:22:00,0.5871,0.5872,0.5871,0.58715,20
2026-04-09T18:23:00,0.58715,0.58715,0.587,0.58705,72
2026-04-09T18:24:00,0.58705,0.5871,0.58705,0.58705,22
2026-04-09T18:25:00,0.5871,0.5871,0.58685,0.58695,160
2026-04-09T18:26:00,0.587,0.5871,0.58695,0.587,30
2026-04-09T18:27:00,0.587,0.587,0.587,0.587,12
2026-04-09T18:28:00,0.58705,0.58705,0.58695,0.58695,8
2026-04-09T18:29:00,0.58695,0.58695,0.58695,0.58695,3
2026-04-09T18:30:00,0.587,0.587,0.58695,0.58695,10
2026-04-09T18:31:00,0.5869,0.5869,0.58685,0.5869,23
2026-04-09T18:32:00,0.5868,0.5868,0.5868,0.5868,9
2026-04-09T18:33:00,0.5868,0.5868,0.5867,0.5867,9
2026-04-09T18:35:00,0.5868,0.58685,0.5868,0.58685,23
2026-04-09T18:36:00,0.5869,0.58695,0.58685,0.58685,16
2026-04-09T18:37:00,0.5869,0.5869,0.5868,0.5868,16
2026-04-09T18:38:00,0.58685,0.58685,0.58685,0.58685,6
2026-04-09T18:39:00,0.5868,0.5869,0.5868,0.5869,6
2026-04-09T18:40:00,0.5869,0.5869,0.5869,0.5869,11
2026-04-09T18:41:00,0.58695,0.58695,0.5869,0.5869,3
2026-04-09T18:42:00,0.58685,0.587,0.58685,0.58695,10
2026-04-09T18:43:00,0.5869,0.5869,0.58685,0.58685,2
2026-04-09T18:44:00,0.5868,0.5869,0.5868,0.5869,19
2026-04-09T18:45:00,0.5869,0.5869,0.5869,0.5869,1
2026-04-09T18:46:00,0.5869,0.58695,0.5869,0.5869,5
2026-04-09T18:47:00,0.58695,0.58695,0.58695,0.58695,9
2026-04-09T18:48:00,0.58695,0.58695,0.58695,0.58695,1
2026-04-09T18:49:00,0.58695,0.58695,0.58685,0.5869,19
2026-04-09T18:50:00,0.5869,0.5869,0.5869,0.5869,3
2026-04-09T18:51:00,0.5869,0.5869,0.58685,0.5869,9
2026-04-09T18:52:00,0.5869,0.5869,0.5869,0.5869,18
2026-04-09T18:53:00,0.5869,0.587,0.5869,0.5869,25
2026-04-09T18:54:00,0.5869,0.58695,0.5869,0.58695,4
2026-04-09T18:55:00,0.58695,0.587,0.58695,0.587,13
2026-04-09T18:56:00,0.58695,0.587,0.58695,0.587,10
2026-04-09T18:57:00,0.58695,0.587,0.5869,0.5869,53
2026-04-09T18:58:00,0.5869,0.5869,0.5869,0.5869,44
2026-04-09T18:59:00,0.5869,0.587,0.58685,0.5869,506
2026-04-09T19:00:00,0.58685,0.5869,0.5868,0.5869,242
2026-04-09T19:01:00,0.58685,0.58705,0.58685,0.5869,63
2026-04-09T19:02:00,0.5869,0.58695,0.5869,0.5869,25
2026-04-09T19:03:00,0.5869,0.5869,0.58685,0.58685,9
2026-04-09T19:04:00,0.58685,0.5869,0.58685,0.5869,72
2026-04-09T19:05:00,0.5869,0.5869,0.5869,0.5869,7
2026-04-09T19:06:00,0.5869,0.5869,0.5869,0.5869,89
2026-04-09T19:07:00,0.5869,0.58695,0.5869,0.58695,56
2026-04-09T19:08:00,0.58695,0.587,0.58695,0.58695,35
2026-04-09T19:09:00,0.58695,0.587,0.58695,0.587,114
2026-04-09T19:10:00,0.587,0.5871,0.587,0.5871,158
2026-04-09T19:11:00,0.5871,0.5871,0.58705,0.58705,25
2026-04-09T19:12:00,0.58705,0.5871,0.58705,0.5871,45
2026-04-09T19:13:00,0.58705,0.58705,0.58705,0.58705,195
2026-04-09T19:14:00,0.58705,0.5871,0.58705,0.5871,13
2026-04-09T19:15:00,0.58715,0.58715,0.5871,0.5871,21
2026-04-09T19:16:00,0.58715,0.58715,0.58715,0.58715,12
2026-04-09T19:17:00,0.5871,0.5871,0.58705,0.5871,16
2026-04-09T19:18:00,0.5871,0.5871,0.58705,0.58705,26
2026-04-09T19:19:00,0.587,0.587,0.587,0.587,7
2026-04-09T19:20:00,0.587,0.587,0.587,0.587,8
2026-04-09T19:21:00,0.5869,0.5869,0.58685,0.5869,31
2026-04-09T19:22:00,0.5869,0.58695,0.5869,0.58695,47
2026-04-09T19:24:00,0.587,0.587,0.587,0.587,2
2026-04-09T19:25:00,0.5871,0.5871,0.5871,0.5871,5
2026-04-09T19:26:00,0.5871,0.5871,0.58705,0.58705,93
2026-04-09T19:27:00,0.5871,0.5871,0.5871,0.5871,67
2026-04-09T19:28:00,0.5871,0.58715,0.5871,0.5871,30
2026-04-09T19:29:00,0.5871,0.5871,0.5871,0.5871,61
2026-04-09T19:30:00,0.58715,0.58715,0.58715,0.58715,5
2026-04-09T19:31:00,0.58725,0.58735,0.58725,0.58735,24
2026-04-09T19:32:00,0.58735,0.58735,0.58735,0.58735,1
2026-04-09T19:33:00,0.5874,0.5874,0.5874,0.5874,1
2026-04-09T19:34:00,0.58735,0.58735,0.5873,0.5873,38
2026-04-09T19:35:00,0.5873,0.5873,0.5872,0.58725,44
2026-04-09T19:36:00,0.5872,0.58725,0.5872,0.58725,10
2026-04-09T19:37:00,0.5873,0.5873,0.5873,0.5873,5
2026-04-09T19:38:00,0.5873,0.5873,0.5873,0.5873,1
2026-04-09T19:39:00,0.5873,0.5873,0.5873,0.5873,7
2026-04-09T19:40:00,0.5873,0.5873,0.5873,0.5873,1
2026-04-09T19:41:00,0.5873,0.5873,0.5873,0.5873,2
2026-04-09T19:42:00,0.58735,0.5874,0.58735,0.5874,6
2026-04-09T19:43:00,0.5874,0.5874,0.5874,0.5874,20
2026-04-09T19:44:00,0.58745,0.58745,0.58745,0.58745,3
2026-04-09T19:45:00,0.5874,0.5875,0.5874,0.5874,18
2026-04-09T19:46:00,0.5874,0.5874,0.5874,0.5874,5
2026-04-09T19:47:00,0.5874,0.5874,0.5874,0.5874,2
2026-04-09T19:49:00,0.5874,0.5874,0.5874,0.5874,3
2026-04-09T19:50:00,0.5874,0.5874,0.5874,0.5874,2
2026-04-09T19:51:00,0.58745,0.58745,0.58745,0.58745,1
2026-04-09T19:52:00,0.5874,0.5874,0.5874,0.5874,54
2026-04-09T19:53:00,0.5874,0.5874,0.58735,0.58735,2
2026-04-09T19:54:00,0.58735,0.58735,0.58735,0.58735,3
2026-04-09T19:55:00,0.58735,0.58735,0.5872,0.5872,63
2026-04-09T19:56:00,0.58725,0.5873,0.58725,0.5873,17
2026-04-09T19:57:00,0.5873,0.5873,0.58725,0.58725,29
2026-04-09T19:58:00,0.5873,0.5873,0.5873,0.5873,15
2026-04-09T19:59:00,0.58735,0.58735,0.5873,0.58735,25
2026-04-09T20:00:00,0.5873,0.58735,0.5873,0.5873,53
2026-04-09T20:01:00,0.5873,0.5873,0.58725,0.5873,65
2026-04-09T20:02:00,0.58735,0.58735,0.58725,0.5873,35
2026-04-09T20:03:00,0.58735,0.58735,0.5873,0.5873,9
2026-04-09T20:04:00,0.58725,0.58725,0.5872,0.5872,19
2026-04-09T20:05:00,0.5872,0.5872,0.58715,0.5872,24
2026-04-09T20:06:00,0.58715,0.58715,0.58715,0.58715,7
2026-04-09T20:07:00,0.58715,0.58715,0.58715,0.58715,25
2026-04-09T20:08:00,0.58715,0.58715,0.58715,0.58715,1
2026-04-09T20:09:00,0.5872,0.58725,0.5872,0.58725,34
2026-04-09T20:10:00,0.5873,0.5873,0.5873,0.5873,17
2026-04-09T20:11:00,0.5873,0.58735,0.5873,0.5873,14
2026-04-09T20:12:00,0.5873,0.5873,0.5873,0.5873,6
2026-04-09T20:13:00,0.58725,0.58725,0.58725,0.58725,6
2026-04-09T20:14:00,0.58725,0.58725,0.58725,0.58725,4
2026-04-09T20:15:00,0.58725,0.58725,0.58725,0.58725,3
2026-04-09T20:16:00,0.58725,0.58725,0.58725,0.58725,10
2026-04-09T20:17:00,0.58725,0.58725,0.58725,0.58725,6
2026-04-09T20:18:00,0.58725,0.5873,0.58725,0.5873,3
2026-04-09T20:24:00,0.58725,0.5873,0.58725,0.5873,18
2026-04-09T20:26:00,0.5873,0.58735,0.5873,0.58735,12
2026-04-09T20:27:00,0.58735,0.58735,0.58735,0.58735,2
2026-04-09T20:28:00,0.58735,0.58735,0.58735,0.58735,2
2026-04-09T20:30:00,0.58745,0.58745,0.58745,0.58745,3
2026-04-09T20:31:00,0.5874,0.5874,0.5874,0.5874,9
2026-04-09T20:32:00,0.5874,0.5874,0.5874,0.5874,2
2026-04-09T20:33:00,0.5874,0.5874,0.5874,0.5874,12
2026-04-09T20:35:00,0.5873,0.5873,0.5873,0.5873,8
2026-04-09T20:36:00,0.58725,0.58725,0.58725,0.58725,1
2026-04-09T20:37:00,0.58725,0.58725,0.58725,0.58725,1
2026-04-09T20:40:00,0.5872,0.5872,0.5872,0.5872,22
2026-04-09T20:43:00,0.5872,0.5872,0.58715,0.5872,39
2026-04-09T20:44:00,0.58725,0.58725,0.58725,0.58725,3
2026-04-09T20:46:00,0.5872,0.5872,0.5872,0.5872,13
2026-04-09T20:47:00,0.58715,0.58715,0.5871,0.58715,9
2026-04-09T20:48:00,0.58715,0.58715,0.58715,0.58715,2
2026-04-09T20:49:00,0.5871,0.58715,0.5871,0.58715,24
2026-04-09T20:50:00,0.58715,0.58715,0.5871,0.5871,16
2026-04-09T20:51:00,0.5871,0.5871,0.5871,0.5871,1
2026-04-09T20:52:00,0.5871,0.58715,0.5871,0.58715,5
2026-04-09T20:53:00,0.5871,0.58715,0.5871,0.58715,14
2026-04-09T20:55:00,0.58725,0.58725,0.58725,0.58725,17
2026-04-09T20:58:00,0.5873,0.5873,0.58725,0.58725,5
2026-04-09T20:59:00,0.5873,0.5873,0.58705,0.58705,33
2026-04-09T22:00:00,0.5875,0.5875,0.5873,0.5873,21
2026-04-09T22:01:00,0.5874,0.5874,0.5873,0.5873,21
2026-04-09T22:02:00,0.58725,0.58725,0.58725,0.58725,6
2026-04-09T22:05:00,0.5873,0.5874,0.58725,0.58725,41
2026-04-09T22:06:00,0.5872,0.5872,0.5872,0.5872,1
2026-04-09T22:08:00,0.58715,0.58715,0.5871,0.5871,7
2026-04-09T22:09:00,0.5871,0.5871,0.5871,0.5871,2
2026-04-09T22:10:00,0.5871,0.5871,0.58705,0.58705,12
2026-04-09T22:11:00,0.58705,0.58705,0.58705,0.58705,3
2026-04-09T22:12:00,0.58705,0.5871,0.58705,0.58705,13
2026-04-09T22:13:00,0.587,0.587,0.587,0.587,1
2026-04-09T22:14:00,0.58705,0.58705,0.58705,0.58705,1
2026-04-09T22:15:00,0.587,0.587,0.587,0.587,11
2026-04-09T22:17:00,0.587,0.587,0.58695,0.587,18
2026-04-09T22:18:00,0.58705,0.5871,0.58705,0.5871,22
2026-04-09T22:27:00,0.5871,0.5871,0.5871,0.5871,9
2026-04-09T22:28:00,0.5871,0.5871,0.5871,0.5871,3
2026-04-09T22:29:00,0.58715,0.5872,0.587,0.587,47
2026-04-09T22:30:00,0.58695,0.587,0.58695,0.587,35
2026-04-09T22:31:00,0.587,0.58705,0.5869,0.5869,31
2026-04-09T22:32:00,0.58695,0.58695,0.58695,0.58695,2
2026-04-09T22:33:00,0.58705,0.58705,0.58705,0.58705,21
2026-04-09T22:34:00,0.587,0.587,0.587,0.587,2
2026-04-09T22:35:00,0.58685,0.5869,0.58685,0.58685,15
2026-04-09T22:37:00,0.5868,0.5868,0.5867,0.5867,49
2026-04-09T22:38:00,0.5867,0.58675,0.5867,0.58675,4
2026-04-09T22:39:00,0.5867,0.5867,0.5865,0.5865,115
2026-04-09T22:40:00,0.58655,0.5866,0.58645,0.5865,94
2026-04-09T22:41:00,0.58655,0.58665,0.58655,0.58665,10
2026-04-09T22:42:00,0.58665,0.5867,0.58665,0.5867,13
2026-04-09T22:44:00,0.5867,0.5867,0.5867,0.5867,13
2026-04-09T22:45:00,0.5867,0.58675,0.5867,0.58675,9
2026-04-09T22:46:00,0.58675,0.5868,0.58675,0.5868,22
2026-04-09T22:47:00,0.58675,0.5868,0.58675,0.5868,26
2026-04-09T22:48:00,0.58675,0.58675,0.58675,0.58675,21
2026-04-09T22:49:00,0.58675,0.58675,0.58675,0.58675,3
2026-04-09T22:50:00,0.5867,0.5867,0.5867,0.5867,2
2026-04-09T22:51:00,0.5867,0.5867,0.58665,0.58665,6
2026-04-09T22:52:00,0.58665,0.58665,0.58665,0.58665,2
2026-04-09T22:53:00,0.58665,0.5867,0.58665,0.5867,10
2026-04-09T22:54:00,0.5867,0.58675,0.5867,0.58675,9
2026-04-09T22:55:00,0.5868,0.58685,0.58675,0.58675,8
2026-04-09T22:56:00,0.58675,0.58685,0.58675,0.58685,17
2026-04-09T22:58:00,0.58685,0.58685,0.58685,0.58685,2
2026-04-09T22:59:00,0.58685,0.58685,0.58685,0.58685,2
2026-04-09T23:00:00,0.5868,0.58685,0.58675,0.58685,17
2026-04-09T23:01:00,0.5869,0.58695,0.5869,0.58695,13
2026-04-09T23:02:00,0.58695,0.58695,0.58695,0.58695,13
2026-04-09T23:03:00,0.5869,0.5869,0.5869,0.5869,1
2026-04-09T23:04:00,0.5869,0.5869,0.5869,0.5869,1
2026-04-09T23:05:00,0.58695,0.58695,0.58695,0.58695,1
2026-04-09T23:06:00,0.5869,0.5869,0.5868,0.58685,29
2026-04-09T23:07:00,0.58685,0.58685,0.58685,0.58685,1
2026-04-09T23:09:00,0.58695,0.58695,0.58695,0.58695,1
2026-04-09T23:10:00,0.58695,0.58695,0.58695,0.58695,2
2026-04-09T23:11:00,0.5869,0.5869,0.5869,0.5869,3
2026-04-09T23:12:00,0.5869,0.5869,0.5869,0.5869,4
2026-04-09T23:14:00,0.5869,0.5869,0.5869,0.5869,4
2026-04-09T23:15:00,0.58695,0.58695,0.58695,0.58695,1
2026-04-09T23:16:00,0.58685,0.58685,0.58685,0.58685,10
2026-04-09T23:17:00,0.5868,0.5868,0.5868,0.5868,1
2026-04-09T23:18:00,0.5869,0.5869,0.5869,0.5869,1
2026-04-09T23:19:00,0.58685,0.58685,0.58685,0.58685,2
2026-04-09T23:20:00,0.5868,0.5868,0.5868,0.5868,1
2026-04-09T23:21:00,0.58685,0.58685,0.58685,0.58685,6
2026-04-09T23:22:00,0.5868,0.5868,0.5868,0.5868,1
2026-04-09T23:23:00,0.58675,0.58675,0.58675,0.58675,13
2026-04-09T23:24:00,0.5868,0.5868,0.58675,0.58675,13
2026-04-09T23:25:00,0.58675,0.58675,0.58675,0.58675,7
2026-04-09T23:26:00,0.5867,0.5867,0.58665,0.58665,9
2026-04-09T23:27:00,0.58665,0.5867,0.58665,0.5867,5
2026-04-09T23:28:00,0.58675,0.58675,0.58675,0.58675,4
2026-04-09T23:29:00,0.58675,0.5868,0.58675,0.5868,39
2026-04-09T23:30:00,0.5868,0.5868,0.5868,0.5868,2
2026-04-09T23:32:00,0.5868,0.5868,0.5868,0.5868,2
2026-04-09T23:34:00,0.5869,0.5869,0.5869,0.5869,1
2026-04-09T23:36:00,0.5869,0.5869,0.5869,0.5869,1
2026-04-09T23:37:00,0.58685,0.5869,0.58675,0.58675,21
2026-04-09T23:38:00,0.5867,0.5867,0.58665,0.5867,14
2026-04-09T23:39:00,0.58665,0.58665,0.5866,0.5866,2
2026-04-09T23:40:00,0.5867,0.5867,0.58665,0.58665,5
2026-04-09T23:41:00,0.58665,0.5867,0.58665,0.5867,6
2026-04-09T23:42:00,0.5867,0.5867,0.5867,0.5867,10
2026-04-09T23:43:00,0.58665,0.58665,0.58665,0.58665,2
2026-04-09T23:46:00,0.58675,0.58675,0.5867,0.5867,11
2026-04-09T23:47:00,0.58665,0.58665,0.58665,0.58665,1
2026-04-09T23:48:00,0.58665,0.58665,0.58655,0.5866,48
2026-04-09T23:49:00,0.5866,0.5866,0.5866,0.5866,22
2026-04-09T23:50:00,0.58655,0.58655,0.58655,0.58655,15
2026-04-09T23:51:00,0.5866,0.5866,0.58655,0.58655,19
2026-04-09T23:53:00,0.5865,0.5865,0.5865,0.5865,25
2026-04-09T23:54:00,0.5865,0.5865,0.5865,0.5865,8
2026-04-09T23:55:00,0.58645,0.58645,0.58635,0.58635,37
2026-04-09T23:56:00,0.58635,0.58635,0.58635,0.58635,15
2026-04-09T23:57:00,0.58635,0.58635,0.5863,0.5863,75
2026-04-09T23:58:00,0.5863,0.58635,0.5863,0.58635,12
2026-04-09T23:59:00,0.58635,0.5864,0.58635,0.5864,20
2026-04-10T00:00:00,0.5864,0.5864,0.5863,0.5863,24
2026-04-10T00:01:00,0.5863,0.5863,0.5863,0.5863,13
2026-04-10T00:02:00,0.5863,0.5864,0.5863,0.5864,4
2026-04-10T00:03:00,0.58635,0.58635,0.58635,0.58635,3
2026-04-10T00:04:00,0.58635,0.58635,0.58635,0.58635,2
2026-04-10T00:05:00,0.58635,0.5864,0.58635,0.5864,15
2026-04-10T00:06:00,0.5863,0.5863,0.5863,0.5863,5
2026-04-10T00:07:00,0.58625,0.58625,0.58615,0.58615,26
2026-04-10T00:08:00,0.5862,0.5862,0.5862,0.5862,3
2026-04-10T00:10:00,0.5863,0.5863,0.5863,0.5863,3
2026-04-10T00:11:00,0.58625,0.5863,0.58625,0.5863,3
2026-04-10T00:12:00,0.5862,0.5862,0.58615,0.58615,2
2026-04-10T00:13:00,0.58615,0.5862,0.58615,0.5862,14
2026-04-10T00:14:00,0.58615,0.5862,0.58615,0.5862,5
2026-04-10T00:15:00,0.58625,0.58625,0.5862,0.5862,9
2026-04-10T00:16:00,0.58625,0.58625,0.58625,0.58625,3
2026-04-10T00:17:00,0.5862,0.5862,0.5862,0.5862,8
2026-04-10T00:18:00,0.58615,0.58615,0.58615,0.58615,8
2026-04-10T00:19:00,0.5862,0.5862,0.58615,0.58615,3
2026-04-10T00:20:00,0.58615,0.58615,0.58615,0.58615,23
2026-04-10T00:21:00,0.58615,0.58615,0.58615,0.58615,12
2026-04-10T00:22:00,0.58615,0.5862,0.58615,0.58615,28
2026-04-10T00:23:00,0.58615,0.58615,0.58615,0.58615,3
2026-04-10T00:24:00,0.58615,0.58615,0.58615,0.58615,3
2026-04-10T00:25:00,0.5861,0.5861,0.5861,0.5861,6
2026-04-10T00:26:00,0.58615,0.58615,0.5861,0.5861,3
2026-04-10T00:27:00,0.5861,0.5861,0.5861,0.5861,2
2026-04-10T00:28:00,0.58605,0.58605,0.58605,0.58605,3
2026-04-10T00:29:00,0.58605,0.58605,0.586,0.586,26
2026-04-10T00:30:00,0.58595,0.58595,0.58595,0.58595,12
2026-04-10T00:31:00,0.586,0.586,0.586,0.586,9
2026-04-10T00:32:00,0.586,0.586,0.586,0.586,15
2026-04-10T00:33:00,0.586,0.58605,0.586,0.58605,8
2026-04-10T00:35:00,0.5861,0.58615,0.5861,0.58615,3
2026-04-10T00:36:00,0.5861,0.58615,0.5861,0.58615,16
2026-04-10T00:37:00,0.58625,0.58625,0.58625,0.58625,1
2026-04-10T00:38:00,0.5863,0.58635,0.5863,0.58635,9
2026-04-10T00:39:00,0.5864,0.58645,0.5864,0.5864,12
2026-04-10T00:40:00,0.5865,0.5865,0.5865,0.5865,11
2026-04-10T00:41:00,0.5865,0.58655,0.5865,0.5865,6
2026-04-10T00:42:00,0.5865,0.5865,0.5865,0.5865,1
2026-04-10T00:43:00,0.5865,0.5865,0.5864,0.5864,5
2026-04-10T00:46:00,0.58625,0.5863,0.58625,0.5863,6
2026-04-10T00:47:00,0.5863,0.5863,0.5863,0.5863,1
2026-04-10T00:48:00,0.5863,0.5863,0.5863,0.5863,2
2026-04-10T00:49:00,0.5863,0.5865,0.5863,0.58635,139
2026-04-10T00:50:00,0.5863,0.5863,0.58615,0.58615,20
2026-04-10T00:51:00,0.5862,0.5862,0.5861,0.58615,15
2026-04-10T00:52:00,0.58615,0.58625,0.58615,0.58625,10
2026-04-10T00:53:00,0.58625,0.58625,0.58625,0.58625,5
2026-04-10T00:54:00,0.58625,0.5863,0.58625,0.5863,8
2026-04-10T00:55:00,0.5863,0.5863,0.58625,0.58625,8
2026-04-10T00:56:00,0.5863,0.5863,0.5862,0.5862,6
2026-04-10T00:57:00,0.58625,0.58625,0.58625,0.58625,3
2026-04-10T00:58:00,0.58625,0.5863,0.58625,0.5863,12
2026-04-10T00:59:00,0.58625,0.5863,0.58625,0.5863,22
2026-04-10T01:00:00,0.5863,0.5863,0.58625,0.58625,16
2026-04-10T01:01:00,0.5862,0.58625,0.5862,0.58625,9
2026-04-10T01:02:00,0.58615,0.58625,0.58615,0.58615,16
2026-04-10T01:03:00,0.5862,0.5862,0.5862,0.5862,8
2026-04-10T01:04:00,0.5862,0.5863,0.5862,0.58625,10
2026-04-10T01:05:00,0.5863,0.5863,0.58625,0.58625,2
2026-04-10T01:06:00,0.5862,0.5862,0.5862,0.5862,3
2026-04-10T01:07:00,0.58625,0.58625,0.5862,0.5862,3
2026-04-10T01:08:00,0.5862,0.5862,0.5862,0.5862,2
2026-04-10T01:09:00,0.58625,0.5863,0.58625,0.5863,3
2026-04-10T01:10:00,0.58625,0.58625,0.58625,0.58625,1
2026-04-10T01:11:00,0.58625,0.5863,0.58625,0.5863,4
2026-04-10T01:12:00,0.58635,0.5864,0.58635,0.5864,4
2026-04-10T01:14:00,0.5863,0.58635,0.5863,0.58635,2
2026-04-10T01:15:00,0.58635,0.58635,0.5863,0.5863,7
2026-04-10T01:16:00,0.5863,0.5863,0.5863,0.5863,3
2026-04-10T01:17:00,0.5863,0.5863,0.5863,0.5863,3
2026-04-10T01:18:00,0.5863,0.5863,0.5863,0.5863,2
2026-04-10T01:21:00,0.58625,0.5863,0.58625,0.5863,28
2026-04-10T01:22:00,0.5862,0.5862,0.5862,0.5862,3
2026-04-10T01:23:00,0.58625,0.58625,0.58625,0.58625,2
2026-04-10T01:24:00,0.58615,0.58615,0.58615,0.58615,2
2026-04-10T01:25:00,0.5862,0.5862,0.5862,0.5862,1
2026-04-10T01:26:00,0.5863,0.5863,0.5863,0.5863,5
2026-04-10T01:27:00,0.5863,0.5864,0.5863,0.5864,5
2026-04-10T01:28:00,0.58635,0.58635,0.58635,0.58635,6
2026-04-10T01:29:00,0.58635,0.58635,0.58635,0.58635,1
2026-04-10T01:30:00,0.58635,0.58635,0.58635,0.58635,7
2026-04-10T01:31:00,0.58645,0.5866,0.58645,0.5866,13
2026-04-10T01:32:00,0.5865,0.58655,0.5865,0.58655,10
2026-04-10T01:33:00,0.58655,0.5866,0.58655,0.5866,11
2026-04-10T01:34:00,0.58655,0.58655,0.58655,0.58655,2
2026-04-10T01:35:00,0.5866,0.58665,0.5866,0.58665,5
2026-04-10T01:36:00,0.58675,0.58675,0.5867,0.5867,3
2026-04-10T01:37:00,0.58665,0.5867,0.58665,0.5867,3
2026-04-10T01:38:00,0.58665,0.58665,0.5866,0.5866,13
2026-04-10T01:39:00,0.58665,0.58665,0.58665,0.58665,4
2026-04-10T01:40:00,0.58665,0.58665,0.58665,0.58665,3
2026-04-10T01:41:00,0.58665,0.58665,0.5866,0.5866,7
2026-04-10T01:42:00,0.58665,0.58665,0.58665,0.58665,4
2026-04-10T01:43:00,0.5867,0.5867,0.5867,0.5867,2
2026-04-10T01:44:00,0.5867,0.58675,0.58665,0.58665,5
2026-04-10T01:45:00,0.58665,0.58665,0.5866,0.58665,9
2026-04-10T01:48:00,0.5867,0.58675,0.5867,0.5867,19
2026-04-10T01:50:00,0.58665,0.5867,0.58665,0.5867,2
2026-04-10T01:51:00,0.58675,0.5868,0.58675,0.5868,3
2026-04-10T01:53:00,0.5868,0.5868,0.5868,0.5868,21
2026-04-10T01:54:00,0.5868,0.5868,0.5868,0.5868,2
2026-04-10T01:56:00,0.5868,0.5868,0.5868,0.5868,2
2026-04-10T01:57:00,0.5867,0.5867,0.58665,0.58665,3
2026-04-10T01:58:00,0.5866,0.5866,0.5866,0.5866,3
2026-04-10T02:00:00,0.58655,0.5866,0.5865,0.5865,7
2026-04-10T02:01:00,0.58655,0.5866,0.58655,0.5866,4
2026-04-10T02:02:00,0.5866,0.58665,0.5866,0.58665,4
2026-04-10T02:03:00,0.58665,0.58665,0.58665,0.58665,1
2026-04-10T02:04:00,0.58665,0.58665,0.58655,0.58655,5
2026-04-10T02:05:00,0.5865,0.58665,0.5865,0.5866,36
2026-04-10T02:06:00,0.5867,0.5867,0.5867,0.5867,2
2026-04-10T02:07:00,0.58665,0.58665,0.58665,0.58665,2
2026-04-10T02:08:00,0.58655,0.58655,0.58655,0.58655,4
2026-04-10T02:09:00,0.58655,0.58655,0.58655,0.58655,4
2026-04-10T02:10:00,0.5865,0.5865,0.5865,0.5865,2
2026-04-10T02:11:00,0.58645,0.5865,0.58645,0.5865,7
2026-04-10T02:12:00,0.5864,0.5864,0.58635,0.58635,5
2026-04-10T02:13:00,0.5863,0.5863,0.58625,0.58625,4
2026-04-10T02:15:00,0.58625,0.58625,0.58625,0.58625,1
2026-04-10T02:17:00,0.58635,0.58635,0.58635,0.58635,6
2026-04-10T02:19:00,0.5863,0.5863,0.5863,0.5863,2
2026-04-10T02:20:00,0.5863,0.5863,0.5863,0.5863,1
2026-04-10T02:21:00,0.58625,0.58625,0.58625,0.58625,7
2026-04-10T02:22:00,0.58615,0.5862,0.58615,0.5862,6
2026-04-10T02:23:00,0.5862,0.5862,0.5862,0.5862,3
2026-04-10T02:24:00,0.5862,0.5862,0.5862,0.5862,1
2026-04-10T02:25:00,0.58625,0.58625,0.58625,0.58625,2
2026-04-10T02:26:00,0.5862,0.5862,0.58615,0.58615,5
2026-04-10T02:27:00,0.58605,0.58605,0.58605,0.58605,2
2026-04-10T02:28:00,0.586,0.58605,0.5859,0.5859,14
2026-04-10T02:29:00,0.5859,0.58595,0.5859,0.5859,6
2026-04-10T02:31:00,0.5859,0.58595,0.5859,0.58595,6
2026-04-10T02:32:00,0.5859,0.586,0.5859,0.586,15
2026-04-10T02:33:00,0.58605,0.58605,0.58605,0.58605,13
2026-04-10T02:34:00,0.5861,0.5861,0.58595,0.58595,4
2026-04-10T02:36:00,0.58585,0.5859,0.58585,0.5859,2
2026-04-10T02:37:00,0.58585,0.58585,0.58585,0.58585,5
2026-04-10T02:38:00,0.5858,0.5859,0.5858,0.5859,11
2026-04-10T02:40:00,0.58595,0.58595,0.58595,0.58595,1
2026-04-10T02:41:00,0.58595,0.586,0.58595,0.586,13
2026-04-10T02:42:00,0.58605,0.58605,0.586,0.586,5
2026-04-10T02:43:00,0.58605,0.58605,0.58605,0.58605,2
2026-04-10T02:44:00,0.58605,0.5861,0.58605,0.5861,4
2026-04-10T02:46:00,0.58605,0.58605,0.58605,0.58605,1
2026-04-10T02:47:00,0.58605,0.58605,0.58605,0.58605,5
2026-04-10T02:48:00,0.5861,0.5861,0.5861,0.5861,6
2026-04-10T02:50:00,0.5861,0.58615,0.58605,0.58605,6
2026-04-10T02:52:00,0.58605,0.58605,0.58605,0.58605,3
2026-04-10T02:54:00,0.58605,0.58605,0.58605,0.58605,1
2026-04-10T02:56:00,0.586,0.58605,0.586,0.58605,4
2026-04-10T02:57:00,0.586,0.586,0.586,0.586,1
2026-04-10T02:59:00,0.586,0.586,0.586,0.586,1
2026-04-10T03:00:00,0.58605,0.58605,0.58605,0.58605,1
2026-04-10T03:01:00,0.586,0.58605,0.586,0.58605,3
2026-04-10T03:03:00,0.586,0.586,0.58595,0.586,4
2026-04-10T03:06:00,0.58605,0.58605,0.58605,0.58605,1
2026-04-10T03:07:00,0.58605,0.5861,0.58605,0.5861,2
2026-04-10T03:10:00,0.58605,0.58605,0.58595,0.58595,21
2026-04-10T03:11:00,0.58595,0.58595,0.5859,0.58595,4
2026-04-10T03:12:00,0.58595,0.58595,0.58595,0.58595,2
2026-04-10T03:14:00,0.58595,0.58595,0.58595,0.58595,2
2026-04-10T03:16:00,0.5859,0.58595,0.5859,0.58595,3
2026-04-10T03:17:00,0.586,0.58605,0.586,0.58605,11
2026-04-10T03:19:00,0.58615,0.5862,0.58615,0.5862,3
2026-04-10T03:21:00,0.58615,0.58615,0.58615,0.58615,2
2026-04-10T03:23:00,0.5862,0.5862,0.5862,0.5862,1
2026-04-10T03:24:00,0.58625,0.58625,0.58625,0.58625,1
2026-04-10T03:25:00,0.5862,0.58625,0.58615,0.5862,13
2026-04-10T03:26:00,0.58615,0.58615,0.58615,0.58615,2
2026-04-10T03:27:00,0.5862,0.5862,0.5862,0.5862,3
2026-04-10T03:30:00,0.5863,0.5863,0.5863,0.5863,7
2026-04-10T03:31:00,0.5863,0.58635,0.5863,0.5863,8
2026-04-10T03:32:00,0.5863,0.5863,0.5863,0.5863,3
2026-04-10T03:33:00,0.5863,0.5863,0.58625,0.58625,12
2026-04-10T03:34:00,0.58625,0.58625,0.58625,0.58625,6
2026-04-10T03:35:00,0.58625,0.5863,0.58625,0.5863,4
2026-04-10T03:36:00,0.58625,0.58625,0.58625,0.58625,4
2026-04-10T03:37:00,0.5863,0.5863,0.5863,0.5863,6
2026-04-10T03:38:00,0.5863,0.5863,0.5863,0.5863,1
2026-04-10T03:39:00,0.5863,0.58635,0.5863,0.5863,12
2026-04-10T03:40:00,0.5863,0.5863,0.5863,0.5863,3
2026-04-10T03:41:00,0.5863,0.58635,0.5863,0.5863,76
2026-04-10T03:42:00,0.5863,0.5863,0.5863,0.5863,6
2026-04-10T03:43:00,0.58625,0.58625,0.58625,0.58625,3
2026-04-10T03:44:00,0.58625,0.5863,0.58625,0.5863,3
2026-04-10T03:45:00,0.5863,0.5863,0.5863,0.5863,7
2026-04-10T03:46:00,0.58625,0.5863,0.58625,0.5863,5
2026-04-10T03:47:00,0.58635,0.5864,0.58635,0.5864,9
2026-04-10T03:48:00,0.58635,0.5864,0.58635,0.58635,13
2026-04-10T03:49:00,0.58635,0.5864,0.58635,0.5864,7
2026-04-10T03:50:00,0.5864,0.5864,0.5864,0.5864,11
2026-04-10T03:51:00,0.5864,0.5864,0.5864,0.5864,4
2026-04-10T03:52:00,0.58645,0.58645,0.58645,0.58645,2
2026-04-10T03:53:00,0.58645,0.5865,0.58645,0.5865,9
2026-04-10T03:54:00,0.5865,0.58665,0.5865,0.58665,17
2026-04-10T03:55:00,0.5866,0.5866,0.5866,0.5866,5
2026-04-10T03:56:00,0.58655,0.58655,0.58655,0.58655,2
2026-04-10T03:57:00,0.58655,0.58655,0.58655,0.58655,3
2026-04-10T03:58:00,0.5865,0.5865,0.5865,0.5865,1
2026-04-10T04:00:00,0.58645,0.58645,0.58645,0.58645,1
2026-04-10T04:01:00,0.58645,0.5865,0.58645,0.5865,6
2026-04-10T04:02:00,0.5865,0.5865,0.58645,0.58645,4
2026-04-10T04:05:00,0.5863,0.58635,0.5863,0.58635,4
2026-04-10T04:06:00,0.5863,0.5863,0.58625,0.5863,12
2026-04-10T04:08:00,0.5863,0.58635,0.5863,0.5863,9
2026-04-10T04:09:00,0.58635,0.58635,0.58635,0.58635,1
2026-04-10T04:10:00,0.58635,0.58635,0.5863,0.5863,6
2026-04-10T04:11:00,0.5863,0.5863,0.5863,0.5863,2
2026-04-10T04:12:00,0.58635,0.5864,0.58635,0.5864,3
2026-04-10T04:13:00,0.5863,0.5863,0.5863,0.5863,3
2026-04-10T04:14:00,0.58625,0.5863,0.58625,0.5863,5
2026-04-10T04:15:00,0.5863,0.58635,0.58625,0.58625,9
2026-04-10T04:19:00,0.5863,0.5863,0.5863,0.5863,5
2026-04-10T04:20:00,0.5863,0.5863,0.5863,0.5863,1
2026-04-10T04:22:00,0.5863,0.5863,0.5863,0.5863,1
2026-04-10T04:24:00,0.5863,0.5863,0.58625,0.58625,7
2026-04-10T04:26:00,0.58625,0.58625,0.58625,0.58625,1
2026-04-10T04:27:00,0.58625,0.58625,0.58625,0.58625,11
2026-04-10T04:28:00,0.5862,0.5862,0.5862,0.5862,2
2026-04-10T04:29:00,0.58615,0.58615,0.5861,0.5861,13
2026-04-10T04:30:00,0.58605,0.5861,0.58605,0.5861,7
2026-04-10T04:31:00,0.58605,0.58605,0.58605,0.58605,2
2026-04-10T04:33:00,0.586,0.586,0.586,0.586,6
2026-04-10T04:35:00,0.58595,0.58595,0.58595,0.58595,1
2026-04-10T04:36:00,0.58595,0.58595,0.58595,0.58595,1
2026-04-10T04:39:00,0.586,0.5861,0.586,0.5861,2
2026-04-10T04:40:00,0.58615,0.58615,0.58615,0.58615,1
2026-04-10T04:41:00,0.5861,0.5861,0.58605,0.58605,5
2026-04-10T04:44:00,0.58605,0.58605,0.586,0.586,4
2026-04-10T04:45:00,0.586,0.58605,0.58595,0.58595,52
2026-04-10T04:46:00,0.586,0.586,0.586,0.586,1
2026-04-10T04:47:00,0.586,0.586,0.586,0.586,1
2026-04-10T04:48:00,0.58605,0.58605,0.58605,0.58605,3
2026-04-10T04:50:00,0.5861,0.5861,0.5861,0.5861,1
2026-04-10T04:51:00,0.5861,0.5861,0.5861,0.5861,1
2026-04-10T04:53:00,0.58615,0.58615,0.58615,0.58615,1
2026-04-10T04:54:00,0.58615,0.58615,0.58615,0.58615,10
2026-04-10T04:55:00,0.58605,0.58605,0.586,0.586,23
2026-04-10T04:58:00,0.58605,0.58605,0.58605,0.58605,1
2026-04-10T04:59:00,0.58595,0.586,0.58595,0.586,7
2026-04-10T05:00:00,0.586,0.586,0.586,0.586,5
2026-04-10T05:01:00,0.58595,0.58605,0.58595,0.58605,5
2026-04-10T05:02:00,0.586,0.586,0.586,0.586,2
2026-04-10T05:05:00,0.586,0.58605,0.586,0.58605,5
2026-04-10T05:06:00,0.586,0.586,0.586,0.586,7
2026-04-10T05:07:00,0.58595,0.58595,0.58595,0.58595,3
2026-04-10T05:08:00,0.586,0.586,0.586,0.586,3
2026-04-10T05:10:00,0.586,0.586,0.586,0.586,2
2026-04-10T05:11:00,0.5859,0.5859,0.5859,0.5859,2
2026-04-10T05:12:00,0.5859,0.5859,0.5858,0.5858,8
2026-04-10T05:13:00,0.5858,0.5858,0.5858,0.5858,2
2026-04-10T05:14:00,0.5858,0.5858,0.5858,0.5858,2
2026-04-10T05:15:00,0.58585,0.58585,0.5858,0.5858,3
2026-04-10T05:17:00,0.58585,0.58585,0.58585,0.58585,1
2026-04-10T05:20:00,0.5859,0.5859,0.5859,0.5859,4
2026-04-10T05:21:00,0.58595,0.58595,0.58595,0.58595,4
2026-04-10T05:23:00,0.5859,0.5859,0.58585,0.58585,3
2026-04-10T05:26:00,0.5858,0.5858,0.5858,0.5858,3
2026-04-10T05:27:00,0.58585,0.58585,0.58585,0.58585,1
2026-04-10T05:29:00,0.58585,0.58585,0.58575,0.58575,19
2026-04-10T05:30:00,0.5858,0.5858,0.5858,0.5858,1
2026-04-10T05:31:00,0.5858,0.5858,0.5858,0.5858,2
2026-04-10T05:33:00,0.58595,0.58595,0.58595,0.58595,1
2026-04-10T05:35:00,0.58595,0.58605,0.58595,0.586,12
2026-04-10T05:36:00,0.586,0.58605,0.58595,0.58605,12
2026-04-10T05:37:00,0.58605,0.58605,0.58605,0.58605,3
2026-04-10T05:38:00,0.58595,0.58595,0.58595,0.58595,6
2026-04-10T05:39:00,0.586,0.586,0.586,0.586,3
2026-04-10T05:40:00,0.586,0.58605,0.586,0.586,8
2026-04-10T05:41:00,0.586,0.586,0.58595,0.58595,5
2026-04-10T05:42:00,0.58595,0.58595,0.5859,0.5859,8
2026-04-10T05:43:00,0.58585,0.58585,0.5858,0.5858,7
2026-04-10T05:44:00,0.5858,0.5858,0.5858,0.5858,1
2026-04-10T05:45:00,0.58585,0.58585,0.58585,0.58585,3
2026-04-10T05:46:00,0.5859,0.5859,0.5859,0.5859,2
2026-04-10T05:47:00,0.5859,0.5859,0.5859,0.5859,1
2026-04-10T05:48:00,0.5859,0.5859,0.5859,0.5859,3
2026-04-10T05:50:00,0.58595,0.58595,0.58595,0.58595,1
2026-04-10T05:51:00,0.5859,0.5859,0.5859,0.5859,2
2026-04-10T05:52:00,0.58595,0.58595,0.58595,0.58595,1
2026-04-10T05:54:00,0.5859,0.58595,0.5859,0.58595,9
2026-04-10T05:55:00,0.58595,0.58595,0.58595,0.58595,2
2026-04-10T05:56:00,0.58595,0.58595,0.5859,0.58595,7
2026-04-10T05:59:00,0.586,0.586,0.586,0.586,1
2026-04-10T06:00:00,0.58605,0.5862,0.586,0.5862,61
2026-04-10T06:01:00,0.58615,0.58635,0.58615,0.58635,83
2026-04-10T06:02:00,0.58635,0.58645,0.5863,0.58635,26
2026-04-10T06:03:00,0.58635,0.5864,0.58635,0.58635,21
2026-04-10T06:04:00,0.58635,0.58635,0.5863,0.58635,17
2026-04-10T06:05:00,0.5863,0.58635,0.58615,0.5862,29
2026-04-10T06:06:00,0.58615,0.5862,0.58615,0.5862,57
2026-04-10T06:07:00,0.5862,0.5862,0.5862,0.5862,6
2026-04-10T06:08:00,0.58625,0.5863,0.58625,0.5863,34
2026-04-10T06:09:00,0.5863,0.5863,0.5863,0.5863,3
2026-04-10T06:10:00,0.5863,0.58635,0.58625,0.58625,9
2026-04-10T06:11:00,0.5862,0.58625,0.5862,0.5862,20
2026-04-10T06:12:00,0.5862,0.5862,0.5861,0.5861,12
2026-04-10T06:13:00,0.58605,0.58605,0.58605,0.58605,1
2026-04-10T06:14:00,0.58605,0.58605,0.586,0.586,4
2026-04-10T06:15:00,0.586,0.58605,0.586,0.58605,23
2026-04-10T06:16:00,0.58605,0.5861,0.586,0.5861,7
2026-04-10T06:17:00,0.58605,0.58605,0.586,0.586,9
2026-04-10T06:19:00,0.58595,0.58595,0.58595,0.58595,1
2026-04-10T06:20:00,0.58595,0.58595,0.5859,0.58595,7
2026-04-10T06:21:00,0.5859,0.5859,0.58575,0.5858,9
2026-04-10T06:22:00,0.5858,0.5858,0.5858,0.5858,3
2026-04-10T06:23:00,0.58575,0.58575,0.58575,0.58575,9
2026-04-10T06:24:00,0.58575,0.58575,0.58575,0.58575,3
2026-04-10T06:25:00,0.5858,0.5858,0.5858,0.5858,2
2026-04-10T06:26:00,0.58585,0.58585,0.58585,0.58585,18
2026-04-10T06:27:00,0.5859,0.58595,0.5859,0.5859,7
2026-04-10T06:28:00,0.58585,0.58585,0.5858,0.5858,6
2026-04-10T06:29:00,0.58575,0.58575,0.58575,0.58575,3
2026-04-10T06:30:00,0.58575,0.58575,0.58555,0.5856,24
2026-04-10T06:31:00,0.5856,0.58565,0.5856,0.58565,5
2026-04-10T06:32:00,0.5857,0.5857,0.5857,0.5857,3
2026-04-10T06:33:00,0.5857,0.58575,0.5857,0.58575,10
2026-04-10T06:34:00,0.58575,0.58585,0.58575,0.58585,17
2026-04-10T06:35:00,0.5859,0.58595,0.5859,0.5859,33
2026-04-10T06:36:00,0.5859,0.5859,0.5858,0.5858,20
2026-04-10T06:37:00,0.5858,0.5858,0.5858,0.5858,9
2026-04-10T06:38:00,0.58575,0.58575,0.5857,0.5857,4
2026-04-10T06:39:00,0.58565,0.58565,0.58565,0.58565,2
2026-04-10T06:40:00,0.5856,0.5856,0.58555,0.58555,33
2026-04-10T06:41:00,0.5856,0.58565,0.5856,0.5856,11
2026-04-10T06:42:00,0.5856,0.5856,0.58555,0.58555,55
2026-04-10T06:43:00,0.5856,0.5856,0.58555,0.58555,11
2026-04-10T06:44:00,0.5855,0.58555,0.5855,0.58555,10
2026-04-10T06:45:00,0.5856,0.5856,0.5856,0.5856,1
2026-04-10T06:46:00,0.58555,0.5856,0.58555,0.5856,4
2026-04-10T06:47:00,0.5856,0.5856,0.5855,0.5855,2
2026-04-10T06:48:00,0.5856,0.5856,0.5856,0.5856,5
2026-04-10T06:49:00,0.58555,0.58555,0.58555,0.58555,1
2026-04-10T06:51:00,0.5855,0.5855,0.58545,0.5855,14
2026-04-10T06:52:00,0.58545,0.5855,0.58545,0.5855,22
2026-04-10T06:53:00,0.58545,0.58545,0.5854,0.5854,5
2026-04-10T06:54:00,0.58545,0.58545,0.5854,0.5854,9
2026-04-10T06:55:00,0.58545,0.58545,0.58545,0.58545,4
2026-04-10T06:56:00,0.5854,0.5854,0.5853,0.58535,21
2026-04-10T06:57:00,0.58545,0.58545,0.5854,0.58545,15
2026-04-10T06:58:00,0.58545,0.58545,0.58545,0.58545,14
2026-04-10T06:59:00,0.58545,0.58545,0.58545,0.58545,1
2026-04-10T07:00:00,0.58545,0.5855,0.58535,0.58545,19
2026-04-10T07:01:00,0.5854,0.5854,0.58535,0.5854,21
2026-04-10T07:02:00,0.5854,0.5855,0.58535,0.5855,32
2026-04-10T07:03:00,0.5855,0.5857,0.5855,0.5857,23
2026-04-10T07:04:00,0.58565,0.5857,0.58565,0.58565,5
2026-04-10T07:05:00,0.5857,0.5857,0.5856,0.58565,23
2026-04-10T07:06:00,0.5856,0.5856,0.58545,0.58545,15
2026-04-10T07:07:00,0.58545,0.58545,0.5854,0.58545,20
2026-04-10T07:08:00,0.58545,0.58545,0.58545,0.58545,7
2026-04-10T07:09:00,0.5855,0.58555,0.5855,0.5855,58
2026-04-10T07:10:00,0.5855,0.58555,0.58545,0.58555,283
2026-04-10T07:11:00,0.58555,0.58555,0.58555,0.58555,4
2026-04-10T07:12:00,0.5856,0.58565,0.5856,0.5856,16
2026-04-10T07:13:00,0.5856,0.5856,0.5856,0.5856,10
2026-04-10T07:14:00,0.58555,0.58555,0.5855,0.58555,21
2026-04-10T07:15:00,0.5855,0.5855,0.58545,0.58545,20
2026-04-10T07:16:00,0.58555,0.58555,0.58555,0.58555,2
2026-04-10T07:17:00,0.5855,0.5855,0.5854,0.5854,21
2026-04-10T07:18:00,0.5855,0.5855,0.5855,0.5855,3
2026-04-10T07:19:00,0.5855,0.5855,0.5855,0.5855,1
2026-04-10T07:20:00,0.5854,0.5854,0.58535,0.58535,4
2026-04-10T07:23:00,0.58575,0.58575,0.58575,0.58575,2
2026-04-10T07:24:00,0.5858,0.5858,0.5857,0.5857,16
2026-04-10T07:25:00,0.58575,0.5858,0.58575,0.58575,7
2026-04-10T07:26:00,0.58565,0.58565,0.5856,0.5856,6
2026-04-10T07:27:00,0.5856,0.5856,0.5856,0.5856,4
2026-04-10T07:28:00,0.5856,0.5856,0.5856,0.5856,3
2026-04-10T07:29:00,0.58555,0.5856,0.5855,0.58555,19
2026-04-10T07:30:00,0.58555,0.58555,0.5855,0.5855,12
2026-04-10T07:31:00,0.58545,0.58545,0.5854,0.58545,7
2026-04-10T07:32:00,0.58545,0.58545,0.58535,0.58535,8
2026-04-10T07:34:00,0.5854,0.5854,0.5854,0.5854,1
2026-04-10T07:35:00,0.58545,0.58545,0.58545,0.58545,1
2026-04-10T07:36:00,0.5855,0.5855,0.58545,0.58545,5
2026-04-10T07:37:00,0.58545,0.58545,0.58545,0.58545,9
2026-04-10T07:38:00,0.58545,0.58545,0.58545,0.58545,1
2026-04-10T07:39:00,0.58545,0.58545,0.58545,0.58545,3
2026-04-10T07:40:00,0.58545,0.58545,0.5854,0.5854,3
2026-04-10T07:41:00,0.5854,0.5854,0.5854,0.5854,13
2026-04-10T07:42:00,0.5854,0.5854,0.5853,0.58535,32
2026-04-10T07:43:00,0.58535,0.58535,0.5853,0.5853,11
2026-04-10T07:44:00,0.58535,0.5854,0.58535,0.5854,14
2026-04-10T07:45:00,0.58545,0.58545,0.58545,0.58545,1
2026-04-10T07:46:00,0.58535,0.58535,0.5853,0.5853,11
2026-04-10T07:47:00,0.58525,0.58525,0.5852,0.5852,7
2026-04-10T07:48:00,0.58525,0.58525,0.58525,0.58525,3
2026-04-10T07:49:00,0.58525,0.58525,0.58525,0.58525,3
2026-04-10T07:50:00,0.58525,0.58525,0.58525,0.58525,4
2026-04-10T07:51:00,0.5852,0.5852,0.58515,0.5852,19
2026-04-10T07:52:00,0.58525,0.58525,0.58525,0.58525,3
2026-04-10T07:53:00,0.58525,0.58525,0.58525,0.58525,1
2026-04-10T07:54:00,0.5852,0.5852,0.5852,0.5852,5
2026-04-10T07:55:00,0.58525,0.58525,0.58525,0.58525,8
2026-04-10T07:56:00,0.5852,0.5852,0.58515,0.58515,8
2026-04-10T07:57:00,0.58515,0.58515,0.58515,0.58515,67
2026-04-10T07:58:00,0.5851,0.5851,0.58495,0.58495,22
2026-04-10T07:59:00,0.5849,0.5849,0.58475,0.5848,65
2026-04-10T08:00:00,0.5847,0.5848,0.58465,0.5847,20
2026-04-10T08:01:00,0.58475,0.58475,0.58465,0.58465,25
2026-04-10T08:02:00,0.58465,0.5847,0.5846,0.5846,15
2026-04-10T08:04:00,0.58465,0.58465,0.58465,0.58465,1
2026-04-10T08:05:00,0.5846,0.58465,0.5846,0.58465,11
2026-04-10T08:06:00,0.5847,0.5848,0.5847,0.5848,24
2026-04-10T08:07:00,0.5848,0.5849,0.5848,0.5849,11
2026-04-10T08:08:00,0.5849,0.5849,0.5849,0.5849,1
2026-04-10T08:09:00,0.585,0.585,0.585,0.585,2
2026-04-10T08:10:00,0.58505,0.58505,0.585,0.585,12
2026-04-10T08:11:00,0.585,0.585,0.585,0.585,14
2026-04-10T08:12:00,0.585,0.58505,0.585,0.58505,12
2026-04-10T08:13:00,0.58505,0.5851,0.58505,0.5851,12
2026-04-10T08:14:00,0.5851,0.5851,0.5851,0.5851,4
2026-04-10T08:15:00,0.5851,0.5851,0.5851,0.5851,3
2026-04-10T08:17:00,0.58505,0.58505,0.585,0.585,5
2026-04-10T08:18:00,0.58495,0.58495,0.5849,0.5849,10
2026-04-10T08:19:00,0.5849,0.58495,0.5849,0.58495,5
2026-04-10T08:20:00,0.585,0.5851,0.585,0.5851,33
2026-04-10T08:21:00,0.5851,0.5851,0.58505,0.58505,14
2026-04-10T08:22:00,0.58505,0.58505,0.58505,0.58505,7
2026-04-10T08:23:00,0.58505,0.58505,0.585,0.585,5
2026-04-10T08:24:00,0.58505,0.58505,0.58505,0.58505,1
2026-04-10T08:25:00,0.58515,0.5852,0.58515,0.5852,14
2026-04-10T08:26:00,0.58515,0.5852,0.58515,0.5852,3
2026-04-10T08:27:00,0.58515,0.58515,0.58515,0.58515,4
2026-04-10T08:28:00,0.58515,0.58515,0.58515,0.58515,3
2026-04-10T08:29:00,0.5852,0.5852,0.5852,0.5852,1
2026-04-10T08:30:00,0.5852,0.58525,0.5852,0.58525,7
2026-04-10T08:32:00,0.5853,0.5853,0.5853,0.5853,2
2026-04-10T08:33:00,0.58535,0.58545,0.58535,0.58545,51
2026-04-10T08:34:00,0.58545,0.5855,0.58545,0.58545,26
2026-04-10T08:35:00,0.58545,0.58545,0.58545,0.58545,15
2026-04-10T08:36:00,0.58545,0.58545,0.58545,0.58545,1
2026-04-10T08:37:00,0.5855,0.5855,0.58545,0.58545,5
2026-04-10T08:38:00,0.58545,0.58545,0.58545,0.58545,7
2026-04-10T08:39:00,0.58545,0.58545,0.5854,0.5854,7
2026-04-10T08:40:00,0.58535,0.58535,0.58525,0.58525,13
2026-04-10T08:41:00,0.5853,0.5853,0.5853,0.5853,1
2026-04-10T08:43:00,0.5853,0.5853,0.5853,0.5853,3
2026-04-10T08:44:00,0.5853,0.5853,0.5853,0.5853,5
2026-04-10T08:45:00,0.5853,0.5853,0.5852,0.5852,7
2026-04-10T08:46:00,0.5852,0.5852,0.5851,0.5851,15
2026-04-10T08:47:00,0.585,0.585,0.58495,0.585,14
2026-04-10T08:48:00,0.58505,0.58505,0.585,0.585,9
2026-04-10T08:49:00,0.585,0.585,0.585,0.585,6
2026-04-10T08:51:00,0.5849,0.5849,0.58485,0.58485,8
2026-04-10T08:52:00,0.5849,0.5849,0.58485,0.58485,8
2026-04-10T08:53:00,0.58485,0.5849,0.58485,0.5849,4
2026-04-10T08:54:00,0.58495,0.58495,0.58495,0.58495,1
2026-04-10T08:55:00,0.58495,0.58495,0.58495,0.58495,6
2026-04-10T08:56:00,0.58495,0.58505,0.58495,0.585,10
2026-04-10T08:57:00,0.58495,0.58495,0.58495,0.58495,5
2026-04-10T08:58:00,0.5849,0.5849,0.58485,0.58485,30
2026-04-10T08:59:00,0.5849,0.5849,0.5849,0.5849,4
2026-04-10T09:00:00,0.58485,0.58485,0.58485,0.58485,2
2026-04-10T09:01:00,0.5848,0.58485,0.5848,0.58485,12
2026-04-10T09:03:00,0.58495,0.58495,0.58495,0.58495,8
2026-04-10T09:04:00,0.585,0.585,0.58495,0.58495,9
2026-04-10T09:05:00,0.58495,0.58495,0.5849,0.5849,8
2026-04-10T09:06:00,0.58495,0.58495,0.5849,0.5849,5
2026-04-10T09:07:00,0.58485,0.58485,0.58485,0.58485,7
2026-04-10T09:08:00,0.5848,0.5848,0.58475,0.5848,9
2026-04-10T09:09:00,0.5848,0.5848,0.5848,0.5848,4
2026-04-10T09:10:00,0.5847,0.5847,0.5847,0.5847,1
2026-04-10T09:11:00,0.58475,0.58475,0.58475,0.58475,10
2026-04-10T09:12:00,0.5847,0.5847,0.5847,0.5847,5
2026-04-10T09:13:00,0.5848,0.5848,0.58475,0.58475,2
2026-04-10T09:15:00,0.5848,0.5848,0.5848,0.5848,8
2026-04-10T09:16:00,0.58475,0.58475,0.5847,0.5847,10
2026-04-10T09:17:00,0.58475,0.58475,0.58475,0.58475,2
2026-04-10T09:18:00,0.5848,0.58535,0.5848,0.58515,377
2026-04-10T09:19:00,0.5852,0.58565,0.5849,0.58555,428
2026-04-10T09:20:00,0.5855,0.58565,0.5853,0.5853,114
2026-04-10T09:21:00,0.5853,0.58545,0.58525,0.58545,29
2026-04-10T09:22:00,0.5855,0.5856,0.5855,0.5855,20
2026-04-10T09:23:00,0.5855,0.5856,0.5855,0.58555,30
2026-04-10T09:24:00,0.58555,0.58555,0.58535,0.58535,16
2026-04-10T09:25:00,0.58535,0.58535,0.58535,0.58535,2
2026-04-10T09:26:00,0.58525,0.58525,0.58525,0.58525,2
2026-04-10T09:27:00,0.5852,0.5852,0.58515,0.58515,16
2026-04-10T09:28:00,0.5851,0.58515,0.5851,0.58515,4
2026-04-10T09:29:00,0.58515,0.58515,0.5851,0.5851,12
2026-04-10T09:30:00,0.58515,0.5852,0.58515,0.5852,11
2026-04-10T09:31:00,0.58515,0.58515,0.58515,0.58515,1
2026-04-10T09:32:00,0.58505,0.58505,0.5849,0.5849,27
2026-04-10T09:34:00,0.58505,0.5851,0.58505,0.5851,9
2026-04-10T09:35:00,0.5851,0.5853,0.58505,0.58525,17
2026-04-10T09:36:00,0.58525,0.5853,0.5852,0.5852,8
2026-04-10T09:37:00,0.5852,0.5852,0.5852,0.5852,2
2026-04-10T09:38:00,0.5852,0.58525,0.5852,0.58525,12
2026-04-10T09:39:00,0.5852,0.5852,0.5851,0.5851,4
2026-04-10T09:40:00,0.58515,0.5853,0.58515,0.5853,53
2026-04-10T09:41:00,0.5853,0.5853,0.5853,0.5853,13
2026-04-10T09:42:00,0.5853,0.58535,0.58525,0.58535,9
2026-04-10T09:43:00,0.5854,0.5854,0.58535,0.58535,8
2026-04-10T09:44:00,0.5854,0.5854,0.58535,0.58535,15
2026-04-10T09:45:00,0.58535,0.58535,0.5853,0.5853,5
2026-04-10T09:46:00,0.58535,0.5854,0.58535,0.58535,46
2026-04-10T09:47:00,0.58535,0.58535,0.5853,0.58535,53
2026-04-10T09:48:00,0.58535,0.5854,0.58535,0.5854,6
2026-04-10T09:50:00,0.5854,0.58545,0.5854,0.58545,3
2026-04-10T09:51:00,0.58545,0.58545,0.58545,0.58545,4
2026-04-10T09:52:00,0.58545,0.5855,0.58545,0.5855,3
2026-04-10T09:53:00,0.5855,0.58555,0.5855,0.58555,5
2026-04-10T09:54:00,0.58555,0.58555,0.5855,0.5855,6
2026-04-10T09:55:00,0.5855,0.5855,0.5855,0.5855,12
2026-04-10T09:56:00,0.58555,0.58555,0.5855,0.5855,7
2026-04-10T09:57:00,0.5855,0.58555,0.5855,0.5855,6
2026-04-10T09:59:00,0.58555,0.58555,0.58555,0.58555,11
2026-04-10T10:00:00,0.58555,0.5856,0.5855,0.5856,16
2026-04-10T10:01:00,0.58555,0.58555,0.58555,0.58555,5
2026-04-10T10:02:00,0.5854,0.5854,0.58535,0.58535,2
2026-04-10T10:03:00,0.58545,0.58545,0.58545,0.58545,5
2026-04-10T10:04:00,0.58545,0.58545,0.5854,0.5854,10
2026-04-10T10:05:00,0.58535,0.5854,0.58535,0.5854,6
2026-04-10T10:06:00,0.58535,0.5854,0.5853,0.58535,16
2026-04-10T10:07:00,0.58535,0.58535,0.58535,0.58535,8
2026-04-10T10:08:00,0.58535,0.58535,0.58535,0.58535,1
2026-04-10T10:10:00,0.58535,0.58535,0.58535,0.58535,1
2026-04-10T10:11:00,0.5854,0.5854,0.5854,0.5854,5
2026-04-10T10:12:00,0.5854,0.5854,0.5853,0.58535,21
2026-04-10T10:13:00,0.5853,0.58545,0.5853,0.5854,28
2026-04-10T10:14:00,0.5854,0.5854,0.5854,0.5854,6
2026-04-10T10:15:00,0.58535,0.58535,0.58535,0.58535,2
2026-04-10T10:16:00,0.58535,0.58535,0.5853,0.5853,14
2026-04-10T10:17:00,0.5853,0.58535,0.5853,0.58535,4
2026-04-10T10:18:00,0.58535,0.5854,0.58535,0.5854,6
2026-04-10T10:19:00,0.58545,0.5855,0.58545,0.5855,4
2026-04-10T10:20:00,0.5855,0.58555,0.5855,0.58555,2
2026-04-10T10:21:00,0.58555,0.58555,0.58555,0.58555,1
2026-04-10T10:23:00,0.5856,0.5857,0.5856,0.5857,15
2026-04-10T10:24:00,0.5857,0.5857,0.58565,0.5857,17
2026-04-10T10:25:00,0.5857,0.58575,0.5857,0.58575,7
2026-04-10T10:26:00,0.58575,0.5858,0.5857,0.5857,3
2026-04-10T10:27:00,0.5857,0.5857,0.58545,0.58545,27
2026-04-10T10:28:00,0.5855,0.58555,0.5855,0.58555,18
2026-04-10T10:29:00,0.58555,0.58555,0.58555,0.58555,3
2026-04-10T10:31:00,0.58555,0.58555,0.58555,0.58555,2
2026-04-10T10:32:00,0.58555,0.58555,0.58555,0.58555,2
2026-04-10T10:33:00,0.58555,0.5856,0.58555,0.58555,11
2026-04-10T10:34:00,0.5856,0.5856,0.58555,0.58555,4
2026-04-10T10:35:00,0.58555,0.58555,0.5855,0.5855,9
2026-04-10T10:36:00,0.5854,0.5854,0.5854,0.5854,1
2026-04-10T10:37:00,0.5855,0.5855,0.5855,0.5855,1
2026-04-10T10:38:00,0.58545,0.58545,0.58545,0.58545,1
2026-04-10T10:39:00,0.5855,0.5856,0.5855,0.5856,11
2026-04-10T10:40:00,0.58565,0.5857,0.58565,0.58565,5
2026-04-10T10:43:00,0.58565,0.58565,0.5856,0.5856,9
2026-04-10T10:44:00,0.5856,0.5856,0.5856,0.5856,12
2026-04-10T10:46:00,0.5856,0.5856,0.58555,0.5856,6
2026-04-10T10:47:00,0.5856,0.5856,0.5856,0.5856,1
2026-04-10T10:48:00,0.58565,0.58565,0.58565,0.58565,6
2026-04-10T10:49:00,0.5856,0.58565,0.5856,0.58565,3
2026-04-10T10:50:00,0.5856,0.5856,0.58555,0.58555,14
2026-04-10T10:51:00,0.5855,0.58555,0.5855,0.5855,7
2026-04-10T10:52:00,0.58555,0.58555,0.58555,0.58555,9
2026-04-10T10:53:00,0.58555,0.58565,0.58555,0.58565,16
2026-04-10T10:54:00,0.58565,0.58565,0.5856,0.5856,5
2026-04-10T10:56:00,0.58555,0.58555,0.5855,0.5855,7
2026-04-10T10:57:00,0.58555,0.58555,0.58555,0.58555,1
2026-04-10T10:59:00,0.58555,0.58555,0.58555,0.58555,2
2026-04-10T11:00:00,0.5855,0.5855,0.5855,0.5855,3
2026-04-10T11:01:00,0.5855,0.58555,0.5855,0.58555,4
2026-04-10T11:02:00,0.5856,0.58565,0.58555,0.58555,13
2026-04-10T11:03:00,0.58555,0.58555,0.58555,0.58555,5
2026-04-10T11:04:00,0.58555,0.58555,0.58555,0.58555,5
2026-04-10T11:05:00,0.58565,0.58565,0.5856,0.5856,5
2026-04-10T11:06:00,0.5856,0.5856,0.58555,0.58555,10
2026-04-10T11:07:00,0.5856,0.5856,0.58555,0.58555,33
2026-04-10T11:08:00,0.5856,0.5856,0.5856,0.5856,1
2026-04-10T11:09:00,0.5856,0.5856,0.5856,0.5856,3
2026-04-10T11:10:00,0.5856,0.5856,0.58555,0.58555,3
2026-04-10T11:11:00,0.5856,0.5856,0.58555,0.58555,3
2026-04-10T11:12:00,0.5855,0.58555,0.5855,0.58555,16
2026-04-10T11:13:00,0.5856,0.5858,0.5856,0.5858,28
2026-04-10T11:14:00,0.5857,0.5857,0.58565,0.5857,7
2026-04-10T11:15:00,0.5857,0.5857,0.5857,0.5857,9
2026-04-10T11:17:00,0.58565,0.58565,0.58565,0.58565,1
2026-04-10T11:18:00,0.5857,0.5857,0.5857,0.5857,1
2026-04-10T11:20:00,0.5857,0.5857,0.5857,0.5857,1
2026-04-10T11:21:00,0.58575,0.58585,0.5857,0.58585,74
2026-04-10T11:22:00,0.58585,0.58595,0.58585,0.58585,70
2026-04-10T11:23:00,0.58585,0.58595,0.5858,0.58595,88
2026-04-10T11:24:00,0.5859,0.58595,0.5859,0.58595,9
2026-04-10T11:25:00,0.5859,0.5859,0.5859,0.5859,15
2026-04-10T11:26:00,0.58595,0.58595,0.5859,0.5859,2
2026-04-10T11:27:00,0.5858,0.5858,0.58575,0.58575,9
2026-04-10T11:28:00,0.58575,0.5858,0.5857,0.5857,10
2026-04-10T11:29:00,0.5857,0.5857,0.5857,0.5857,1
2026-04-10T11:30:00,0.58565,0.58565,0.58565,0.58565,6
2026-04-10T11:31:00,0.5857,0.5857,0.5856,0.5856,7
2026-04-10T11:32:00,0.58555,0.58555,0.58555,0.58555,12
2026-04-10T11:33:00,0.58555,0.58555,0.58555,0.58555,1
2026-04-10T11:34:00,0.58555,0.58555,0.58555,0.58555,4
2026-04-10T11:35:00,0.58555,0.58555,0.58555,0.58555,5
2026-04-10T11:38:00,0.58555,0.58555,0.5855,0.5855,27
2026-04-10T11:39:00,0.5855,0.5855,0.5855,0.5855,2
2026-04-10T11:40:00,0.58545,0.5855,0.58545,0.5855,4
2026-04-10T11:41:00,0.5855,0.5855,0.5855,0.5855,1
2026-04-10T11:42:00,0.5855,0.5855,0.5855,0.5855,3
2026-04-10T11:43:00,0.58555,0.5856,0.58555,0.5856,18
2026-04-10T11:44:00,0.58565,0.58565,0.58565,0.58565,2
2026-04-10T11:45:00,0.5857,0.5857,0.5857,0.5857,1
2026-04-10T11:46:00,0.58565,0.58565,0.58565,0.58565,1
2026-04-10T11:48:00,0.5857,0.58575,0.5857,0.58575,9
2026-04-10T11:50:00,0.58575,0.58575,0.58575,0.58575,1
2026-04-10T11:51:00,0.5858,0.5858,0.5857,0.5857,12
2026-04-10T11:52:00,0.58575,0.5858,0.58575,0.5858,4
2026-04-10T11:53:00,0.5858,0.5858,0.5858,0.5858,1
2026-04-10T11:54:00,0.5858,0.5858,0.58575,0.58575,8
2026-04-10T11:55:00,0.58575,0.58575,0.58575,0.58575,6
2026-04-10T11:56:00,0.5857,0.58575,0.5857,0.58575,11
2026-04-10T11:57:00,0.5858,0.58585,0.5858,0.58585,4
2026-04-10T11:58:00,0.5859,0.58595,0.5859,0.58595,17
2026-04-10T11:59:00,0.58595,0.58595,0.58595,0.58595,3
2026-04-10T12:00:00,0.58595,0.58605,0.58595,0.58595,52
2026-04-10T12:01:00,0.586,0.58605,0.586,0.58605,54
2026-04-10T12:02:00,0.586,0.586,0.58595,0.586,36
2026-04-10T12:03:00,0.586,0.58605,0.586,0.58605,3
2026-04-10T12:04:00,0.586,0.586,0.586,0.586,2
2026-04-10T12:05:00,0.586,0.58605,0.58595,0.58595,18
2026-04-10T12:06:00,0.5859,0.58595,0.5859,0.58595,12
2026-04-10T12:07:00,0.58595,0.586,0.58595,0.58595,30
2026-04-10T12:08:00,0.58595,0.58595,0.5859,0.5859,18
2026-04-10T12:09:00,0.58595,0.58595,0.58585,0.58585,12
2026-04-10T12:10:00,0.58585,0.5859,0.58585,0.5859,11
2026-04-10T12:11:00,0.5859,0.5859,0.5859,0.5859,3
2026-04-10T12:12:00,0.5859,0.58605,0.5859,0.586,12
2026-04-10T12:13:00,0.586,0.586,0.586,0.586,3
2026-04-10T12:14:00,0.586,0.586,0.586,0.586,1
2026-04-10T12:15:00,0.586,0.5862,0.586,0.5861,42
2026-04-10T12:16:00,0.5861,0.5861,0.58605,0.58605,10
2026-04-10T12:17:00,0.58605,0.58605,0.58605,0.58605,6
2026-04-10T12:18:00,0.586,0.58615,0.586,0.58615,7
2026-04-10T12:19:00,0.5862,0.5862,0.5861,0.5861,35
2026-04-10T12:20:00,0.58605,0.5861,0.58605,0.5861,5
2026-04-10T12:21:00,0.58615,0.58615,0.58605,0.58605,15
2026-04-10T12:22:00,0.58605,0.5861,0.58605,0.5861,33
2026-04-10T12:23:00,0.58605,0.58605,0.586,0.586,15
2026-04-10T12:24:00,0.58595,0.586,0.58595,0.586,5
2026-04-10T12:25:00,0.586,0.58605,0.586,0.58605,10
2026-04-10T12:26:00,0.58605,0.5861,0.58605,0.5861,7
2026-04-10T12:27:00,0.58615,0.5862,0.58615,0.5862,14
2026-04-10T12:28:00,0.5862,0.5862,0.58615,0.5862,29
2026-04-10T12:29:00,0.58625,0.58645,0.5862,0.58645,23
2026-04-10T12:30:00,0.58645,0.5875,0.58615,0.58675,784
2026-04-10T12:31:00,0.58675,0.58685,0.5867,0.5867,225
2026-04-10T12:32:00,0.58665,0.58675,0.58665,0.58675,58
2026-04-10T12:33:00,0.5868,0.58685,0.5867,0.58685,59
2026-04-10T12:34:00,0.5868,0.58685,0.5867,0.5868,25
2026-04-10T12:35:00,0.58675,0.58685,0.5867,0.5868,128
2026-04-10T12:36:00,0.5868,0.5868,0.5867,0.58675,30
2026-04-10T12:37:00,0.58675,0.58675,0.5866,0.5866,39
2026-04-10T12:38:00,0.58655,0.58675,0.58655,0.58675,31
2026-04-10T12:39:00,0.58675,0.58675,0.5867,0.58675,25
2026-04-10T12:40:00,0.58685,0.5869,0.5868,0.5868,10
2026-04-10T12:41:00,0.58675,0.58675,0.58665,0.58665,31
2026-04-10T12:42:00,0.58655,0.58655,0.5865,0.5865,18
2026-04-10T12:43:00,0.58655,0.58655,0.5865,0.5865,17
2026-04-10T12:44:00,0.5865,0.5866,0.5865,0.58655,22
2026-04-10T12:45:00,0.5866,0.58665,0.58655,0.5866,13
2026-04-10T12:46:00,0.5866,0.5866,0.58635,0.58635,40
2026-04-10T12:47:00,0.5864,0.58655,0.5864,0.58645,38
2026-04-10T12:48:00,0.5864,0.58645,0.58635,0.58645,17
2026-04-10T12:49:00,0.58645,0.58645,0.5864,0.58645,9
2026-04-10T12:50:00,0.5865,0.5865,0.58645,0.58645,13
2026-04-10T12:51:00,0.5865,0.5865,0.58645,0.58645,21
2026-04-10T12:52:00,0.5865,0.5866,0.58645,0.58645,29
2026-04-10T12:53:00,0.5864,0.5866,0.5864,0.5866,22
2026-04-10T12:54:00,0.5864,0.5864,0.5864,0.5864,3
2026-04-10T12:55:00,0.5864,0.5865,0.5864,0.5865,16
2026-04-10T12:56:00,0.58645,0.5865,0.58645,0.58645,28
2026-04-10T12:57:00,0.5864,0.58645,0.5864,0.5864,6
2026-04-10T12:58:00,0.58645,0.5865,0.58645,0.5865,20
2026-04-10T12:59:00,0.58635,0.5864,0.58635,0.5864,32
2026-04-10T13:00:00,0.5864,0.5864,0.58625,0.58635,22
2026-04-10T13:01:00,0.5864,0.5865,0.58635,0.58645,15
2026-04-10T13:02:00,0.5865,0.5865,0.58645,0.5865,15
2026-04-10T13:04:00,0.58645,0.58645,0.5864,0.5864,7
2026-04-10T13:05:00,0.58635,0.5864,0.5863,0.5864,26
2026-04-10T13:06:00,0.5865,0.5865,0.5865,0.5865,11
2026-04-10T13:07:00,0.58645,0.5865,0.58645,0.5865,22
2026-04-10T13:08:00,0.5865,0.58655,0.58645,0.58655,28
2026-04-10T13:09:00,0.5865,0.58655,0.5865,0.5865,5
2026-04-10T13:10:00,0.58655,0.5866,0.58655,0.58655,4
2026-04-10T13:11:00,0.58655,0.58655,0.5864,0.5865,24
2026-04-10T13:12:00,0.58655,0.5866,0.58655,0.5866,21
2026-04-10T13:13:00,0.5866,0.5866,0.5865,0.58655,94
2026-04-10T13:14:00,0.58655,0.5866,0.58655,0.5866,21
2026-04-10T13:15:00,0.5865,0.5865,0.5865,0.5865,10
2026-04-10T13:16:00,0.58655,0.5866,0.5864,0.5866,153
2026-04-10T13:17:00,0.58665,0.5867,0.58665,0.5867,15
2026-04-10T13:18:00,0.58675,0.58685,0.58675,0.58685,22
2026-04-10T13:19:00,0.5868,0.58685,0.58675,0.58685,17
2026-04-10T13:20:00,0.5869,0.5869,0.58685,0.5869,16
2026-04-10T13:21:00,0.5869,0.5871,0.5869,0.58705,20
2026-04-10T13:22:00,0.587,0.58705,0.587,0.58705,9
2026-04-10T13:23:00,0.5871,0.58715,0.5871,0.5871,15
2026-04-10T13:24:00,0.58705,0.58715,0.58705,0.58715,25
2026-04-10T13:25:00,0.58715,0.58715,0.5871,0.58715,17
2026-04-10T13:26:00,0.5871,0.58715,0.5871,0.5871,25
2026-04-10T13:27:00,0.58715,0.58725,0.58715,0.58725,30
2026-04-10T13:28:00,0.58725,0.5875,0.58725,0.58745,141
2026-04-10T13:29:00,0.5874,0.58745,0.5874,0.58745,97
2026-04-10T13:30:00,0.58745,0.58755,0.5874,0.5874,149
2026-04-10T13:31:00,0.5874,0.58745,0.58735,0.58745,93
2026-04-10T13:32:00,0.58745,0.5876,0.58745,0.58745,473
2026-04-10T13:33:00,0.5874,0.5875,0.58735,0.5875,15
2026-04-10T13:34:00,0.58745,0.5875,0.5873,0.5873,47
2026-04-10T13:35:00,0.5873,0.5873,0.58715,0.5872,28
2026-04-10T13:36:00,0.5872,0.5872,0.58715,0.5872,23
2026-04-10T13:37:00,0.58725,0.5873,0.58725,0.5873,15
2026-04-10T13:38:00,0.5873,0.58735,0.5873,0.5873,25
2026-04-10T13:39:00,0.58725,0.58725,0.58715,0.58725,22
2026-04-10T13:40:00,0.58725,0.58725,0.5871,0.58715,32
2026-04-10T13:41:00,0.5871,0.58715,0.58705,0.58705,29
2026-04-10T13:42:00,0.5871,0.5871,0.58705,0.58705,22
2026-04-10T13:43:00,0.58705,0.5871,0.587,0.587,37
2026-04-10T13:44:00,0.58705,0.58705,0.587,0.587,18
2026-04-10T13:45:00,0.58705,0.5871,0.58705,0.5871,14
2026-04-10T13:46:00,0.5871,0.5871,0.58705,0.58705,52
2026-04-10T13:47:00,0.58705,0.58705,0.58695,0.58695,82
2026-04-10T13:48:00,0.5869,0.58695,0.58685,0.58695,24
2026-04-10T13:49:00,0.58695,0.587,0.58695,0.58695,16
2026-04-10T13:50:00,0.58695,0.58695,0.58685,0.58695,27
2026-04-10T13:51:00,0.58695,0.58695,0.5868,0.5868,22
2026-04-10T13:52:00,0.58675,0.58685,0.5867,0.5867,15
2026-04-10T13:53:00,0.5867,0.5867,0.5866,0.5866,13
2026-04-10T13:54:00,0.5866,0.5867,0.5866,0.5867,28
2026-04-10T13:55:00,0.58675,0.58685,0.5867,0.5868,48
2026-04-10T13:56:00,0.58675,0.5868,0.58675,0.5868,12
2026-04-10T13:57:00,0.5868,0.5869,0.58675,0.5868,34
2026-04-10T13:58:00,0.58675,0.58675,0.5867,0.5867,6
2026-04-10T13:59:00,0.5867,0.58675,0.5867,0.58675,15
2026-04-10T14:00:00,0.5867,0.58675,0.58665,0.58675,49
2026-04-10T14:01:00,0.5868,0.58715,0.5868,0.58705,98
2026-04-10T14:02:00,0.5871,0.58715,0.5871,0.58715,59
2026-04-10T14:03:00,0.58715,0.5872,0.5869,0.587,45
2026-04-10T14:04:00,0.58695,0.5871,0.5869,0.587,26
2026-04-10T14:05:00,0.587,0.58715,0.587,0.58715,40
2026-04-10T14:06:00,0.58715,0.58715,0.5871,0.5871,56
2026-04-10T14:07:00,0.58705,0.58705,0.5869,0.587,61
2026-04-10T14:08:00,0.58705,0.58705,0.58695,0.58705,41
2026-04-10T14:09:00,0.587,0.5871,0.587,0.58705,42
2026-04-10T14:10:00,0.58705,0.58705,0.58695,0.587,24
2026-04-10T14:11:00,0.587,0.587,0.5869,0.587,22
2026-04-10T14:12:00,0.58705,0.58715,0.58705,0.58715,24
2026-04-10T14:13:00,0.5872,0.5873,0.5872,0.5873,36
2026-04-10T14:14:00,0.5873,0.5876,0.58725,0.5876,56
2026-04-10T14:15:00,0.5876,0.5878,0.5875,0.5878,102
2026-04-10T14:16:00,0.58775,0.58775,0.58755,0.5876,64
2026-04-10T14:17:00,0.58755,0.58765,0.58745,0.58765,15
2026-04-10T14:18:00,0.58765,0.58775,0.58765,0.58775,20
2026-04-10T14:19:00,0.58775,0.58775,0.58775,0.58775,18
2026-04-10T14:20:00,0.58775,0.58785,0.58775,0.5878,32
2026-04-10T14:21:00,0.58785,0.5879,0.58785,0.5879,42
2026-04-10T14:22:00,0.5879,0.5879,0.5879,0.5879,37
2026-04-10T14:23:00,0.58795,0.5881,0.58795,0.588,110
2026-04-10T14:24:00,0.58805,0.58805,0.58805,0.58805,23
2026-04-10T14:25:00,0.5881,0.58815,0.5881,0.58815,83
2026-04-10T14:26:00,0.58815,0.58815,0.58785,0.5879,41
2026-04-10T14:27:00,0.5879,0.58795,0.58785,0.5879,19
2026-04-10T14:28:00,0.5879,0.5879,0.58785,0.58785,3
2026-04-10T14:29:00,0.58785,0.58785,0.58785,0.58785,8
2026-04-10T14:30:00,0.58785,0.588,0.58785,0.588,25
2026-04-10T14:31:00,0.588,0.588,0.58795,0.58795,72
2026-04-10T14:32:00,0.58795,0.58795,0.58785,0.58785,23
2026-04-10T14:33:00,0.58775,0.58775,0.5877,0.5877,23
2026-04-10T14:34:00,0.5877,0.5877,0.5875,0.5875,62
2026-04-10T14:35:00,0.58745,0.5875,0.5874,0.58745,66
2026-04-10T14:36:00,0.5874,0.58755,0.5874,0.58755,20
2026-04-10T14:37:00,0.58755,0.58755,0.58745,0.58745,53
2026-04-10T14:38:00,0.5875,0.58755,0.5875,0.58755,50
2026-04-10T14:39:00,0.58755,0.58755,0.5875,0.5875,24
2026-04-10T14:40:00,0.5875,0.5876,0.5875,0.5876,22
2026-04-10T14:41:00,0.5876,0.5876,0.58755,0.58755,24
2026-04-10T14:42:00,0.5875,0.58755,0.5869,0.587,209
2026-04-10T14:43:00,0.58705,0.58735,0.58705,0.5873,129
2026-04-10T14:44:00,0.5873,0.5874,0.58715,0.58725,51
2026-04-10T14:45:00,0.5872,0.58725,0.5869,0.587,34
2026-04-10T14:46:00,0.5871,0.5871,0.58695,0.58705,92
2026-04-10T14:47:00,0.58705,0.58715,0.58705,0.58715,20
2026-04-10T14:48:00,0.5871,0.5871,0.58695,0.58705,37
2026-04-10T14:49:00,0.587,0.587,0.58675,0.58675,83
2026-04-10T14:50:00,0.5868,0.5868,0.5866,0.58665,82
2026-04-10T14:51:00,0.58665,0.58685,0.58665,0.58685,88
2026-04-10T14:52:00,0.58685,0.58695,0.5868,0.5868,44
2026-04-10T14:53:00,0.5868,0.58685,0.5867,0.5867,9
2026-04-10T14:54:00,0.58675,0.58675,0.58655,0.58655,9
2026-04-10T14:55:00,0.5865,0.58655,0.5864,0.5864,143
2026-04-10T14:56:00,0.58645,0.58645,0.5863,0.5864,176
2026-04-10T14:57:00,0.5864,0.5865,0.5864,0.58645,43
2026-04-10T14:58:00,0.58645,0.5865,0.58645,0.5865,68
2026-04-10T14:59:00,0.5865,0.58655,0.5865,0.5865,62
2026-04-10T15:00:00,0.5865,0.5865,0.58645,0.58645,38
2026-04-10T15:01:00,0.58645,0.5865,0.5864,0.58645,99
2026-04-10T15:02:00,0.5865,0.58655,0.58635,0.5865,71
2026-04-10T15:03:00,0.5865,0.5865,0.58645,0.5865,77
2026-04-10T15:04:00,0.58645,0.58645,0.5863,0.5864,22
2026-04-10T15:05:00,0.5864,0.5864,0.58635,0.58635,32
2026-04-10T15:06:00,0.58635,0.5865,0.58635,0.5865,19
2026-04-10T15:07:00,0.58645,0.58645,0.5864,0.5864,17
2026-04-10T15:08:00,0.58645,0.5867,0.58645,0.5867,15
2026-04-10T15:09:00,0.5867,0.58675,0.5867,0.58675,95
2026-04-10T15:10:00,0.5868,0.58685,0.58675,0.5868,66
2026-04-10T15:11:00,0.5868,0.58685,0.5868,0.58685,39
2026-04-10T15:12:00,0.5869,0.5869,0.5869,0.5869,23
2026-04-10T15:13:00,0.58685,0.58685,0.5868,0.5868,4
2026-04-10T15:14:00,0.5868,0.5868,0.5868,0.5868,5
2026-04-10T15:15:00,0.5868,0.58685,0.5868,0.5868,13
2026-04-10T15:16:00,0.5868,0.5868,0.58675,0.5868,49
2026-04-10T15:17:00,0.5868,0.5868,0.5867,0.58675,5
2026-04-10T15:18:00,0.5868,0.5868,0.5867,0.5868,10
2026-04-10T15:19:00,0.58675,0.5868,0.58675,0.58675,17
2026-04-10T15:20:00,0.58675,0.58685,0.58675,0.5868,18
2026-04-10T15:21:00,0.58685,0.58685,0.58685,0.58685,2
2026-04-10T15:22:00,0.5868,0.58685,0.5868,0.5868,3
2026-04-10T15:23:00,0.5868,0.58685,0.5868,0.58685,14
2026-04-10T15:24:00,0.5869,0.58695,0.58685,0.58685,24
2026-04-10T15:25:00,0.5868,0.5868,0.58665,0.58665,32
2026-04-10T15:26:00,0.5866,0.5866,0.58655,0.5866,5
2026-04-10T15:27:00,0.5866,0.5866,0.58655,0.58655,9
2026-04-10T15:28:00,0.58655,0.58655,0.58655,0.58655,5
2026-04-10T15:29:00,0.5865,0.5865,0.58635,0.58635,21
2026-04-10T15:30:00,0.5863,0.58645,0.5863,0.58635,22
2026-04-10T15:31:00,0.5862,0.5862,0.5861,0.5862,38
2026-04-10T15:32:00,0.5862,0.58625,0.5862,0.5862,31
2026-04-10T15:33:00,0.5863,0.5863,0.58625,0.5863,7
2026-04-10T15:34:00,0.5862,0.5862,0.58615,0.58615,8
2026-04-10T15:35:00,0.5862,0.5862,0.58605,0.58605,13
2026-04-10T15:36:00,0.58605,0.5861,0.58605,0.58605,12
2026-04-10T15:37:00,0.58605,0.5861,0.58605,0.58605,10
2026-04-10T15:38:00,0.5859,0.58595,0.5859,0.58595,8
2026-04-10T15:39:00,0.586,0.58605,0.5858,0.5858,61
2026-04-10T15:40:00,0.5858,0.5858,0.5857,0.58575,60
2026-04-10T15:41:00,0.58575,0.58585,0.58575,0.5858,26
2026-04-10T15:42:00,0.5858,0.5858,0.5857,0.5857,23
2026-04-10T15:43:00,0.5857,0.5857,0.5857,0.5857,3
2026-04-10T15:44:00,0.5857,0.5858,0.5857,0.5858,28
2026-04-10T15:45:00,0.58575,0.5858,0.5857,0.5857,17
2026-04-10T15:46:00,0.5857,0.58575,0.58565,0.58565,9
2026-04-10T15:47:00,0.58565,0.5857,0.58565,0.5857,8
2026-04-10T15:48:00,0.58575,0.58575,0.5856,0.5856,58
2026-04-10T15:49:00,0.5856,0.5856,0.5856,0.5856,3
2026-04-10T15:50:00,0.5856,0.58565,0.5856,0.58565,9
2026-04-10T15:51:00,0.5857,0.58575,0.58565,0.58565,89
2026-04-10T15:52:00,0.5856,0.5856,0.5856,0.5856,11
2026-04-10T15:53:00,0.58555,0.58555,0.5855,0.58555,5
2026-04-10T15:54:00,0.5856,0.5856,0.5855,0.5855,5
2026-04-10T15:55:00,0.58555,0.58555,0.5855,0.5855,22
2026-04-10T15:57:00,0.58545,0.58545,0.5854,0.5854,29
2026-04-10T15:58:00,0.58545,0.58545,0.58545,0.58545,4
2026-04-10T15:59:00,0.5854,0.58545,0.5854,0.58545,20
2026-04-10T16:00:00,0.58535,0.5854,0.5853,0.5854,11
2026-04-10T16:01:00,0.58535,0.5854,0.58535,0.5854,3
2026-04-10T16:02:00,0.5854,0.5855,0.5854,0.58545,15
2026-04-10T16:05:00,0.58535,0.58535,0.58525,0.58525,9
2026-04-10T16:06:00,0.58525,0.5853,0.58515,0.58515,38
2026-04-10T16:07:00,0.58515,0.5852,0.58515,0.5852,79
2026-04-10T16:08:00,0.58525,0.58525,0.58525,0.58525,13
2026-04-10T16:09:00,0.5852,0.5852,0.5852,0.5852,4
2026-04-10T16:10:00,0.5852,0.58525,0.5852,0.58525,14
2026-04-10T16:11:00,0.5852,0.58525,0.5852,0.58525,5
2026-04-10T16:12:00,0.5853,0.5853,0.5853,0.5853,16
2026-04-10T16:13:00,0.58535,0.5854,0.58535,0.58535,18
2026-04-10T16:14:00,0.58535,0.58535,0.58535,0.58535,12
2026-04-10T16:15:00,0.58535,0.58535,0.5853,0.58535,6
2026-04-10T16:16:00,0.58535,0.5854,0.58535,0.58535,16
2026-04-10T16:17:00,0.58535,0.5854,0.58535,0.58535,28
2026-04-10T16:18:00,0.58535,0.58535,0.5853,0.5853,10
2026-04-10T16:19:00,0.58535,0.58535,0.58525,0.5853,153
2026-04-10T16:20:00,0.58525,0.58525,0.5852,0.5852,16
2026-04-10T16:21:00,0.58525,0.5853,0.58525,0.58525,35
2026-04-10T16:22:00,0.58525,0.5853,0.58525,0.5853,11
2026-04-10T16:23:00,0.58535,0.5854,0.5853,0.5853,7
2026-04-10T16:24:00,0.5853,0.58545,0.5853,0.58545,29
2026-04-10T16:25:00,0.58545,0.58545,0.5854,0.5854,2
2026-04-10T16:26:00,0.5853,0.58535,0.5853,0.5853,17
2026-04-10T16:27:00,0.5853,0.5853,0.5853,0.5853,1
2026-04-10T16:28:00,0.58535,0.58535,0.5853,0.58535,22
2026-04-10T16:29:00,0.58535,0.58535,0.58525,0.58525,8
2026-04-10T16:30:00,0.5852,0.5852,0.58515,0.5852,14
2026-04-10T16:31:00,0.58525,0.58525,0.5852,0.58525,15
2026-04-10T16:32:00,0.58525,0.5853,0.585,0.58505,23
2026-04-10T16:33:00,0.58505,0.5851,0.58505,0.58505,12
2026-04-10T16:34:00,0.58505,0.58505,0.585,0.585,45
2026-04-10T16:35:00,0.58495,0.585,0.5849,0.58495,46
2026-04-10T16:36:00,0.58495,0.58495,0.58495,0.58495,13
2026-04-10T16:37:00,0.58495,0.58505,0.5849,0.58505,10
2026-04-10T16:38:00,0.58505,0.58505,0.585,0.585,10
2026-04-10T16:39:00,0.58495,0.58495,0.58495,0.58495,1
2026-04-10T16:40:00,0.58495,0.58495,0.5849,0.5849,17
2026-04-10T16:41:00,0.58485,0.5849,0.5848,0.58485,16
2026-04-10T16:42:00,0.58485,0.5849,0.58485,0.58485,14
2026-04-10T16:43:00,0.58485,0.5849,0.5848,0.5848,54
2026-04-10T16:44:00,0.5848,0.5848,0.58465,0.58465,33
2026-04-10T16:45:00,0.5846,0.58475,0.58455,0.5847,45
2026-04-10T16:46:00,0.58465,0.58475,0.58465,0.58475,14
2026-04-10T16:47:00,0.5848,0.58485,0.5848,0.5848,39
2026-04-10T16:48:00,0.58485,0.58495,0.58485,0.5849,8
2026-04-10T16:49:00,0.5849,0.5849,0.5848,0.58485,16
2026-04-10T16:50:00,0.58485,0.58485,0.58485,0.58485,1
2026-04-10T16:51:00,0.58485,0.58495,0.58485,0.58495,13
2026-04-10T16:52:00,0.58495,0.58505,0.58495,0.58505,14
2026-04-10T16:53:00,0.58505,0.58515,0.58505,0.58515,17
2026-04-10T16:55:00,0.5851,0.5851,0.5851,0.5851,3
2026-04-10T16:56:00,0.58505,0.58505,0.58505,0.58505,2
2026-04-10T16:57:00,0.5851,0.58515,0.5851,0.58515,19
2026-04-10T16:58:00,0.58515,0.58515,0.58515,0.58515,1
2026-04-10T16:59:00,0.58515,0.58515,0.58515,0.58515,1
2026-04-10T17:00:00,0.5851,0.5851,0.5851,0.5851,11
2026-04-10T17:01:00,0.58505,0.58505,0.58505,0.58505,3
2026-04-10T17:02:00,0.585,0.585,0.58495,0.58495,31
2026-04-10T17:03:00,0.5849,0.58495,0.5849,0.58495,35
2026-04-10T17:04:00,0.58495,0.58495,0.58495,0.58495,1
2026-04-10T17:05:00,0.58495,0.58505,0.58495,0.58505,9
2026-04-10T17:07:00,0.585,0.585,0.58495,0.58495,19
2026-04-10T17:08:00,0.58495,0.58505,0.58495,0.58505,8
2026-04-10T17:09:00,0.5851,0.5851,0.5851,0.5851,3
2026-04-10T17:10:00,0.58515,0.58515,0.5851,0.5851,14
2026-04-10T17:11:00,0.5851,0.58515,0.5851,0.58515,19
2026-04-10T17:12:00,0.58515,0.5852,0.58515,0.5852,3
2026-04-10T17:13:00,0.5852,0.5852,0.5852,0.5852,16
2026-04-10T17:14:00,0.5852,0.5852,0.5852,0.5852,3
2026-04-10T17:15:00,0.5852,0.5852,0.5852,0.5852,6
2026-04-10T17:16:00,0.58525,0.58525,0.58515,0.58515,25
2026-04-10T17:18:00,0.5852,0.5852,0.5852,0.5852,4
2026-04-10T17:19:00,0.58515,0.58515,0.58515,0.58515,3
2026-04-10T17:20:00,0.58515,0.58515,0.58515,0.58515,3
2026-04-10T17:21:00,0.58515,0.58515,0.58515,0.58515,7
2026-04-10T17:22:00,0.5851,0.5851,0.58505,0.58505,9
2026-04-10T17:23:00,0.5851,0.58515,0.5851,0.58515,8
2026-04-10T17:24:00,0.58515,0.58515,0.5851,0.5851,7
2026-04-10T17:25:00,0.5851,0.5851,0.5851,0.5851,3
2026-04-10T17:27:00,0.58515,0.5852,0.58515,0.5852,11
2026-04-10T17:28:00,0.58515,0.58515,0.58515,0.58515,3
2026-04-10T17:29:00,0.58515,0.58515,0.58515,0.58515,6
2026-04-10T17:30:00,0.58515,0.58515,0.58505,0.5851,11
2026-04-10T17:31:00,0.58515,0.58515,0.58515,0.58515,13
2026-04-10T17:32:00,0.58515,0.58525,0.58515,0.58525,12
2026-04-10T17:33:00,0.58525,0.58525,0.58525,0.58525,2
2026-04-10T17:34:00,0.5852,0.5852,0.5852,0.5852,2
2026-04-10T17:36:00,0.5852,0.58525,0.5852,0.58525,4
2026-04-10T17:37:00,0.58525,0.58525,0.58525,0.58525,1
2026-04-10T17:39:00,0.58525,0.5853,0.58525,0.5853,2
2026-04-10T17:41:00,0.5853,0.5853,0.5853,0.5853,1
2026-04-10T17:42:00,0.58535,0.58535,0.58535,0.58535,1
2026-04-10T17:43:00,0.5854,0.5854,0.5854,0.5854,6
2026-04-10T17:44:00,0.58545,0.58545,0.58545,0.58545,2
2026-04-10T17:45:00,0.58535,0.58535,0.58535,0.58535,3
2026-04-10T17:46:00,0.5854,0.5854,0.5854,0.5854,4
2026-04-10T17:47:00,0.5854,0.58545,0.5854,0.58545,7
2026-04-10T17:48:00,0.58545,0.58545,0.58545,0.58545,3
2026-04-10T17:49:00,0.5854,0.5854,0.5854,0.5854,1
2026-04-10T17:50:00,0.58545,0.5855,0.58545,0.58545,12
2026-04-10T17:51:00,0.58545,0.58545,0.58535,0.58535,8
2026-04-10T17:52:00,0.58535,0.5854,0.58535,0.58535,32
2026-04-10T17:53:00,0.5853,0.5853,0.5853,0.5853,8
2026-04-10T17:54:00,0.5853,0.5853,0.5853,0.5853,1
2026-04-10T17:55:00,0.5853,0.58535,0.5853,0.58535,15
2026-04-10T17:56:00,0.5853,0.5853,0.5853,0.5853,6
2026-04-10T17:57:00,0.58535,0.58535,0.58535,0.58535,4
2026-04-10T17:59:00,0.5853,0.5853,0.5853,0.5853,1
2026-04-10T18:00:00,0.58525,0.58525,0.58525,0.58525,2
2026-04-10T18:01:00,0.5852,0.5852,0.5852,0.5852,32
2026-04-10T18:02:00,0.58525,0.58525,0.5852,0.5852,12
2026-04-10T18:03:00,0.5851,0.58515,0.5851,0.5851,14
2026-04-10T18:04:00,0.585,0.585,0.58485,0.58485,12
2026-04-10T18:05:00,0.5849,0.58495,0.5849,0.58495,22
2026-04-10T18:06:00,0.58495,0.585,0.58495,0.585,12
2026-04-10T18:07:00,0.58495,0.58495,0.5849,0.5849,6
2026-04-10T18:08:00,0.58495,0.58505,0.58495,0.58505,27
2026-04-10T18:10:00,0.585,0.58515,0.585,0.58515,22
2026-04-10T18:11:00,0.5852,0.5852,0.5852,0.5852,17
2026-04-10T18:12:00,0.5852,0.5852,0.58515,0.5852,14
2026-04-10T18:13:00,0.58525,0.58525,0.58525,0.58525,5
2026-04-10T18:14:00,0.5852,0.5852,0.5852,0.5852,2
2026-04-10T18:15:00,0.58535,0.58535,0.5853,0.58535,13
2026-04-10T18:16:00,0.5853,0.5853,0.5853,0.5853,5
2026-04-10T18:17:00,0.5853,0.5853,0.5853,0.5853,3
2026-04-10T18:18:00,0.58535,0.5854,0.58535,0.5854,9
2026-04-10T18:19:00,0.5854,0.5855,0.5854,0.5855,13
2026-04-10T18:20:00,0.58545,0.5856,0.58545,0.5856,16
2026-04-10T18:21:00,0.5856,0.58575,0.58555,0.5857,74
2026-04-10T18:22:00,0.58565,0.58565,0.5856,0.58565,16
2026-04-10T18:23:00,0.58565,0.5857,0.5856,0.5856,17
2026-04-10T18:24:00,0.5856,0.5856,0.58555,0.58555,9
2026-04-10T18:25:00,0.58555,0.5856,0.58555,0.5856,11
2026-04-10T18:26:00,0.58565,0.5857,0.58565,0.5857,24
2026-04-10T18:27:00,0.5857,0.58575,0.58565,0.5857,27
2026-04-10T18:28:00,0.5857,0.58575,0.5857,0.58575,20
2026-04-10T18:30:00,0.5857,0.5857,0.5857,0.5857,1
2026-04-10T18:31:00,0.58575,0.5858,0.58575,0.5858,5
2026-04-10T18:32:00,0.5858,0.5859,0.5858,0.5859,8
2026-04-10T18:33:00,0.58585,0.58595,0.58585,0.5859,31
2026-04-10T18:34:00,0.5859,0.58595,0.5859,0.58595,8
2026-04-10T18:35:00,0.58595,0.58595,0.58595,0.58595,5
2026-04-10T18:36:00,0.5859,0.58595,0.5859,0.58595,31
2026-04-10T18:37:00,0.58595,0.58595,0.58595,0.58595,4
2026-04-10T18:38:00,0.58605,0.58605,0.58605,0.58605,6
2026-04-10T18:40:00,0.586,0.586,0.586,0.586,1
2026-04-10T18:41:00,0.58595,0.58595,0.5859,0.5859,18
2026-04-10T18:42:00,0.58585,0.58585,0.58585,0.58585,3
2026-04-10T18:43:00,0.5859,0.5859,0.58585,0.58585,3
2026-04-10T18:44:00,0.5859,0.58595,0.58585,0.58585,5
2026-04-10T18:45:00,0.58585,0.58585,0.58585,0.58585,10
2026-04-10T18:46:00,0.58585,0.5859,0.58585,0.5859,3
2026-04-10T18:47:00,0.58585,0.58585,0.58585,0.58585,12
2026-04-10T18:48:00,0.58585,0.58585,0.5858,0.5858,25
2026-04-10T18:49:00,0.5858,0.5858,0.5858,0.5858,8
2026-04-10T18:50:00,0.5858,0.58585,0.5858,0.58585,5
2026-04-10T18:51:00,0.5858,0.5858,0.5858,0.5858,6
2026-04-10T18:52:00,0.5858,0.5858,0.5858,0.5858,16
2026-04-10T18:53:00,0.5858,0.58585,0.5858,0.5858,9
2026-04-10T18:54:00,0.5858,0.5858,0.5858,0.5858,8
2026-04-10T18:55:00,0.5858,0.5858,0.5857,0.5857,19
2026-04-10T18:56:00,0.5857,0.58575,0.5857,0.58575,9
2026-04-10T18:57:00,0.5857,0.58575,0.5857,0.58575,5
2026-04-10T18:58:00,0.5857,0.5858,0.5857,0.58575,39
2026-04-10T18:59:00,0.58575,0.5858,0.5857,0.5858,134
2026-04-10T19:00:00,0.5858,0.58585,0.5858,0.58585,78
2026-04-10T19:01:00,0.5858,0.5858,0.5858,0.5858,14
2026-04-10T19:02:00,0.5857,0.58575,0.5857,0.5857,47
2026-04-10T19:03:00,0.5857,0.58575,0.5857,0.58575,43
2026-04-10T19:04:00,0.58575,0.58575,0.5857,0.5857,4
2026-04-10T19:05:00,0.5857,0.58575,0.5857,0.58575,12
2026-04-10T19:06:00,0.5857,0.5857,0.58565,0.58565,14
2026-04-10T19:07:00,0.58565,0.58565,0.58565,0.58565,3
2026-04-10T19:08:00,0.5856,0.5856,0.58555,0.58555,2
2026-04-10T19:09:00,0.5856,0.5856,0.5856,0.5856,6
2026-04-10T19:10:00,0.5856,0.5856,0.5856,0.5856,12
2026-04-10T19:11:00,0.58565,0.5857,0.58565,0.5857,35
2026-04-10T19:12:00,0.58565,0.58565,0.58565,0.58565,10
2026-04-10T19:13:00,0.58565,0.5857,0.58565,0.5857,2
2026-04-10T19:14:00,0.5857,0.5857,0.58565,0.58565,12
2026-04-10T19:16:00,0.58565,0.5857,0.58565,0.5857,9
2026-04-10T19:17:00,0.58565,0.58565,0.58565,0.58565,3
2026-04-10T19:22:00,0.5856,0.5856,0.5856,0.5856,2
2026-04-10T19:24:00,0.58565,0.58565,0.58565,0.58565,1
2026-04-10T19:25:00,0.58565,0.58565,0.58565,0.58565,7
2026-04-10T19:26:00,0.58565,0.58565,0.58565,0.58565,12
2026-04-10T19:27:00,0.5856,0.5856,0.5856,0.5856,13
2026-04-10T19:28:00,0.5856,0.5856,0.5856,0.5856,5
2026-04-10T19:29:00,0.58555,0.5856,0.58555,0.5856,2
2026-04-10T19:30:00,0.58545,0.58545,0.58545,0.58545,4
2026-04-10T19:31:00,0.5855,0.5856,0.5855,0.5856,3
2026-04-10T19:33:00,0.5855,0.58555,0.5855,0.58555,3
2026-04-10T19:34:00,0.58555,0.58555,0.58555,0.58555,6
2026-04-10T19:36:00,0.58565,0.58565,0.58565,0.58565,25
2026-04-10T19:37:00,0.5857,0.5857,0.58565,0.58565,15
2026-04-10T19:38:00,0.58565,0.58565,0.58565,0.58565,3
2026-04-10T19:39:00,0.58565,0.58565,0.58565,0.58565,3
2026-04-10T19:40:00,0.58565,0.58565,0.5856,0.5856,8
2026-04-10T19:41:00,0.58565,0.5857,0.58565,0.5857,6
2026-04-10T19:42:00,0.58565,0.58565,0.58565,0.58565,3
2026-04-10T19:43:00,0.58565,0.58565,0.58565,0.58565,10
2026-04-10T19:44:00,0.5857,0.5857,0.5857,0.5857,2
2026-04-10T19:45:00,0.5857,0.5857,0.5857,0.5857,18
2026-04-10T19:46:00,0.58575,0.5858,0.58575,0.5858,16
2026-04-10T19:47:00,0.58575,0.58575,0.58575,0.58575,10
2026-04-10T19:49:00,0.5857,0.58575,0.58565,0.5857,22
2026-04-10T19:50:00,0.5857,0.5858,0.5857,0.5858,39
2026-04-10T19:51:00,0.5858,0.5858,0.5857,0.5857,2
2026-04-10T19:52:00,0.5857,0.5857,0.5857,0.5857,1
2026-04-10T19:53:00,0.58565,0.58565,0.58565,0.58565,1
2026-04-10T19:54:00,0.5856,0.58565,0.5856,0.58565,21
2026-04-10T19:55:00,0.58565,0.58565,0.5856,0.58565,9
2026-04-10T19:56:00,0.5857,0.5857,0.58565,0.58565,10
2026-04-10T19:57:00,0.5857,0.5857,0.58565,0.58565,7
2026-04-10T19:58:00,0.5856,0.58565,0.5856,0.58565,2
2026-04-10T19:59:00,0.58565,0.58565,0.58555,0.58555,75
2026-04-10T20:00:00,0.58555,0.58555,0.5855,0.58555,33
2026-04-10T20:01:00,0.58555,0.58555,0.58555,0.58555,8
2026-04-10T20:05:00,0.5855,0.5855,0.5855,0.5855,9
2026-04-10T20:07:00,0.58555,0.58555,0.5855,0.58555,4
2026-04-10T20:08:00,0.58555,0.58555,0.5855,0.5855,4
2026-04-10T20:09:00,0.5856,0.5856,0.58555,0.58555,11
2026-04-10T20:10:00,0.5856,0.58565,0.58555,0.5856,19
2026-04-10T20:11:00,0.5856,0.5856,0.5856,0.5856,4
2026-04-10T20:12:00,0.5856,0.58565,0.5856,0.5856,19
2026-04-10T20:13:00,0.5856,0.5856,0.5856,0.5856,3
2026-04-10T20:14:00,0.5856,0.58565,0.5856,0.5856,5
2026-04-10T20:15:00,0.58555,0.5857,0.58555,0.5857,41
2026-04-10T20:16:00,0.58575,0.58575,0.58565,0.58565,3
2026-04-10T20:17:00,0.58565,0.58575,0.58565,0.58565,5
2026-04-10T20:18:00,0.5857,0.5857,0.5857,0.5857,2
2026-04-10T20:21:00,0.5857,0.5857,0.5857,0.5857,1
2026-04-10T20:24:00,0.58565,0.58565,0.58565,0.58565,24
2026-04-10T20:26:00,0.5856,0.58565,0.5856,0.58565,26
2026-04-10T20:28:00,0.5857,0.5857,0.5857,0.5857,9
2026-04-10T20:30:00,0.5857,0.5857,0.5857,0.5857,11
2026-04-10T20:34:00,0.58575,0.58575,0.58575,0.58575,20
2026-04-10T20:35:00,0.58565,0.58565,0.58565,0.58565,16
2026-04-10T20:39:00,0.5856,0.58565,0.5856,0.58565,7
2026-04-10T20:41:00,0.58565,0.58565,0.58565,0.58565,23
2026-04-10T20:42:00,0.58565,0.58565,0.58565,0.58565,3
2026-04-10T20:44:00,0.5856,0.5856,0.58555,0.58555,51
2026-04-10T20:46:00,0.58555,0.58555,0.58555,0.58555,1
2026-04-10T20:47:00,0.58555,0.58555,0.58555,0.58555,1
2026-04-10T20:48:00,0.58555,0.58555,0.58545,0.5855,49
2026-04-10T20:49:00,0.58555,0.58555,0.58555,0.58555,11
2026-04-10T20:51:00,0.58545,0.58545,0.5853,0.58545,150
2026-04-10T20:52:00,0.5855,0.5855,0.58545,0.5855,15
2026-04-10T20:53:00,0.5855,0.5855,0.58535,0.58535,54
2026-04-10T20:54:00,0.58535,0.5854,0.58535,0.5854,20
2026-04-10T20:55:00,0.58535,0.5854,0.58525,0.5853,21
2026-04-10T20:56:00,0.5853,0.5853,0.5852,0.5852,2
2026-04-10T20:57:00,0.5852,0.5852,0.5852,0.5852,4
2026-04-10T20:58:00,0.58515,0.58515,0.5848,0.58505,208
2026-04-10T20:59:00,0.5853,0.5853,0.5851,0.5852,5
2026-04-12T22:00:00,0.583,0.583,0.58185,0.58195,210
2026-04-12T22:01:00,0.5819,0.5819,0.5814,0.5815,184
2026-04-12T22:02:00,0.5815,0.58175,0.5815,0.5816,60
2026-04-12T22:03:00,0.5815,0.58165,0.5814,0.5814,37
2026-04-12T22:04:00,0.58135,0.58145,0.58125,0.58145,53
2026-04-12T22:05:00,0.5815,0.58155,0.58125,0.58135,119
2026-04-12T22:06:00,0.5814,0.58145,0.5813,0.5813,61
2026-04-12T22:07:00,0.5812,0.58125,0.58105,0.58105,25
2026-04-12T22:08:00,0.58105,0.58105,0.58105,0.58105,1
2026-04-12T22:09:00,0.5811,0.5813,0.5811,0.5813,62
2026-04-12T22:10:00,0.58135,0.58135,0.58125,0.5813,27
2026-04-12T22:11:00,0.58135,0.58135,0.5813,0.5813,10
2026-04-12T22:12:00,0.5813,0.58135,0.5813,0.58135,6
2026-04-12T22:13:00,0.5813,0.5813,0.58125,0.58125,14
2026-04-12T22:14:00,0.58125,0.58125,0.5812,0.5812,4
2026-04-12T22:15:00,0.5812,0.5813,0.58115,0.58125,35
2026-04-12T22:16:00,0.5812,0.5813,0.5812,0.5813,54
2026-04-12T22:17:00,0.58135,0.58155,0.58135,0.58155,17
2026-04-12T22:18:00,0.5816,0.5816,0.58145,0.58145,32
2026-04-12T22:19:00,0.58145,0.58145,0.58125,0.58125,35
2026-04-12T22:20:00,0.5813,0.5813,0.58105,0.58105,15
2026-04-12T22:21:00,0.58115,0.5812,0.58115,0.5812,27
2026-04-12T22:22:00,0.5812,0.5812,0.58115,0.58115,49
2026-04-12T22:23:00,0.58115,0.58125,0.58115,0.58125,10
2026-04-12T22:24:00,0.5812,0.5813,0.5812,0.5812,23
2026-04-12T22:25:00,0.58125,0.58125,0.5811,0.5811,6
2026-04-12T22:26:00,0.5811,0.58115,0.5811,0.5811,18
2026-04-12T22:27:00,0.5811,0.5811,0.5809,0.5809,44
2026-04-12T22:28:00,0.5809,0.5809,0.5809,0.5809,5
2026-04-12T22:29:00,0.5809,0.58095,0.5808,0.58095,37
2026-04-12T22:30:00,0.581,0.58105,0.5809,0.5809,99
2026-04-12T22:31:00,0.58085,0.58095,0.5808,0.58095,67
2026-04-12T22:32:00,0.58095,0.58105,0.58095,0.58095,55
2026-04-12T22:33:00,0.58105,0.58115,0.581,0.58115,40
2026-04-12T22:34:00,0.5811,0.5812,0.5811,0.5812,31
2026-04-12T22:35:00,0.5812,0.58125,0.58115,0.5812,50
2026-04-12T22:36:00,0.5812,0.5813,0.5812,0.5812,42
2026-04-12T22:37:00,0.58125,0.5814,0.58125,0.5814,24
2026-04-12T22:38:00,0.58145,0.58145,0.5814,0.5814,11
2026-04-12T22:39:00,0.58145,0.58145,0.5814,0.58145,44
2026-04-12T22:40:00,0.5814,0.5815,0.58135,0.5814,27
2026-04-12T22:41:00,0.5815,0.58155,0.5815,0.58155,19
2026-04-12T22:42:00,0.5814,0.5814,0.5814,0.5814,1
2026-04-12T22:43:00,0.58135,0.58135,0.58135,0.58135,15
2026-04-12T22:46:00,0.58135,0.58135,0.58135,0.58135,2
2026-04-12T22:47:00,0.5814,0.5814,0.5814,0.5814,1
2026-04-12T22:48:00,0.5814,0.5815,0.5814,0.5815,9
2026-04-12T22:49:00,0.5815,0.58155,0.5815,0.5815,24
2026-04-12T22:50:00,0.58155,0.58155,0.58125,0.5813,63
2026-04-12T22:51:00,0.58125,0.5815,0.58125,0.5815,20
2026-04-12T22:54:00,0.5814,0.5814,0.5814,0.5814,2
2026-04-12T22:57:00,0.5814,0.5814,0.58135,0.5814,5
2026-04-12T22:59:00,0.5815,0.5815,0.5815,0.5815,7
2026-04-12T23:01:00,0.58145,0.5815,0.58145,0.5815,5
2026-04-12T23:02:00,0.58145,0.58145,0.5814,0.5814,11
2026-04-12T23:03:00,0.58135,0.58145,0.5813,0.5813,69
2026-04-12T23:04:00,0.58135,0.58135,0.58125,0.5813,54
2026-04-12T23:05:00,0.5813,0.58135,0.5812,0.58135,169
2026-04-12T23:06:00,0.58135,0.5814,0.5813,0.5813,30
2026-04-12T23:07:00,0.58135,0.58135,0.5813,0.58135,5
2026-04-12T23:08:00,0.58135,0.58135,0.58125,0.58125,16
2026-04-12T23:09:00,0.58125,0.58135,0.58125,0.58135,30
2026-04-12T23:10:00,0.5813,0.5813,0.5813,0.5813,9
2026-04-12T23:11:00,0.5813,0.5814,0.5813,0.58135,17
2026-04-12T23:14:00,0.58125,0.58125,0.58125,0.58125,2
2026-04-12T23:15:00,0.5813,0.5813,0.5813,0.5813,4
2026-04-12T23:16:00,0.58125,0.58125,0.58115,0.58115,25
2026-04-12T23:17:00,0.58115,0.58115,0.58115,0.58115,1
2026-04-12T23:19:00,0.58115,0.58115,0.58115,0.58115,2
2026-04-12T23:20:00,0.58115,0.58125,0.5811,0.58125,35
2026-04-12T23:21:00,0.58125,0.58125,0.58115,0.58115,38
2026-04-12T23:22:00,0.58115,0.58115,0.58115,0.58115,1
2026-04-12T23:23:00,0.58115,0.58115,0.5811,0.5811,2
2026-04-12T23:24:00,0.58105,0.58105,0.58105,0.58105,5
2026-04-12T23:25:00,0.5811,0.5811,0.581,0.58105,28
2026-04-12T23:26:00,0.58105,0.58115,0.58105,0.5811,40
2026-04-12T23:27:00,0.58115,0.58115,0.5811,0.5811,8
2026-04-12T23:28:00,0.5811,0.5812,0.5811,0.5812,8
2026-04-12T23:29:00,0.58115,0.58115,0.58105,0.5811,39
2026-04-12T23:30:00,0.5811,0.5811,0.5811,0.5811,7
2026-04-12T23:31:00,0.5811,0.5812,0.5811,0.58115,47
2026-04-12T23:32:00,0.58115,0.58115,0.58115,0.58115,4
2026-04-12T23:33:00,0.5812,0.5812,0.5812,0.5812,5
2026-04-12T23:34:00,0.58125,0.58135,0.58125,0.58125,53
2026-04-12T23:35:00,0.58125,0.58125,0.5812,0.5812,2
2026-04-12T23:36:00,0.58115,0.58125,0.58115,0.58125,4
2026-04-12T23:37:00,0.58125,0.58125,0.58125,0.58125,1
2026-04-12T23:38:00,0.58125,0.58125,0.58125,0.58125,2
2026-04-12T23:40:00,0.58125,0.58125,0.58125,0.58125,8
2026-04-12T23:41:00,0.58125,0.58125,0.5812,0.5812,5
2026-04-12T23:42:00,0.5812,0.58125,0.5812,0.5812,5
2026-04-12T23:44:00,0.58125,0.58125,0.58125,0.58125,1
2026-04-12T23:45:00,0.58135,0.58145,0.58135,0.5814,28
2026-04-12T23:46:00,0.5814,0.58145,0.5814,0.58145,17
2026-04-12T23:47:00,0.58145,0.58155,0.58145,0.58155,30
2026-04-12T23:48:00,0.58155,0.58155,0.58155,0.58155,3
2026-04-12T23:49:00,0.5816,0.5816,0.58155,0.58155,4
2026-04-12T23:50:00,0.5816,0.5816,0.58155,0.5816,58
2026-04-12T23:51:00,0.58155,0.5816,0.58155,0.58155,7
2026-04-12T23:52:00,0.58165,0.58175,0.58165,0.58175,13
2026-04-12T23:53:00,0.58175,0.58175,0.58165,0.58165,13
2026-04-12T23:54:00,0.58165,0.58165,0.5816,0.5816,15
2026-04-12T23:55:00,0.5816,0.58165,0.5816,0.58165,78
2026-04-12T23:56:00,0.5815,0.58155,0.58145,0.58155,11
2026-04-12T23:57:00,0.58155,0.58155,0.5814,0.5814,76
2026-04-12T23:58:00,0.58145,0.5815,0.58145,0.5815,27
2026-04-12T23:59:00,0.58155,0.58155,0.58155,0.58155,30
2026-04-13T00:00:00,0.58165,0.5817,0.58145,0.58155,71
2026-04-13T00:01:00,0.5814,0.5814,0.58135,0.5814,25
2026-04-13T00:02:00,0.5814,0.58145,0.5814,0.5814,18
2026-04-13T00:03:00,0.5814,0.58165,0.5814,0.5816,67
2026-04-13T00:04:00,0.58165,0.5817,0.58165,0.5817,39
2026-04-13T00:05:00,0.5816,0.58175,0.5816,0.58175,24
2026-04-13T00:06:00,0.58175,0.5818,0.5817,0.5817,17
2026-04-13T00:07:00,0.5817,0.5817,0.5816,0.58165,17
2026-04-13T00:08:00,0.5816,0.5817,0.5816,0.58165,28
2026-04-13T00:09:00,0.58165,0.58195,0.58165,0.5819,66
2026-04-13T00:10:00,0.58185,0.58205,0.58185,0.582,11
2026-04-13T00:11:00,0.582,0.582,0.5819,0.5819,9
2026-04-13T00:12:00,0.5819,0.5819,0.5819,0.5819,11
2026-04-13T00:13:00,0.5819,0.58195,0.5819,0.58195,13
2026-04-13T00:14:00,0.58195,0.5822,0.58195,0.5822,50
2026-04-13T00:15:00,0.5821,0.5822,0.5821,0.58215,36
2026-04-13T00:16:00,0.58215,0.58215,0.58215,0.58215,11
2026-04-13T00:17:00,0.5822,0.58225,0.5822,0.5822,8
2026-04-13T00:18:00,0.58225,0.58225,0.5822,0.5822,5
2026-04-13T00:19:00,0.5822,0.58225,0.5822,0.58225,23
2026-04-13T00:20:00,0.5823,0.5823,0.58225,0.58225,19
2026-04-13T00:21:00,0.5823,0.58235,0.5823,0.58235,8
2026-04-13T00:22:00,0.5823,0.5824,0.5823,0.5824,18
2026-04-13T00:23:00,0.5824,0.5825,0.5824,0.5825,6
2026-04-13T00:24:00,0.5824,0.5825,0.5824,0.5825,5
2026-04-13T00:25:00,0.58255,0.5826,0.58255,0.5826,20
2026-04-13T00:26:00,0.5826,0.5827,0.5826,0.5827,28
2026-04-13T00:27:00,0.58265,0.5827,0.58265,0.5827,33
2026-04-13T00:28:00,0.5827,0.5827,0.58265,0.58265,4
2026-04-13T00:29:00,0.5827,0.5827,0.58245,0.58245,26
2026-04-13T00:30:00,0.5825,0.5826,0.5825,0.5826,6
2026-04-13T00:31:00,0.5826,0.5827,0.5826,0.5827,28
2026-04-13T00:32:00,0.58265,0.5827,0.58265,0.58265,11
2026-04-13T00:33:00,0.5827,0.58285,0.5827,0.5828,34
2026-04-13T00:34:00,0.58275,0.58275,0.58275,0.58275,10
2026-04-13T00:35:00,0.5827,0.5827,0.5827,0.5827,2
2026-04-13T00:36:00,0.58265,0.5827,0.58265,0.5827,20
2026-04-13T00:37:00,0.5827,0.5827,0.5827,0.5827,11
2026-04-13T00:40:00,0.5828,0.5829,0.5828,0.5829,6
2026-04-13T00:41:00,0.5828,0.58285,0.5828,0.58285,19
2026-04-13T00:43:00,0.58275,0.58275,0.58275,0.58275,2
2026-04-13T00:44:00,0.5827,0.5827,0.5827,0.5827,3
2026-04-13T00:45:00,0.58265,0.58265,0.5826,0.58265,21
2026-04-13T00:46:00,0.58265,0.58265,0.58265,0.58265,2
2026-04-13T00:47:00,0.5827,0.58275,0.5827,0.5827,17
2026-04-13T00:49:00,0.58275,0.58275,0.5827,0.5827,5
2026-04-13T00:50:00,0.5828,0.5828,0.5828,0.5828,2
2026-04-13T00:51:00,0.5828,0.5828,0.5828,0.5828,5
2026-04-13T00:52:00,0.5828,0.58285,0.5828,0.5828,10
2026-04-13T00:53:00,0.5828,0.58285,0.5828,0.58285,24
2026-04-13T00:54:00,0.58285,0.58295,0.58285,0.58295,8
2026-04-13T00:55:00,0.5829,0.5829,0.58285,0.58285,8
2026-04-13T00:56:00,0.5829,0.5829,0.58285,0.58285,4
2026-04-13T00:57:00,0.58285,0.58295,0.58285,0.58295,5
2026-04-13T00:58:00,0.58295,0.583,0.5829,0.58295,21
2026-04-13T00:59:00,0.58295,0.583,0.58295,0.583,7
2026-04-13T01:00:00,0.58315,0.5833,0.5831,0.58315,39
2026-04-13T01:01:00,0.58315,0.58325,0.58315,0.5832,45
2026-04-13T01:02:00,0.58325,0.58325,0.5832,0.5832,16
2026-04-13T01:03:00,0.5833,0.5834,0.58325,0.5834,6
2026-04-13T01:04:00,0.58335,0.58335,0.5833,0.5833,15
2026-04-13T01:05:00,0.58325,0.58325,0.5832,0.5832,4
2026-04-13T01:06:00,0.58325,0.58325,0.5832,0.5832,11
2026-04-13T01:07:00,0.58325,0.5833,0.58325,0.5833,39
2026-04-13T01:08:00,0.58335,0.58335,0.58325,0.5833,32
2026-04-13T01:09:00,0.5833,0.5836,0.5833,0.5836,36
2026-04-13T01:10:00,0.58355,0.58365,0.58355,0.5836,48
2026-04-13T01:11:00,0.5836,0.5836,0.5835,0.5835,22
2026-04-13T01:12:00,0.58355,0.5836,0.58355,0.5836,30
2026-04-13T01:13:00,0.5836,0.5836,0.5836,0.5836,23
2026-04-13T01:14:00,0.5836,0.5836,0.5835,0.5835,22
2026-04-13T01:15:00,0.5835,0.5835,0.58335,0.5834,44
2026-04-13T01:16:00,0.5834,0.58345,0.5834,0.5834,17
2026-04-13T01:17:00,0.58345,0.58345,0.5834,0.5834,9
2026-04-13T01:18:00,0.58345,0.58345,0.58335,0.58335,14
2026-04-13T01:19:00,0.5834,0.58345,0.5834,0.5834,11
2026-04-13T01:20:00,0.5835,0.5835,0.58345,0.5835,4
2026-04-13T01:21:00,0.58345,0.58345,0.5834,0.5834,13
2026-04-13T01:22:00,0.5834,0.5834,0.58335,0.58335,10
2026-04-13T01:24:00,0.58335,0.5834,0.58335,0.58335,7
2026-04-13T01:25:00,0.58335,0.5834,0.58335,0.5834,8
2026-04-13T01:26:00,0.5834,0.5834,0.5833,0.5833,10
2026-04-13T01:27:00,0.58325,0.58325,0.58325,0.58325,3
2026-04-13T01:28:00,0.5833,0.5833,0.5833,0.5833,3
2026-04-13T01:29:00,0.5833,0.5833,0.5833,0.5833,1
2026-04-13T01:30:00,0.5833,0.5833,0.58325,0.58325,38
2026-04-13T01:31:00,0.5833,0.5833,0.58315,0.58315,12
2026-04-13T01:32:00,0.58315,0.58325,0.58315,0.58325,14
2026-04-13T01:33:00,0.58325,0.58325,0.5832,0.5832,4
2026-04-13T01:34:00,0.5832,0.58325,0.5832,0.58325,14
2026-04-13T01:35:00,0.58325,0.58325,0.58325,0.58325,3
2026-04-13T01:36:00,0.58325,0.58325,0.5831,0.5831,21
2026-04-13T01:37:00,0.5831,0.5831,0.5831,0.5831,13
2026-04-13T01:38:00,0.5831,0.5831,0.58305,0.58305,21
2026-04-13T01:39:00,0.583,0.583,0.583,0.583,7
2026-04-13T01:40:00,0.583,0.58305,0.583,0.58305,24
2026-04-13T01:41:00,0.5829,0.5829,0.5829,0.5829,2
2026-04-13T01:42:00,0.5829,0.5829,0.58285,0.58285,6
2026-04-13T01:43:00,0.5828,0.58285,0.5828,0.5828,20
2026-04-13T01:45:00,0.5828,0.5829,0.5828,0.58285,42
2026-04-13T01:46:00,0.58285,0.5829,0.58285,0.58285,14
2026-04-13T01:47:00,0.58285,0.58285,0.58285,0.58285,1
2026-04-13T01:48:00,0.5829,0.58305,0.5829,0.58305,24
2026-04-13T01:49:00,0.583,0.583,0.583,0.583,3
2026-04-13T01:50:00,0.583,0.58305,0.583,0.583,16
2026-04-13T01:51:00,0.58305,0.58315,0.58305,0.5831,11
2026-04-13T01:52:00,0.5831,0.58315,0.5831,0.5831,6
2026-04-13T01:53:00,0.58305,0.58305,0.58295,0.583,58
2026-04-13T01:54:00,0.583,0.583,0.58295,0.58295,18
2026-04-13T01:55:00,0.583,0.583,0.583,0.583,11
2026-04-13T01:56:00,0.58305,0.58315,0.58305,0.5831,9
2026-04-13T01:57:00,0.5831,0.5831,0.5831,0.5831,8
2026-04-13T01:58:00,0.5831,0.5831,0.5831,0.5831,1
2026-04-13T02:00:00,0.5831,0.58315,0.58305,0.58305,12
2026-04-13T02:01:00,0.583,0.58305,0.583,0.583,19
2026-04-13T02:02:00,0.583,0.583,0.583,0.583,3
2026-04-13T02:03:00,0.58295,0.58295,0.58295,0.58295,1
2026-04-13T02:04:00,0.583,0.583,0.583,0.583,15
2026-04-13T02:05:00,0.583,0.583,0.583,0.583,9
2026-04-13T02:06:00,0.583,0.58305,0.583,0.58305,27
2026-04-13T02:07:00,0.58305,0.58305,0.583,0.58305,22
2026-04-13T02:08:00,0.5831,0.58315,0.5831,0.58315,15
2026-04-13T02:09:00,0.58315,0.58315,0.58315,0.58315,3
2026-04-13T02:10:00,0.58315,0.58325,0.5831,0.58325,22
2026-04-13T02:11:00,0.5832,0.5832,0.5832,0.5832,6
2026-04-13T02:12:00,0.5832,0.5832,0.5832,0.5832,8
2026-04-13T02:14:00,0.5832,0.5832,0.58315,0.58315,4
2026-04-13T02:15:00,0.5832,0.5832,0.5832,0.5832,1
2026-04-13T02:16:00,0.5832,0.58325,0.5831,0.5831,18
2026-04-13T02:17:00,0.5831,0.58315,0.5831,0.58315,9
2026-04-13T02:18:00,0.58315,0.58315,0.58315,0.58315,1
2026-04-13T02:21:00,0.5832,0.5833,0.5832,0.5833,14
2026-04-13T02:22:00,0.5833,0.5833,0.58325,0.58325,12
2026-04-13T02:23:00,0.58325,0.58325,0.58325,0.58325,1
2026-04-13T02:24:00,0.58325,0.58325,0.58325,0.58325,1
2026-04-13T02:25:00,0.5833,0.5833,0.5833,0.5833,2
2026-04-13T02:26:00,0.5834,0.5834,0.5833,0.5833,4
2026-04-13T02:27:00,0.5833,0.5833,0.5833,0.5833,1
2026-04-13T02:29:00,0.5833,0.5833,0.5833,0.5833,2
2026-04-13T02:30:00,0.5833,0.58345,0.5833,0.58345,39
2026-04-13T02:31:00,0.5834,0.5834,0.58335,0.5834,8
2026-04-13T02:33:00,0.5833,0.5833,0.5833,0.5833,2
2026-04-13T02:36:00,0.5833,0.5833,0.5833,0.5833,2
2026-04-13T02:37:00,0.58325,0.58325,0.5832,0.5832,20
2026-04-13T02:39:00,0.58315,0.5832,0.58315,0.5832,4
2026-04-13T02:40:00,0.5832,0.58325,0.5832,0.58325,2
2026-04-13T02:41:00,0.58325,0.58325,0.58325,0.58325,5
2026-04-13T02:42:00,0.5832,0.5833,0.5832,0.5833,21
2026-04-13T02:43:00,0.58335,0.58335,0.58335,0.58335,4
2026-04-13T02:45:00,0.58335,0.5834,0.58335,0.5834,9
2026-04-13T02:46:00,0.5834,0.5834,0.58325,0.58325,20
2026-04-13T02:47:00,0.5833,0.58335,0.58325,0.58325,14
2026-04-13T02:48:00,0.5832,0.58325,0.5832,0.58325,19
2026-04-13T02:49:00,0.58325,0.58325,0.5832,0.5832,4
2026-04-13T02:50:00,0.5832,0.5832,0.5832,0.5832,11
2026-04-13T02:51:00,0.58325,0.58325,0.58325,0.58325,1
2026-04-13T02:52:00,0.5832,0.58325,0.58315,0.58325,25
2026-04-13T02:53:00,0.58325,0.58325,0.58325,0.58325,2
2026-04-13T02:54:00,0.58325,0.5833,0.58325,0.5833,2
2026-04-13T02:55:00,0.5833,0.5833,0.5833,0.5833,1
2026-04-13T02:56:00,0.58335,0.58335,0.58335,0.58335,5
2026-04-13T02:57:00,0.58335,0.58335,0.58335,0.58335,4
2026-04-13T02:58:00,0.58345,0.58355,0.58345,0.58355,10
2026-04-13T02:59:00,0.58355,0.58355,0.58355,0.58355,29
2026-04-13T03:00:00,0.5836,0.58375,0.5836,0.5836,49
2026-04-13T03:01:00,0.58365,0.58365,0.5836,0.5836,7
2026-04-13T03:02:00,0.5836,0.5836,0.5836,0.5836,1
2026-04-13T03:03:00,0.58355,0.58355,0.58355,0.58355,3
2026-04-13T03:04:00,0.5835,0.5835,0.5835,0.5835,1
2026-04-13T03:05:00,0.58345,0.58355,0.58345,0.58355,17
2026-04-13T03:06:00,0.5835,0.5835,0.5835,0.5835,4
2026-04-13T03:09:00,0.5834,0.5834,0.5834,0.5834,2
2026-04-13T03:10:00,0.58345,0.58345,0.58345,0.58345,4
2026-04-13T03:11:00,0.5834,0.58345,0.58335,0.5834,22
2026-04-13T03:12:00,0.58345,0.58345,0.58345,0.58345,21
2026-04-13T03:13:00,0.58345,0.58345,0.58345,0.58345,1
2026-04-13T03:14:00,0.58345,0.58345,0.58335,0.58335,11
2026-04-13T03:15:00,0.5833,0.5834,0.5833,0.5834,13
2026-04-13T03:16:00,0.5834,0.5834,0.5834,0.5834,3
2026-04-13T03:17:00,0.5834,0.5834,0.5834,0.5834,11
2026-04-13T03:18:00,0.5834,0.58345,0.5834,0.58345,9
2026-04-13T03:20:00,0.58345,0.58345,0.58345,0.58345,3
2026-04-13T03:21:00,0.5834,0.5834,0.5834,0.5834,4
2026-04-13T03:22:00,0.5834,0.5835,0.5834,0.58345,13
2026-04-13T03:23:00,0.58345,0.58345,0.5834,0.5834,5
2026-04-13T03:24:00,0.5834,0.5834,0.5833,0.5833,52
2026-04-13T03:25:00,0.58335,0.58345,0.58335,0.58345,5
2026-04-13T03:27:00,0.5835,0.5835,0.5835,0.5835,1
2026-04-13T03:28:00,0.58345,0.58345,0.58345,0.58345,2
2026-04-13T03:29:00,0.5834,0.5834,0.58335,0.58335,13
2026-04-13T03:30:00,0.58335,0.58335,0.58335,0.58335,11
2026-04-13T03:31:00,0.5834,0.58345,0.5834,0.5834,5
2026-04-13T03:32:00,0.5834,0.5834,0.58335,0.58335,5
2026-04-13T03:33:00,0.58335,0.58335,0.58335,0.58335,1
2026-04-13T03:34:00,0.58335,0.58335,0.58335,0.58335,1
2026-04-13T03:35:00,0.5833,0.5834,0.5833,0.5834,12
2026-04-13T03:36:00,0.58335,0.58335,0.5833,0.5833,8
2026-04-13T03:37:00,0.5833,0.5834,0.5833,0.5834,20
2026-04-13T03:38:00,0.5834,0.5834,0.5833,0.5834,13
2026-04-13T03:39:00,0.5834,0.5834,0.5834,0.5834,14
2026-04-13T03:40:00,0.58345,0.58345,0.58345,0.58345,8
2026-04-13T03:41:00,0.5835,0.5836,0.5835,0.5836,14
2026-04-13T03:42:00,0.58365,0.58365,0.5836,0.5836,8
2026-04-13T03:43:00,0.58365,0.58365,0.58365,0.58365,3
2026-04-13T03:44:00,0.58365,0.58365,0.58365,0.58365,9
2026-04-13T03:45:00,0.5836,0.5836,0.5835,0.58355,28
2026-04-13T03:46:00,0.5835,0.5835,0.5835,0.5835,2
2026-04-13T03:47:00,0.58345,0.5835,0.58345,0.5835,4
2026-04-13T03:48:00,0.5835,0.5835,0.5835,0.5835,1
2026-04-13T03:49:00,0.5835,0.5835,0.5835,0.5835,2
2026-04-13T03:50:00,0.58365,0.58365,0.58365,0.58365,4
2026-04-13T03:51:00,0.5837,0.5837,0.58365,0.58365,4
2026-04-13T03:52:00,0.58365,0.58365,0.58365,0.58365,8
2026-04-13T03:53:00,0.58365,0.58365,0.58365,0.58365,13
2026-04-13T03:54:00,0.58365,0.58375,0.58365,0.58375,28
2026-04-13T03:56:00,0.5838,0.5838,0.5838,0.5838,7
2026-04-13T03:57:00,0.5838,0.58385,0.5838,0.5838,11
2026-04-13T03:58:00,0.5838,0.5838,0.5838,0.5838,6
2026-04-13T03:59:00,0.5838,0.5838,0.5838,0.5838,3
2026-04-13T04:00:00,0.5838,0.58385,0.58375,0.58375,10
2026-04-13T04:01:00,0.58375,0.58375,0.58365,0.58365,23
2026-04-13T04:03:00,0.5837,0.5837,0.5837,0.5837,1
2026-04-13T04:04:00,0.5837,0.5837,0.5837,0.5837,2
2026-04-13T04:05:00,0.5837,0.58375,0.5837,0.58375,8
2026-04-13T04:06:00,0.5837,0.5837,0.5837,0.5837,6
2026-04-13T04:07:00,0.58375,0.5838,0.5837,0.58375,9
2026-04-13T04:08:00,0.5838,0.5838,0.5838,0.5838,3
2026-04-13T04:09:00,0.58385,0.58385,0.58385,0.58385,2
2026-04-13T04:10:00,0.5838,0.58385,0.5838,0.58385,9
2026-04-13T04:12:00,0.5838,0.58385,0.5838,0.58385,3
2026-04-13T04:15:00,0.5839,0.58395,0.5839,0.58395,21
2026-04-13T04:16:00,0.58385,0.5839,0.58385,0.5839,2
2026-04-13T04:17:00,0.5839,0.5839,0.5839,0.5839,7
2026-04-13T04:18:00,0.58395,0.58395,0.58395,0.58395,6
2026-04-13T04:19:00,0.58395,0.58395,0.58395,0.58395,3
2026-04-13T04:20:00,0.58395,0.58395,0.58395,0.58395,2
2026-04-13T04:21:00,0.58395,0.58395,0.58395,0.58395,23
2026-04-13T04:23:00,0.5839,0.5839,0.5839,0.5839,6
2026-04-13T04:25:00,0.58395,0.58395,0.58395,0.58395,2
2026-04-13T04:26:00,0.58395,0.584,0.58395,0.584,7
2026-04-13T04:27:00,0.584,0.584,0.584,0.584,11
2026-04-13T04:28:00,0.584,0.584,0.584,0.584,1
2026-04-13T04:29:00,0.58395,0.58395,0.58395,0.58395,2
2026-04-13T04:30:00,0.584,0.584,0.584,0.584,2
2026-04-13T04:31:00,0.584,0.584,0.584,0.584,1
2026-04-13T04:32:00,0.584,0.584,0.584,0.584,2
2026-04-13T04:33:00,0.584,0.584,0.58395,0.58395,3
2026-04-13T04:34:00,0.58395,0.58395,0.58395,0.58395,1
2026-04-13T04:35:00,0.58395,0.58395,0.58385,0.5839,7
2026-04-13T04:36:00,0.5838,0.5838,0.5838,0.5838,17
2026-04-13T04:38:00,0.5838,0.5838,0.5838,0.5838,9
2026-04-13T04:40:00,0.58385,0.5839,0.58385,0.5839,7
2026-04-13T04:41:00,0.58385,0.58385,0.5838,0.58385,6
2026-04-13T04:42:00,0.58385,0.58385,0.58385,0.58385,9
2026-04-13T04:43:00,0.58385,0.5839,0.58385,0.5839,14
2026-04-13T04:44:00,0.5839,0.5839,0.5839,0.5839,1
2026-04-13T04:45:00,0.58395,0.58395,0.58395,0.58395,1
2026-04-13T04:46:00,0.58395,0.58395,0.58395,0.58395,7
2026-04-13T04:48:00,0.58385,0.58385,0.58385,0.58385,2
2026-04-13T04:49:00,0.58385,0.58385,0.58385,0.58385,1
2026-04-13T04:50:00,0.58395,0.58395,0.58395,0.58395,1
2026-04-13T04:53:00,0.5839,0.5839,0.5839,0.5839,4
2026-04-13T04:54:00,0.5839,0.58395,0.5839,0.58395,10
2026-04-13T04:55:00,0.58395,0.58405,0.58395,0.584,27
2026-04-13T04:56:00,0.58395,0.58395,0.58395,0.58395,4
2026-04-13T04:57:00,0.58395,0.58395,0.5839,0.5839,21
2026-04-13T04:58:00,0.58385,0.58385,0.58385,0.58385,1
2026-04-13T04:59:00,0.5838,0.5838,0.5838,0.5838,5
2026-04-13T05:00:00,0.58385,0.5839,0.5837,0.5837,12
2026-04-13T05:01:00,0.58375,0.58385,0.58375,0.5838,22
2026-04-13T05:02:00,0.5838,0.5838,0.5838,0.5838,5
2026-04-13T05:04:00,0.58375,0.58375,0.58375,0.58375,3
2026-04-13T05:05:00,0.58375,0.58375,0.58375,0.58375,1
2026-04-13T05:06:00,0.58375,0.58375,0.58375,0.58375,2
2026-04-13T05:09:00,0.58365,0.58365,0.5836,0.5836,6
2026-04-13T05:10:00,0.58355,0.5836,0.58355,0.5836,2
2026-04-13T05:11:00,0.58365,0.58365,0.58365,0.58365,1
2026-04-13T05:12:00,0.58365,0.58365,0.58365,0.58365,8
2026-04-13T05:14:00,0.5837,0.5837,0.5837,0.5837,2
2026-04-13T05:15:00,0.5837,0.5838,0.5837,0.5838,6
2026-04-13T05:16:00,0.5838,0.5838,0.5838,0.5838,1
2026-04-13T05:17:00,0.58375,0.58375,0.58375,0.58375,1
2026-04-13T05:18:00,0.5837,0.5837,0.58365,0.58365,11
2026-04-13T05:19:00,0.5836,0.5836,0.5836,0.5836,3
2026-04-13T05:20:00,0.58365,0.5837,0.58365,0.5837,9
2026-04-13T05:21:00,0.5837,0.5837,0.5837,0.5837,11
2026-04-13T05:22:00,0.58375,0.58375,0.58375,0.58375,3
2026-04-13T05:24:00,0.5838,0.5838,0.5838,0.5838,1
2026-04-13T05:26:00,0.58375,0.58375,0.58375,0.58375,3
2026-04-13T05:27:00,0.5838,0.5838,0.5838,0.5838,1
2026-04-13T05:28:00,0.5838,0.5838,0.5838,0.5838,7
2026-04-13T05:29:00,0.5838,0.5838,0.5838,0.5838,3
2026-04-13T05:30:00,0.5838,0.5838,0.5838,0.5838,1
2026-04-13T05:31:00,0.5838,0.5838,0.5838,0.5838,1
2026-04-13T05:33:00,0.58375,0.58375,0.5837,0.5837,16
2026-04-13T05:34:00,0.58375,0.5838,0.58375,0.5838,14
2026-04-13T05:35:00,0.5839,0.5839,0.5839,0.5839,1
2026-04-13T05:36:00,0.58385,0.58395,0.58385,0.58385,24
2026-04-13T05:37:00,0.58395,0.58395,0.58395,0.58395,1
2026-04-13T05:39:00,0.5839,0.5839,0.58385,0.58385,3
2026-04-13T05:40:00,0.58385,0.58385,0.58385,0.58385,2
2026-04-13T05:41:00,0.5838,0.5838,0.58375,0.58375,3
2026-04-13T05:44:00,0.5838,0.5838,0.5838,0.5838,5
2026-04-13T05:45:00,0.58385,0.58385,0.58385,0.58385,10
2026-04-13T05:48:00,0.58385,0.5839,0.58385,0.58385,44
2026-04-13T05:49:00,0.5838,0.5838,0.5838,0.5838,44
2026-04-13T05:51:00,0.5838,0.5838,0.58375,0.58375,63
2026-04-13T05:52:00,0.58375,0.58375,0.58375,0.58375,11
2026-04-13T05:54:00,0.5837,0.5837,0.58365,0.5837,25
2026-04-13T05:55:00,0.5837,0.5837,0.5837,0.5837,8
2026-04-13T05:56:00,0.58375,0.58385,0.5837,0.58385,32
2026-04-13T05:58:00,0.58385,0.58385,0.5838,0.5838,2
2026-04-13T05:59:00,0.5838,0.5838,0.5838,0.5838,2
2026-04-13T06:00:00,0.58385,0.58405,0.5838,0.58405,35
2026-04-13T06:01:00,0.58405,0.58405,0.584,0.58405,12
2026-04-13T06:02:00,0.584,0.584,0.5839,0.5839,15
2026-04-13T06:03:00,0.584,0.584,0.58395,0.58395,10
2026-04-13T06:04:00,0.584,0.584,0.58395,0.584,21
2026-04-13T06:06:00,0.58385,0.5839,0.58385,0.5839,10
2026-04-13T06:07:00,0.5839,0.58395,0.5839,0.58395,24
2026-04-13T06:08:00,0.58395,0.584,0.58395,0.58395,34
2026-04-13T06:09:00,0.584,0.584,0.584,0.584,7
2026-04-13T06:10:00,0.58405,0.58415,0.58405,0.5841,34
2026-04-13T06:11:00,0.584,0.584,0.584,0.584,5
2026-04-13T06:12:00,0.58395,0.58395,0.58395,0.58395,3
2026-04-13T06:14:00,0.58395,0.58395,0.5839,0.5839,9
2026-04-13T06:15:00,0.5839,0.58395,0.5839,0.58395,5
2026-04-13T06:17:00,0.5839,0.584,0.5839,0.58395,25
2026-04-13T06:18:00,0.58395,0.58395,0.58395,0.58395,2
2026-04-13T06:19:00,0.58395,0.58395,0.58395,0.58395,1
2026-04-13T06:20:00,0.58385,0.58385,0.58385,0.58385,3
2026-04-13T06:21:00,0.58395,0.58395,0.5839,0.5839,5
2026-04-13T06:23:00,0.5839,0.58395,0.5839,0.58395,10
2026-04-13T06:24:00,0.584,0.584,0.584,0.584,9
2026-04-13T06:26:00,0.58405,0.5841,0.58405,0.58405,17
2026-04-13T06:27:00,0.58405,0.5841,0.58405,0.58405,18
2026-04-13T06:28:00,0.58405,0.58405,0.58405,0.58405,7
2026-04-13T06:29:00,0.58405,0.5841,0.58405,0.5841,17
2026-04-13T06:30:00,0.58415,0.58415,0.5841,0.5841,7
2026-04-13T06:31:00,0.5841,0.5841,0.5841,0.5841,3
2026-04-13T06:32:00,0.58415,0.58415,0.58415,0.58415,2
2026-04-13T06:33:00,0.5842,0.5842,0.58405,0.58405,8
2026-04-13T06:34:00,0.58405,0.5841,0.58405,0.5841,6
2026-04-13T06:35:00,0.58405,0.58405,0.58405,0.58405,2
2026-04-13T06:36:00,0.5841,0.5841,0.58395,0.58395,13
2026-04-13T06:37:00,0.584,0.58405,0.584,0.58405,5
2026-04-13T06:38:00,0.584,0.584,0.584,0.584,1
2026-04-13T06:40:00,0.58405,0.58405,0.584,0.584,15
2026-04-13T06:41:00,0.58395,0.58395,0.58395,0.58395,1
2026-04-13T06:42:00,0.584,0.584,0.58395,0.58395,11
2026-04-13T06:43:00,0.5839,0.58395,0.5839,0.5839,11
2026-04-13T06:44:00,0.5839,0.5839,0.5839,0.5839,9
2026-04-13T06:45:00,0.58385,0.58385,0.58385,0.58385,3
2026-04-13T06:46:00,0.58385,0.58385,0.58385,0.58385,14
2026-04-13T06:47:00,0.58385,0.58385,0.58385,0.58385,3
2026-04-13T06:48:00,0.5838,0.5838,0.58375,0.58375,11
2026-04-13T06:49:00,0.5838,0.5838,0.58375,0.58375,4
2026-04-13T06:50:00,0.5838,0.5839,0.5838,0.5839,19
2026-04-13T06:51:00,0.5839,0.5839,0.5839,0.5839,11
2026-04-13T06:52:00,0.58385,0.584,0.58385,0.58395,41
2026-04-13T06:53:00,0.5839,0.58395,0.5839,0.58395,7
2026-04-13T06:54:00,0.58395,0.584,0.58395,0.584,11
2026-04-13T06:55:00,0.5841,0.5841,0.5841,0.5841,11
2026-04-13T06:56:00,0.5841,0.5841,0.58405,0.5841,18
2026-04-13T06:57:00,0.5841,0.5841,0.58405,0.58405,8
2026-04-13T06:58:00,0.58405,0.5841,0.584,0.5841,11
2026-04-13T06:59:00,0.58415,0.5842,0.58415,0.5842,4
2026-04-13T07:00:00,0.58425,0.5845,0.58425,0.5845,80
2026-04-13T07:01:00,0.5845,0.58465,0.5845,0.5846,113
2026-04-13T07:02:00,0.5846,0.5847,0.5846,0.5847,34
2026-04-13T07:03:00,0.58475,0.58475,0.5846,0.5846,57
2026-04-13T07:04:00,0.5846,0.58465,0.5846,0.58465,11
2026-04-13T07:05:00,0.58455,0.58455,0.58455,0.58455,11
2026-04-13T07:06:00,0.58455,0.5846,0.5845,0.5845,19
2026-04-13T07:07:00,0.5845,0.58455,0.5845,0.58455,14
2026-04-13T07:08:00,0.5845,0.58455,0.58445,0.58455,19
2026-04-13T07:09:00,0.5844,0.58445,0.5844,0.5844,31
2026-04-13T07:10:00,0.58445,0.58445,0.58445,0.58445,8
2026-04-13T07:11:00,0.5845,0.58455,0.5845,0.58455,9
2026-04-13T07:12:00,0.58455,0.58455,0.5845,0.5845,3
2026-04-13T07:13:00,0.5845,0.58455,0.5845,0.58455,8
2026-04-13T07:14:00,0.58455,0.58455,0.58445,0.5845,19
2026-04-13T07:15:00,0.58445,0.5845,0.5844,0.5845,16
2026-04-13T07:16:00,0.58455,0.5846,0.58455,0.5846,15
2026-04-13T07:17:00,0.5846,0.58465,0.5846,0.58465,19
2026-04-13T07:18:00,0.58465,0.58465,0.58465,0.58465,1
2026-04-13T07:20:00,0.5847,0.5847,0.5846,0.5846,23
2026-04-13T07:21:00,0.58465,0.5847,0.58465,0.5847,2
2026-04-13T07:22:00,0.5848,0.5849,0.58475,0.58485,13
2026-04-13T07:23:00,0.58475,0.58475,0.58475,0.58475,18
2026-04-13T07:24:00,0.5847,0.5847,0.58465,0.58465,11
2026-04-13T07:25:00,0.5847,0.5847,0.58465,0.58465,7
2026-04-13T07:26:00,0.58465,0.5847,0.58465,0.5847,12
2026-04-13T07:27:00,0.58475,0.5848,0.58475,0.5848,8
2026-04-13T07:28:00,0.58485,0.58495,0.58485,0.58495,74
2026-04-13T07:29:00,0.5849,0.58495,0.5849,0.58495,19
2026-04-13T07:30:00,0.58495,0.58515,0.58495,0.5851,61
2026-04-13T07:31:00,0.5851,0.58525,0.58505,0.5852,89
2026-04-13T07:32:00,0.58515,0.5852,0.58515,0.5852,26
2026-04-13T07:33:00,0.5852,0.58525,0.5852,0.5852,18
2026-04-13T07:34:00,0.58525,0.58525,0.58525,0.58525,1
2026-04-13T07:35:00,0.5853,0.58535,0.5852,0.5852,21
2026-04-13T07:36:00,0.5853,0.5853,0.5853,0.5853,25
2026-04-13T07:37:00,0.5853,0.5853,0.58525,0.58525,15
2026-04-13T07:38:00,0.58525,0.58525,0.5852,0.58525,16
2026-04-13T07:39:00,0.58525,0.58535,0.58525,0.58535,20
2026-04-13T07:40:00,0.5853,0.5853,0.5852,0.5852,14
2026-04-13T07:41:00,0.5852,0.5852,0.58505,0.58505,70
2026-04-13T07:42:00,0.58505,0.58505,0.58505,0.58505,42
2026-04-13T07:43:00,0.585,0.585,0.58495,0.58495,10
2026-04-13T07:44:00,0.58495,0.58495,0.5849,0.5849,56
2026-04-13T07:45:00,0.58485,0.5849,0.58475,0.58475,135
2026-04-13T07:46:00,0.5848,0.5848,0.5848,0.5848,4
2026-04-13T07:47:00,0.5848,0.5848,0.5847,0.58475,25
2026-04-13T07:48:00,0.58475,0.58475,0.58465,0.58465,43
2026-04-13T07:49:00,0.5848,0.5848,0.5847,0.5847,15
2026-04-13T07:50:00,0.5847,0.5848,0.5847,0.5848,27
2026-04-13T07:51:00,0.58485,0.58485,0.5848,0.5848,8
2026-04-13T07:52:00,0.5848,0.5848,0.58475,0.58475,8
2026-04-13T07:53:00,0.58475,0.58475,0.5847,0.58475,7
2026-04-13T07:54:00,0.5847,0.58475,0.5847,0.58475,20
2026-04-13T07:55:00,0.58475,0.5848,0.5847,0.5847,13
2026-04-13T07:56:00,0.5847,0.5849,0.5847,0.58485,16
2026-04-13T07:57:00,0.5848,0.5848,0.5847,0.5848,33
2026-04-13T07:58:00,0.5847,0.5849,0.5847,0.5849,53
2026-04-13T07:59:00,0.58495,0.585,0.58495,0.585,12
2026-04-13T08:00:00,0.58495,0.58495,0.58485,0.58495,31
2026-04-13T08:01:00,0.58495,0.585,0.5849,0.585,9
2026-04-13T08:02:00,0.585,0.58515,0.585,0.5851,15
2026-04-13T08:03:00,0.5851,0.58515,0.585,0.58505,22
2026-04-13T08:04:00,0.585,0.58505,0.585,0.58505,5
2026-04-13T08:05:00,0.58505,0.58505,0.58505,0.58505,3
2026-04-13T08:06:00,0.58495,0.58495,0.58485,0.58485,16
2026-04-13T08:07:00,0.58485,0.5849,0.58485,0.5849,7
2026-04-13T08:08:00,0.5849,0.5849,0.58485,0.58485,36
2026-04-13T08:09:00,0.58485,0.58485,0.58485,0.58485,3
2026-04-13T08:10:00,0.58485,0.5849,0.58485,0.5849,12
2026-04-13T08:11:00,0.58485,0.58485,0.58485,0.58485,3
2026-04-13T08:12:00,0.58475,0.5848,0.58475,0.58475,39
2026-04-13T08:13:00,0.5847,0.58475,0.5847,0.5847,12
2026-04-13T08:14:00,0.5847,0.5847,0.58455,0.58455,27
2026-04-13T08:15:00,0.58455,0.58455,0.5844,0.58445,61
2026-04-13T08:16:00,0.5844,0.58445,0.5844,0.58445,32
2026-04-13T08:18:00,0.5845,0.58455,0.5845,0.58455,12
2026-04-13T08:19:00,0.58455,0.58455,0.58455,0.58455,3
2026-04-13T08:20:00,0.58455,0.58455,0.5845,0.5845,9
2026-04-13T08:21:00,0.58455,0.58465,0.58455,0.58465,16
2026-04-13T08:22:00,0.5846,0.5846,0.5846,0.5846,5
2026-04-13T08:23:00,0.5846,0.5846,0.5846,0.5846,1
2026-04-13T08:24:00,0.58475,0.58475,0.58465,0.58465,4
2026-04-13T08:25:00,0.5847,0.5847,0.5847,0.5847,1
2026-04-13T08:26:00,0.58465,0.5847,0.58465,0.5847,4
2026-04-13T08:28:00,0.5847,0.5847,0.58465,0.58465,4
2026-04-13T08:29:00,0.58465,0.58465,0.58465,0.58465,2
2026-04-13T08:30:00,0.58465,0.5847,0.58465,0.5847,8
2026-04-13T08:31:00,0.58475,0.58475,0.58475,0.58475,5
2026-04-13T08:32:00,0.5847,0.5847,0.5847,0.5847,16
2026-04-13T08:33:00,0.58465,0.58465,0.5846,0.5846,9
2026-04-13T08:34:00,0.58465,0.58465,0.58465,0.58465,1
2026-04-13T08:35:00,0.5846,0.5846,0.5846,0.5846,31
2026-04-13T08:36:00,0.5846,0.5846,0.58455,0.58455,7
2026-04-13T08:38:00,0.5846,0.5846,0.58455,0.58455,5
2026-04-13T08:39:00,0.58445,0.58445,0.58445,0.58445,20
2026-04-13T08:40:00,0.58445,0.58445,0.5843,0.5843,9
2026-04-13T08:41:00,0.5843,0.58435,0.5843,0.58435,17
2026-04-13T08:42:00,0.5843,0.5843,0.5842,0.58425,63
2026-04-13T08:44:00,0.58425,0.58425,0.58425,0.58425,23
2026-04-13T08:45:00,0.58425,0.58425,0.58425,0.58425,82
2026-04-13T08:46:00,0.58425,0.58425,0.58425,0.58425,16
2026-04-13T08:47:00,0.58425,0.5843,0.58425,0.58425,42
2026-04-13T08:48:00,0.58425,0.58425,0.58425,0.58425,16
2026-04-13T08:49:00,0.58435,0.58435,0.5843,0.5843,9
2026-04-13T08:50:00,0.58435,0.58435,0.58435,0.58435,13
2026-04-13T08:51:00,0.58435,0.58435,0.5843,0.5843,3
2026-04-13T08:52:00,0.58435,0.5844,0.58435,0.5844,4
2026-04-13T08:53:00,0.5844,0.5844,0.58435,0.58435,2
2026-04-13T08:55:00,0.5844,0.5844,0.5844,0.5844,1
2026-04-13T08:56:00,0.58435,0.58435,0.5843,0.5843,9
2026-04-13T08:57:00,0.5843,0.5843,0.58425,0.58425,56
2026-04-13T08:59:00,0.5843,0.5843,0.5843,0.5843,24
2026-04-13T09:00:00,0.58435,0.58455,0.58435,0.5844,101
2026-04-13T09:01:00,0.58435,0.5844,0.58435,0.58435,7
2026-04-13T09:02:00,0.5844,0.5844,0.5844,0.5844,1
2026-04-13T09:03:00,0.5844,0.5844,0.5844,0.5844,9
2026-04-13T09:04:00,0.58435,0.58435,0.5843,0.5843,5
2026-04-13T09:05:00,0.58435,0.58435,0.58435,0.58435,9
2026-04-13T09:06:00,0.5843,0.5843,0.58425,0.58425,9
2026-04-13T09:07:00,0.58425,0.58425,0.58425,0.58425,5
2026-04-13T09:09:00,0.5842,0.5842,0.5841,0.5841,11
2026-04-13T09:10:00,0.58405,0.58405,0.584,0.584,10
2026-04-13T09:11:00,0.58405,0.58405,0.58405,0.58405,1
2026-04-13T09:12:00,0.584,0.584,0.584,0.584,7
2026-04-13T09:14:00,0.58405,0.58405,0.584,0.584,5
2026-04-13T09:15:00,0.58405,0.58405,0.58405,0.58405,1
2026-04-13T09:16:00,0.58405,0.58405,0.58405,0.58405,1
2026-04-13T09:17:00,0.5842,0.5842,0.58415,0.5842,8
2026-04-13T09:18:00,0.58425,0.58425,0.58425,0.58425,1
2026-04-13T09:19:00,0.58425,0.58425,0.58425,0.58425,2
2026-04-13T09:20:00,0.5843,0.5843,0.5843,0.5843,6
2026-04-13T09:21:00,0.5843,0.5843,0.5843,0.5843,1
2026-04-13T09:22:00,0.58425,0.58425,0.58425,0.58425,4
2026-04-13T09:24:00,0.58425,0.58425,0.58425,0.58425,5
2026-04-13T09:25:00,0.58425,0.58425,0.58415,0.58415,17
2026-04-13T09:26:00,0.5841,0.5841,0.5841,0.5841,9
2026-04-13T09:27:00,0.5841,0.5841,0.5841,0.5841,6
2026-04-13T09:28:00,0.5841,0.5842,0.5841,0.5842,20
2026-04-13T09:29:00,0.58425,0.58425,0.5842,0.5842,4
2026-04-13T09:30:00,0.5842,0.5842,0.5842,0.5842,2
2026-04-13T09:31:00,0.5842,0.5842,0.5842,0.5842,5
2026-04-13T09:32:00,0.58425,0.5844,0.58425,0.58435,18
2026-04-13T09:33:00,0.58435,0.58435,0.5843,0.5843,7
2026-04-13T09:34:00,0.58435,0.58435,0.5843,0.5843,7
2026-04-13T09:35:00,0.58435,0.58435,0.58435,0.58435,13
2026-04-13T09:37:00,0.5843,0.58435,0.5843,0.58435,6
2026-04-13T09:38:00,0.5843,0.5843,0.58425,0.58425,11
2026-04-13T09:39:00,0.58425,0.58425,0.58425,0.58425,2
2026-04-13T09:40:00,0.5843,0.5843,0.58425,0.58425,25
2026-04-13T09:41:00,0.58425,0.5843,0.58425,0.5843,14
2026-04-13T09:42:00,0.5843,0.5843,0.5843,0.5843,1
2026-04-13T09:43:00,0.58425,0.5843,0.58425,0.58425,12
2026-04-13T09:44:00,0.58425,0.58425,0.58425,0.58425,12
2026-04-13T09:45:00,0.58425,0.5843,0.58425,0.5843,6
2026-04-13T09:46:00,0.5843,0.5843,0.58425,0.58425,5
2026-04-13T09:47:00,0.58425,0.58425,0.5842,0.5842,5
2026-04-13T09:48:00,0.5842,0.5842,0.5842,0.5842,2
2026-04-13T09:49:00,0.58415,0.58415,0.58415,0.58415,3
2026-04-13T09:50:00,0.5841,0.5841,0.5841,0.5841,10
2026-04-13T09:51:00,0.58405,0.5841,0.58405,0.5841,6
2026-04-13T09:53:00,0.5841,0.58415,0.5841,0.58415,7
2026-04-13T09:54:00,0.5841,0.5841,0.5841,0.5841,9
2026-04-13T09:55:00,0.58415,0.58415,0.58415,0.58415,2
2026-04-13T09:56:00,0.5842,0.5842,0.5842,0.5842,12
2026-04-13T09:57:00,0.58415,0.5842,0.58415,0.58415,36
2026-04-13T09:58:00,0.58415,0.5842,0.58415,0.5842,51
2026-04-13T09:59:00,0.58415,0.5842,0.58415,0.5842,21
2026-04-13T10:00:00,0.5841,0.58415,0.5841,0.58415,16
2026-04-13T10:01:00,0.58415,0.58415,0.58415,0.58415,1
2026-04-13T10:02:00,0.58425,0.5843,0.58425,0.5843,4
2026-04-13T10:03:00,0.5843,0.5843,0.5843,0.5843,8
2026-04-13T10:04:00,0.58425,0.58425,0.58425,0.58425,8
2026-04-13T10:05:00,0.5843,0.5843,0.5842,0.5842,6
2026-04-13T10:06:00,0.58425,0.58425,0.5841,0.5841,8
2026-04-13T10:07:00,0.5841,0.5841,0.5841,0.5841,2
2026-04-13T10:08:00,0.5841,0.5841,0.5841,0.5841,10
2026-04-13T10:10:00,0.5841,0.5841,0.5841,0.5841,1
2026-04-13T10:11:00,0.58415,0.58415,0.5841,0.5841,15
2026-04-13T10:12:00,0.58415,0.58415,0.5841,0.5841,6
2026-04-13T10:14:00,0.58415,0.58415,0.58415,0.58415,1
2026-04-13T10:15:00,0.5841,0.5841,0.58405,0.58405,12
2026-04-13T10:16:00,0.58405,0.58405,0.58405,0.58405,2
2026-04-13T10:18:00,0.58405,0.58405,0.58405,0.58405,26
2026-04-13T10:19:00,0.58405,0.58405,0.58405,0.58405,2
2026-04-13T10:21:00,0.58405,0.58405,0.58405,0.58405,2
2026-04-13T10:22:00,0.58395,0.58395,0.58395,0.58395,7
2026-04-13T10:24:00,0.58405,0.58405,0.58405,0.58405,4
2026-04-13T10:25:00,0.58405,0.58405,0.58405,0.58405,5
2026-04-13T10:26:00,0.58405,0.58405,0.58405,0.58405,2
2026-04-13T10:27:00,0.5841,0.5841,0.5841,0.5841,7
2026-04-13T10:28:00,0.5841,0.58415,0.5841,0.58415,5
2026-04-13T10:29:00,0.5841,0.58415,0.5841,0.58415,12
2026-04-13T10:30:00,0.5842,0.5842,0.5842,0.5842,21
2026-04-13T10:32:00,0.58415,0.58415,0.58415,0.58415,1
2026-04-13T10:33:00,0.5841,0.5841,0.5841,0.5841,18
2026-04-13T10:34:00,0.58415,0.58425,0.58415,0.58425,59
2026-04-13T10:35:00,0.58425,0.58425,0.5842,0.5842,3
2026-04-13T10:37:00,0.58415,0.58415,0.58415,0.58415,5
2026-04-13T10:38:00,0.5842,0.5842,0.5842,0.5842,1
2026-04-13T10:39:00,0.5842,0.5842,0.58415,0.58415,5
2026-04-13T10:40:00,0.5842,0.58425,0.5842,0.58425,6
2026-04-13T10:41:00,0.58425,0.58425,0.58425,0.58425,4
2026-04-13T10:42:00,0.58425,0.58425,0.5842,0.5842,3
2026-04-13T10:43:00,0.58425,0.58425,0.58425,0.58425,3
2026-04-13T10:44:00,0.5843,0.5844,0.5843,0.5844,7
2026-04-13T10:45:00,0.58435,0.58445,0.58435,0.58445,5
2026-04-13T10:46:00,0.58445,0.5845,0.58445,0.5845,22
2026-04-13T10:47:00,0.58455,0.58455,0.5845,0.5845,14
2026-04-13T10:48:00,0.58455,0.58455,0.58455,0.58455,6
2026-04-13T10:49:00,0.58455,0.58455,0.5845,0.5845,7
2026-04-13T10:50:00,0.58445,0.5845,0.58445,0.5845,61
2026-04-13T10:51:00,0.5845,0.5845,0.5845,0.5845,8
2026-04-13T10:52:00,0.5845,0.5845,0.5845,0.5845,1
2026-04-13T10:53:00,0.58455,0.58455,0.5845,0.5845,6
2026-04-13T10:54:00,0.5845,0.5845,0.5845,0.5845,2
2026-04-13T10:55:00,0.58445,0.58445,0.58445,0.58445,3
2026-04-13T10:56:00,0.58445,0.58445,0.5844,0.5844,6
2026-04-13T10:57:00,0.5844,0.5844,0.5844,0.5844,3
2026-04-13T10:58:00,0.5844,0.5844,0.5844,0.5844,5
2026-04-13T10:59:00,0.5844,0.5844,0.5844,0.5844,5
2026-04-13T11:00:00,0.5845,0.5849,0.5845,0.58455,109
2026-04-13T11:01:00,0.58455,0.58455,0.58455,0.58455,1
2026-04-13T11:02:00,0.58455,0.5846,0.58455,0.5846,3
2026-04-13T11:03:00,0.58455,0.58465,0.58455,0.58465,7
2026-04-13T11:04:00,0.58465,0.58465,0.58465,0.58465,13
2026-04-13T11:05:00,0.58465,0.58475,0.58465,0.58475,16
2026-04-13T11:06:00,0.58475,0.5848,0.5847,0.5847,17
2026-04-13T11:07:00,0.5847,0.5847,0.5847,0.5847,4
2026-04-13T11:08:00,0.5847,0.5847,0.58465,0.58465,5
2026-04-13T11:10:00,0.5847,0.58475,0.5847,0.58475,17
2026-04-13T11:11:00,0.5848,0.5849,0.5848,0.58485,18
2026-04-13T11:12:00,0.58485,0.58485,0.5848,0.5848,7
2026-04-13T11:13:00,0.58475,0.58475,0.58475,0.58475,8
2026-04-13T11:14:00,0.58475,0.58475,0.58475,0.58475,1
2026-04-13T11:15:00,0.5848,0.5848,0.5848,0.5848,1
2026-04-13T11:16:00,0.58475,0.58475,0.58475,0.58475,3
2026-04-13T11:17:00,0.5847,0.5847,0.5847,0.5847,2
2026-04-13T11:19:00,0.5847,0.5847,0.5847,0.5847,3
2026-04-13T11:20:00,0.5847,0.5847,0.5847,0.5847,10
2026-04-13T11:21:00,0.5847,0.5847,0.58465,0.58465,3
2026-04-13T11:22:00,0.5846,0.5846,0.5846,0.5846,6
2026-04-13T11:23:00,0.5846,0.5846,0.5846,0.5846,5
2026-04-13T11:24:00,0.58455,0.58455,0.58445,0.58445,13
2026-04-13T11:25:00,0.5845,0.5845,0.5844,0.5844,12
2026-04-13T11:27:00,0.58435,0.58435,0.58435,0.58435,3
2026-04-13T11:28:00,0.58435,0.58435,0.58435,0.58435,12
2026-04-13T11:29:00,0.58435,0.58435,0.58435,0.58435,4
2026-04-13T11:30:00,0.58435,0.58455,0.58435,0.58455,48
2026-04-13T11:32:00,0.5845,0.5845,0.5845,0.5845,1
2026-04-13T11:33:00,0.5845,0.5845,0.5845,0.5845,1
2026-04-13T11:34:00,0.5845,0.5845,0.5845,0.5845,2
2026-04-13T11:35:00,0.58445,0.58445,0.58435,0.58435,7
2026-04-13T11:36:00,0.5843,0.58435,0.5841,0.5841,33
2026-04-13T11:37:00,0.58405,0.58405,0.5839,0.58395,46
2026-04-13T11:38:00,0.58395,0.584,0.58385,0.584,32
2026-04-13T11:39:00,0.584,0.584,0.5839,0.5839,9
2026-04-13T11:40:00,0.5839,0.5839,0.5839,0.5839,7
2026-04-13T11:41:00,0.5838,0.58385,0.5838,0.58385,11
2026-04-13T11:42:00,0.5839,0.58395,0.5839,0.58395,7
2026-04-13T11:43:00,0.58405,0.58405,0.584,0.584,4
2026-04-13T11:44:00,0.58395,0.58395,0.5839,0.58395,5
2026-04-13T11:45:00,0.58395,0.58395,0.5839,0.5839,25
2026-04-13T11:46:00,0.58385,0.58385,0.5837,0.58385,51
2026-04-13T11:47:00,0.58385,0.58385,0.58375,0.58375,16
2026-04-13T11:48:00,0.5838,0.5838,0.58375,0.58375,7
2026-04-13T11:49:00,0.5838,0.58385,0.5838,0.58385,12
2026-04-13T11:50:00,0.58375,0.58375,0.58365,0.58365,10
2026-04-13T11:51:00,0.58365,0.58365,0.58365,0.58365,9
2026-04-13T11:52:00,0.5837,0.5837,0.58355,0.58355,17
2026-04-13T11:53:00,0.5835,0.5836,0.5835,0.5835,56
2026-04-13T11:54:00,0.5835,0.5835,0.5833,0.5833,53
2026-04-13T11:55:00,0.5833,0.58335,0.5833,0.58335,15
2026-04-13T11:57:00,0.58335,0.58335,0.5833,0.5833,17
2026-04-13T11:58:00,0.58335,0.58335,0.5833,0.5833,9
2026-04-13T11:59:00,0.5833,0.5833,0.5832,0.5832,43
2026-04-13T12:00:00,0.58315,0.58315,0.583,0.583,186
2026-04-13T12:01:00,0.583,0.583,0.58295,0.58295,106
2026-04-13T12:02:00,0.58295,0.5833,0.58295,0.58305,61
2026-04-13T12:03:00,0.583,0.58305,0.5829,0.5829,30
2026-04-13T12:04:00,0.58285,0.5829,0.5828,0.5829,14
2026-04-13T12:05:00,0.5829,0.583,0.5829,0.58295,15
2026-04-13T12:06:00,0.58295,0.583,0.58295,0.583,10
2026-04-13T12:07:00,0.58305,0.5831,0.58305,0.5831,9
2026-04-13T12:09:00,0.58315,0.58315,0.5831,0.58315,6
2026-04-13T12:10:00,0.58315,0.5832,0.58315,0.5832,12
2026-04-13T12:12:00,0.5832,0.5832,0.5831,0.5831,16
2026-04-13T12:13:00,0.5831,0.58315,0.5831,0.5831,18
2026-04-13T12:14:00,0.5832,0.58325,0.5832,0.58325,3
2026-04-13T12:15:00,0.58325,0.5833,0.58325,0.5833,11
2026-04-13T12:16:00,0.5833,0.5833,0.5833,0.5833,1
2026-04-13T12:17:00,0.5833,0.5833,0.5833,0.5833,2
2026-04-13T12:18:00,0.5833,0.58345,0.5833,0.58345,39
2026-04-13T12:19:00,0.5834,0.58345,0.5834,0.58345,5
2026-04-13T12:20:00,0.5834,0.58345,0.5832,0.5832,35
2026-04-13T12:21:00,0.58325,0.58325,0.58325,0.58325,10
2026-04-13T12:22:00,0.58325,0.58335,0.58325,0.5833,12
2026-04-13T12:23:00,0.5833,0.5833,0.58325,0.58325,9
2026-04-13T12:24:00,0.58325,0.58325,0.5832,0.5832,6
2026-04-13T12:25:00,0.58325,0.58325,0.58325,0.58325,21
2026-04-13T12:26:00,0.5832,0.58335,0.5832,0.58335,26
2026-04-13T12:27:00,0.58335,0.5834,0.58335,0.5834,4
2026-04-13T12:28:00,0.58335,0.58335,0.58335,0.58335,27
2026-04-13T12:29:00,0.58335,0.58335,0.5833,0.5833,22
2026-04-13T12:30:00,0.58335,0.58335,0.58325,0.58325,10
2026-04-13T12:31:00,0.5833,0.5833,0.5831,0.58315,85
2026-04-13T12:32:00,0.58315,0.5832,0.58315,0.5832,20
2026-04-13T12:33:00,0.58325,0.5833,0.58325,0.5833,9
2026-04-13T12:34:00,0.58325,0.58335,0.58325,0.58325,19
2026-04-13T12:35:00,0.5832,0.58325,0.5832,0.58325,13
2026-04-13T12:36:00,0.58325,0.58325,0.5831,0.5831,20
2026-04-13T12:37:00,0.5831,0.5831,0.583,0.58305,21
2026-04-13T12:38:00,0.58305,0.58305,0.583,0.583,14
2026-04-13T12:39:00,0.58305,0.58305,0.583,0.583,9
2026-04-13T12:40:00,0.5831,0.58315,0.58305,0.5831,33
2026-04-13T12:41:00,0.58315,0.58315,0.5831,0.58315,19
2026-04-13T12:42:00,0.5832,0.5833,0.5832,0.5833,13
2026-04-13T12:43:00,0.5833,0.5833,0.58325,0.58325,27
2026-04-13T12:44:00,0.58325,0.5833,0.5832,0.58325,18
2026-04-13T12:45:00,0.58325,0.58345,0.58325,0.5834,26
2026-04-13T12:46:00,0.58345,0.5836,0.58345,0.5836,17
2026-04-13T12:47:00,0.58365,0.58365,0.58355,0.58355,18
2026-04-13T12:48:00,0.58355,0.5836,0.58355,0.5836,36
2026-04-13T12:49:00,0.58355,0.58355,0.58355,0.58355,5
2026-04-13T12:50:00,0.58355,0.58355,0.58355,0.58355,6
2026-04-13T12:51:00,0.58365,0.58365,0.58365,0.58365,11
2026-04-13T12:52:00,0.5837,0.5838,0.5837,0.5838,14
2026-04-13T12:53:00,0.5838,0.5839,0.5838,0.5839,7
2026-04-13T12:54:00,0.5839,0.5839,0.5839,0.5839,6
2026-04-13T12:55:00,0.58395,0.584,0.58395,0.58395,17
2026-04-13T12:56:00,0.58385,0.5839,0.5838,0.5838,12
2026-04-13T12:57:00,0.58385,0.58395,0.58385,0.58395,7
2026-04-13T12:58:00,0.5839,0.5839,0.5839,0.5839,1
2026-04-13T12:59:00,0.5839,0.5839,0.5839,0.5839,6
2026-04-13T13:00:00,0.5839,0.58395,0.5839,0.5839,7
2026-04-13T13:01:00,0.5839,0.584,0.58385,0.584,37
2026-04-13T13:02:00,0.58405,0.58405,0.58395,0.584,28
2026-04-13T13:03:00,0.58395,0.58395,0.5839,0.5839,10
2026-04-13T13:04:00,0.5839,0.58405,0.58385,0.584,51
2026-04-13T13:05:00,0.58405,0.58405,0.58405,0.58405,11
2026-04-13T13:06:00,0.584,0.584,0.584,0.584,4
2026-04-13T13:07:00,0.58395,0.58395,0.58395,0.58395,13
2026-04-13T13:08:00,0.584,0.584,0.58395,0.58395,16
2026-04-13T13:09:00,0.58385,0.58385,0.58385,0.58385,6
2026-04-13T13:10:00,0.5839,0.584,0.5839,0.584,18
2026-04-13T13:11:00,0.58395,0.58405,0.58395,0.584,24
2026-04-13T13:12:00,0.58405,0.58405,0.58395,0.58395,35
2026-04-13T13:13:00,0.58395,0.58395,0.58385,0.58385,20
2026-04-13T13:14:00,0.5839,0.58395,0.5839,0.58395,7
2026-04-13T13:15:00,0.58395,0.584,0.58395,0.58395,18
2026-04-13T13:16:00,0.58395,0.58395,0.58385,0.58385,22
2026-04-13T13:17:00,0.58375,0.58375,0.58375,0.58375,11
2026-04-13T13:18:00,0.5838,0.58385,0.5838,0.58385,14
2026-04-13T13:19:00,0.58385,0.58385,0.58385,0.58385,3
2026-04-13T13:20:00,0.5839,0.58395,0.5839,0.58395,6
2026-04-13T13:21:00,0.584,0.58405,0.5839,0.58405,20
2026-04-13T13:22:00,0.5841,0.5841,0.58405,0.58405,31
2026-04-13T13:23:00,0.584,0.584,0.58395,0.58395,59
2026-04-13T13:24:00,0.584,0.58405,0.584,0.58405,5
2026-04-13T13:25:00,0.584,0.584,0.58395,0.584,7
2026-04-13T13:26:00,0.584,0.584,0.58395,0.58395,10
2026-04-13T13:27:00,0.58395,0.58395,0.5839,0.5839,15
2026-04-13T13:28:00,0.58395,0.58395,0.58395,0.58395,39
2026-04-13T13:29:00,0.584,0.584,0.584,0.584,9
2026-04-13T13:30:00,0.584,0.5841,0.584,0.584,15
2026-04-13T13:31:00,0.58395,0.58415,0.58395,0.58415,45
2026-04-13T13:32:00,0.58415,0.58415,0.584,0.584,14
2026-04-13T13:33:00,0.58395,0.58415,0.58395,0.58415,29
2026-04-13T13:34:00,0.5841,0.58415,0.5841,0.58415,11
2026-04-13T13:35:00,0.5842,0.5842,0.58415,0.58415,8
2026-04-13T13:36:00,0.5841,0.58415,0.58395,0.58395,18
2026-04-13T13:37:00,0.584,0.5841,0.584,0.58405,24
2026-04-13T13:38:00,0.5841,0.5841,0.584,0.584,16
2026-04-13T13:39:00,0.58405,0.5841,0.584,0.584,13
2026-04-13T13:40:00,0.58395,0.58405,0.58395,0.58405,24
2026-04-13T13:41:00,0.58405,0.5841,0.58405,0.58405,10
2026-04-13T13:42:00,0.58405,0.5843,0.58405,0.5842,34
2026-04-13T13:43:00,0.5843,0.58445,0.5843,0.58445,5
2026-04-13T13:44:00,0.58435,0.58435,0.5842,0.58425,16
2026-04-13T13:45:00,0.58425,0.5843,0.58425,0.5843,9
2026-04-13T13:46:00,0.58425,0.58435,0.58425,0.58435,78
2026-04-13T13:47:00,0.58435,0.5844,0.58435,0.58435,61
2026-04-13T13:48:00,0.58435,0.585,0.58435,0.58465,218
2026-04-13T13:49:00,0.58465,0.5852,0.5846,0.58515,174
2026-04-13T13:50:00,0.58515,0.5855,0.5851,0.58545,123
2026-04-13T13:51:00,0.5854,0.5854,0.58485,0.58485,176
2026-04-13T13:52:00,0.58485,0.58495,0.5848,0.5848,47
2026-04-13T13:53:00,0.5848,0.58485,0.5847,0.5848,49
2026-04-13T13:54:00,0.5848,0.5849,0.5848,0.58485,32
2026-04-13T13:55:00,0.5849,0.58495,0.5848,0.58485,63
2026-04-13T13:56:00,0.58485,0.58485,0.58475,0.58475,31
2026-04-13T13:57:00,0.5847,0.5848,0.5846,0.5848,43
2026-04-13T13:58:00,0.5848,0.5848,0.5847,0.58475,10
2026-04-13T13:59:00,0.58475,0.58495,0.58475,0.5849,18
2026-04-13T14:00:00,0.58495,0.58505,0.58485,0.58505,50
2026-04-13T14:01:00,0.58505,0.58505,0.58485,0.58485,23
2026-04-13T14:02:00,0.5849,0.5849,0.5848,0.5848,12
2026-04-13T14:03:00,0.5848,0.58485,0.5847,0.5848,22
2026-04-13T14:04:00,0.58485,0.58495,0.58485,0.5849,25
2026-04-13T14:05:00,0.58485,0.5849,0.58475,0.58475,25
2026-04-13T14:06:00,0.5847,0.5848,0.5847,0.5848,7
2026-04-13T14:07:00,0.58485,0.58495,0.5848,0.58495,70
2026-04-13T14:08:00,0.58485,0.58485,0.5848,0.58485,29
2026-04-13T14:09:00,0.58485,0.58495,0.58485,0.58495,9
2026-04-13T14:10:00,0.58505,0.5851,0.585,0.58505,31
2026-04-13T14:11:00,0.58515,0.5852,0.5851,0.5851,37
2026-04-13T14:12:00,0.58515,0.58515,0.5851,0.5851,13
2026-04-13T14:13:00,0.58515,0.5852,0.5851,0.5851,15
2026-04-13T14:14:00,0.58515,0.58525,0.58515,0.5852,24
2026-04-13T14:15:00,0.5852,0.58525,0.58515,0.58515,30
2026-04-13T14:16:00,0.58515,0.5852,0.58515,0.5852,61
2026-04-13T14:17:00,0.58525,0.58525,0.58515,0.58515,61
2026-04-13T14:18:00,0.58515,0.58525,0.58515,0.58525,51
2026-04-13T14:19:00,0.5853,0.5855,0.5853,0.5855,94
2026-04-13T14:20:00,0.5855,0.58565,0.5855,0.58565,76
2026-04-13T14:21:00,0.58565,0.58575,0.58565,0.58575,42
2026-04-13T14:22:00,0.58585,0.586,0.5858,0.58585,261
2026-04-13T14:23:00,0.58585,0.58585,0.58515,0.5856,378
2026-04-13T14:24:00,0.5856,0.58585,0.5856,0.58585,23
2026-04-13T14:25:00,0.58585,0.58585,0.58575,0.5858,62
2026-04-13T14:26:00,0.58575,0.58585,0.58575,0.5858,42
2026-04-13T14:27:00,0.58585,0.58585,0.58575,0.5858,25
2026-04-13T14:28:00,0.5858,0.58585,0.58565,0.58575,75
2026-04-13T14:29:00,0.58575,0.58585,0.58575,0.58585,38
2026-04-13T14:30:00,0.5859,0.5859,0.58575,0.5858,58
2026-04-13T14:31:00,0.5858,0.5858,0.58575,0.5858,47
2026-04-13T14:32:00,0.58585,0.58585,0.5857,0.5857,37
2026-04-13T14:33:00,0.5857,0.58585,0.5857,0.58585,34
2026-04-13T14:34:00,0.58585,0.58595,0.58585,0.5859,59
2026-04-13T14:35:00,0.5859,0.58595,0.58585,0.58585,18
2026-04-13T14:36:00,0.58585,0.5859,0.5858,0.58585,21
2026-04-13T14:37:00,0.5858,0.5858,0.5857,0.58575,39
2026-04-13T14:38:00,0.5857,0.58575,0.5857,0.58575,26
2026-04-13T14:39:00,0.5857,0.58575,0.5857,0.58575,13
2026-04-13T14:40:00,0.58585,0.5859,0.58585,0.5859,19
2026-04-13T14:41:00,0.5859,0.58595,0.5859,0.58595,40
2026-04-13T14:42:00,0.58595,0.58595,0.5859,0.5859,18
2026-04-13T14:43:00,0.58595,0.586,0.58595,0.586,18
2026-04-13T14:44:00,0.586,0.5861,0.586,0.5861,37
2026-04-13T14:45:00,0.58605,0.58605,0.58605,0.58605,39
2026-04-13T14:46:00,0.586,0.58605,0.58595,0.58605,28
2026-04-13T14:47:00,0.586,0.5861,0.5859,0.5859,53
2026-04-13T14:48:00,0.58585,0.5859,0.5858,0.5858,15
2026-04-13T14:49:00,0.5858,0.5858,0.5856,0.5856,121
2026-04-13T14:50:00,0.5856,0.5856,0.58555,0.5856,47
2026-04-13T14:51:00,0.5855,0.5856,0.5855,0.5856,21
2026-04-13T14:52:00,0.5856,0.58575,0.5856,0.5857,32
2026-04-13T14:53:00,0.58565,0.5857,0.58565,0.5857,24
2026-04-13T14:54:00,0.5857,0.58575,0.5857,0.58575,18
2026-04-13T14:55:00,0.58575,0.5858,0.58565,0.5857,135
2026-04-13T14:56:00,0.58565,0.58565,0.5856,0.58565,39
2026-04-13T14:57:00,0.58565,0.58595,0.5856,0.58595,147
2026-04-13T14:58:00,0.586,0.586,0.58585,0.5859,201
2026-04-13T14:59:00,0.58585,0.5859,0.5858,0.58585,102
2026-04-13T15:00:00,0.58585,0.58585,0.5856,0.5857,211
2026-04-13T15:01:00,0.58575,0.5858,0.5857,0.5858,37
2026-04-13T15:02:00,0.58585,0.58585,0.58555,0.58565,169
2026-04-13T15:03:00,0.58565,0.5857,0.5856,0.58565,136
2026-04-13T15:04:00,0.5856,0.58565,0.5855,0.58555,32
2026-04-13T15:05:00,0.58555,0.58555,0.58545,0.5855,40
2026-04-13T15:06:00,0.5855,0.5857,0.5854,0.58565,47
2026-04-13T15:07:00,0.5857,0.58575,0.58565,0.58565,20
2026-04-13T15:08:00,0.5856,0.5856,0.58555,0.58555,2
2026-04-13T15:09:00,0.5856,0.5856,0.58555,0.5856,19
2026-04-13T15:10:00,0.5856,0.5856,0.5855,0.58555,26
2026-04-13T15:11:00,0.58555,0.58565,0.58555,0.58565,18
2026-04-13T15:12:00,0.58565,0.58565,0.5856,0.58565,4
2026-04-13T15:13:00,0.5856,0.5856,0.5856,0.5856,3
2026-04-13T15:14:00,0.5856,0.58565,0.5856,0.58565,3
2026-04-13T15:15:00,0.5857,0.5857,0.5857,0.5857,13
2026-04-13T15:16:00,0.58565,0.58565,0.5856,0.5856,14
2026-04-13T15:17:00,0.58565,0.58565,0.58565,0.58565,4
2026-04-13T15:18:00,0.58565,0.58565,0.58555,0.58555,23
2026-04-13T15:19:00,0.58555,0.58555,0.58545,0.58545,17
2026-04-13T15:20:00,0.58545,0.5855,0.58545,0.5855,36
2026-04-13T15:21:00,0.58545,0.5855,0.58545,0.58545,9
2026-04-13T15:22:00,0.5854,0.5854,0.5854,0.5854,16
2026-04-13T15:23:00,0.58535,0.58545,0.5853,0.58545,21
2026-04-13T15:24:00,0.58545,0.58545,0.58545,0.58545,6
2026-04-13T15:25:00,0.58535,0.58545,0.58535,0.58545,17
2026-04-13T15:26:00,0.5854,0.5854,0.5853,0.5853,7
2026-04-13T15:27:00,0.5853,0.5853,0.58525,0.5853,11
2026-04-13T15:28:00,0.58535,0.58535,0.58535,0.58535,5
2026-04-13T15:29:00,0.58535,0.5854,0.58535,0.5854,15
2026-04-13T15:30:00,0.5853,0.5853,0.5852,0.58525,9
2026-04-13T15:31:00,0.58525,0.58525,0.58505,0.58505,14
2026-04-13T15:32:00,0.58515,0.58515,0.58515,0.58515,8
2026-04-13T15:33:00,0.5852,0.5852,0.5852,0.5852,12
2026-04-13T15:34:00,0.58515,0.5852,0.58515,0.5852,14
2026-04-13T15:35:00,0.58525,0.58525,0.58525,0.58525,18
2026-04-13T15:36:00,0.58525,0.5853,0.5852,0.5853,15
2026-04-13T15:37:00,0.5854,0.58545,0.5854,0.58545,6
2026-04-13T15:38:00,0.5854,0.5858,0.5854,0.58545,117
2026-04-13T15:39:00,0.5855,0.5855,0.58545,0.58545,13
2026-04-13T15:40:00,0.58545,0.58545,0.5854,0.58545,15
2026-04-13T15:41:00,0.58545,0.58545,0.5854,0.5854,11
2026-04-13T15:42:00,0.58545,0.58545,0.58535,0.58535,13
2026-04-13T15:43:00,0.58535,0.58535,0.58535,0.58535,5
2026-04-13T15:44:00,0.58535,0.58535,0.58535,0.58535,4
2026-04-13T15:45:00,0.58535,0.58535,0.58535,0.58535,1
2026-04-13T15:46:00,0.58525,0.58535,0.58525,0.58535,9
2026-04-13T15:47:00,0.5854,0.5854,0.5854,0.5854,4
2026-04-13T15:48:00,0.5854,0.5854,0.5854,0.5854,2
2026-04-13T15:49:00,0.58535,0.5854,0.58535,0.5854,8
2026-04-13T15:50:00,0.5854,0.58545,0.5854,0.58545,9
2026-04-13T15:51:00,0.5854,0.58545,0.5854,0.5854,27
2026-04-13T15:52:00,0.5854,0.5854,0.5854,0.5854,14
2026-04-13T15:53:00,0.5854,0.5854,0.5854,0.5854,3
2026-04-13T15:54:00,0.58535,0.58535,0.58535,0.58535,1
2026-04-13T15:55:00,0.5853,0.5853,0.5853,0.5853,9
2026-04-13T15:56:00,0.58525,0.5854,0.58525,0.58535,10
2026-04-13T15:57:00,0.5853,0.5853,0.58525,0.58525,12
2026-04-13T15:58:00,0.58535,0.5854,0.58535,0.5854,9
2026-04-13T15:59:00,0.58535,0.58535,0.58535,0.58535,1
2026-04-13T16:00:00,0.58545,0.58545,0.5854,0.58545,22
2026-04-13T16:01:00,0.5854,0.5854,0.5854,0.5854,5
2026-04-13T16:02:00,0.5854,0.5854,0.5853,0.5853,5
2026-04-13T16:03:00,0.58525,0.58525,0.5852,0.58525,19
2026-04-13T16:04:00,0.58525,0.58525,0.5852,0.5852,33
2026-04-13T16:05:00,0.58525,0.58525,0.5852,0.5852,12
2026-04-13T16:06:00,0.58525,0.58585,0.58525,0.58575,207
2026-04-13T16:07:00,0.58555,0.58555,0.58525,0.58525,58
2026-04-13T16:08:00,0.5852,0.58525,0.5852,0.58525,6
2026-04-13T16:09:00,0.5853,0.5853,0.58525,0.58525,44
2026-04-13T16:11:00,0.5853,0.5854,0.5853,0.5854,10
2026-04-13T16:12:00,0.5854,0.5854,0.5853,0.58535,8
2026-04-13T16:13:00,0.58535,0.58535,0.5853,0.5853,2
2026-04-13T16:14:00,0.58535,0.58535,0.58535,0.58535,3
2026-04-13T16:15:00,0.58545,0.5855,0.58545,0.58545,11
2026-04-13T16:16:00,0.58545,0.5855,0.58545,0.5855,12
2026-04-13T16:17:00,0.58545,0.58555,0.58545,0.58555,20
2026-04-13T16:18:00,0.5855,0.5856,0.5855,0.5856,8
2026-04-13T16:19:00,0.58555,0.58555,0.5855,0.5855,13
2026-04-13T16:20:00,0.58555,0.58585,0.58555,0.5856,219
2026-04-13T16:21:00,0.58555,0.5856,0.5855,0.5856,15
2026-04-13T16:22:00,0.58555,0.5856,0.58555,0.5856,15
2026-04-13T16:23:00,0.58565,0.5857,0.58565,0.5857,14
2026-04-13T16:24:00,0.5857,0.58575,0.5857,0.58575,4
2026-04-13T16:25:00,0.58575,0.5858,0.58575,0.5858,9
2026-04-13T16:26:00,0.5859,0.5859,0.5859,0.5859,3
2026-04-13T16:27:00,0.58585,0.5859,0.58585,0.5859,5
2026-04-13T16:28:00,0.58595,0.58595,0.5859,0.5859,6
2026-04-13T16:29:00,0.586,0.5862,0.586,0.58605,57
2026-04-13T16:30:00,0.58605,0.5862,0.58605,0.5862,62
2026-04-13T16:31:00,0.58615,0.58625,0.58615,0.5862,9
2026-04-13T16:32:00,0.5862,0.5862,0.58615,0.58615,31
2026-04-13T16:33:00,0.58615,0.58655,0.58615,0.58635,286
2026-04-13T16:34:00,0.58635,0.58635,0.5863,0.5863,53
2026-04-13T16:35:00,0.5863,0.58665,0.5863,0.58655,161
2026-04-13T16:36:00,0.5865,0.5865,0.5864,0.58645,182
2026-04-13T16:37:00,0.58645,0.5865,0.58645,0.5865,23
2026-04-13T16:38:00,0.5865,0.58655,0.5865,0.5865,24
2026-04-13T16:39:00,0.5864,0.58675,0.5864,0.58665,71
2026-04-13T16:40:00,0.5865,0.5869,0.5865,0.5868,92
2026-04-13T16:41:00,0.58675,0.5869,0.5865,0.58655,170
2026-04-13T16:42:00,0.58655,0.58655,0.5863,0.5864,48
2026-04-13T16:43:00,0.58645,0.5867,0.58645,0.5867,14
2026-04-13T16:44:00,0.58675,0.58685,0.58675,0.5868,11
2026-04-13T16:45:00,0.58685,0.5869,0.5868,0.5869,13
2026-04-13T16:46:00,0.5868,0.58685,0.5868,0.5868,12
2026-04-13T16:47:00,0.5868,0.58715,0.5868,0.587,168
2026-04-13T16:48:00,0.587,0.58705,0.587,0.58705,42
2026-04-13T16:49:00,0.587,0.587,0.58695,0.58695,23
2026-04-13T16:50:00,0.58695,0.5872,0.58695,0.58715,73
2026-04-13T16:51:00,0.5872,0.5872,0.5872,0.5872,51
2026-04-13T16:52:00,0.5871,0.5871,0.587,0.587,30
2026-04-13T16:53:00,0.5869,0.5869,0.5869,0.5869,2
2026-04-13T16:54:00,0.58685,0.5869,0.58685,0.5869,41
2026-04-13T16:55:00,0.58685,0.58685,0.58675,0.58675,20
2026-04-13T16:56:00,0.5869,0.58695,0.5869,0.58695,17
2026-04-13T16:57:00,0.58695,0.58695,0.58685,0.58685,7
2026-04-13T16:58:00,0.58695,0.58695,0.58695,0.58695,8
2026-04-13T17:00:00,0.58705,0.58705,0.58705,0.58705,6
2026-04-13T17:01:00,0.58705,0.58705,0.587,0.58705,7
2026-04-13T17:02:00,0.58715,0.58715,0.5871,0.58715,17
2026-04-13T17:03:00,0.5872,0.5872,0.5872,0.5872,4
2026-04-13T17:04:00,0.5872,0.5872,0.5872,0.5872,8
2026-04-13T17:05:00,0.5872,0.5872,0.58715,0.58715,18
2026-04-13T17:06:00,0.5871,0.5872,0.5871,0.5872,3
2026-04-13T17:07:00,0.58705,0.5871,0.58705,0.5871,17
2026-04-13T17:08:00,0.5871,0.5871,0.58705,0.58705,6
2026-04-13T17:09:00,0.5871,0.5871,0.5871,0.5871,3
2026-04-13T17:10:00,0.58715,0.58715,0.5871,0.58715,12
2026-04-13T17:11:00,0.58715,0.58725,0.58715,0.5872,16
2026-04-13T17:12:00,0.58725,0.5874,0.5872,0.58735,66
2026-04-13T17:13:00,0.58735,0.5874,0.5873,0.58735,24
2026-04-13T17:14:00,0.5874,0.5874,0.58735,0.5874,27
2026-04-13T17:15:00,0.5874,0.5874,0.58735,0.5874,15
2026-04-13T17:16:00,0.5874,0.58745,0.5874,0.58745,15
2026-04-13T17:17:00,0.5875,0.5876,0.5875,0.58755,161
2026-04-13T17:18:00,0.5876,0.5877,0.5875,0.5877,15
2026-04-13T17:19:00,0.58775,0.5878,0.58755,0.5876,85
2026-04-13T17:20:00,0.5875,0.5875,0.58745,0.58745,36
2026-04-13T17:21:00,0.58745,0.5875,0.58745,0.5875,9
2026-04-13T17:22:00,0.5875,0.5876,0.5875,0.5876,30
2026-04-13T17:23:00,0.58755,0.58755,0.58755,0.58755,24
2026-04-13T17:24:00,0.58755,0.58755,0.58755,0.58755,3
2026-04-13T17:26:00,0.5876,0.58765,0.58755,0.58765,10
2026-04-13T17:27:00,0.58765,0.5877,0.5876,0.5876,24
2026-04-13T17:28:00,0.5876,0.5876,0.58755,0.58755,19
2026-04-13T17:29:00,0.5876,0.5876,0.58755,0.5876,26
2026-04-13T17:30:00,0.58755,0.5876,0.58755,0.5876,5
2026-04-13T17:31:00,0.5876,0.58765,0.5876,0.58765,3
2026-04-13T17:32:00,0.5876,0.5876,0.5876,0.5876,3
2026-04-13T17:33:00,0.58755,0.58755,0.58755,0.58755,19
2026-04-13T17:34:00,0.5875,0.58755,0.5875,0.58755,13
2026-04-13T17:35:00,0.58755,0.58755,0.5875,0.5875,5
2026-04-13T17:36:00,0.5875,0.5875,0.5875,0.5875,20
2026-04-13T17:37:00,0.5875,0.5875,0.5875,0.5875,6
2026-04-13T17:38:00,0.5875,0.5875,0.5875,0.5875,2
2026-04-13T17:39:00,0.5876,0.5876,0.5876,0.5876,2
2026-04-13T17:40:00,0.58755,0.58755,0.58745,0.58745,16
2026-04-13T17:41:00,0.5874,0.58745,0.5874,0.5874,6
2026-04-13T17:42:00,0.58745,0.58745,0.5874,0.58745,7
2026-04-13T17:44:00,0.58745,0.58745,0.5874,0.5874,3
2026-04-13T17:45:00,0.5874,0.5874,0.58735,0.5874,8
2026-04-13T17:46:00,0.58735,0.5875,0.58735,0.5875,15
2026-04-13T17:47:00,0.5875,0.5875,0.5875,0.5875,21
2026-04-13T17:48:00,0.5875,0.5875,0.5875,0.5875,12
2026-04-13T17:50:00,0.5875,0.5875,0.5874,0.5874,3
2026-04-13T17:51:00,0.58735,0.5874,0.58735,0.5874,9
2026-04-13T17:52:00,0.58745,0.58745,0.58745,0.58745,4
2026-04-13T17:53:00,0.5874,0.5874,0.5874,0.5874,1
2026-04-13T17:55:00,0.5874,0.58745,0.5874,0.58745,8
2026-04-13T17:56:00,0.5875,0.5875,0.5875,0.5875,14
2026-04-13T17:57:00,0.58745,0.58745,0.58745,0.58745,12
2026-04-13T17:59:00,0.5875,0.5875,0.5875,0.5875,1
2026-04-13T18:01:00,0.5875,0.58755,0.5875,0.58755,3
2026-04-13T18:02:00,0.5875,0.5876,0.5875,0.5876,12
2026-04-13T18:03:00,0.58765,0.58765,0.58765,0.58765,7
2026-04-13T18:04:00,0.5877,0.5877,0.58765,0.58765,8
2026-04-13T18:05:00,0.5876,0.5876,0.5876,0.5876,28
2026-04-13T18:06:00,0.58765,0.58765,0.58765,0.58765,1
2026-04-13T18:07:00,0.5876,0.5876,0.5876,0.5876,4
2026-04-13T18:09:00,0.5876,0.5876,0.5876,0.5876,5
2026-04-13T18:10:00,0.5876,0.5876,0.5876,0.5876,13
2026-04-13T18:11:00,0.58765,0.5877,0.58765,0.5877,14
2026-04-13T18:12:00,0.5877,0.5877,0.5877,0.5877,8
2026-04-13T18:13:00,0.5877,0.5877,0.5877,0.5877,7
2026-04-13T18:16:00,0.58765,0.5877,0.58765,0.58765,31
2026-04-13T18:17:00,0.58765,0.58765,0.58765,0.58765,3
2026-04-13T18:18:00,0.58765,0.58765,0.58765,0.58765,4
2026-04-13T18:19:00,0.58765,0.58765,0.5876,0.5876,10
2026-04-13T18:20:00,0.5876,0.5876,0.5876,0.5876,2
2026-04-13T18:21:00,0.58755,0.58755,0.58755,0.58755,4
2026-04-13T18:22:00,0.5876,0.5876,0.5876,0.5876,12
2026-04-13T18:24:00,0.5876,0.5876,0.5876,0.5876,2
2026-04-13T18:25:00,0.58755,0.58755,0.5875,0.5875,14
2026-04-13T18:26:00,0.5875,0.5875,0.5875,0.5875,9
2026-04-13T18:27:00,0.58745,0.58755,0.58745,0.58745,57
2026-04-13T18:28:00,0.58745,0.58765,0.58745,0.58755,95
2026-04-13T18:29:00,0.58755,0.5876,0.5875,0.5875,21
2026-04-13T18:30:00,0.5875,0.58755,0.5875,0.58755,50
2026-04-13T18:31:00,0.58755,0.5878,0.58755,0.58775,101
2026-04-13T18:32:00,0.5877,0.5878,0.5877,0.5878,17
2026-04-13T18:33:00,0.58785,0.58785,0.58785,0.58785,8
2026-04-13T18:34:00,0.58785,0.588,0.58785,0.58795,12
2026-04-13T18:35:00,0.58785,0.5879,0.58785,0.5879,13
2026-04-13T18:36:00,0.5879,0.58795,0.5879,0.58795,11
2026-04-13T18:37:00,0.588,0.588,0.588,0.588,23
2026-04-13T18:38:00,0.58795,0.588,0.58795,0.588,4
2026-04-13T18:39:00,0.588,0.588,0.58795,0.58795,6
2026-04-13T18:40:00,0.588,0.588,0.588,0.588,4
2026-04-13T18:41:00,0.58795,0.58795,0.58795,0.58795,1
2026-04-13T18:42:00,0.5879,0.5879,0.58785,0.5879,21
2026-04-13T18:43:00,0.5879,0.588,0.58785,0.58795,70
2026-04-13T18:44:00,0.58795,0.58795,0.5879,0.5879,7
2026-04-13T18:45:00,0.588,0.5881,0.588,0.5881,24
2026-04-13T18:46:00,0.5881,0.5881,0.58805,0.5881,6
2026-04-13T18:47:00,0.5881,0.5881,0.5881,0.5881,5
2026-04-13T18:48:00,0.58815,0.5882,0.58815,0.58815,27
2026-04-13T18:49:00,0.58815,0.58815,0.58815,0.58815,16
2026-04-13T18:50:00,0.58815,0.58815,0.58815,0.58815,13
2026-04-13T18:51:00,0.5881,0.58825,0.5881,0.58825,50
2026-04-13T18:52:00,0.58825,0.5884,0.58825,0.58835,135
2026-04-13T18:53:00,0.5884,0.5885,0.5884,0.58845,79
2026-04-13T18:54:00,0.58835,0.58845,0.58835,0.58845,46
2026-04-13T18:55:00,0.58845,0.5885,0.58845,0.5885,81
2026-04-13T18:56:00,0.5885,0.5885,0.5885,0.5885,4
2026-04-13T18:57:00,0.5885,0.58855,0.58845,0.58855,56
2026-04-13T18:58:00,0.58845,0.58855,0.58845,0.5885,45
2026-04-13T18:59:00,0.5885,0.58855,0.58845,0.58855,472
2026-04-13T19:00:00,0.5885,0.58855,0.5885,0.5885,137
2026-04-13T19:01:00,0.5885,0.5885,0.58845,0.5885,15
2026-04-13T19:02:00,0.5885,0.5885,0.5884,0.5884,26
2026-04-13T19:03:00,0.5884,0.5884,0.5884,0.5884,1
2026-04-13T19:04:00,0.58835,0.58835,0.58835,0.58835,27
2026-04-13T19:05:00,0.58825,0.5883,0.58825,0.5883,33
2026-04-13T19:06:00,0.58835,0.58835,0.5883,0.5883,12
2026-04-13T19:07:00,0.58825,0.58825,0.58815,0.58815,3
2026-04-13T19:08:00,0.58815,0.5882,0.58815,0.5882,5
2026-04-13T19:09:00,0.5882,0.58825,0.5882,0.58825,5
2026-04-13T19:10:00,0.58825,0.58825,0.58825,0.58825,3
2026-04-13T19:11:00,0.58825,0.58825,0.58825,0.58825,10
2026-04-13T19:12:00,0.58825,0.58825,0.58825,0.58825,2
2026-04-13T19:13:00,0.58825,0.5883,0.5882,0.5882,17
2026-04-13T19:14:00,0.58825,0.58825,0.58825,0.58825,4
2026-04-13T19:15:00,0.58825,0.58825,0.58825,0.58825,17
2026-04-13T19:16:00,0.58825,0.58825,0.58825,0.58825,1
2026-04-13T19:18:00,0.5883,0.5883,0.5883,0.5883,3
2026-04-13T19:19:00,0.5883,0.5883,0.58825,0.58825,26
2026-04-13T19:20:00,0.5882,0.5882,0.58815,0.58815,47
2026-04-13T19:21:00,0.5882,0.5882,0.5882,0.5882,6
2026-04-13T19:22:00,0.58825,0.58825,0.58825,0.58825,4
2026-04-13T19:23:00,0.5883,0.5883,0.5883,0.5883,5
2026-04-13T19:24:00,0.58825,0.58825,0.58825,0.58825,2
2026-04-13T19:26:00,0.5883,0.5883,0.5883,0.5883,29
2026-04-13T19:27:00,0.58835,0.58835,0.58835,0.58835,4
2026-04-13T19:28:00,0.58835,0.58835,0.58835,0.58835,6
2026-04-13T19:29:00,0.58835,0.58835,0.58835,0.58835,1
2026-04-13T19:30:00,0.5883,0.58835,0.58825,0.58835,9
2026-04-13T19:31:00,0.5884,0.5884,0.5884,0.5884,1
2026-04-13T19:32:00,0.5884,0.5884,0.5884,0.5884,5
2026-04-13T19:33:00,0.58835,0.58835,0.5883,0.5883,11
2026-04-13T19:34:00,0.5883,0.5883,0.5883,0.5883,4
2026-04-13T19:35:00,0.58825,0.5883,0.58825,0.5883,31
2026-04-13T19:37:00,0.5883,0.5883,0.5883,0.5883,6
2026-04-13T19:38:00,0.58825,0.58825,0.5882,0.5882,12
2026-04-13T19:39:00,0.5882,0.58825,0.5882,0.58825,23
2026-04-13T19:40:00,0.5882,0.5882,0.58815,0.58815,88
2026-04-13T19:41:00,0.58815,0.58815,0.5881,0.5881,12
2026-04-13T19:42:00,0.58805,0.58805,0.58805,0.58805,21
2026-04-13T19:43:00,0.58805,0.58805,0.58805,0.58805,14
2026-04-13T19:44:00,0.5881,0.5881,0.5881,0.5881,6
2026-04-13T19:45:00,0.58805,0.58805,0.58805,0.58805,8
2026-04-13T19:46:00,0.58805,0.58805,0.58805,0.58805,2
2026-04-13T19:47:00,0.588,0.588,0.58795,0.58795,45
2026-04-13T19:48:00,0.588,0.588,0.58795,0.58795,11
2026-04-13T19:49:00,0.588,0.58805,0.588,0.588,8
2026-04-13T19:50:00,0.58805,0.58815,0.58805,0.58815,89
2026-04-13T19:51:00,0.58815,0.58815,0.58815,0.58815,6
2026-04-13T19:52:00,0.58815,0.58815,0.58815,0.58815,3
2026-04-13T19:53:00,0.58815,0.58815,0.58815,0.58815,41
2026-04-13T19:54:00,0.58815,0.58815,0.58815,0.58815,5
2026-04-13T19:55:00,0.58815,0.58815,0.5881,0.5881,11
2026-04-13T19:56:00,0.58805,0.58815,0.58805,0.58815,11
2026-04-13T19:58:00,0.5881,0.58815,0.5881,0.58815,10
2026-04-13T19:59:00,0.58815,0.58815,0.58805,0.58805,66
2026-04-13T20:00:00,0.5881,0.5881,0.5881,0.5881,13
2026-04-13T20:01:00,0.58805,0.58805,0.58805,0.58805,21
2026-04-13T20:02:00,0.5881,0.5881,0.5881,0.5881,1
2026-04-13T20:05:00,0.58815,0.58815,0.58815,0.58815,4
2026-04-13T20:07:00,0.58815,0.58815,0.58815,0.58815,1
2026-04-13T20:12:00,0.58815,0.58815,0.58815,0.58815,10
2026-04-13T20:14:00,0.5881,0.5881,0.58805,0.58805,20
2026-04-13T20:15:00,0.5881,0.5881,0.5881,0.5881,8
2026-04-13T20:17:00,0.5881,0.58815,0.5881,0.58815,16
2026-04-13T20:18:00,0.58815,0.58815,0.58815,0.58815,1
2026-04-13T20:20:00,0.58815,0.58815,0.58815,0.58815,1
2026-04-13T20:22:00,0.5881,0.5881,0.5881,0.5881,4
2026-04-13T20:29:00,0.58805,0.5881,0.58805,0.5881,4
2026-04-13T20:30:00,0.5881,0.5881,0.5881,0.5881,7
2026-04-13T20:31:00,0.58805,0.58805,0.58805,0.58805,4
2026-04-13T20:34:00,0.588,0.58805,0.588,0.58805,9
2026-04-13T20:35:00,0.5881,0.5881,0.5881,0.5881,2
2026-04-13T20:36:00,0.5881,0.5881,0.58805,0.58805,15
2026-04-13T20:38:00,0.58805,0.58805,0.58805,0.58805,8
2026-04-13T20:39:00,0.58805,0.58805,0.58805,0.58805,1
2026-04-13T20:40:00,0.588,0.58805,0.588,0.58805,10
2026-04-13T20:41:00,0.58805,0.58805,0.588,0.588,3
2026-04-13T20:42:00,0.588,0.58805,0.588,0.588,13
2026-04-13T20:44:00,0.588,0.58805,0.588,0.58805,7
2026-04-13T20:45:00,0.58805,0.58805,0.588,0.588,3
2026-04-13T20:46:00,0.58795,0.588,0.58795,0.588,19
2026-04-13T20:47:00,0.58795,0.58795,0.5879,0.5879,11
2026-04-13T20:48:00,0.5879,0.5879,0.5879,0.5879,6
2026-04-13T20:49:00,0.5879,0.5879,0.5879,0.5879,6
2026-04-13T20:50:00,0.5879,0.5879,0.5879,0.5879,1
2026-04-13T20:51:00,0.58785,0.5879,0.58785,0.5879,8
2026-04-13T20:52:00,0.5879,0.5879,0.5879,0.5879,6
2026-04-13T20:53:00,0.5879,0.58795,0.5879,0.58795,8
2026-04-13T20:54:00,0.58795,0.58795,0.58795,0.58795,2
2026-04-13T20:55:00,0.588,0.588,0.58795,0.58795,32
2026-04-13T20:57:00,0.58795,0.58795,0.58795,0.58795,1
2026-04-13T20:58:00,0.5879,0.58795,0.5879,0.58795,4
2026-04-13T20:59:00,0.58795,0.5881,0.5879,0.58805,54
2026-04-13T22:00:00,0.58835,0.58845,0.5883,0.5884,44
2026-04-13T22:01:00,0.58835,0.58835,0.5883,0.5883,10
2026-04-13T22:02:00,0.58825,0.58825,0.58825,0.58825,1
2026-04-13T22:03:00,0.58825,0.58825,0.58825,0.58825,1
2026-04-13T22:04:00,0.58835,0.58845,0.58835,0.5884,55
2026-04-13T22:05:00,0.5884,0.5884,0.5883,0.5883,15
2026-04-13T22:06:00,0.5883,0.58835,0.5883,0.58835,4
2026-04-13T22:08:00,0.5884,0.5884,0.5884,0.5884,3
2026-04-13T22:10:00,0.5883,0.5883,0.5883,0.5883,4
2026-04-13T22:13:00,0.5881,0.58815,0.5881,0.58815,14
2026-04-13T22:14:00,0.5881,0.5881,0.5881,0.5881,3
2026-04-13T22:16:00,0.58805,0.58805,0.588,0.588,3
2026-04-13T22:18:00,0.588,0.588,0.588,0.588,6
2026-04-13T22:20:00,0.58795,0.5881,0.58795,0.5881,32
2026-04-13T22:23:00,0.5881,0.5881,0.5881,0.5881,3
2026-04-13T22:24:00,0.5881,0.5881,0.58805,0.5881,13
2026-04-13T22:25:00,0.5881,0.58815,0.5881,0.58815,7
2026-04-13T22:30:00,0.5882,0.5882,0.5882,0.5882,18
2026-04-13T22:31:00,0.58815,0.58815,0.58815,0.58815,6
2026-04-13T22:32:00,0.5881,0.5881,0.58805,0.5881,28
2026-04-13T22:34:00,0.58805,0.58805,0.58805,0.58805,2
2026-04-13T22:35:00,0.5881,0.5881,0.5881,0.5881,1
2026-04-13T22:36:00,0.5881,0.5881,0.5881,0.5881,1
2026-04-13T22:37:00,0.58805,0.58805,0.58805,0.58805,16
2026-04-13T22:38:00,0.588,0.588,0.588,0.588,6
2026-04-13T22:39:00,0.588,0.588,0.588,0.588,5
2026-04-13T22:40:00,0.588,0.588,0.588,0.588,2
2026-04-13T22:43:00,0.588,0.588,0.588,0.588,1
2026-04-13T22:44:00,0.588,0.588,0.588,0.588,4
2026-04-13T22:45:00,0.58805,0.5881,0.58805,0.5881,8
2026-04-13T22:47:00,0.5881,0.5881,0.5881,0.5881,3
2026-04-13T22:49:00,0.5881,0.58815,0.5881,0.58815,5
2026-04-13T22:53:00,0.58815,0.58815,0.58815,0.58815,1
2026-04-13T22:56:00,0.5882,0.5882,0.5882,0.5882,2
2026-04-13T22:57:00,0.58815,0.58825,0.5881,0.58825,6
2026-04-13T22:58:00,0.58825,0.58825,0.58825,0.58825,2
2026-04-13T23:03:00,0.5882,0.5882,0.5882,0.5882,1
2026-04-13T23:05:00,0.58835,0.58835,0.58835,0.58835,1
2026-04-13T23:10:00,0.5884,0.5884,0.5884,0.5884,2
2026-04-13T23:13:00,0.58845,0.58845,0.58845,0.58845,1
2026-04-13T23:16:00,0.5884,0.5884,0.5884,0.5884,7
2026-04-13T23:20:00,0.5885,0.58855,0.5885,0.58855,8
2026-04-13T23:21:00,0.58845,0.58845,0.58845,0.58845,5
2026-04-13T23:22:00,0.58845,0.58845,0.58845,0.58845,2
2026-04-13T23:25:00,0.5885,0.5885,0.5885,0.5885,1
2026-04-13T23:27:00,0.5885,0.5885,0.5885,0.5885,1
2026-04-13T23:28:00,0.5885,0.5885,0.5885,0.5885,1
2026-04-13T23:29:00,0.5885,0.5885,0.5885,0.5885,1
