datetime,open,high,low,close,volume
2025-03-21T18:00:00,3019.9,3028.0,3019.6,3024.1,4733
2025-03-21T19:00:00,3024.3,3027.1,3023.0,3025.6,3929
2025-03-21T20:00:00,3025.7,3029.9,3025.6,3028.4,2261
2025-03-23T22:00:00,3055.2,3057.8,3052.0,3057.8,221
2025-03-23T23:00:00,3057.7,3058.6,3055.8,3057.6,138
2025-03-24T00:00:00,3057.1,3058.5,3048.3,3050.0,254
2025-03-24T01:00:00,3050.5,3056.8,3050.4,3052.9,363
2025-03-24T02:00:00,3053.0,3055.3,3046.4,3047.7,248
2025-03-24T03:00:00,3048.1,3050.8,3047.5,3048.7,131
2025-03-24T04:00:00,3049.1,3051.2,3048.7,3050.3,95
2025-03-24T05:00:00,3050.9,3054.4,3050.5,3054.4,205
2025-03-24T06:00:00,3053.5,3057.4,3049.5,3056.6,288
2025-03-24T07:00:00,3056.6,3060.2,3052.3,3054.1,435
2025-03-24T08:00:00,3054.0,3060.6,3053.5,3060.0,250
2025-03-24T09:00:00,3060.7,3062.8,3055.4,3056.9,584
2025-03-24T10:00:00,3056.7,3066.3,3056.7,3061.7,681
2025-03-24T11:00:00,3061.7,3062.3,3057.7,3058.0,244
2025-03-24T12:00:00,3058.0,3061.9,3055.0,3056.9,381
2025-03-24T13:00:00,3056.9,3060.8,3051.6,3055.4,668
2025-03-24T14:00:00,3055.0,3056.7,3041.1,3045.3,1625
2025-03-24T15:00:00,3045.0,3048.8,3038.3,3047.5,855
2025-03-24T16:00:00,3047.6,3049.0,3042.2,3044.0,343
2025-03-24T17:00:00,3042.4,3044.4,3040.9,3041.5,374
2025-03-24T18:00:00,3041.6,3043.0,3036.0,3042.0,429
2025-03-24T19:00:00,3042.0,3043.8,3040.5,3041.9,195
2025-03-24T20:00:00,3041.5,3048.8,3041.3,3046.2,255
2025-03-24T22:00:00,3046.2,3046.6,3042.4,3044.0,311
2025-03-24T23:00:00,3044.3,3044.9,3042.3,3042.5,84
2025-03-25T00:00:00,3042.9,3047.7,3042.5,3047.0,128
2025-03-25T01:00:00,3047.3,3047.4,3043.8,3044.2,187
2025-03-25T02:00:00,3043.8,3044.7,3039.5,3040.7,313
2025-03-25T03:00:00,3041.1,3048.0,3041.0,3047.3,211
2025-03-25T04:00:00,3047.4,3049.0,3046.8,3048.1,169
2025-03-25T05:00:00,3047.7,3053.6,3047.1,3050.6,510
2025-03-25T06:00:00,3050.9,3051.3,3047.5,3050.8,163
2025-03-25T07:00:00,3050.1,3050.1,3043.5,3044.0,270
2025-03-25T08:00:00,3044.6,3054.2,3043.5,3053.4,646
2025-03-25T09:00:00,3053.6,3055.8,3051.4,3055.8,474
2025-03-25T10:00:00,3055.7,3057.9,3053.9,3056.9,821
2025-03-25T11:00:00,3057.4,3059.0,3052.9,3053.2,703
2025-03-25T12:00:00,3053.8,3056.2,3047.5,3055.2,1106
2025-03-25T13:00:00,3054.8,3065.3,3054.3,3062.5,1546
2025-03-25T14:00:00,3063.5,3070.6,3058.3,3058.5,1835
2025-03-25T15:00:00,3058.0,3061.0,3051.7,3055.1,916
2025-03-25T16:00:00,3055.0,3060.2,3055.0,3058.0,300
2025-03-25T17:00:00,3057.2,3057.5,3053.1,3056.3,245
2025-03-25T18:00:00,3056.5,3056.7,3051.9,3052.9,404
2025-03-25T19:00:00,3052.2,3054.7,3051.6,3053.6,310
2025-03-25T20:00:00,3054.1,3055.3,3053.3,3054.3,201
2025-03-25T22:00:00,3054.7,3056.1,3053.5,3054.3,216
2025-03-25T23:00:00,3054.2,3054.4,3053.4,3054.0,104
2025-03-26T00:00:00,3053.9,3054.5,3050.2,3050.4,294
2025-03-26T01:00:00,3050.5,3057.7,3048.8,3057.0,732
2025-03-26T02:00:00,3057.0,3059.3,3055.8,3057.1,538
2025-03-26T03:00:00,3056.8,3056.8,3048.9,3049.4,686
2025-03-26T04:00:00,3049.7,3049.9,3047.2,3048.2,457
2025-03-26T05:00:00,3048.1,3056.1,3046.5,3054.7,999
2025-03-26T06:00:00,3054.6,3058.5,3054.1,3058.1,668
2025-03-26T07:00:00,3058.1,3063.3,3057.0,3063.0,936
2025-03-26T08:00:00,3063.1,3064.6,3056.0,3056.5,835
2025-03-26T09:00:00,3056.6,3056.6,3050.6,3052.6,1018
2025-03-26T10:00:00,3052.5,3059.3,3051.1,3057.8,858
2025-03-26T11:00:00,3057.8,3064.6,3057.6,3061.8,1172
2025-03-26T12:00:00,3061.4,3064.7,3059.0,3061.7,1088
2025-03-26T13:00:00,3061.9,3062.0,3050.8,3051.5,2003
2025-03-26T14:00:00,3051.6,3056.7,3049.8,3052.1,1676
2025-03-26T15:00:00,3052.0,3054.0,3047.2,3051.0,1085
2025-03-26T16:00:00,3051.1,3055.1,3050.9,3051.4,603
2025-03-26T17:00:00,3051.3,3054.9,3050.8,3054.2,413
2025-03-26T18:00:00,3054.5,3056.6,3053.1,3053.5,459
2025-03-26T19:00:00,3053.4,3054.0,3050.2,3052.9,618
2025-03-26T20:00:00,3052.7,3058.0,3052.7,3056.2,462
2025-03-26T22:00:00,3054.2,3056.6,3052.5,3054.5,710
2025-03-26T23:00:00,3054.4,3055.1,3052.0,3054.7,455
2025-03-27T00:00:00,3054.9,3059.2,3054.7,3058.8,815
2025-03-27T01:00:00,3059.1,3061.9,3057.6,3058.2,1310
2025-03-27T02:00:00,3058.1,3067.7,3058.0,3065.9,1673
2025-03-27T03:00:00,3066.0,3068.9,3064.1,3068.4,1274
2025-03-27T04:00:00,3068.3,3073.3,3067.1,3069.1,2122
2025-03-27T05:00:00,3069.2,3071.4,3065.2,3065.9,1560
2025-03-27T06:00:00,3066.1,3069.4,3063.9,3067.7,1709
2025-03-27T07:00:00,3067.6,3076.0,3067.0,3074.5,2114
2025-03-27T08:00:00,3074.9,3076.8,3071.8,3074.9,1947
2025-03-27T09:00:00,3075.1,3078.7,3072.5,3078.2,1823
2025-03-27T10:00:00,3078.1,3095.0,3078.1,3090.7,5747
2025-03-27T11:00:00,3090.8,3094.0,3086.5,3092.8,3228
2025-03-27T12:00:00,3093.1,3094.6,3085.2,3088.1,3652
2025-03-27T13:00:00,3088.3,3090.9,3071.2,3080.1,9328
2025-03-27T14:00:00,3080.2,3101.0,3080.1,3099.3,9819
2025-03-27T15:00:00,3099.5,3102.3,3093.0,3093.8,6688
2025-03-27T16:00:00,3094.0,3097.6,3091.0,3091.5,3381
2025-03-27T17:00:00,3091.7,3096.9,3089.6,3096.6,2536
2025-03-27T18:00:00,3096.4,3099.8,3096.2,3097.9,1363
2025-03-27T19:00:00,3097.9,3099.4,3097.0,3098.9,1023
2025-03-27T20:00:00,3098.9,3099.4,3097.1,3099.2,1022
2025-03-27T22:00:00,3099.7,3100.0,3096.5,3098.3,1503
2025-03-27T23:00:00,3098.2,3099.7,3097.1,3099.3,1500
2025-03-28T00:00:00,3099.1,3105.4,3098.5,3103.0,4153
2025-03-28T01:00:00,3102.8,3114.9,3102.6,3114.8,8294
2025-03-28T02:00:00,3114.7,3117.6,3109.3,3111.4,8191
2025-03-28T03:00:00,3111.5,3116.9,3109.3,3115.5,4138
2025-03-28T04:00:00,3115.4,3115.5,3112.1,3113.3,2478
2025-03-28T05:00:00,3113.5,3120.5,3112.1,3117.1,4940
2025-03-28T06:00:00,3117.0,3123.5,3115.8,3123.1,5930
2025-03-28T07:00:00,3122.9,3124.4,3117.5,3118.1,5562
2025-03-28T08:00:00,3117.9,3120.2,3107.0,3113.5,8365
2025-03-28T09:00:00,3113.4,3114.0,3109.0,3110.9,4846
2025-03-28T10:00:00,3110.9,3112.3,3103.5,3109.7,5357
2025-03-28T11:00:00,3109.6,3116.3,3109.4,3111.8,5432
2025-03-28T12:00:00,3111.8,3118.7,3106.8,3112.7,9466
2025-03-28T13:00:00,3112.7,3119.3,3105.2,3118.4,18159
2025-03-28T14:00:00,3118.4,3122.4,3101.4,3104.3,23443
2025-03-28T15:00:00,3103.8,3120.0,3101.0,3118.3,12624
2025-03-28T16:00:00,3118.2,3121.4,3113.8,3117.7,7507
2025-03-28T17:00:00,3117.8,3119.8,3109.0,3110.5,6237
2025-03-28T18:00:00,3110.6,3113.3,3105.7,3112.1,4319
2025-03-28T19:00:00,3111.8,3114.9,3111.4,3114.2,4474
2025-03-28T20:00:00,3114.3,3119.8,3114.2,3118.0,2567
2025-03-30T22:00:00,3118.8,3128.5,3118.1,3123.1,4694
2025-03-30T23:00:00,3123.0,3125.0,3121.9,3123.3,1997
2025-03-31T00:00:00,3123.5,3124.0,3112.6,3114.8,4964
2025-03-31T01:00:00,3114.7,3129.0,3112.5,3127.5,9297
2025-03-31T02:00:00,3127.6,3140.3,3126.6,3138.7,14734
2025-03-31T03:00:00,3138.8,3143.6,3137.7,3139.0,7805
2025-03-31T04:00:00,3139.1,3147.2,3138.1,3145.0,5688
2025-03-31T05:00:00,3145.1,3152.2,3139.1,3149.1,8045
2025-03-31T06:00:00,3149.1,3158.1,3144.4,3149.3,10539
2025-03-31T07:00:00,3149.4,3157.0,3149.0,3156.8,7119
2025-03-31T08:00:00,3156.4,3159.3,3153.2,3155.0,5490
2025-03-31T09:00:00,3154.9,3156.1,3143.4,3147.8,6553
2025-03-31T10:00:00,3147.8,3156.2,3144.8,3150.5,6469
2025-03-31T11:00:00,3150.5,3151.7,3145.4,3151.5,5655
2025-03-31T12:00:00,3151.4,3160.5,3150.1,3158.2,10419
2025-03-31T13:00:00,3158.0,3158.3,3131.5,3146.5,26479
2025-03-31T14:00:00,3146.3,3157.0,3143.2,3156.7,17353
2025-03-31T15:00:00,3156.6,3161.1,3145.7,3147.0,11652
2025-03-31T16:00:00,3147.0,3155.6,3144.6,3151.5,7408
2025-03-31T17:00:00,3151.4,3153.9,3148.5,3150.3,4164
2025-03-31T18:00:00,3150.2,3156.9,3149.8,3154.9,3865
2025-03-31T19:00:00,3154.9,3157.5,3154.0,3157.1,2910
2025-03-31T20:00:00,3157.2,3158.6,3155.9,3157.6,2305
2025-03-31T22:00:00,3157.1,3158.7,3155.0,3156.5,1400
2025-03-31T23:00:00,3156.6,3160.9,3155.1,3155.4,3125
2025-04-01T00:00:00,3155.5,3162.7,3155.2,3161.8,3463
2025-04-01T01:00:00,3161.5,3170.2,3160.1,3166.2,12649
2025-04-01T02:00:00,3166.0,3174.2,3163.9,3173.2,8398
2025-04-01T03:00:00,3173.2,3177.0,3171.4,3175.5,4977
2025-04-01T04:00:00,3175.7,3177.3,3172.0,3173.8,3441
2025-04-01T05:00:00,3174.0,3176.9,3158.6,3161.0,10194
2025-04-01T06:00:00,3160.9,3164.3,3156.1,3160.5,11526
2025-04-01T07:00:00,3160.4,3164.8,3152.2,3156.1,8645
2025-04-01T08:00:00,3156.1,3163.9,3155.2,3158.0,6040
2025-04-01T09:00:00,3158.0,3161.4,3157.3,3159.6,3159
2025-04-01T10:00:00,3159.7,3168.8,3158.0,3161.4,6575
2025-04-01T11:00:00,3161.3,3165.4,3157.7,3159.5,5271
2025-04-01T12:00:00,3159.4,3165.8,3156.4,3165.1,6801
2025-04-01T13:00:00,3164.9,3167.9,3158.2,3165.0,11895
2025-04-01T14:00:00,3165.8,3167.5,3153.7,3160.0,17532
2025-04-01T15:00:00,3160.0,3164.6,3143.7,3144.0,15579
2025-04-01T16:00:00,3143.9,3146.8,3130.4,3138.5,21076
2025-04-01T17:00:00,3138.8,3147.4,3138.0,3146.8,6406
2025-04-01T18:00:00,3146.7,3150.9,3145.9,3147.2,4590
2025-04-01T19:00:00,3147.1,3151.4,3146.8,3151.0,2888
2025-04-01T20:00:00,3151.0,3154.1,3147.5,3148.6,2340
2025-04-01T22:00:00,3149.2,3149.8,3141.2,3144.8,3056
2025-04-01T23:00:00,3144.9,3147.9,3143.1,3146.8,2244
2025-04-02T00:00:00,3147.0,3153.6,3144.3,3152.4,4491
2025-04-02T01:00:00,3152.5,3163.4,3151.5,3161.0,9326
2025-04-02T02:00:00,3161.4,3164.0,3156.9,3158.0,4703
2025-04-02T03:00:00,3157.9,3161.9,3153.3,3154.4,5115
2025-04-02T04:00:00,3154.3,3155.6,3145.8,3146.5,5146
2025-04-02T05:00:00,3146.7,3148.7,3135.1,3147.5,9990
2025-04-02T06:00:00,3147.5,3148.5,3143.1,3145.9,4349
2025-04-02T07:00:00,3146.0,3155.5,3141.3,3154.6,5552
2025-04-02T08:00:00,3154.7,3166.9,3152.9,3162.7,8989
2025-04-02T09:00:00,3162.8,3164.4,3159.1,3164.2,4930
2025-04-02T10:00:00,3164.3,3164.7,3145.4,3149.6,9418
2025-04-02T11:00:00,3149.6,3158.8,3149.5,3157.1,6813
2025-04-02T12:00:00,3157.2,3163.0,3152.6,3160.5,7930
2025-04-02T13:00:00,3160.1,3170.5,3152.5,3159.2,20749
2025-04-02T14:00:00,3159.3,3167.7,3156.0,3162.6,12372
2025-04-02T15:00:00,3162.8,3167.3,3158.2,3165.3,9001
2025-04-02T16:00:00,3165.5,3177.7,3165.5,3173.9,13737
2025-04-02T17:00:00,3173.9,3173.9,3162.4,3167.6,8869
2025-04-02T18:00:00,3167.6,3169.9,3161.4,3162.9,5092
2025-04-02T19:00:00,3163.0,3167.6,3162.1,3163.1,3220
2025-04-02T20:00:00,3163.1,3201.3,3144.5,3190.5,30191
2025-04-02T22:00:00,3196.6,3197.0,3151.0,3171.9,15085
2025-04-02T23:00:00,3172.0,3193.8,3172.0,3188.3,12064
2025-04-03T00:00:00,3188.3,3190.4,3163.7,3174.5,14786
2025-04-03T01:00:00,3174.8,3187.0,3171.8,3178.2,13770
2025-04-03T02:00:00,3178.1,3180.1,3166.2,3168.8,6840
2025-04-03T03:00:00,3169.0,3174.6,3166.5,3170.9,5380
2025-04-03T04:00:00,3170.8,3172.2,3161.3,3162.3,4052
2025-04-03T05:00:00,3162.5,3162.6,3146.3,3154.1,12157
2025-04-03T06:00:00,3154.3,3156.3,3138.6,3151.2,11544
2025-04-03T07:00:00,3151.0,3154.4,3142.3,3153.5,7405
2025-04-03T08:00:00,3153.3,3156.0,3148.2,3151.7,5447
2025-04-03T09:00:00,3151.6,3151.9,3142.4,3142.7,6680
2025-04-03T10:00:00,3142.9,3143.7,3111.4,3117.8,22167
2025-04-03T11:00:00,3118.0,3120.7,3106.0,3113.4,17684
2025-04-03T12:00:00,3113.2,3115.5,3082.0,3097.0,27721
2025-04-03T13:00:00,3097.0,3115.7,3073.8,3106.2,35410
2025-04-03T14:00:00,3107.0,3159.6,3107.0,3152.4,43304
2025-04-03T15:00:00,3152.1,3152.9,3126.3,3132.2,24132
2025-04-03T16:00:00,3132.5,3136.0,3122.6,3128.7,9628
2025-04-03T17:00:00,3128.5,3131.9,3120.5,3131.5,6782
2025-04-03T18:00:00,3131.5,3132.4,3123.7,3132.1,4417
2025-04-03T19:00:00,3132.3,3133.4,3121.8,3127.2,4999
2025-04-03T20:00:00,3127.2,3142.5,3127.1,3137.6,3706
2025-04-03T22:00:00,3140.8,3140.8,3133.7,3136.9,2506
2025-04-03T23:00:00,3137.0,3138.8,3130.6,3134.5,3058
2025-04-04T00:00:00,3134.4,3136.6,3126.0,3131.1,4118
2025-04-04T01:00:00,3131.3,3137.2,3129.1,3129.4,4426
2025-04-04T02:00:00,3129.8,3132.7,3111.0,3117.5,9056
2025-04-04T03:00:00,3117.4,3119.9,3107.1,3118.9,7565
2025-04-04T04:00:00,3119.0,3126.1,3116.9,3120.6,4977
2025-04-04T05:00:00,3120.2,3129.5,3119.2,3129.4,4352
2025-04-04T06:00:00,3129.4,3130.9,3121.0,3121.5,4612
2025-04-04T07:00:00,3121.5,3124.8,3112.3,3113.1,9131
2025-04-04T08:00:00,3113.0,3114.9,3098.7,3105.2,9661
2025-04-04T09:00:00,3104.8,3117.6,3104.7,3111.4,6536
2025-04-04T10:00:00,3111.5,3138.3,3111.3,3132.2,13412
2025-04-04T11:00:00,3132.4,3160.4,3115.1,3132.1,21958
2025-04-04T12:00:00,3133.0,3134.3,3088.2,3090.5,24372
2025-04-04T13:00:00,3090.8,3091.8,3080.3,3081.3,3742
2025-04-04T14:00:00,3080.9,3080.9,3045.4,3056.3,31710
2025-04-04T15:00:00,3056.5,3068.9,3034.5,3040.3,18896
2025-04-04T16:00:00,3040.6,3056.0,3036.4,3049.7,9245
2025-04-04T17:00:00,3049.7,3051.8,3032.5,3043.6,8223
2025-04-04T18:00:00,3043.4,3045.8,3037.0,3044.6,4137
2025-04-04T19:00:00,3045.1,3062.0,3041.3,3057.6,7594
2025-04-04T20:00:00,3057.6,3061.3,3054.7,3056.0,3020
2025-04-06T22:00:00,3054.5,3054.8,2989.0,3026.5,11782
2025-04-06T23:00:00,3026.1,3034.4,2990.6,3015.3,13113
2025-04-07T00:00:00,3015.0,3025.7,2980.9,2994.7,17741
2025-04-07T01:00:00,2994.2,3082.3,2987.3,3059.3,37518
2025-04-07T02:00:00,3059.2,3077.5,3043.2,3045.3,15139
2025-04-07T03:00:00,3044.3,3051.9,3033.1,3035.3,8642
2025-04-07T04:00:00,3035.3,3052.5,3035.1,3052.2,6094
2025-04-07T05:00:00,3052.1,3060.5,3041.5,3047.5,8483
2025-04-07T06:00:00,3047.5,3049.2,3032.1,3047.9,10493
2025-04-07T07:00:00,3047.7,3049.0,3030.0,3035.5,12036
2025-04-07T08:00:00,3035.9,3052.3,3034.7,3048.5,8189
2025-04-07T09:00:00,3048.5,3049.6,3035.6,3040.6,7702
2025-04-07T10:00:00,3041.2,3053.9,3040.8,3048.6,8001
2025-04-07T11:00:00,3048.2,3064.4,3046.6,3047.5,10331
2025-04-07T12:00:00,3048.0,3050.4,3031.0,3048.6,13655
2025-04-07T13:00:00,3048.2,3051.9,3018.6,3032.4,20688
2025-04-07T14:00:00,3032.5,3056.5,3012.2,3015.1,29125
2025-04-07T15:00:00,3015.5,3021.5,2995.9,3004.1,16592
2025-04-07T16:00:00,3004.0,3004.2,2985.6,2986.4,9322
2025-04-07T17:00:00,2986.2,2991.1,2970.6,2984.3,13659
2025-04-07T18:00:00,2984.2,2991.8,2978.8,2980.6,5132
2025-04-07T19:00:00,2980.6,2998.7,2980.6,2992.3,4566
2025-04-07T20:00:00,2992.3,3001.7,2984.5,2999.1,3564
2025-04-07T22:00:00,2998.9,3004.8,2996.7,3002.6,2412
2025-04-07T23:00:00,3002.6,3003.2,2993.1,2995.3,2785
2025-04-08T00:00:00,2995.1,3006.9,2993.7,2998.8,6181
2025-04-08T01:00:00,2998.8,3017.0,2996.8,3014.1,13724
2025-04-08T02:00:00,3013.9,3018.8,3012.0,3014.9,7114
2025-04-08T03:00:00,3014.8,3015.0,3007.2,3008.6,5087
2025-04-08T04:00:00,3008.6,3017.8,3005.0,3016.7,5766
2025-04-08T05:00:00,3016.6,3022.7,3013.1,3020.6,6066
2025-04-08T06:00:00,3020.6,3030.6,3017.3,3028.4,7805
2025-04-08T07:00:00,3028.5,3030.0,3017.2,3018.2,8434
2025-04-08T08:00:00,3017.9,3024.4,3015.5,3022.7,5270
2025-04-08T09:00:00,3022.6,3023.1,3009.3,3021.7,7186
2025-04-08T10:00:00,3021.9,3026.0,3019.4,3024.6,4422
2025-04-08T11:00:00,3024.6,3036.2,3023.3,3034.1,6446
2025-04-08T12:00:00,3034.2,3035.2,3016.4,3016.9,11422
2025-04-08T13:00:00,3017.0,3038.0,3016.9,3024.9,17518
2025-04-08T14:00:00,3024.7,3033.8,3020.5,3021.0,12764
2025-04-08T15:00:00,3020.8,3026.8,3015.5,3015.8,8348
2025-04-08T16:00:00,3015.8,3015.9,2998.6,3000.4,10779
2025-04-08T17:00:00,3000.6,3002.9,2988.5,2999.8,12050
2025-04-08T18:00:00,2999.6,3007.3,2993.8,2998.2,6272
2025-04-08T19:00:00,2998.0,3002.0,2990.7,2999.0,4725
2025-04-08T20:00:00,2999.0,3000.9,2991.9,2998.0,2471
2025-04-08T22:00:00,2998.0,3000.7,2993.2,2995.4,1857
2025-04-08T23:00:00,2995.6,3005.6,2983.0,2991.5,7248
2025-04-09T00:00:00,2991.9,3001.9,2988.4,2994.0,10001
2025-04-09T01:00:00,2994.2,3023.8,2986.6,3022.7,16351
2025-04-09T02:00:00,3022.5,3025.4,3013.3,3016.7,9278
2025-04-09T03:00:00,3016.4,3024.2,3016.2,3018.8,5165
2025-04-09T04:00:00,3018.7,3031.4,3013.1,3029.0,8653
2025-04-09T05:00:00,3029.0,3038.7,3020.8,3032.0,12168
2025-04-09T06:00:00,3032.1,3058.7,3031.3,3056.8,16756
2025-04-09T07:00:00,3057.0,3071.0,3051.5,3059.0,14162
2025-04-09T08:00:00,3059.0,3069.2,3056.0,3062.2,7593
2025-04-09T09:00:00,3062.2,3067.6,3057.4,3062.1,4714
2025-04-09T10:00:00,3062.2,3064.4,3055.4,3061.1,5150
2025-04-09T11:00:00,3061.3,3087.0,3054.1,3084.2,17185
2025-04-09T12:00:00,3084.7,3091.2,3058.5,3064.3,18530
2025-04-09T13:00:00,3064.1,3095.3,3063.8,3091.8,19044
2025-04-09T14:00:00,3091.8,3103.0,3084.3,3086.3,15631
2025-04-09T15:00:00,3086.3,3104.6,3081.0,3102.0,12262
2025-04-09T16:00:00,3102.4,3112.1,3098.7,3109.5,8508
2025-04-09T17:00:00,3109.7,3116.9,3067.0,3076.0,27005
2025-04-09T18:00:00,3076.5,3090.5,3063.7,3083.7,13038
2025-04-09T19:00:00,3083.7,3118.4,3080.2,3110.4,13295
2025-04-09T20:00:00,3110.4,3113.7,3095.6,3100.0,3954
2025-04-09T22:00:00,3099.6,3103.8,3085.9,3094.1,5801
2025-04-09T23:00:00,3094.4,3103.1,3093.3,3101.5,4731
2025-04-10T00:00:00,3101.4,3117.0,3096.2,3112.2,7965
2025-04-10T01:00:00,3112.0,3116.2,3094.6,3110.3,9898
2025-04-10T02:00:00,3110.4,3136.9,3109.8,3135.2,14294
2025-04-10T03:00:00,3135.1,3147.1,3132.0,3141.3,10039
2025-04-10T04:00:00,3141.5,3144.4,3136.5,3142.0,4562
2025-04-10T05:00:00,3141.7,3149.1,3130.3,3139.3,8692
2025-04-10T06:00:00,3139.2,3142.7,3134.3,3138.5,5779
2025-04-10T07:00:00,3138.5,3139.1,3122.0,3124.7,8718
2025-04-10T08:00:00,3124.8,3131.6,3120.6,3122.3,5873
2025-04-10T09:00:00,3122.1,3134.1,3119.5,3132.5,5121
2025-04-10T10:00:00,3132.8,3140.0,3131.2,3136.9,5106
2025-04-10T11:00:00,3137.3,3143.1,3128.5,3142.3,6014
2025-04-10T12:00:00,3142.4,3151.6,3133.7,3139.7,14263
2025-04-10T13:00:00,3140.0,3154.7,3133.5,3134.5,17277
2025-04-10T14:00:00,3134.3,3173.5,3134.1,3173.0,24357
2025-04-10T15:00:00,3172.8,3193.9,3171.2,3175.2,22004
2025-04-10T16:00:00,3175.1,3185.4,3170.6,3175.4,13406
2025-04-10T17:00:00,3175.6,3183.1,3168.0,3179.6,8836
2025-04-10T18:00:00,3179.5,3194.1,3175.2,3190.9,7325
2025-04-10T19:00:00,3191.0,3193.7,3185.1,3188.9,6044
2025-04-10T20:00:00,3188.7,3195.2,3186.6,3193.8,3889
2025-04-10T22:00:00,3194.1,3211.9,3192.2,3208.4,7914
2025-04-10T23:00:00,3208.5,3211.4,3202.5,3209.2,5523
2025-04-11T00:00:00,3209.1,3237.3,3204.7,3225.7,18011
2025-04-11T01:00:00,3225.5,3240.5,3220.4,3226.3,20351
2025-04-11T02:00:00,3226.1,3240.6,3225.0,3236.2,11311
2025-04-11T03:00:00,3236.1,3240.3,3233.1,3237.2,5982
2025-04-11T04:00:00,3236.9,3237.1,3226.6,3226.9,6084
2025-04-11T05:00:00,3227.0,3238.2,3204.9,3215.2,21434
2025-04-11T06:00:00,3215.0,3227.8,3209.8,3215.4,13927
2025-04-11T07:00:00,3215.5,3231.8,3211.9,3231.0,10425
2025-04-11T08:00:00,3231.4,3246.6,3227.6,3234.3,14720
2025-04-11T09:00:00,3233.9,3248.9,3230.2,3246.4,9790
2025-04-11T10:00:00,3246.5,3255.8,3227.2,3229.4,13719
2025-04-11T11:00:00,3229.6,3243.0,3228.2,3231.2,10581
2025-04-11T12:00:00,3231.1,3252.0,3228.5,3251.0,12262
2025-04-11T13:00:00,3251.2,3262.0,3236.7,3241.6,28596
2025-04-11T14:00:00,3241.0,3255.9,3239.4,3247.1,19840
2025-04-11T15:00:00,3247.0,3258.7,3246.3,3258.3,11960
2025-04-11T16:00:00,3258.4,3262.9,3236.1,3240.7,16080
2025-04-11T17:00:00,3241.1,3253.3,3241.1,3251.9,11245
2025-04-11T18:00:00,3251.9,3256.3,3248.6,3252.9,5915
2025-04-11T19:00:00,3252.8,3253.1,3245.3,3248.1,6349
2025-04-11T20:00:00,3248.1,3257.0,3248.0,3254.9,3673
2025-04-13T22:00:00,3246.7,3254.6,3225.5,3238.3,11158
2025-04-13T23:00:00,3238.0,3241.8,3233.8,3240.5,4240
2025-04-14T00:00:00,3240.6,3244.8,3236.1,3238.1,6325
2025-04-14T01:00:00,3237.9,3259.7,3231.7,3256.2,16121
2025-04-14T02:00:00,3256.0,3261.5,3245.3,3247.9,10819
2025-04-14T03:00:00,3248.0,3250.4,3242.6,3247.7,5235
2025-04-14T04:00:00,3247.8,3250.9,3241.0,3242.5,3740
2025-04-14T05:00:00,3242.4,3251.4,3236.8,3249.7,6379
2025-04-14T06:00:00,3249.7,3253.6,3244.3,3246.5,5150
2025-04-14T07:00:00,3246.7,3249.4,3240.0,3243.3,5505
2025-04-14T08:00:00,3243.3,3246.2,3232.2,3242.7,8183
2025-04-14T09:00:00,3242.7,3247.5,3236.1,3239.9,4625
2025-04-14T10:00:00,3239.9,3240.3,3221.6,3230.4,10459
2025-04-14T11:00:00,3230.4,3242.2,3229.2,3238.9,6919
2025-04-14T12:00:00,3239.2,3244.3,3216.6,3223.4,15566
2025-04-14T13:00:00,3222.9,3227.4,3209.1,3221.3,24184
2025-04-14T14:00:00,3221.0,3232.5,3211.8,3227.9,13469
2025-04-14T15:00:00,3227.9,3227.9,3213.0,3214.6,10623
2025-04-14T16:00:00,3214.8,3224.4,3214.4,3223.5,5953
2025-04-14T17:00:00,3223.6,3232.3,3223.1,3229.6,5856
2025-04-14T18:00:00,3229.6,3230.8,3216.7,3223.7,5354
2025-04-14T19:00:00,3223.8,3228.8,3223.7,3228.1,3452
2025-04-14T20:00:00,3228.4,3229.6,3223.0,3227.1,1985
2025-04-14T22:00:00,3226.3,3231.1,3224.5,3228.1,1625
2025-04-14T23:00:00,3228.1,3230.5,3226.0,3229.1,1668
2025-04-15T00:00:00,3228.7,3231.9,3226.6,3227.7,2425
2025-04-15T01:00:00,3227.4,3242.0,3225.4,3239.5,9304
2025-04-15T02:00:00,3239.6,3240.6,3234.8,3240.0,3874
2025-04-15T03:00:00,3239.8,3245.2,3239.2,3244.4,4521
2025-04-15T04:00:00,3244.6,3249.0,3243.2,3248.3,3627
2025-04-15T05:00:00,3248.3,3248.6,3237.0,3240.4,5678
2025-04-15T06:00:00,3240.4,3244.6,3238.8,3241.1,3654
2025-04-15T07:00:00,3241.1,3242.7,3232.5,3241.2,5933
2025-04-15T08:00:00,3241.3,3247.7,3239.5,3243.5,6013
2025-04-15T09:00:00,3243.5,3246.4,3236.9,3238.7,3817
2025-04-15T10:00:00,3238.8,3243.3,3235.1,3236.2,3613
2025-04-15T11:00:00,3236.3,3239.9,3232.2,3236.0,4057
2025-04-15T12:00:00,3236.3,3242.2,3229.6,3238.1,9967
2025-04-15T13:00:00,3238.0,3242.8,3228.0,3229.7,12562
2025-04-15T14:00:00,3229.9,3243.3,3229.8,3239.1,12807
2025-04-15T15:00:00,3239.3,3240.9,3233.4,3237.7,5992
2025-04-15T16:00:00,3237.7,3239.8,3235.7,3237.6,2807
2025-04-15T17:00:00,3237.6,3247.0,3236.2,3244.0,5431
2025-04-15T18:00:00,3244.0,3246.3,3241.4,3245.4,3305
2025-04-15T19:00:00,3245.4,3248.0,3243.1,3246.8,3046
2025-04-15T20:00:00,3246.8,3250.9,3243.5,3246.9,3319
2025-04-15T22:00:00,3247.0,3258.0,3245.3,3256.9,4575
2025-04-15T23:00:00,3256.9,3269.3,3254.1,3269.1,9512
2025-04-16T00:00:00,3269.1,3285.4,3268.9,3282.0,15642
2025-04-16T01:00:00,3282.3,3291.5,3273.2,3286.2,17870
2025-04-16T02:00:00,3286.3,3291.1,3283.4,3284.2,8092
2025-04-16T03:00:00,3284.1,3298.2,3282.0,3297.7,9527
2025-04-16T04:00:00,3297.7,3304.7,3286.7,3300.5,13764
2025-04-16T05:00:00,3300.5,3308.8,3300.5,3307.5,9854
2025-04-16T06:00:00,3307.4,3311.8,3302.8,3308.2,9292
2025-04-16T07:00:00,3308.2,3317.6,3308.1,3316.3,11236
2025-04-16T08:00:00,3316.4,3333.9,3305.1,3323.8,28708
2025-04-16T09:00:00,3323.8,3327.8,3316.3,3319.7,8947
2025-04-16T10:00:00,3319.8,3322.8,3315.7,3320.1,4853
2025-04-16T11:00:00,3320.2,3330.0,3309.1,3323.3,11859
2025-04-16T12:00:00,3323.2,3329.6,3318.7,3323.1,9791
2025-04-16T13:00:00,3323.1,3333.4,3312.6,3328.0,19613
2025-04-16T14:00:00,3328.2,3336.0,3321.9,3324.1,18156
2025-04-16T15:00:00,3324.3,3344.2,3321.0,3341.2,17368
2025-04-16T16:00:00,3341.0,3348.5,3337.1,3344.3,14553
2025-04-16T17:00:00,3344.3,3349.4,3340.3,3343.9,9363
2025-04-16T18:00:00,3343.8,3356.8,3342.0,3353.5,10150
2025-04-16T19:00:00,3353.6,3358.4,3351.5,3351.9,7681
2025-04-16T20:00:00,3352.0,3358.0,3350.1,3357.8,4046
2025-04-16T22:00:00,3355.8,3372.1,3355.8,3365.2,7584
2025-04-16T23:00:00,3365.1,3367.3,3361.1,3363.9,3978
2025-04-17T00:00:00,3364.0,3364.9,3354.8,3358.8,10601
2025-04-17T01:00:00,3358.9,3369.4,3333.2,3336.9,29468
2025-04-17T02:00:00,3336.8,3352.7,3333.7,3352.4,16205
2025-04-17T03:00:00,3352.1,3357.4,3349.7,3357.1,7140
2025-04-17T04:00:00,3357.1,3357.1,3349.6,3353.8,5086
2025-04-17T05:00:00,3353.8,3357.3,3341.5,3342.3,7831
2025-04-17T06:00:00,3342.7,3347.0,3338.3,3342.4,8281
2025-04-17T07:00:00,3342.3,3343.3,3327.2,3336.5,13656
2025-04-17T08:00:00,3336.5,3338.5,3325.5,3337.5,7780
2025-04-17T09:00:00,3337.5,3340.7,3333.6,3335.1,5284
2025-04-17T10:00:00,3335.2,3347.0,3334.6,3341.1,5888
2025-04-17T11:00:00,3341.2,3346.7,3335.4,3341.3,6778
2025-04-17T12:00:00,3341.2,3355.6,3335.7,3341.6,13066
2025-04-17T13:00:00,3341.9,3346.2,3324.3,3328.1,19735
2025-04-17T14:00:00,3328.0,3328.0,3296.4,3304.3,34703
2025-04-17T15:00:00,3304.3,3318.8,3303.4,3308.9,15834
2025-04-17T16:00:00,3309.6,3332.3,3307.3,3330.1,13614
2025-04-17T17:00:00,3330.2,3336.1,3327.4,3332.3,9216
2025-04-17T18:00:00,3332.5,3334.5,3327.6,3329.4,4331
2025-04-17T19:00:00,3329.4,3335.2,3323.8,3334.6,5610
2025-04-17T20:00:00,3334.4,3342.4,3331.9,3341.5,3858
2025-04-20T22:00:00,3345.8,3368.0,3343.3,3360.0,13232
2025-04-20T23:00:00,3360.3,3366.7,3357.8,3361.9,8639
2025-04-21T00:00:00,3361.9,3384.8,3361.0,3382.4,18693
2025-04-21T01:00:00,3382.2,3392.9,3381.0,3390.1,18449
2025-04-21T02:00:00,3390.3,3397.8,3386.6,3396.7,12526
2025-04-21T03:00:00,3396.8,3397.0,3390.0,3393.8,7562
2025-04-21T04:00:00,3394.0,3394.0,3382.2,3388.6,8333
2025-04-21T05:00:00,3388.5,3397.4,3387.7,3396.6,9398
2025-04-21T06:00:00,3396.7,3404.9,3394.0,3403.7,11281
2025-04-21T07:00:00,3403.5,3407.4,3393.2,3397.2,10407
2025-04-21T08:00:00,3397.0,3405.3,3395.2,3403.7,6580
2025-04-21T09:00:00,3404.0,3408.5,3402.2,3406.6,5957
2025-04-21T10:00:00,3406.7,3409.4,3403.5,3407.3,5452
2025-04-21T11:00:00,3407.2,3417.4,3398.0,3415.7,13669
2025-04-21T12:00:00,3415.8,3427.6,3410.3,3426.6,17099
2025-04-21T13:00:00,3426.5,3438.8,3416.9,3432.4,36554
2025-04-21T14:00:00,3432.5,3442.4,3420.7,3428.6,27082
2025-04-21T15:00:00,3428.7,3437.3,3419.4,3434.1,17246
2025-04-21T16:00:00,3434.1,3435.1,3421.1,3426.4,10293
2025-04-21T17:00:00,3426.0,3434.7,3417.1,3434.2,14170
2025-04-21T18:00:00,3434.2,3437.8,3428.9,3437.0,7621
2025-04-21T19:00:00,3436.9,3441.7,3428.1,3434.5,9205
2025-04-21T20:00:00,3434.6,3438.2,3430.7,3435.1,3890
2025-04-21T22:00:00,3435.2,3448.0,3434.1,3442.5,8306
2025-04-21T23:00:00,3442.4,3455.7,3440.2,3445.4,12421
2025-04-22T00:00:00,3445.4,3446.3,3424.1,3436.0,23206
2025-04-22T01:00:00,3436.3,3464.7,3431.9,3462.4,26114
2025-04-22T02:00:00,3462.5,3485.9,3452.3,3482.6,30486
2025-04-22T03:00:00,3482.6,3504.2,3481.3,3497.2,28218
2025-04-22T04:00:00,3497.2,3497.8,3488.7,3493.8,15420
2025-04-22T05:00:00,3493.8,3504.9,3482.3,3503.6,18422
2025-04-22T06:00:00,3503.8,3509.4,3484.7,3490.0,28030
2025-04-22T07:00:00,3489.8,3491.3,3471.4,3479.6,22925
2025-04-22T08:00:00,3479.7,3483.7,3454.1,3455.4,21061
2025-04-22T09:00:00,3455.5,3470.5,3455.2,3466.5,14814
2025-04-22T10:00:00,3466.5,3480.4,3462.6,3463.5,15644
2025-04-22T11:00:00,3463.6,3473.4,3459.2,3468.5,12343
2025-04-22T12:00:00,3468.6,3476.6,3435.6,3442.8,32859
2025-04-22T13:00:00,3442.9,3461.9,3419.6,3430.6,59454
2025-04-22T14:00:00,3430.8,3452.4,3429.8,3442.9,30046
2025-04-22T15:00:00,3442.8,3446.3,3422.0,3429.3,26684
2025-04-22T16:00:00,3429.1,3432.6,3383.2,3404.9,60408
2025-04-22T17:00:00,3405.2,3422.6,3398.1,3414.3,29678
2025-04-22T18:00:00,3414.2,3414.8,3384.5,3393.3,16802
2025-04-22T19:00:00,3393.4,3398.0,3379.1,3387.6,16119
2025-04-22T20:00:00,3387.7,3395.4,3385.9,3391.6,5720
2025-04-22T22:00:00,3370.0,3370.0,3317.0,3337.7,21775
2025-04-22T23:00:00,3338.0,3359.4,3336.7,3346.1,13767
2025-04-23T00:00:00,3346.1,3380.5,3343.7,3376.4,19151
2025-04-23T01:00:00,3376.7,3396.1,3367.8,3388.7,30461
2025-04-23T02:00:00,3388.7,3389.8,3357.7,3363.4,22455
2025-04-23T03:00:00,3363.5,3365.4,3339.1,3349.3,23614
2025-04-23T04:00:00,3349.0,3357.0,3345.5,3356.2,7900
2025-04-23T05:00:00,3356.3,3359.7,3324.8,3329.3,20181
2025-04-23T06:00:00,3329.5,3336.7,3302.6,3311.9,27019
2025-04-23T07:00:00,3312.3,3331.4,3312.3,3330.0,15187
2025-04-23T08:00:00,3330.1,3333.1,3316.9,3333.0,10295
2025-04-23T09:00:00,3333.1,3352.4,3328.1,3328.4,17954
2025-04-23T10:00:00,3328.3,3347.0,3327.5,3341.6,12960
2025-04-23T11:00:00,3341.2,3351.5,3332.9,3335.3,13500
2025-04-23T12:00:00,3335.3,3345.8,3321.8,3322.1,22673
2025-04-23T13:00:00,3322.1,3325.4,3281.7,3287.3,54202
2025-04-23T14:00:00,3287.6,3308.8,3270.8,3299.2,48950
2025-04-23T15:00:00,3298.9,3306.6,3280.2,3293.0,31341
2025-04-23T16:00:00,3293.0,3319.1,3291.2,3307.4,18960
2025-04-23T17:00:00,3307.3,3314.7,3289.0,3294.0,16466
2025-04-23T18:00:00,3294.1,3300.0,3290.6,3295.8,8689
2025-04-23T19:00:00,3295.8,3310.4,3295.7,3306.8,9260
2025-04-23T20:00:00,3307.1,3309.1,3296.9,3301.4,4446
2025-04-23T22:00:00,3300.0,3329.0,3300.0,3321.2,10285
2025-04-23T23:00:00,3321.4,3328.3,3320.1,3327.5,5346
2025-04-24T00:00:00,3327.5,3349.0,3324.2,3341.1,19697
2025-04-24T01:00:00,3341.0,3376.8,3339.9,3366.5,42561
2025-04-24T02:00:00,3366.4,3372.9,3345.5,3352.6,25027
2025-04-24T03:00:00,3352.4,3353.1,3331.6,3337.3,19058
2025-04-24T04:00:00,3337.3,3341.7,3335.2,3337.3,7373
2025-04-24T05:00:00,3337.5,3345.3,3330.6,3334.3,13257
2025-04-24T06:00:00,3334.4,3339.1,3324.8,3335.9,18981
2025-04-24T07:00:00,3335.7,3350.9,3333.8,3344.2,16792
2025-04-24T08:00:00,3344.3,3352.5,3337.5,3346.4,9839
2025-04-24T09:00:00,3346.6,3354.5,3336.3,3347.6,10394
2025-04-24T10:00:00,3347.2,3348.5,3337.3,3341.4,6999
2025-04-24T11:00:00,3341.2,3355.9,3340.9,3348.5,11987
2025-04-24T12:00:00,3348.5,3356.6,3346.6,3347.3,13446
2025-04-24T13:00:00,3347.2,3348.2,3323.2,3326.6,29798
2025-04-24T14:00:00,3326.5,3342.4,3316.9,3338.6,33705
2025-04-24T15:00:00,3338.6,3341.7,3330.5,3340.6,16646
2025-04-24T16:00:00,3340.7,3347.7,3333.8,3344.1,15318
2025-04-24T17:00:00,3344.2,3351.2,3341.9,3349.2,10252
2025-04-24T18:00:00,3349.2,3351.9,3345.4,3346.7,5614
2025-04-24T19:00:00,3346.8,3359.1,3345.1,3353.7,6983
2025-04-24T20:00:00,3353.8,3362.0,3349.3,3361.1,5624
2025-04-24T22:00:00,3362.0,3384.0,3361.3,3378.6,16376
2025-04-24T23:00:00,3378.5,3380.2,3357.4,3360.0,13056
2025-04-25T00:00:00,3359.6,3372.8,3358.0,3368.7,15189
2025-04-25T01:00:00,3368.3,3374.4,3353.1,3356.2,17199
2025-04-25T02:00:00,3356.2,3364.4,3354.9,3359.4,11898
2025-04-25T03:00:00,3359.4,3365.8,3332.9,3334.2,13049
2025-04-25T04:00:00,3333.9,3338.2,3326.4,3335.1,16749
2025-04-25T05:00:00,3335.1,3337.4,3296.2,3303.7,25949
2025-04-25T06:00:00,3304.0,3316.2,3297.5,3315.0,23884
2025-04-25T07:00:00,3315.1,3325.2,3313.6,3316.9,13682
2025-04-25T08:00:00,3317.3,3317.9,3302.7,3314.2,13445
2025-04-25T09:00:00,3314.2,3319.0,3301.9,3302.3,9769
2025-04-25T10:00:00,3302.2,3317.0,3301.9,3308.1,11135
2025-04-25T11:00:00,3308.1,3311.7,3297.8,3304.1,10230
2025-04-25T12:00:00,3303.8,3313.6,3301.1,3302.6,13996
2025-04-25T13:00:00,3302.8,3303.0,3274.8,3291.1,43859
2025-04-25T14:00:00,3291.4,3298.7,3284.4,3288.1,23266
2025-04-25T15:00:00,3288.2,3296.3,3279.7,3293.2,15950
2025-04-25T16:00:00,3293.5,3299.4,3291.2,3296.4,9646
2025-04-25T17:00:00,3296.4,3306.6,3292.8,3304.1,13381
2025-04-25T18:00:00,3304.3,3308.2,3299.2,3299.5,6834
2025-04-25T19:00:00,3299.5,3324.1,3298.4,3315.8,13384
2025-04-25T20:00:00,3316.0,3331.0,3316.0,3330.7,6436
2025-04-27T22:00:00,3336.5,3348.0,3319.1,3321.2,12600
2025-04-27T23:00:00,3320.9,3328.3,3309.4,3313.3,13643
2025-04-28T00:00:00,3313.5,3326.7,3312.4,3324.4,14711
2025-04-28T01:00:00,3324.5,3325.8,3289.0,3290.9,32547
2025-04-28T02:00:00,3291.0,3297.3,3277.8,3291.1,23747
2025-04-28T03:00:00,3291.1,3306.1,3290.6,3301.6,12851
2025-04-28T04:00:00,3301.7,3309.7,3299.8,3309.5,7323
2025-04-28T05:00:00,3309.5,3311.6,3297.7,3305.3,11296
2025-04-28T06:00:00,3305.3,3307.0,3292.8,3294.4,10802
2025-04-28T07:00:00,3294.6,3303.4,3288.4,3297.6,13369
2025-04-28T08:00:00,3297.8,3299.1,3289.0,3292.9,6028
2025-04-28T09:00:00,3292.7,3298.2,3284.2,3284.5,7702
2025-04-28T10:00:00,3284.2,3302.7,3282.8,3300.3,9999
2025-04-28T11:00:00,3300.2,3308.6,3295.1,3305.3,10670
2025-04-28T12:00:00,3305.5,3313.9,3304.2,3306.8,14879
2025-04-28T13:00:00,3306.6,3312.6,3297.0,3303.5,23674
2025-04-28T14:00:00,3303.4,3345.0,3303.4,3339.6,36942
2025-04-28T15:00:00,3339.5,3347.6,3329.3,3336.1,24395
2025-04-28T16:00:00,3336.3,3350.2,3335.5,3347.2,17647
2025-04-28T17:00:00,3347.3,3351.6,3343.1,3346.5,9577
2025-04-28T18:00:00,3346.3,3361.7,3345.3,3359.5,10428
2025-04-28T19:00:00,3359.7,3363.6,3356.0,3362.5,8566
2025-04-28T20:00:00,3362.6,3362.9,3352.8,3355.0,5205
2025-04-28T22:00:00,3354.3,3359.7,3342.4,3348.6,8466
2025-04-28T23:00:00,3348.4,3353.3,3344.0,3348.1,6691
2025-04-29T00:00:00,3348.1,3350.0,3337.3,3339.5,11296
2025-04-29T01:00:00,3339.6,3350.9,3333.2,3337.8,20345
2025-04-29T02:00:00,3337.6,3344.8,3329.3,3330.6,12341
2025-04-29T03:00:00,3330.6,3332.3,3317.9,3325.9,15974
2025-04-29T04:00:00,3326.0,3327.9,3316.7,3319.8,7344
2025-04-29T05:00:00,3319.5,3326.9,3314.6,3320.3,10933
2025-04-29T06:00:00,3320.4,3333.5,3318.7,3328.5,12866
2025-04-29T07:00:00,3328.5,3333.2,3322.2,3332.9,9318
2025-04-29T08:00:00,3333.1,3335.0,3321.6,3321.7,7726
2025-04-29T09:00:00,3321.5,3326.1,3318.4,3318.9,6806
2025-04-29T10:00:00,3318.9,3325.4,3315.7,3322.5,7717
2025-04-29T11:00:00,3322.5,3326.0,3317.5,3319.3,8048
2025-04-29T12:00:00,3318.9,3324.7,3309.6,3322.6,17792
2025-04-29T13:00:00,3322.4,3331.8,3309.1,3317.3,28393
2025-04-29T14:00:00,3317.5,3328.6,3309.7,3325.2,22165
2025-04-29T15:00:00,3325.3,3326.3,3315.8,3323.3,13090
2025-04-29T16:00:00,3323.3,3340.7,3323.2,3339.0,13158
2025-04-29T17:00:00,3339.2,3340.2,3323.7,3324.0,9732
2025-04-29T18:00:00,3323.8,3330.2,3322.5,3330.0,7936
2025-04-29T19:00:00,3330.0,3335.2,3327.4,3330.3,7906
2025-04-29T20:00:00,3330.2,3333.7,3327.3,3327.6,3263
2025-04-29T22:00:00,3325.5,3332.9,3320.0,3329.0,4569
2025-04-29T23:00:00,3329.3,3329.3,3320.8,3326.7,4643
2025-04-30T00:00:00,3326.8,3337.7,3321.4,3323.3,10329
2025-04-30T01:00:00,3323.1,3332.5,3317.1,3317.4,13775
2025-04-30T02:00:00,3317.1,3322.9,3314.5,3316.6,9989
2025-04-30T03:00:00,3316.7,3321.6,3313.0,3314.0,7603
2025-04-30T04:00:00,3313.9,3318.3,3310.7,3317.5,6166
2025-04-30T05:00:00,3317.4,3324.1,3317.1,3319.4,7687
2025-04-30T06:00:00,3319.5,3321.2,3314.2,3315.5,5890
2025-04-30T07:00:00,3315.5,3324.6,3312.2,3316.6,6725
2025-04-30T08:00:00,3316.8,3317.1,3289.5,3293.8,18610
2025-04-30T09:00:00,3293.8,3296.8,3284.0,3285.2,10098
2025-04-30T10:00:00,3285.0,3289.9,3281.0,3281.8,10298
2025-04-30T11:00:00,3281.8,3291.3,3276.9,3281.6,13109
2025-04-30T12:00:00,3281.6,3315.2,3275.7,3308.0,31748
2025-04-30T13:00:00,3308.1,3330.3,3306.2,3319.0,29843
2025-04-30T14:00:00,3319.0,3324.2,3302.0,3320.5,35287
2025-04-30T15:00:00,3320.4,3325.3,3308.9,3318.5,19697
2025-04-30T16:00:00,3318.7,3325.0,3317.6,3321.3,8856
2025-04-30T17:00:00,3321.5,3324.2,3315.2,3315.9,7333
2025-04-30T18:00:00,3315.8,3318.1,3310.7,3312.5,7571
2025-04-30T19:00:00,3312.6,3316.6,3302.7,3306.9,7932
2025-04-30T20:00:00,3306.6,3308.9,3293.8,3299.6,6871
2025-04-30T22:00:00,3299.7,3300.5,3279.9,3282.6,9900
2025-04-30T23:00:00,3283.1,3294.2,3278.6,3281.4,7798
2025-05-01T00:00:00,3281.6,3285.1,3247.7,3254.0,30846
2025-05-01T01:00:00,3253.4,3259.5,3242.0,3246.8,21121
2025-05-01T02:00:00,3246.6,3258.4,3242.9,3248.4,12344
2025-05-01T03:00:00,3248.2,3249.3,3236.0,3237.1,16112
2025-05-01T04:00:00,3236.9,3240.0,3228.2,3234.6,12239
2025-05-01T05:00:00,3234.6,3247.0,3231.0,3244.8,10255
2025-05-01T06:00:00,3244.8,3251.5,3241.4,3243.8,10567
2025-05-01T07:00:00,3243.9,3245.1,3233.8,3238.2,10189
2025-05-01T08:00:00,3238.2,3245.1,3237.9,3243.2,5641
2025-05-01T09:00:00,3243.1,3244.4,3222.2,3226.1,10722
2025-05-01T10:00:00,3226.4,3233.6,3221.0,3230.8,10758
2025-05-01T11:00:00,3230.7,3234.9,3211.0,3213.1,16356
2025-05-01T12:00:00,3213.1,3240.9,3209.5,3234.5,29298
2025-05-01T13:00:00,3234.5,3241.9,3226.0,3232.3,28966
2025-05-01T14:00:00,3234.9,3239.6,3222.2,3226.6,30406
2025-05-01T15:00:00,3226.6,3227.6,3226.6,3227.6,34
2025-05-01T16:00:00,3224.4,3229.0,3216.5,3227.8,14314
2025-05-01T17:00:00,3228.0,3229.2,3217.5,3222.0,9540
2025-05-01T18:00:00,3222.0,3235.0,3220.3,3231.4,8846
2025-05-01T19:00:00,3231.4,3238.5,3231.1,3236.7,6698
2025-05-01T20:00:00,3236.9,3248.8,3236.5,3247.9,7638
2025-05-01T22:00:00,3247.7,3252.9,3241.3,3246.8,6731
2025-05-01T23:00:00,3247.1,3250.3,3243.3,3246.1,4250
2025-05-02T00:00:00,3246.2,3252.9,3234.5,3238.8,11462
2025-05-02T01:00:00,3238.9,3246.1,3238.9,3245.0,7985
2025-05-02T02:00:00,3245.4,3258.3,3244.1,3257.0,12050
2025-05-02T03:00:00,3257.1,3267.3,3254.8,3263.7,11403
2025-05-02T04:00:00,3263.6,3266.2,3258.9,3260.3,7927
2025-05-02T05:00:00,3260.2,3265.0,3257.2,3259.8,6506
2025-05-02T06:00:00,3259.9,3271.4,3254.1,3261.5,13764
2025-05-02T07:00:00,3261.6,3272.1,3259.6,3267.0,9232
2025-05-02T08:00:00,3266.9,3269.8,3263.1,3265.8,6311
2025-05-02T09:00:00,3265.9,3275.5,3262.7,3273.3,8149
2025-05-02T10:00:00,3273.3,3273.9,3265.3,3267.6,6485
2025-05-02T11:00:00,3267.7,3276.9,3266.5,3269.7,8548
2025-05-02T12:00:00,3269.9,3272.8,3253.2,3257.4,21853
2025-05-02T13:00:00,3257.6,3267.9,3246.6,3257.8,35990
2025-05-02T14:00:00,3257.9,3273.2,3249.7,3271.5,24867
2025-05-02T15:00:00,3271.5,3272.8,3238.3,3239.9,26822
2025-05-02T16:00:00,3240.0,3243.9,3229.5,3231.8,25580
2025-05-02T17:00:00,3231.9,3247.5,3230.2,3238.5,17749
2025-05-02T18:00:00,3238.6,3240.0,3231.5,3234.1,7630
2025-05-02T19:00:00,3234.2,3242.3,3234.1,3241.5,8470
2025-05-02T20:00:00,3241.5,3249.3,3240.5,3247.2,4799
2025-05-04T22:00:00,3247.0,3251.3,3243.5,3246.2,5121
2025-05-04T23:00:00,3246.3,3259.4,3245.5,3255.5,8572
2025-05-05T00:00:00,3255.4,3256.1,3248.1,3253.3,7556
2025-05-05T01:00:00,3253.2,3278.3,3253.0,3272.1,20262
2025-05-05T02:00:00,3272.2,3280.7,3267.3,3278.2,14354
2025-05-05T03:00:00,3278.1,3279.7,3260.8,3262.5,13081
2025-05-05T04:00:00,3262.6,3267.8,3261.5,3264.4,7054
2025-05-05T05:00:00,3264.4,3270.5,3262.3,3267.8,6744
2025-05-05T06:00:00,3267.9,3273.8,3264.9,3270.3,6831
2025-05-05T07:00:00,3270.4,3276.0,3266.8,3272.6,6343
2025-05-05T08:00:00,3272.8,3291.0,3271.1,3290.8,11182
2025-05-05T09:00:00,3290.9,3317.6,3290.2,3317.1,23354
2025-05-05T10:00:00,3317.3,3327.0,3316.6,3321.9,17970
2025-05-05T11:00:00,3321.9,3327.7,3320.1,3321.9,10322
2025-05-05T12:00:00,3321.8,3332.0,3321.8,3328.5,15533
2025-05-05T13:00:00,3328.4,3330.2,3320.7,3326.8,15634
2025-05-05T14:00:00,3324.8,3337.9,3318.8,3321.1,26576
2025-05-05T15:00:00,3321.5,3327.0,3317.4,3321.0,13101
2025-05-05T16:00:00,3320.8,3322.6,3313.9,3318.2,11154
2025-05-05T17:00:00,3318.5,3326.8,3317.8,3325.4,6607
2025-05-05T18:00:00,3325.4,3332.2,3322.4,3331.8,7109
2025-05-05T19:00:00,3331.7,3346.8,3331.3,3337.8,14476
2025-05-05T20:00:00,3337.6,3344.0,3337.6,3343.8,4790
2025-05-05T22:00:00,3345.3,3349.0,3336.4,3339.5,5515
2025-05-05T23:00:00,3339.3,3344.0,3337.7,3342.7,4280
2025-05-06T00:00:00,3342.8,3342.9,3332.2,3338.9,9484
2025-05-06T01:00:00,3338.9,3390.0,3338.9,3388.8,49269
2025-05-06T02:00:00,3388.6,3394.9,3365.1,3367.2,30017
2025-05-06T03:00:00,3367.2,3380.4,3360.6,3368.9,21523
2025-05-06T04:00:00,3368.9,3374.1,3364.1,3371.3,9171
2025-05-06T05:00:00,3371.4,3372.4,3357.4,3369.5,12591
2025-05-06T06:00:00,3369.5,3375.6,3366.2,3372.5,11378
2025-05-06T07:00:00,3372.7,3387.1,3372.7,3378.5,13802
2025-05-06T08:00:00,3378.7,3390.9,3375.6,3385.1,10900
2025-05-06T09:00:00,3385.3,3391.2,3379.4,3390.9,8467
2025-05-06T10:00:00,3390.9,3391.9,3384.4,3391.4,7973
2025-05-06T11:00:00,3391.4,3393.3,3381.4,3386.8,9973
2025-05-06T12:00:00,3387.2,3400.4,3380.6,3399.3,18756
2025-05-06T13:00:00,3399.5,3406.5,3395.9,3399.7,27548
2025-05-06T14:00:00,3399.6,3407.3,3386.8,3394.5,26128
2025-05-06T15:00:00,3394.4,3408.4,3393.4,3403.1,17408
2025-05-06T16:00:00,3403.0,3420.5,3402.8,3417.6,18697
2025-05-06T17:00:00,3417.4,3425.9,3416.2,3422.1,14921
2025-05-06T18:00:00,3422.3,3426.5,3418.1,3424.3,8220
2025-05-06T19:00:00,3424.4,3433.2,3421.2,3431.6,8892
2025-05-06T20:00:00,3431.5,3444.4,3428.1,3441.6,9691
2025-05-06T22:00:00,3446.5,3448.0,3388.0,3389.5,34716
2025-05-06T23:00:00,3389.0,3413.4,3383.8,3409.3,17961
2025-05-07T00:00:00,3409.2,3410.3,3367.2,3387.4,31013
2025-05-07T01:00:00,3387.1,3392.9,3367.6,3382.8,35547
2025-05-07T02:00:00,3382.7,3402.4,3379.8,3398.2,22661
2025-05-07T03:00:00,3397.9,3400.4,3378.1,3384.0,14886
2025-05-07T04:00:00,3383.9,3395.7,3383.6,3390.1,9037
2025-05-07T05:00:00,3390.0,3397.6,3386.8,3396.0,9008
2025-05-07T06:00:00,3396.1,3404.5,3395.7,3400.7,12558
2025-05-07T07:00:00,3400.6,3405.9,3391.8,3395.8,9945
2025-05-07T08:00:00,3395.8,3396.8,3385.4,3390.6,7949
2025-05-07T09:00:00,3390.4,3393.1,3377.0,3377.8,9569
2025-05-07T10:00:00,3377.7,3401.5,3376.9,3399.3,14665
2025-05-07T11:00:00,3399.3,3399.5,3391.2,3395.1,9472
2025-05-07T12:00:00,3395.0,3402.3,3392.0,3399.1,11789
2025-05-07T13:00:00,3399.1,3406.6,3388.4,3402.6,22359
2025-05-07T14:00:00,3402.3,3402.9,3383.5,3393.7,24799
2025-05-07T15:00:00,3393.8,3398.0,3389.5,3393.0,10243
2025-05-07T16:00:00,3392.8,3397.4,3386.7,3394.3,8253
2025-05-07T17:00:00,3394.1,3397.7,3390.0,3390.7,6926
2025-05-07T18:00:00,3392.0,3406.5,3383.1,3392.2,24232
2025-05-07T19:00:00,3392.4,3394.7,3371.0,3379.0,22171
2025-05-07T20:00:00,3379.2,3381.9,3371.1,3372.5,5973
2025-05-07T22:00:00,3372.9,3381.1,3371.4,3376.6,6217
2025-05-07T23:00:00,3376.5,3384.0,3376.1,3382.9,5381
2025-05-08T00:00:00,3383.2,3394.0,3380.6,3387.0,15726
2025-05-08T01:00:00,3387.1,3417.2,3385.4,3415.8,34634
2025-05-08T02:00:00,3415.5,3422.0,3408.7,3408.7,26320
2025-05-08T03:00:00,3408.9,3414.8,3402.0,3402.9,19246
2025-05-08T04:00:00,3402.8,3405.6,3388.0,3388.1,15875
2025-05-08T05:00:00,3388.2,3390.5,3360.0,3360.9,34448
2025-05-08T06:00:00,3361.0,3368.0,3325.8,3335.5,44047
2025-05-08T07:00:00,3335.4,3355.0,3332.5,3348.8,21927
2025-05-08T08:00:00,3349.1,3350.8,3342.3,3344.5,8101
2025-05-08T09:00:00,3344.6,3349.8,3336.6,3337.3,9570
2025-05-08T10:00:00,3337.4,3352.5,3335.6,3347.9,10536
2025-05-08T11:00:00,3348.0,3351.2,3344.6,3350.2,6182
2025-05-08T12:00:00,3350.1,3364.8,3348.7,3361.8,17465
2025-05-08T13:00:00,3361.8,3375.7,3360.4,3361.5,25653
2025-05-08T14:00:00,3361.5,3369.4,3356.0,3362.2,24248
2025-05-08T15:00:00,3362.5,3366.0,3332.1,3336.0,30186
2025-05-08T16:00:00,3335.9,3336.2,3309.7,3315.4,34493
2025-05-08T17:00:00,3315.5,3316.4,3302.6,3313.6,21567
2025-05-08T18:00:00,3313.6,3316.0,3310.5,3313.5,7915
2025-05-08T19:00:00,3313.7,3315.3,3293.4,3311.3,16141
2025-05-08T20:00:00,3311.4,3316.3,3308.9,3310.3,5160
2025-05-08T22:00:00,3310.3,3328.8,3307.5,3328.8,10535
2025-05-08T23:00:00,3328.5,3329.0,3316.2,3321.2,8665
2025-05-09T00:00:00,3321.3,3327.8,3313.1,3327.0,13692
2025-05-09T01:00:00,3326.9,3327.5,3290.6,3295.9,31953
2025-05-09T02:00:00,3295.7,3313.7,3279.1,3313.3,34753
2025-05-09T03:00:00,3313.2,3318.6,3304.1,3313.0,23022
2025-05-09T04:00:00,3313.3,3333.3,3313.2,3330.2,15562
2025-05-09T05:00:00,3330.2,3335.8,3317.3,3326.0,21267
2025-05-09T06:00:00,3325.8,3332.0,3319.7,3330.4,14276
2025-05-09T07:00:00,3330.3,3337.0,3326.5,3331.7,13148
2025-05-09T08:00:00,3331.8,3333.8,3324.5,3333.1,9539
2025-05-09T09:00:00,3332.9,3333.9,3327.9,3329.6,5784
2025-05-09T10:00:00,3329.5,3334.7,3326.3,3327.7,6682
2025-05-09T11:00:00,3327.8,3342.9,3327.6,3337.8,15996
2025-05-09T12:00:00,3337.9,3340.5,3333.5,3338.4,11313
2025-05-09T13:00:00,3338.5,3345.2,3332.9,3335.5,19932
2025-05-09T14:00:00,3335.6,3346.9,3324.6,3342.2,32138
2025-05-09T15:00:00,3342.0,3351.1,3341.0,3350.3,15612
2025-05-09T16:00:00,3350.2,3353.0,3340.9,3342.0,12640
2025-05-09T17:00:00,3342.0,3347.6,3340.6,3346.0,6200
2025-05-09T18:00:00,3346.0,3348.3,3341.6,3343.6,4614
2025-05-09T19:00:00,3343.5,3345.0,3330.7,3334.1,9970
2025-05-09T20:00:00,3334.0,3335.8,3328.4,3329.2,5004
2025-05-11T22:00:00,3292.1,3292.5,3257.5,3276.9,25053
2025-05-11T23:00:00,3276.7,3294.6,3270.0,3292.9,16989
2025-05-12T00:00:00,3292.9,3295.8,3275.5,3283.2,15831
2025-05-12T01:00:00,3283.1,3286.6,3262.3,3275.5,28466
2025-05-12T02:00:00,3275.8,3283.6,3273.4,3276.0,13988
2025-05-12T03:00:00,3275.7,3288.9,3274.1,3287.4,11154
2025-05-12T04:00:00,3287.1,3287.6,3279.5,3282.8,5793
2025-05-12T05:00:00,3282.8,3283.6,3272.3,3279.6,10173
2025-05-12T06:00:00,3279.8,3285.3,3276.4,3281.0,11125
2025-05-12T07:00:00,3280.9,3281.6,3219.1,3226.7,51915
2025-05-12T08:00:00,3226.7,3238.9,3224.4,3235.5,19860
2025-05-12T09:00:00,3235.3,3235.4,3215.1,3218.5,14449
2025-05-12T10:00:00,3218.3,3223.0,3211.1,3211.7,14033
2025-05-12T11:00:00,3211.6,3233.7,3211.3,3228.6,16860
2025-05-12T12:00:00,3228.5,3238.7,3223.6,3237.2,18210
2025-05-12T13:00:00,3237.3,3253.0,3235.6,3244.6,34596
2025-05-12T14:00:00,3244.4,3252.4,3236.9,3242.2,25215
2025-05-12T15:00:00,3242.3,3248.6,3236.6,3243.8,12715
2025-05-12T16:00:00,3243.6,3244.5,3227.0,3228.3,14740
2025-05-12T17:00:00,3228.5,3231.6,3225.2,3227.0,8665
2025-05-12T18:00:00,3227.3,3234.5,3223.3,3234.1,6302
2025-05-12T19:00:00,3234.2,3243.0,3233.2,3240.1,8943
2025-05-12T20:00:00,3240.1,3243.0,3237.3,3241.9,3950
2025-05-12T22:00:00,3241.9,3247.4,3233.4,3237.5,5567
2025-05-12T23:00:00,3237.5,3244.8,3237.1,3241.3,4960
2025-05-13T00:00:00,3241.2,3247.8,3237.4,3243.9,10207
2025-05-13T01:00:00,3243.9,3247.4,3220.0,3229.6,24212
2025-05-13T02:00:00,3229.6,3245.9,3227.5,3233.0,17142
2025-05-13T03:00:00,3232.9,3242.4,3232.4,3240.9,8581
2025-05-13T04:00:00,3240.5,3258.3,3238.7,3257.1,12061
2025-05-13T05:00:00,3257.3,3265.2,3255.6,3260.8,15689
2025-05-13T06:00:00,3260.8,3270.4,3251.9,3266.8,15102
2025-05-13T07:00:00,3266.8,3269.6,3258.4,3263.1,8738
2025-05-13T08:00:00,3263.3,3265.4,3254.3,3259.5,7561
2025-05-13T09:00:00,3259.6,3261.0,3254.6,3257.6,5176
2025-05-13T10:00:00,3257.8,3260.7,3255.3,3257.0,3835
2025-05-13T11:00:00,3256.9,3263.4,3252.5,3253.2,8707
2025-05-13T12:00:00,3253.1,3253.9,3241.6,3246.4,21427
2025-05-13T13:00:00,3246.0,3251.4,3231.5,3231.9,25091
2025-05-13T14:00:00,3231.8,3253.4,3229.4,3247.5,24954
2025-05-13T15:00:00,3247.6,3260.9,3246.5,3258.2,15707
2025-05-13T16:00:00,3258.0,3262.2,3252.7,3255.5,10557
2025-05-13T17:00:00,3255.6,3257.6,3246.5,3251.9,9401
2025-05-13T18:00:00,3251.9,3255.9,3250.3,3253.2,5816
2025-05-13T19:00:00,3253.5,3255.9,3250.7,3254.1,4121
2025-05-13T20:00:00,3254.1,3259.6,3252.9,3254.6,3604
2025-05-13T22:00:00,3254.0,3258.8,3253.0,3258.7,3637
2025-05-13T23:00:00,3258.5,3261.0,3256.0,3258.2,3909
2025-05-14T00:00:00,3258.3,3258.5,3244.2,3247.8,13282
2025-05-14T01:00:00,3248.0,3256.4,3241.2,3243.3,19158
2025-05-14T02:00:00,3243.2,3246.1,3232.5,3236.7,18650
2025-05-14T03:00:00,3236.4,3237.5,3229.4,3232.1,12687
2025-05-14T04:00:00,3232.0,3234.2,3226.0,3227.8,12393
2025-05-14T05:00:00,3227.7,3237.9,3225.0,3237.0,12971
2025-05-14T06:00:00,3237.3,3239.9,3231.2,3232.0,10254
2025-05-14T07:00:00,3232.0,3243.2,3227.4,3242.1,13247
2025-05-14T08:00:00,3241.9,3248.4,3234.3,3236.6,12181
2025-05-14T09:00:00,3236.7,3241.0,3233.1,3236.3,7980
2025-05-14T10:00:00,3236.2,3240.3,3233.1,3239.5,6353
2025-05-14T11:00:00,3239.8,3243.4,3223.0,3223.8,11109
2025-05-14T12:00:00,3223.9,3226.5,3187.8,3188.7,43152
2025-05-14T13:00:00,3188.8,3202.5,3178.3,3195.0,44908
2025-05-14T14:00:00,3195.0,3198.4,3183.3,3185.6,25156
2025-05-14T15:00:00,3185.6,3190.3,3182.5,3186.4,13627
2025-05-14T16:00:00,3186.6,3194.4,3177.2,3192.0,16180
2025-05-14T17:00:00,3192.0,3194.0,3184.4,3185.6,9283
2025-05-14T18:00:00,3186.0,3186.9,3175.4,3176.0,8165
2025-05-14T19:00:00,3175.9,3184.7,3171.3,3184.0,9911
2025-05-14T20:00:00,3183.9,3186.7,3180.5,3181.1,4904
2025-05-14T22:00:00,3181.1,3186.9,3180.2,3185.3,4491
2025-05-14T23:00:00,3185.1,3190.3,3183.7,3188.8,4483
2025-05-15T00:00:00,3188.6,3190.8,3182.5,3190.3,9882
2025-05-15T01:00:00,3190.2,3195.7,3173.5,3174.9,21174
2025-05-15T02:00:00,3175.1,3178.5,3152.8,3157.2,31368
2025-05-15T03:00:00,3156.9,3160.1,3150.7,3153.3,17211
2025-05-15T04:00:00,3153.1,3155.9,3138.4,3141.1,17266
2025-05-15T05:00:00,3141.3,3145.8,3126.2,3132.3,22771
2025-05-15T06:00:00,3132.1,3157.1,3123.4,3153.4,32011
2025-05-15T07:00:00,3153.2,3155.5,3134.1,3145.1,20179
2025-05-15T08:00:00,3145.1,3167.2,3141.9,3165.6,15969
2025-05-15T09:00:00,3165.6,3174.4,3161.9,3168.0,13728
2025-05-15T10:00:00,3167.9,3182.5,3166.8,3181.5,12568
2025-05-15T11:00:00,3181.4,3183.5,3175.4,3182.2,11040
2025-05-15T12:00:00,3182.2,3193.7,3180.6,3192.2,19573
2025-05-15T13:00:00,3192.2,3203.5,3188.2,3194.7,31914
2025-05-15T14:00:00,3194.8,3210.4,3193.5,3208.8,27755
2025-05-15T15:00:00,3208.8,3223.3,3207.6,3222.8,20689
2025-05-15T16:00:00,3222.9,3226.3,3218.5,3226.0,11209
2025-05-15T17:00:00,3226.0,3232.7,3219.7,3224.4,15409
2025-05-15T18:00:00,3224.6,3229.4,3223.0,3226.1,8178
2025-05-15T19:00:00,3226.2,3235.5,3225.2,3234.6,9309
2025-05-15T20:00:00,3234.5,3244.8,3233.7,3243.7,8469
2025-05-15T22:00:00,3243.7,3255.9,3240.0,3254.8,10028
2025-05-15T23:00:00,3254.7,3254.9,3240.3,3241.2,14377
2025-05-16T00:00:00,3241.2,3247.8,3234.9,3246.4,18517
2025-05-16T01:00:00,3246.4,3248.0,3218.4,3226.0,29801
2025-05-16T02:00:00,3226.1,3231.4,3215.8,3219.1,17424
2025-05-16T03:00:00,3218.9,3221.1,3209.4,3214.5,18464
2025-05-16T04:00:00,3214.5,3225.6,3214.5,3222.8,11778
2025-05-16T05:00:00,3223.0,3226.4,3214.7,3221.7,13389
2025-05-16T06:00:00,3221.8,3234.1,3215.4,3217.6,17441
2025-05-16T07:00:00,3217.7,3220.6,3207.4,3210.5,17256
2025-05-16T08:00:00,3210.6,3212.2,3198.6,3210.5,17236
2025-05-16T09:00:00,3210.3,3216.0,3206.5,3212.2,9220
2025-05-16T10:00:00,3212.3,3213.9,3171.7,3179.2,24287
2025-05-16T11:00:00,3179.2,3182.5,3156.5,3165.5,25747
2025-05-16T12:00:00,3165.7,3184.7,3157.1,3180.1,31284
2025-05-16T13:00:00,3180.0,3189.5,3171.8,3183.2,33352
2025-05-16T14:00:00,3182.7,3191.8,3168.5,3175.5,27405
2025-05-16T15:00:00,3175.8,3188.3,3175.1,3186.7,13198
2025-05-16T16:00:00,3186.6,3193.8,3183.5,3192.5,11857
2025-05-16T17:00:00,3192.6,3195.8,3186.0,3192.0,10773
2025-05-16T18:00:00,3192.4,3194.1,3187.1,3189.9,6661
2025-05-16T19:00:00,3190.0,3198.0,3189.7,3194.4,8605
2025-05-16T20:00:00,3194.4,3208.6,3194.0,3205.7,9099
2025-05-18T22:00:00,3219.8,3243.7,3212.8,3242.2,21895
2025-05-18T23:00:00,3241.9,3249.0,3229.2,3238.2,19810
2025-05-19T00:00:00,3238.7,3253.1,3236.3,3248.9,17786
2025-05-19T01:00:00,3248.8,3249.3,3218.0,3222.1,34075
2025-05-19T02:00:00,3221.9,3232.9,3220.4,3231.3,19487
2025-05-19T03:00:00,3231.2,3233.4,3210.5,3214.7,14897
2025-05-19T04:00:00,3214.8,3220.8,3208.2,3218.3,10973
2025-05-19T05:00:00,3218.5,3227.0,3217.4,3226.6,12102
2025-05-19T06:00:00,3226.7,3234.6,3223.0,3227.0,15970
2025-05-19T07:00:00,3227.1,3238.0,3227.1,3235.3,14379
2025-05-19T08:00:00,3235.2,3248.4,3232.5,3247.6,13404
2025-05-19T09:00:00,3248.0,3251.1,3236.5,3245.2,14042
2025-05-19T10:00:00,3245.3,3248.3,3237.5,3245.1,8832
2025-05-19T11:00:00,3244.9,3251.8,3242.3,3246.8,8438
2025-05-19T12:00:00,3246.9,3247.7,3231.0,3231.9,16269
2025-05-19T13:00:00,3231.7,3245.0,3227.1,3232.5,31983
2025-05-19T14:00:00,3232.7,3239.4,3219.0,3236.6,28563
2025-05-19T15:00:00,3236.7,3243.4,3232.1,3234.6,15589
2025-05-19T16:00:00,3234.6,3237.2,3230.4,3234.5,10628
2025-05-19T17:00:00,3234.4,3235.9,3228.0,3229.0,8827
2025-05-19T18:00:00,3228.9,3238.3,3227.8,3235.8,6133
2025-05-19T19:00:00,3235.7,3238.2,3233.6,3235.4,5161
2025-05-19T20:00:00,3235.5,3236.2,3230.5,3232.1,4434
2025-05-19T22:00:00,3232.6,3233.4,3227.1,3229.4,3626
2025-05-19T23:00:00,3229.7,3230.4,3221.3,3224.7,6406
2025-05-20T00:00:00,3224.8,3226.2,3215.4,3225.0,11784
2025-05-20T01:00:00,3224.9,3235.7,3223.6,3224.5,17908
2025-05-20T02:00:00,3224.5,3226.5,3208.7,3209.8,23189
2025-05-20T03:00:00,3209.8,3217.4,3207.0,3213.5,13592
2025-05-20T04:00:00,3213.5,3220.4,3213.3,3219.7,6919
2025-05-20T05:00:00,3219.5,3222.4,3211.9,3216.0,10675
2025-05-20T06:00:00,3215.9,3221.2,3210.0,3211.5,11551
2025-05-20T07:00:00,3211.4,3227.3,3209.7,3224.8,11803
2025-05-20T08:00:00,3224.8,3239.8,3220.2,3238.4,11954
2025-05-20T09:00:00,3238.7,3242.4,3233.3,3238.5,12623
2025-05-20T10:00:00,3238.6,3240.9,3233.9,3237.5,5522
2025-05-20T11:00:00,3237.6,3244.2,3237.4,3243.6,6246
2025-05-20T12:00:00,3243.6,3254.0,3236.7,3245.4,20030
2025-05-20T13:00:00,3245.1,3265.0,3235.2,3264.5,31072
2025-05-20T14:00:00,3264.4,3288.8,3263.4,3285.4,46877
2025-05-20T15:00:00,3285.4,3286.4,3275.7,3279.7,18592
2025-05-20T16:00:00,3279.4,3286.4,3278.1,3281.8,9165
2025-05-20T17:00:00,3281.8,3291.2,3281.2,3289.8,10088
2025-05-20T18:00:00,3289.6,3293.0,3286.6,3290.6,7331
2025-05-20T19:00:00,3290.5,3298.0,3289.9,3296.7,7593
2025-05-20T20:00:00,3296.9,3298.4,3291.5,3292.5,6357
2025-05-20T22:00:00,3292.9,3308.0,3291.4,3300.1,12486
2025-05-20T23:00:00,3300.0,3300.3,3292.0,3294.1,7009
2025-05-21T00:00:00,3293.7,3306.7,3291.8,3305.6,13481
2025-05-21T01:00:00,3305.7,3316.7,3286.7,3296.9,37844
2025-05-21T02:00:00,3296.8,3307.3,3291.2,3304.2,19174
2025-05-21T03:00:00,3304.2,3311.3,3301.5,3309.1,10172
2025-05-21T04:00:00,3309.1,3310.2,3303.4,3304.6,9123
2025-05-21T05:00:00,3304.4,3321.2,3300.0,3318.2,17960
2025-05-21T06:00:00,3318.0,3322.4,3312.3,3321.6,16292
2025-05-21T07:00:00,3321.5,3321.5,3309.6,3311.8,12391
2025-05-21T08:00:00,3311.9,3314.2,3305.7,3310.7,9866
2025-05-21T09:00:00,3310.7,3316.5,3309.2,3316.0,8035
2025-05-21T10:00:00,3316.0,3320.4,3310.7,3314.0,9685
2025-05-21T11:00:00,3314.3,3318.7,3308.4,3313.3,10591
2025-05-21T12:00:00,3313.5,3314.9,3292.1,3304.5,26962
2025-05-21T13:00:00,3304.6,3311.9,3297.3,3306.0,28020
2025-05-21T14:00:00,3306.0,3310.5,3297.4,3306.7,19940
2025-05-21T15:00:00,3306.8,3317.9,3305.8,3313.7,14767
2025-05-21T16:00:00,3313.9,3317.1,3305.0,3305.4,10434
2025-05-21T17:00:00,3305.3,3318.9,3305.0,3318.9,14953
2025-05-21T18:00:00,3318.7,3319.1,3314.1,3316.5,5611
2025-05-21T19:00:00,3316.4,3327.1,3316.4,3320.8,11154
2025-05-21T20:00:00,3320.9,3322.3,3315.2,3316.7,5025
2025-05-21T22:00:00,3316.8,3322.2,3316.0,3319.7,4503
2025-05-21T23:00:00,3319.7,3325.8,3318.5,3321.7,6048
2025-05-22T00:00:00,3321.7,3328.1,3320.9,3325.2,9056
2025-05-22T01:00:00,3325.0,3344.3,3321.3,3339.1,22937
2025-05-22T02:00:00,3338.7,3346.5,3337.5,3342.5,12260
2025-05-22T03:00:00,3342.6,3346.7,3335.6,3336.1,9993
2025-05-22T04:00:00,3336.0,3340.4,3333.5,3339.6,6959
2025-05-22T05:00:00,3339.5,3341.2,3327.4,3333.6,9935
2025-05-22T06:00:00,3333.7,3337.4,3326.5,3327.7,11274
2025-05-22T07:00:00,3327.7,3331.8,3323.1,3328.3,11435
2025-05-22T08:00:00,3328.5,3330.3,3310.0,3311.8,16442
2025-05-22T09:00:00,3311.5,3313.8,3302.2,3305.2,13758
2025-05-22T10:00:00,3305.1,3308.2,3288.5,3289.6,18905
2025-05-22T11:00:00,3289.5,3315.0,3282.8,3314.4,24834
2025-05-22T12:00:00,3314.4,3315.0,3300.6,3303.8,22827
2025-05-22T13:00:00,3304.0,3316.0,3285.7,3287.1,31855
2025-05-22T14:00:00,3286.9,3304.3,3277.8,3296.3,32129
2025-05-22T15:00:00,3296.5,3298.2,3280.6,3294.0,21573
2025-05-22T16:00:00,3294.3,3304.1,3290.0,3301.0,11162
2025-05-22T17:00:00,3301.0,3301.2,3289.5,3295.7,10763
2025-05-22T18:00:00,3295.7,3297.9,3291.6,3293.4,5240
2025-05-22T19:00:00,3293.6,3297.0,3287.9,3290.4,5477
2025-05-22T20:00:00,3290.5,3295.5,3289.4,3294.9,3337
2025-05-22T22:00:00,3294.9,3299.6,3293.0,3298.0,4346
2025-05-22T23:00:00,3297.9,3302.0,3297.5,3300.0,4828
2025-05-23T00:00:00,3300.2,3309.0,3285.6,3299.9,21260
2025-05-23T01:00:00,3299.9,3305.9,3294.4,3304.3,19329
2025-05-23T02:00:00,3304.3,3304.4,3289.3,3295.6,13682
2025-05-23T03:00:00,3295.5,3302.4,3295.2,3301.1,8353
2025-05-23T04:00:00,3301.0,3316.2,3301.0,3313.1,12158
2025-05-23T05:00:00,3312.9,3325.3,3311.6,3323.5,14896
2025-05-23T06:00:00,3323.4,3332.1,3322.6,3330.8,16270
2025-05-23T07:00:00,3331.0,3334.4,3326.0,3328.9,10818
2025-05-23T08:00:00,3328.8,3329.3,3322.1,3326.4,10464
2025-05-23T09:00:00,3326.6,3334.3,3324.7,3328.5,9361
2025-05-23T10:00:00,3328.5,3331.8,3322.8,3328.3,8109
2025-05-23T11:00:00,3328.4,3350.7,3324.6,3348.1,28726
2025-05-23T12:00:00,3348.4,3361.0,3344.4,3357.4,38548
2025-05-23T13:00:00,3357.8,3365.5,3337.1,3340.0,40253
2025-05-23T14:00:00,3339.9,3360.1,3336.1,3359.7,27802
2025-05-23T15:00:00,3359.7,3362.8,3352.3,3361.9,16593
2025-05-23T16:00:00,3361.8,3364.9,3357.3,3359.3,10671
2025-05-23T17:00:00,3359.5,3366.6,3356.9,3363.0,10228
2025-05-23T18:00:00,3362.9,3366.5,3360.9,3361.9,5683
2025-05-23T19:00:00,3361.8,3365.6,3358.0,3360.4,7883
2025-05-23T20:00:00,3360.3,3361.5,3355.6,3357.7,4556
2025-05-25T22:00:00,3384.8,3385.8,3367.8,3371.6,1579
2025-05-25T23:00:00,3371.8,3377.8,3368.9,3369.9,570
2025-05-26T00:00:00,3370.8,3373.2,3357.9,3369.1,1118
2025-05-26T01:00:00,3369.3,3374.7,3362.8,3372.4,1024
2025-05-26T02:00:00,3370.9,3383.8,3370.3,3375.8,1157
2025-05-26T03:00:00,3375.9,3377.4,3371.6,3374.8,545
2025-05-26T04:00:00,3374.9,3378.3,3373.8,3377.2,345
2025-05-26T05:00:00,3377.2,3379.2,3372.2,3375.2,422
2025-05-26T06:00:00,3375.6,3375.6,3365.0,3365.1,690
2025-05-26T07:00:00,3364.8,3366.4,3360.2,3365.4,748
2025-05-26T08:00:00,3365.7,3367.6,3358.8,3362.0,471
2025-05-26T09:00:00,3361.6,3364.4,3351.8,3356.9,720
2025-05-26T10:00:00,3356.8,3361.6,3356.8,3360.1,673
2025-05-26T11:00:00,3360.0,3363.0,3358.0,3361.2,268
2025-05-26T12:00:00,3361.1,3363.2,3354.6,3362.7,870
2025-05-26T13:00:00,3362.8,3367.5,3359.6,3367.0,945
2025-05-26T14:00:00,3367.1,3370.3,3364.7,3366.3,826
2025-05-26T15:00:00,3366.5,3368.0,3365.6,3366.6,275
2025-05-26T16:00:00,3366.7,3372.1,3366.1,3370.7,438
2025-05-26T17:00:00,3371.1,3371.9,3369.1,3369.7,192
2025-05-26T18:00:00,3369.7,3371.3,3369.5,3371.0,67
2025-05-26T22:00:00,3371.0,3377.5,3371.0,3376.3,936
2025-05-26T23:00:00,3376.0,3377.2,3372.9,3374.5,531
2025-05-27T00:00:00,3374.4,3378.3,3370.5,3373.0,1090
2025-05-27T01:00:00,3374.0,3376.0,3359.3,3363.7,1857
2025-05-27T02:00:00,3363.9,3372.5,3363.2,3370.8,1127
2025-05-27T03:00:00,3370.9,3375.7,3369.2,3369.5,1052
2025-05-27T04:00:00,3369.5,3369.8,3358.6,3358.9,1310
2025-05-27T05:00:00,3358.9,3360.8,3343.6,3350.6,3354
2025-05-27T06:00:00,3351.1,3356.2,3332.5,3336.8,3372
2025-05-27T07:00:00,3336.4,3340.7,3320.1,3324.0,3929
2025-05-27T08:00:00,3324.1,3338.2,3323.8,3326.2,2543
2025-05-27T09:00:00,3325.5,3336.8,3322.1,3324.3,1624
2025-05-27T10:00:00,3323.5,3326.9,3317.4,3320.0,2097
2025-05-27T11:00:00,3320.1,3324.9,3314.3,3315.3,2109
2025-05-27T12:00:00,3315.8,3325.0,3314.8,3320.5,2760
2025-05-27T13:00:00,3320.6,3332.1,3319.1,3322.1,4919
2025-05-27T14:00:00,3322.5,3330.8,3312.0,3327.5,3804
2025-05-27T15:00:00,3327.6,3330.5,3316.4,3320.0,3375
2025-05-27T16:00:00,3320.3,3325.5,3319.4,3324.9,1348
2025-05-27T17:00:00,3324.9,3331.4,3323.6,3327.9,1403
2025-05-27T18:00:00,3328.0,3330.6,3326.1,3329.7,965
2025-05-27T19:00:00,3329.9,3334.7,3329.9,3330.8,1397
2025-05-27T20:00:00,3330.9,3331.7,3326.0,3327.9,1155
2025-05-27T22:00:00,3327.8,3332.3,3325.0,3329.4,2783
2025-05-27T23:00:00,3329.7,3337.6,3322.9,3335.9,3981
2025-05-28T00:00:00,3336.0,3342.4,3334.5,3334.7,4320
2025-05-28T01:00:00,3334.5,3337.2,3324.2,3327.6,7023
2025-05-28T02:00:00,3327.6,3340.2,3325.9,3329.0,7454
2025-05-28T03:00:00,3329.0,3331.2,3317.0,3323.6,6774
2025-05-28T04:00:00,3323.8,3325.6,3320.4,3322.2,3105
2025-05-28T05:00:00,3322.3,3337.0,3321.9,3333.7,6838
2025-05-28T06:00:00,3333.5,3334.6,3323.9,3334.2,5909
2025-05-28T07:00:00,3334.3,3348.3,3333.1,3344.9,8222
2025-05-28T08:00:00,3345.0,3349.9,3340.8,3347.5,5872
2025-05-28T09:00:00,3347.7,3351.9,3346.2,3350.6,3490
2025-05-28T10:00:00,3350.7,3351.2,3337.5,3339.1,5033
2025-05-28T11:00:00,3339.2,3341.0,3332.9,3337.0,4706
2025-05-28T12:00:00,3337.3,3340.7,3331.1,3338.1,5692
2025-05-28T13:00:00,3338.4,3342.8,3322.6,3330.8,14656
2025-05-28T14:00:00,3330.8,3335.2,3326.2,3329.2,9188
2025-05-28T15:00:00,3329.1,3329.2,3318.7,3322.1,8403
2025-05-28T16:00:00,3322.1,3325.5,3314.0,3319.0,6648
2025-05-28T17:00:00,3319.2,3324.9,3316.8,3322.5,4299
2025-05-28T18:00:00,3322.3,3328.5,3322.1,3327.5,3982
2025-05-28T19:00:00,3327.5,3328.8,3318.8,3322.3,5671
2025-05-28T20:00:00,3322.3,3322.7,3301.2,3312.0,5934
2025-05-28T22:00:00,3311.3,3319.0,3305.6,3310.5,7584
2025-05-28T23:00:00,3310.8,3311.6,3271.8,3282.5,27514
2025-05-29T00:00:00,3282.6,3293.1,3277.0,3288.6,18169
2025-05-29T01:00:00,3288.8,3289.6,3268.6,3287.0,25418
2025-05-29T02:00:00,3287.0,3299.4,3284.0,3293.7,15015
2025-05-29T03:00:00,3293.7,3304.6,3291.6,3298.1,11687
2025-05-29T04:00:00,3298.1,3300.0,3293.0,3293.0,6842
2025-05-29T05:00:00,3293.3,3296.7,3289.6,3296.5,8045
2025-05-29T06:00:00,3296.4,3300.9,3291.9,3295.5,8805
2025-05-29T07:00:00,3295.5,3311.7,3295.4,3310.8,11311
2025-05-29T08:00:00,3310.8,3313.8,3302.7,3306.2,7180
2025-05-29T09:00:00,3306.1,3307.5,3300.3,3306.3,4694
2025-05-29T10:00:00,3306.3,3325.4,3306.2,3321.3,13824
2025-05-29T11:00:00,3321.2,3330.4,3320.1,3324.4,10571
2025-05-29T12:00:00,3324.6,3342.3,3323.4,3341.1,17494
2025-05-29T13:00:00,3341.3,3347.2,3335.0,3337.3,23762
2025-05-29T14:00:00,3337.5,3344.5,3328.7,3334.8,21496
2025-05-29T15:00:00,3334.7,3347.0,3334.1,3346.1,11508
2025-05-29T16:00:00,3346.1,3356.1,3344.2,3347.1,13524
2025-05-29T17:00:00,3347.1,3349.4,3342.6,3349.1,6920
2025-05-29T18:00:00,3349.0,3350.5,3342.0,3345.1,6018
2025-05-29T19:00:00,3345.5,3345.7,3339.3,3340.8,4285
2025-05-29T20:00:00,3340.6,3342.6,3339.2,3342.4,2542
2025-05-29T22:00:00,3340.6,3345.8,3336.5,3337.8,3203
2025-05-29T23:00:00,3337.7,3340.6,3336.1,3338.8,3535
2025-05-30T00:00:00,3338.9,3342.4,3333.0,3335.5,6901
2025-05-30T01:00:00,3335.8,3347.0,3331.6,3334.4,14615
2025-05-30T02:00:00,3333.9,3336.4,3318.3,3320.5,16628
2025-05-30T03:00:00,3320.4,3326.0,3314.7,3317.8,11381
2025-05-30T04:00:00,3317.7,3320.0,3314.6,3319.6,5405
2025-05-30T05:00:00,3319.5,3328.7,3313.6,3327.1,10771
2025-05-30T06:00:00,3327.1,3327.6,3314.2,3325.6,11862
2025-05-30T07:00:00,3325.4,3325.4,3311.5,3319.1,9393
2025-05-30T08:00:00,3318.7,3323.6,3315.7,3319.9,5648
2025-05-30T09:00:00,3319.8,3323.8,3316.8,3319.7,4184
2025-05-30T10:00:00,3319.8,3324.8,3316.6,3319.2,4981
2025-05-30T11:00:00,3319.4,3321.6,3312.0,3318.2,6660
2025-05-30T12:00:00,3318.5,3331.1,3306.7,3328.8,27290
2025-05-30T13:00:00,3328.7,3333.0,3298.9,3300.7,28184
2025-05-30T14:00:00,3300.7,3311.2,3294.9,3306.6,28571
2025-05-30T15:00:00,3306.8,3317.1,3299.8,3312.8,18344
2025-05-30T16:00:00,3312.8,3320.2,3307.6,3317.6,12428
2025-05-30T17:00:00,3317.7,3319.0,3313.7,3315.0,6620
2025-05-30T18:00:00,3315.2,3319.4,3315.2,3317.8,3706
2025-05-30T19:00:00,3317.9,3319.5,3315.2,3318.7,4066
2025-05-30T20:00:00,3318.6,3319.8,3312.7,3313.1,3600
2025-06-01T22:00:00,3322.0,3338.7,3319.5,3336.9,10707
2025-06-01T23:00:00,3336.6,3339.8,3332.6,3333.9,6391
2025-06-02T00:00:00,3333.3,3338.8,3326.3,3334.4,11227
2025-06-02T01:00:00,3334.6,3337.1,3324.5,3326.6,10803
2025-06-02T02:00:00,3326.6,3335.3,3326.4,3330.3,7652
2025-06-02T03:00:00,3330.4,3332.8,3326.6,3332.5,6234
2025-06-02T04:00:00,3332.6,3342.2,3332.5,3337.8,8813
2025-06-02T05:00:00,3337.8,3350.0,3337.6,3347.6,10264
2025-06-02T06:00:00,3347.8,3369.9,3347.6,3368.9,17642
2025-06-02T07:00:00,3368.9,3384.1,3367.7,3377.1,19469
2025-06-02T08:00:00,3377.2,3380.8,3374.5,3376.5,8097
2025-06-02T09:00:00,3376.7,3377.0,3368.8,3372.8,8677
2025-06-02T10:00:00,3372.8,3376.3,3368.8,3373.4,7008
2025-06-02T11:00:00,3373.3,3385.4,3370.5,3381.3,10630
2025-06-02T12:00:00,3381.0,3389.0,3378.6,3380.0,13564
2025-06-02T13:00:00,3380.1,3401.3,3374.4,3395.7,26396
2025-06-02T14:00:00,3396.8,3404.1,3391.7,3400.6,21937
2025-06-02T15:00:00,3400.5,3403.5,3393.3,3399.0,10122
2025-06-02T16:00:00,3399.5,3404.7,3394.3,3397.0,9064
2025-06-02T17:00:00,3397.0,3401.1,3396.3,3399.3,5817
2025-06-02T18:00:00,3399.4,3405.4,3395.7,3404.4,6520
2025-06-02T19:00:00,3404.6,3407.4,3402.9,3406.4,5081
2025-06-02T20:00:00,3406.4,3408.4,3403.3,3406.5,4305
2025-06-02T22:00:00,3406.0,3416.5,3406.0,3414.8,6354
2025-06-02T23:00:00,3415.0,3417.7,3408.2,3412.8,6127
2025-06-03T00:00:00,3412.6,3414.2,3398.7,3401.1,11120
2025-06-03T01:00:00,3401.2,3401.3,3387.7,3397.5,22473
2025-06-03T02:00:00,3397.4,3403.5,3389.1,3393.6,14838
2025-06-03T03:00:00,3393.4,3394.3,3384.4,3385.5,11295
2025-06-03T04:00:00,3385.5,3389.9,3383.3,3387.1,7460
2025-06-03T05:00:00,3387.3,3392.7,3381.1,3389.9,10155
2025-06-03T06:00:00,3389.9,3392.2,3375.7,3383.2,14091
2025-06-03T07:00:00,3383.1,3385.6,3376.7,3384.6,11254
2025-06-03T08:00:00,3384.7,3389.8,3384.2,3385.7,7656
2025-06-03T09:00:00,3385.5,3387.2,3379.3,3381.4,5898
2025-06-03T10:00:00,3381.4,3383.2,3379.1,3379.9,4501
2025-06-03T11:00:00,3380.0,3384.9,3377.9,3383.5,6533
2025-06-03T12:00:00,3383.6,3387.9,3371.9,3383.7,19040
2025-06-03T13:00:00,3383.7,3387.0,3364.6,3370.4,23507
2025-06-03T14:00:00,3369.5,3374.6,3357.2,3370.5,24886
2025-06-03T15:00:00,3370.4,3375.6,3367.9,3374.0,10056
2025-06-03T16:00:00,3374.1,3377.3,3368.3,3372.3,6926
2025-06-03T17:00:00,3372.4,3378.9,3371.2,3377.6,5500
2025-06-03T18:00:00,3377.5,3378.2,3374.6,3377.7,2986
2025-06-03T19:00:00,3377.8,3379.7,3375.1,3376.4,3504
2025-06-03T20:00:00,3376.4,3379.2,3376.2,3377.1,2036
2025-06-03T22:00:00,3377.5,3382.7,3377.1,3381.1,3226
2025-06-03T23:00:00,3381.1,3386.0,3379.4,3384.6,5617
2025-06-04T00:00:00,3384.5,3384.7,3372.9,3373.8,12676
2025-06-04T01:00:00,3373.6,3396.7,3369.7,3395.2,19321
2025-06-04T02:00:00,3395.4,3397.0,3386.8,3389.5,11890
2025-06-04T03:00:00,3389.3,3391.4,3382.1,3383.4,8941
2025-06-04T04:00:00,3383.4,3385.6,3375.9,3378.4,9440
2025-06-04T05:00:00,3378.4,3380.3,3371.8,3374.5,10977
2025-06-04T06:00:00,3374.6,3382.2,3372.4,3379.6,8257
2025-06-04T07:00:00,3379.8,3389.1,3377.3,3378.1,9495
2025-06-04T08:00:00,3378.1,3387.8,3375.0,3386.3,7376
2025-06-04T09:00:00,3386.4,3389.0,3383.4,3387.1,6024
2025-06-04T10:00:00,3387.0,3388.2,3370.5,3374.7,8747
2025-06-04T11:00:00,3374.8,3376.1,3366.8,3370.5,9961
2025-06-04T12:00:00,3370.5,3385.4,3368.2,3383.2,19537
2025-06-04T13:00:00,3383.2,3387.2,3375.2,3376.9,15610
2025-06-04T14:00:00,3377.4,3409.7,3375.2,3401.5,35942
2025-06-04T15:00:00,3401.5,3403.2,3394.2,3396.7,14787
2025-06-04T16:00:00,3396.6,3401.0,3395.4,3399.5,6002
2025-06-04T17:00:00,3399.2,3405.5,3397.2,3403.8,5994
2025-06-04T18:00:00,3403.9,3406.7,3399.5,3400.9,5244
2025-06-04T19:00:00,3400.7,3400.9,3396.0,3397.3,4188
2025-06-04T20:00:00,3397.2,3399.4,3393.7,3397.5,3407
2025-06-04T22:00:00,3398.5,3399.5,3395.6,3397.2,3104
2025-06-04T23:00:00,3397.2,3402.9,3396.1,3402.0,4367
2025-06-05T00:00:00,3401.7,3405.2,3395.0,3403.8,10809
2025-06-05T01:00:00,3403.6,3407.7,3394.0,3397.3,13306
2025-06-05T02:00:00,3397.1,3398.8,3391.1,3393.7,9840
2025-06-05T03:00:00,3393.9,3400.5,3392.7,3393.3,7089
2025-06-05T04:00:00,3393.3,3396.0,3386.9,3391.6,9435
2025-06-05T05:00:00,3391.7,3393.2,3384.1,3387.3,8925
2025-06-05T06:00:00,3387.3,3393.6,3386.8,3389.5,7065
2025-06-05T07:00:00,3389.3,3398.0,3388.6,3394.7,7163
2025-06-05T08:00:00,3394.7,3400.5,3393.1,3398.7,5338
2025-06-05T09:00:00,3398.8,3415.3,3397.6,3413.5,17536
2025-06-05T10:00:00,3413.3,3424.6,3412.0,3424.0,15244
2025-06-05T11:00:00,3424.1,3427.7,3415.9,3416.5,14413
2025-06-05T12:00:00,3417.2,3424.8,3400.7,3407.4,28185
2025-06-05T13:00:00,3407.4,3412.6,3394.6,3402.2,40545
2025-06-05T14:00:00,3402.0,3407.2,3387.0,3391.0,36885
2025-06-05T15:00:00,3391.0,3396.4,3362.3,3367.9,36542
2025-06-05T16:00:00,3367.6,3379.5,3362.8,3377.0,18422
2025-06-05T17:00:00,3377.1,3377.7,3371.8,3376.8,7827
2025-06-05T18:00:00,3376.8,3379.1,3373.1,3376.7,4470
2025-06-05T19:00:00,3376.6,3384.6,3375.9,3380.5,9278
2025-06-05T20:00:00,3380.5,3381.5,3375.3,3375.9,2807
2025-06-05T22:00:00,3378.0,3386.5,3376.2,3381.7,4207
2025-06-05T23:00:00,3381.7,3385.1,3379.1,3384.9,3508
2025-06-06T00:00:00,3384.4,3387.1,3379.7,3381.8,6772
2025-06-06T01:00:00,3381.6,3391.9,3378.2,3386.9,12607
2025-06-06T02:00:00,3387.1,3389.5,3385.0,3387.1,5451
2025-06-06T03:00:00,3386.8,3394.5,3381.7,3392.4,8845
2025-06-06T04:00:00,3392.2,3397.2,3391.5,3396.2,5329
2025-06-06T05:00:00,3396.0,3398.2,3385.7,3389.6,9298
2025-06-06T06:00:00,3389.4,3390.6,3378.8,3384.1,9773
2025-06-06T07:00:00,3384.1,3385.5,3375.4,3382.5,8939
2025-06-06T08:00:00,3382.6,3391.1,3381.6,3388.5,7120
2025-06-06T09:00:00,3388.5,3388.5,3375.3,3379.9,6359
2025-06-06T10:00:00,3380.0,3384.4,3379.2,3383.8,3636
2025-06-06T11:00:00,3383.8,3387.6,3381.2,3381.7,5503
2025-06-06T12:00:00,3381.5,3387.1,3365.6,3375.9,26194
2025-06-06T13:00:00,3375.8,3384.3,3364.3,3365.7,30262
2025-06-06T14:00:00,3365.4,3367.7,3338.5,3348.7,47842
2025-06-06T15:00:00,3348.7,3359.1,3345.4,3354.5,16035
2025-06-06T16:00:00,3354.5,3355.2,3343.0,3344.8,11053
2025-06-06T17:00:00,3345.1,3349.3,3343.6,3345.9,6957
2025-06-06T18:00:00,3346.2,3346.4,3336.2,3339.9,9969
2025-06-06T19:00:00,3339.9,3341.3,3333.1,3334.2,7781
2025-06-06T20:00:00,3334.2,3334.9,3328.8,3331.1,5629
2025-06-08T22:00:00,3333.0,3341.7,3328.2,3334.6,7975
2025-06-08T23:00:00,3334.6,3339.4,3333.2,3338.4,5165
2025-06-09T00:00:00,3338.5,3339.1,3317.6,3325.4,18720
2025-06-09T01:00:00,3325.6,3329.2,3314.6,3315.7,13538
2025-06-09T02:00:00,3315.7,3327.6,3313.1,3325.2,13366
2025-06-09T03:00:00,3325.1,3331.8,3323.6,3330.8,8152
2025-06-09T04:00:00,3330.7,3333.5,3328.9,3331.8,5975
2025-06-09T05:00:00,3331.7,3337.0,3329.4,3334.9,6963
2025-06-09T06:00:00,3335.0,3345.6,3332.6,3345.5,10644
2025-06-09T07:00:00,3345.0,3349.5,3341.9,3345.0,9324
2025-06-09T08:00:00,3345.3,3346.7,3340.4,3340.5,5188
2025-06-09T09:00:00,3340.5,3344.4,3337.6,3339.6,5798
2025-06-09T10:00:00,3339.5,3340.8,3333.0,3335.6,5452
2025-06-09T11:00:00,3335.7,3342.4,3334.6,3338.6,7834
2025-06-09T12:00:00,3338.6,3343.3,3333.7,3341.3,9682
2025-06-09T13:00:00,3341.2,3342.8,3331.4,3339.9,15954
2025-06-09T14:00:00,3339.9,3348.1,3336.9,3341.8,16636
2025-06-09T15:00:00,3341.8,3353.5,3341.2,3349.7,12142
2025-06-09T16:00:00,3349.8,3358.8,3348.5,3358.4,10831
2025-06-09T17:00:00,3358.5,3359.0,3353.3,3354.0,6487
2025-06-09T18:00:00,3353.9,3357.7,3353.4,3354.0,3626
2025-06-09T19:00:00,3353.9,3356.4,3346.9,3348.3,5534
2025-06-09T20:00:00,3348.2,3350.8,3346.1,3346.6,3256
2025-06-09T22:00:00,3346.7,3348.0,3341.6,3343.7,4359
2025-06-09T23:00:00,3344.0,3348.0,3344.0,3346.8,3198
2025-06-10T00:00:00,3346.7,3346.7,3333.8,3336.0,13297
2025-06-10T01:00:00,3336.4,3339.7,3322.6,3325.8,17385
2025-06-10T02:00:00,3325.8,3329.8,3321.3,3328.9,12469
2025-06-10T03:00:00,3328.9,3330.1,3324.7,3327.4,7187
2025-06-10T04:00:00,3327.3,3328.5,3322.4,3326.7,5187
2025-06-10T05:00:00,3326.9,3339.3,3326.0,3337.9,15610
2025-06-10T06:00:00,3338.2,3351.5,3335.7,3345.2,16705
2025-06-10T07:00:00,3345.1,3352.9,3344.3,3350.3,9933
2025-06-10T08:00:00,3350.2,3355.8,3346.4,3349.7,8051
2025-06-10T09:00:00,3349.8,3352.4,3347.7,3350.4,4097
2025-06-10T10:00:00,3350.6,3357.3,3349.2,3356.3,5013
2025-06-10T11:00:00,3356.2,3363.5,3352.8,3354.4,10707
2025-06-10T12:00:00,3354.3,3361.3,3348.8,3358.1,14765
2025-06-10T13:00:00,3358.2,3370.2,3356.4,3364.8,18958
2025-06-10T14:00:00,3364.7,3365.0,3345.7,3349.0,24462
2025-06-10T15:00:00,3348.8,3350.6,3344.1,3347.5,14442
2025-06-10T16:00:00,3347.5,3348.8,3340.3,3342.2,8529
2025-06-10T17:00:00,3342.2,3347.0,3341.2,3345.8,6123
2025-06-10T18:00:00,3345.8,3346.3,3339.9,3342.4,5118
2025-06-10T19:00:00,3342.6,3355.6,3342.3,3350.0,8835
2025-06-10T20:00:00,3350.0,3350.2,3343.1,3344.6,4226
2025-06-10T22:00:00,3342.5,3347.6,3341.3,3344.8,5061
2025-06-10T23:00:00,3344.6,3348.9,3335.4,3348.9,10142
2025-06-11T00:00:00,3348.5,3356.2,3345.1,3353.2,10666
2025-06-11T01:00:00,3353.1,3358.4,3348.0,3349.5,10155
2025-06-11T02:00:00,3349.5,3360.8,3348.1,3359.3,10259
2025-06-11T03:00:00,3359.3,3363.2,3357.4,3360.9,6689
2025-06-11T04:00:00,3360.8,3364.3,3358.1,3363.4,6238
2025-06-11T05:00:00,3363.2,3364.9,3356.2,3360.6,7967
2025-06-11T06:00:00,3360.4,3361.1,3353.3,3358.1,7760
2025-06-11T07:00:00,3358.1,3369.3,3355.6,3366.8,8878
2025-06-11T08:00:00,3366.5,3367.8,3363.5,3365.7,5021
2025-06-11T09:00:00,3365.5,3365.8,3352.4,3354.5,10714
2025-06-11T10:00:00,3354.8,3357.4,3348.5,3350.4,6860
2025-06-11T11:00:00,3350.2,3355.8,3346.1,3353.8,8355
2025-06-11T12:00:00,3353.8,3382.3,3347.8,3357.4,39268
2025-06-11T13:00:00,3357.5,3365.8,3348.2,3351.1,32197
2025-06-11T14:00:00,3350.6,3362.0,3349.1,3358.5,15247
2025-06-11T15:00:00,3358.7,3363.6,3349.9,3353.7,13147
2025-06-11T16:00:00,3353.8,3355.9,3348.8,3351.0,6574
2025-06-11T17:00:00,3351.1,3352.5,3339.3,3344.4,12192
2025-06-11T18:00:00,3344.7,3368.4,3344.1,3364.4,21736
2025-06-11T19:00:00,3364.4,3370.3,3362.7,3367.9,8218
2025-06-11T20:00:00,3368.1,3376.6,3367.7,3375.9,5115
2025-06-11T22:00:00,3377.0,3390.5,3376.1,3389.5,9857
2025-06-11T23:00:00,3389.4,3393.9,3377.9,3386.0,13873
2025-06-12T00:00:00,3386.0,3392.0,3382.5,3386.4,13305
2025-06-12T01:00:00,3386.4,3397.1,3382.8,3391.6,16789
2025-06-12T02:00:00,3391.3,3398.5,3389.4,3395.0,11540
2025-06-12T03:00:00,3394.6,3396.8,3391.5,3392.9,6118
2025-06-12T04:00:00,3393.3,3394.0,3389.3,3391.0,4829
2025-06-12T05:00:00,3390.8,3396.4,3387.8,3394.6,6279
2025-06-12T06:00:00,3394.7,3395.7,3385.1,3395.1,10383
2025-06-12T07:00:00,3395.0,3395.3,3358.6,3366.6,23928
2025-06-12T08:00:00,3366.8,3380.8,3366.8,3376.2,15902
2025-06-12T09:00:00,3376.3,3388.2,3374.8,3385.6,11052
2025-06-12T10:00:00,3385.7,3406.5,3382.5,3403.1,16854
2025-06-12T11:00:00,3402.9,3409.4,3393.5,3399.8,14898
2025-06-12T12:00:00,3399.5,3411.3,3396.6,3409.1,17675
2025-06-12T13:00:00,3409.0,3419.8,3399.1,3412.9,35374
2025-06-12T14:00:00,3412.8,3414.2,3403.4,3404.4,21546
2025-06-12T15:00:00,3404.5,3411.3,3398.1,3406.3,18627
2025-06-12T16:00:00,3406.5,3412.4,3401.7,3404.5,11524
2025-06-12T17:00:00,3404.5,3405.6,3398.7,3403.4,8729
2025-06-12T18:00:00,3403.5,3406.8,3402.3,3406.1,4522
2025-06-12T19:00:00,3406.0,3409.5,3405.0,3408.5,3190
2025-06-12T20:00:00,3408.5,3409.5,3405.5,3406.5,2996
2025-06-12T22:00:00,3406.1,3407.5,3399.8,3404.2,5163
2025-06-12T23:00:00,3404.0,3417.2,3403.0,3416.6,6950
2025-06-13T00:00:00,3416.4,3441.9,3412.1,3436.5,47469
2025-06-13T01:00:00,3436.5,3455.2,3435.2,3449.0,29214
2025-06-13T02:00:00,3448.8,3466.7,3446.3,3464.4,20338
2025-06-13T03:00:00,3463.8,3466.9,3445.8,3447.8,21329
2025-06-13T04:00:00,3447.8,3452.9,3445.0,3447.2,7393
2025-06-13T05:00:00,3447.1,3450.8,3438.8,3447.3,11958
2025-06-13T06:00:00,3447.3,3450.3,3429.1,3437.1,15402
2025-06-13T07:00:00,3437.0,3439.8,3428.2,3435.6,10404
2025-06-13T08:00:00,3435.2,3447.0,3434.6,3444.7,8037
2025-06-13T09:00:00,3444.8,3447.9,3440.0,3444.5,7972
2025-06-13T10:00:00,3444.7,3448.1,3432.0,3436.0,11463
2025-06-13T11:00:00,3436.3,3443.3,3432.7,3442.4,7710
2025-06-13T12:00:00,3442.4,3458.9,3441.7,3457.1,14168
2025-06-13T13:00:00,3457.0,3467.9,3454.4,3457.4,28430
2025-06-13T14:00:00,3457.2,3460.5,3444.0,3448.3,29559
2025-06-13T15:00:00,3448.2,3451.3,3440.5,3446.3,15714
2025-06-13T16:00:00,3446.5,3452.1,3439.2,3450.4,10465
2025-06-13T17:00:00,3450.7,3453.8,3447.4,3450.4,7939
2025-06-13T18:00:00,3450.6,3459.5,3448.7,3456.6,10574
2025-06-13T19:00:00,3456.4,3458.3,3451.4,3452.2,7968
2025-06-13T20:00:00,3452.3,3455.0,3448.8,3453.0,4958
2025-06-15T22:00:00,3472.5,3476.0,3443.1,3469.1,14552
2025-06-15T23:00:00,3469.2,3470.6,3459.8,3464.1,9394
2025-06-16T00:00:00,3464.1,3471.5,3454.3,3456.5,16811
2025-06-16T01:00:00,3456.5,3462.7,3453.1,3460.5,12969
2025-06-16T02:00:00,3460.6,3465.7,3457.3,3457.9,10041
2025-06-16T03:00:00,3457.8,3459.0,3448.3,3450.7,10350
2025-06-16T04:00:00,3450.7,3452.4,3445.5,3446.6,8418
2025-06-16T05:00:00,3446.6,3449.6,3436.7,3441.1,15680
2025-06-16T06:00:00,3441.0,3441.0,3432.4,3438.0,12525
2025-06-16T07:00:00,3437.8,3439.5,3429.0,3432.2,10860
2025-06-16T08:00:00,3431.8,3437.6,3428.5,3433.0,8099
2025-06-16T09:00:00,3432.7,3438.8,3431.2,3431.3,5887
2025-06-16T10:00:00,3431.8,3440.9,3430.2,3440.5,6561
2025-06-16T11:00:00,3440.6,3442.4,3430.1,3434.4,8841
2025-06-16T12:00:00,3434.4,3437.3,3430.3,3435.3,8783
2025-06-16T13:00:00,3435.1,3438.0,3401.4,3407.4,39750
2025-06-16T14:00:00,3407.1,3418.9,3406.4,3416.1,28712
2025-06-16T15:00:00,3416.2,3425.4,3416.2,3424.1,14468
2025-06-16T16:00:00,3423.9,3424.7,3415.8,3418.5,7437
2025-06-16T17:00:00,3418.5,3419.4,3410.3,3412.2,6435
2025-06-16T18:00:00,3412.1,3413.9,3403.5,3404.7,7830
2025-06-16T19:00:00,3404.9,3407.5,3402.0,3403.0,8553
2025-06-16T20:00:00,3403.0,3405.9,3402.3,3404.0,3724
2025-06-16T22:00:00,3404.0,3417.4,3404.0,3414.4,7925
2025-06-16T23:00:00,3414.4,3422.8,3412.3,3422.8,11023
2025-06-17T00:00:00,3422.6,3422.9,3410.5,3413.5,12239
2025-06-17T01:00:00,3413.3,3421.9,3412.2,3412.9,10459
2025-06-17T02:00:00,3412.7,3419.9,3407.1,3409.2,12580
2025-06-17T03:00:00,3409.2,3411.8,3390.0,3406.3,20575
2025-06-17T04:00:00,3406.2,3415.2,3405.6,3413.0,7096
2025-06-17T05:00:00,3412.8,3413.9,3409.2,3411.1,5075
2025-06-17T06:00:00,3410.8,3411.0,3399.2,3403.5,8441
2025-06-17T07:00:00,3403.5,3410.5,3401.1,3406.1,7903
2025-06-17T08:00:00,3406.2,3406.9,3395.9,3397.2,7188
2025-06-17T09:00:00,3397.0,3404.1,3393.4,3403.7,10892
2025-06-17T10:00:00,3403.8,3417.8,3403.6,3416.9,10428
2025-06-17T11:00:00,3417.0,3419.0,3406.7,3407.1,9383
2025-06-17T12:00:00,3407.0,3413.7,3402.1,3405.1,14943
2025-06-17T13:00:00,3405.2,3416.4,3404.3,3409.5,19917
2025-06-17T14:00:00,3409.6,3411.2,3384.2,3403.8,39476
2025-06-17T15:00:00,3403.9,3407.2,3390.2,3398.0,19345
2025-06-17T16:00:00,3398.0,3404.2,3395.2,3401.2,11477
2025-06-17T17:00:00,3401.4,3410.0,3399.7,3408.8,9668
2025-06-17T18:00:00,3408.8,3411.1,3401.1,3401.5,7033
2025-06-17T19:00:00,3401.6,3404.9,3400.6,3404.2,4984
2025-06-17T20:00:00,3404.3,3408.6,3402.0,3406.6,2819
2025-06-17T22:00:00,3408.0,3414.6,3407.2,3407.3,5004
2025-06-17T23:00:00,3407.5,3409.0,3403.3,3405.7,3946
2025-06-18T00:00:00,3405.4,3407.5,3401.3,3404.0,6330
2025-06-18T01:00:00,3404.1,3407.4,3397.2,3397.8,7912
2025-06-18T02:00:00,3397.7,3398.0,3389.0,3397.8,10124
2025-06-18T03:00:00,3397.6,3410.2,3397.5,3409.7,8931
2025-06-18T04:00:00,3409.8,3419.0,3408.2,3413.7,11185
2025-06-18T05:00:00,3413.8,3414.3,3402.9,3404.9,10757
2025-06-18T06:00:00,3405.2,3405.5,3397.6,3400.7,8736
2025-06-18T07:00:00,3400.7,3404.4,3395.0,3403.9,7518
2025-06-18T08:00:00,3404.0,3406.6,3400.3,3401.5,5335
2025-06-18T09:00:00,3401.5,3403.7,3393.6,3396.4,5090
2025-06-18T10:00:00,3396.5,3400.8,3393.9,3398.4,6464
2025-06-18T11:00:00,3398.4,3405.3,3397.3,3400.4,7524
2025-06-18T12:00:00,3400.2,3408.5,3399.8,3405.9,10201
2025-06-18T13:00:00,3405.4,3415.9,3404.5,3411.2,15372
2025-06-18T14:00:00,3411.1,3411.3,3391.8,3405.6,27325
2025-06-18T15:00:00,3405.8,3411.3,3399.7,3411.1,8759
2025-06-18T16:00:00,3411.2,3413.1,3408.5,3409.4,5749
2025-06-18T17:00:00,3409.5,3409.8,3402.1,3404.3,6161
2025-06-18T18:00:00,3404.9,3414.3,3396.0,3397.0,16591
2025-06-18T19:00:00,3396.9,3397.7,3380.5,3384.4,24237
2025-06-18T20:00:00,3384.4,3387.6,3380.0,3386.4,6165
2025-06-18T22:00:00,3386.6,3396.6,3386.1,3392.1,5892
2025-06-18T23:00:00,3392.1,3394.0,3387.7,3392.1,4725
2025-06-19T00:00:00,3391.9,3400.2,3391.7,3396.1,7249
2025-06-19T01:00:00,3396.3,3405.1,3391.2,3392.1,12398
2025-06-19T02:00:00,3391.9,3396.5,3391.1,3394.0,6326
2025-06-19T03:00:00,3394.0,3394.6,3386.5,3390.9,7179
2025-06-19T04:00:00,3390.8,3392.6,3389.1,3391.9,2932
2025-06-19T05:00:00,3391.8,3392.7,3376.7,3381.7,11409
2025-06-19T06:00:00,3381.6,3381.9,3363.5,3373.7,26221
2025-06-19T07:00:00,3373.6,3386.2,3367.3,3383.1,14945
2025-06-19T08:00:00,3383.0,3389.2,3379.3,3386.0,8561
2025-06-19T09:00:00,3385.9,3390.9,3380.2,3387.5,7139
2025-06-19T10:00:00,3387.5,3396.5,3386.1,3391.7,7153
2025-06-19T11:00:00,3391.6,3392.3,3387.1,3388.9,4634
2025-06-19T12:00:00,3388.7,3389.4,3380.4,3385.0,9264
2025-06-19T13:00:00,3384.9,3389.8,3377.4,3386.5,13563
2025-06-19T14:00:00,3386.3,3388.0,3378.5,3381.7,10159
2025-06-19T15:00:00,3381.5,3388.9,3378.7,3385.9,9170
2025-06-19T16:00:00,3385.8,3388.5,3382.6,3387.6,4700
2025-06-19T17:00:00,3387.8,3392.0,3382.7,3385.2,4880
2025-06-19T18:00:00,3385.2,3388.8,3383.5,3387.4,1502
2025-06-19T22:00:00,3387.0,3387.1,3378.5,3382.2,4840
2025-06-19T23:00:00,3382.3,3386.9,3380.0,3385.3,4178
2025-06-20T00:00:00,3385.2,3386.8,3381.0,3384.3,4224
2025-06-20T01:00:00,3384.6,3384.7,3372.5,3372.8,10768
2025-06-20T02:00:00,3372.9,3376.9,3367.7,3368.8,9226
2025-06-20T03:00:00,3368.8,3372.7,3360.9,3371.7,14396
2025-06-20T04:00:00,3371.9,3373.8,3368.6,3370.4,5726
2025-06-20T05:00:00,3370.4,3371.2,3358.8,3361.0,11473
2025-06-20T06:00:00,3360.9,3365.2,3356.1,3361.4,12353
2025-06-20T07:00:00,3361.2,3371.6,3359.2,3363.6,9880
2025-06-20T08:00:00,3363.5,3368.5,3362.4,3367.2,6261
2025-06-20T09:00:00,3367.2,3375.8,3365.2,3371.3,6545
2025-06-20T10:00:00,3371.4,3374.5,3370.7,3371.2,2776
2025-06-20T11:00:00,3371.1,3371.8,3361.3,3362.8,7965
2025-06-20T12:00:00,3363.0,3366.8,3357.3,3359.9,11000
2025-06-20T13:00:00,3360.1,3390.1,3358.6,3386.5,23227
2025-06-20T14:00:00,3386.6,3390.8,3381.3,3385.7,17301
2025-06-20T15:00:00,3385.7,3388.0,3382.1,3385.8,6962
2025-06-20T16:00:00,3386.0,3389.8,3383.7,3387.8,4216
2025-06-20T17:00:00,3387.7,3387.9,3382.3,3383.4,4003
2025-06-20T18:00:00,3383.4,3383.9,3380.1,3382.1,3702
2025-06-20T19:00:00,3382.4,3386.4,3380.5,3381.3,4543
2025-06-20T20:00:00,3381.2,3385.2,3380.3,3384.3,3007
2025-06-22T22:00:00,3400.0,3413.0,3386.8,3394.7,22021
2025-06-22T23:00:00,3394.2,3395.9,3386.8,3388.7,8233
2025-06-23T00:00:00,3388.8,3389.2,3373.3,3381.5,15456
2025-06-23T01:00:00,3381.7,3383.9,3367.5,3371.1,14819
2025-06-23T02:00:00,3370.8,3380.5,3370.4,3376.4,7049
2025-06-23T03:00:00,3376.5,3381.6,3375.2,3378.5,5578
2025-06-23T04:00:00,3378.6,3380.4,3372.0,3373.4,4219
2025-06-23T05:00:00,3373.5,3375.9,3361.9,3371.5,10335
2025-06-23T06:00:00,3371.6,3374.6,3367.6,3372.8,6483
2025-06-23T07:00:00,3372.4,3374.0,3366.2,3372.7,5803
2025-06-23T08:00:00,3372.9,3377.8,3372.9,3377.4,4636
2025-06-23T09:00:00,3377.1,3384.8,3376.9,3382.3,6664
2025-06-23T10:00:00,3382.3,3384.0,3379.4,3383.6,3514
2025-06-23T11:00:00,3383.6,3397.9,3383.6,3396.2,10749
2025-06-23T12:00:00,3396.2,3396.5,3371.1,3375.5,15874
2025-06-23T13:00:00,3375.5,3403.6,3375.0,3396.5,21774
2025-06-23T14:00:00,3396.3,3402.7,3385.3,3402.5,22403
2025-06-23T15:00:00,3402.6,3406.0,3400.1,3403.1,10713
2025-06-23T16:00:00,3403.2,3410.1,3396.0,3405.7,15387
2025-06-23T17:00:00,3405.5,3407.6,3391.2,3398.1,12638
2025-06-23T18:00:00,3398.1,3403.9,3392.1,3393.8,7818
2025-06-23T19:00:00,3393.8,3397.4,3390.9,3391.4,3834
2025-06-23T20:00:00,3391.5,3392.6,3382.8,3384.0,4548
2025-06-23T22:00:00,3384.4,3385.6,3365.2,3370.8,10143
2025-06-23T23:00:00,3370.9,3372.4,3354.4,3358.7,11591
2025-06-24T00:00:00,3359.0,3369.5,3347.1,3365.4,15565
2025-06-24T01:00:00,3365.5,3368.7,3356.0,3362.1,11994
2025-06-24T02:00:00,3362.3,3367.2,3360.0,3366.0,7207
2025-06-24T03:00:00,3366.1,3372.5,3365.5,3366.8,6238
2025-06-24T04:00:00,3366.9,3367.9,3361.2,3362.8,4711
2025-06-24T05:00:00,3362.7,3363.0,3340.5,3345.9,15706
2025-06-24T06:00:00,3346.0,3347.3,3330.8,3337.5,18116
2025-06-24T07:00:00,3337.2,3346.1,3331.2,3343.8,13343
2025-06-24T08:00:00,3343.9,3346.7,3338.7,3341.6,7485
2025-06-24T09:00:00,3341.4,3343.1,3331.7,3332.3,6761
2025-06-24T10:00:00,3332.7,3341.6,3332.4,3339.5,4801
2025-06-24T11:00:00,3339.2,3342.9,3331.2,3335.1,6795
2025-06-24T12:00:00,3335.0,3335.0,3318.1,3328.4,23513
2025-06-24T13:00:00,3328.4,3331.8,3308.7,3315.5,29028
2025-06-24T14:00:00,3316.6,3324.1,3312.1,3318.3,18712
2025-06-24T15:00:00,3318.4,3330.8,3313.1,3326.9,13934
2025-06-24T16:00:00,3326.9,3334.6,3324.7,3332.5,6742
2025-06-24T17:00:00,3332.6,3335.7,3331.8,3332.1,5156
2025-06-24T18:00:00,3332.2,3333.3,3329.8,3331.4,3639
2025-06-24T19:00:00,3331.2,3339.2,3329.9,3337.6,4996
2025-06-24T20:00:00,3337.7,3338.7,3335.7,3338.4,2616
2025-06-24T22:00:00,3338.5,3339.9,3333.0,3335.7,3744
2025-06-24T23:00:00,3335.8,3338.9,3334.8,3338.1,2451
2025-06-25T00:00:00,3338.0,3343.8,3337.4,3340.5,6313
2025-06-25T01:00:00,3340.4,3349.2,3340.0,3348.8,7546
2025-06-25T02:00:00,3348.7,3349.5,3341.9,3343.9,5828
2025-06-25T03:00:00,3343.6,3346.3,3340.6,3342.2,3896
2025-06-25T04:00:00,3342.4,3343.3,3338.9,3341.2,3259
2025-06-25T05:00:00,3341.3,3347.5,3340.4,3345.4,3841
2025-06-25T06:00:00,3345.4,3347.3,3342.5,3345.8,3889
2025-06-25T07:00:00,3346.0,3351.4,3340.3,3344.6,8824
2025-06-25T08:00:00,3344.6,3346.2,3339.8,3340.7,5364
2025-06-25T09:00:00,3340.6,3340.9,3335.0,3339.0,5464
2025-06-25T10:00:00,3338.9,3343.4,3337.6,3338.2,5301
2025-06-25T11:00:00,3338.2,3343.6,3336.0,3336.5,6311
2025-06-25T12:00:00,3336.7,3343.3,3331.8,3334.1,8917
2025-06-25T13:00:00,3334.4,3335.4,3325.5,3328.1,15291
2025-06-25T14:00:00,3328.2,3340.1,3325.6,3337.4,14566
2025-06-25T15:00:00,3337.3,3340.8,3335.1,3339.2,6955
2025-06-25T16:00:00,3339.4,3349.1,3337.7,3348.8,7837
2025-06-25T17:00:00,3348.8,3349.3,3338.6,3342.0,7576
2025-06-25T18:00:00,3342.3,3345.8,3340.0,3345.7,3712
2025-06-25T19:00:00,3345.5,3350.3,3344.4,3348.3,4526
2025-06-25T20:00:00,3348.2,3349.9,3345.6,3346.9,2696
2025-06-25T22:00:00,3346.9,3348.9,3344.4,3346.6,3276
2025-06-25T23:00:00,3346.4,3354.3,3346.0,3352.7,5091
2025-06-26T00:00:00,3353.1,3353.2,3345.5,3347.3,6844
2025-06-26T01:00:00,3347.6,3350.5,3342.8,3343.5,7819
2025-06-26T02:00:00,3343.7,3355.8,3342.6,3353.1,7971
2025-06-26T03:00:00,3353.4,3357.0,3350.1,3351.7,6132
2025-06-26T04:00:00,3351.7,3352.0,3347.1,3347.8,3281
2025-06-26T05:00:00,3347.8,3352.1,3346.1,3348.0,5257
2025-06-26T06:00:00,3348.0,3353.8,3344.4,3353.1,8158
2025-06-26T07:00:00,3353.1,3360.6,3353.1,3359.3,8155
2025-06-26T08:00:00,3359.4,3363.9,3357.7,3361.9,5860
2025-06-26T09:00:00,3361.7,3362.3,3352.1,3353.9,7866
2025-06-26T10:00:00,3354.0,3357.0,3351.3,3356.8,4163
2025-06-26T11:00:00,3356.8,3357.5,3345.0,3346.3,8128
2025-06-26T12:00:00,3346.3,3358.0,3334.4,3334.8,19299
2025-06-26T13:00:00,3334.9,3341.7,3322.5,3332.6,34854
2025-06-26T14:00:00,3332.7,3337.0,3324.2,3331.2,19530
2025-06-26T15:00:00,3331.6,3338.0,3331.4,3337.7,7410
2025-06-26T16:00:00,3337.7,3346.6,3336.7,3345.0,8464
2025-06-26T17:00:00,3344.8,3349.9,3344.5,3346.3,5941
2025-06-26T18:00:00,3346.3,3348.3,3344.8,3346.9,4132
2025-06-26T19:00:00,3347.1,3347.3,3341.1,3345.0,4936
2025-06-26T20:00:00,3345.0,3346.1,3341.2,3341.5,2883
2025-06-26T22:00:00,3341.0,3341.9,3331.4,3334.9,4392
2025-06-26T23:00:00,3334.6,3337.0,3329.3,3331.8,4127
2025-06-27T00:00:00,3331.7,3333.0,3326.0,3331.8,6571
2025-06-27T01:00:00,3331.6,3335.1,3326.7,3329.0,9532
2025-06-27T02:00:00,3328.9,3332.8,3320.8,3321.0,9700
2025-06-27T03:00:00,3321.0,3323.3,3305.1,3307.1,16048
2025-06-27T04:00:00,3307.3,3310.0,3303.7,3306.5,9913
2025-06-27T05:00:00,3306.3,3313.0,3301.0,3309.8,13443
2025-06-27T06:00:00,3309.8,3312.3,3298.5,3306.9,13163
2025-06-27T07:00:00,3306.9,3307.3,3295.0,3296.2,10949
2025-06-27T08:00:00,3296.2,3303.0,3293.3,3301.2,8050
2025-06-27T09:00:00,3301.1,3301.8,3293.9,3294.5,6590
2025-06-27T10:00:00,3294.5,3303.3,3291.3,3297.5,8616
2025-06-27T11:00:00,3297.5,3300.0,3287.7,3292.9,9745
2025-06-27T12:00:00,3292.8,3293.8,3280.0,3281.2,18967
2025-06-27T13:00:00,3281.0,3286.4,3266.5,3286.1,35923
2025-06-27T14:00:00,3286.1,3290.4,3275.3,3284.2,25870
2025-06-27T15:00:00,3284.4,3289.2,3282.3,3286.3,9869
2025-06-27T16:00:00,3286.4,3290.6,3285.1,3289.6,6976
2025-06-27T17:00:00,3289.7,3295.1,3284.3,3289.7,9473
2025-06-27T18:00:00,3289.7,3290.7,3282.2,3287.9,8245
2025-06-27T19:00:00,3287.9,3288.8,3280.1,3283.0,5914
2025-06-27T20:00:00,3283.0,3287.9,3282.5,3285.7,4132
2025-06-29T22:00:00,3284.0,3293.9,3250.1,3274.7,20785
2025-06-29T23:00:00,3274.4,3281.8,3273.3,3274.7,7000
2025-06-30T00:00:00,3274.3,3280.8,3272.6,3275.1,6935
2025-06-30T01:00:00,3275.0,3287.3,3269.7,3285.1,12925
2025-06-30T02:00:00,3285.2,3294.9,3285.0,3291.7,11181
2025-06-30T03:00:00,3291.5,3294.1,3288.8,3289.7,4572
2025-06-30T04:00:00,3290.0,3297.5,3288.0,3297.0,5490
2025-06-30T05:00:00,3296.6,3302.2,3295.8,3299.7,7884
2025-06-30T06:00:00,3299.7,3306.6,3298.6,3303.1,6937
2025-06-30T07:00:00,3303.0,3307.7,3301.6,3304.2,6510
2025-06-30T08:00:00,3304.0,3308.0,3299.2,3300.5,6244
2025-06-30T09:00:00,3300.3,3300.3,3288.5,3299.6,10291
2025-06-30T10:00:00,3299.5,3300.6,3294.1,3295.2,4097
2025-06-30T11:00:00,3295.0,3295.5,3285.7,3289.1,8101
2025-06-30T12:00:00,3289.5,3300.9,3289.4,3293.5,10428
2025-06-30T13:00:00,3293.6,3299.0,3289.3,3296.8,13426
2025-06-30T14:00:00,3296.7,3301.6,3290.6,3299.6,14626
2025-06-30T15:00:00,3299.5,3303.3,3295.1,3301.7,10315
2025-06-30T16:00:00,3301.8,3309.6,3301.1,3309.3,8889
2025-06-30T17:00:00,3309.2,3310.8,3303.8,3305.8,7245
2025-06-30T18:00:00,3305.9,3311.8,3304.2,3310.7,5703
2025-06-30T19:00:00,3310.6,3321.8,3310.1,3320.5,9540
2025-06-30T20:00:00,3320.5,3321.3,3314.5,3315.0,4122
2025-06-30T22:00:00,3315.0,3326.5,3313.5,3322.9,6093
2025-06-30T23:00:00,3323.1,3324.9,3320.3,3324.6,4626
2025-07-01T00:00:00,3324.5,3327.0,3321.6,3326.8,4342
2025-07-01T01:00:00,3326.6,3333.0,3325.7,3328.9,11244
2025-07-01T02:00:00,3328.8,3330.7,3324.8,3327.7,7153
2025-07-01T03:00:00,3327.3,3334.5,3327.1,3332.8,6079
2025-07-01T04:00:00,3332.8,3335.3,3330.2,3335.2,4356
2025-07-01T05:00:00,3334.9,3343.8,3334.9,3339.9,9362
2025-07-01T06:00:00,3339.8,3345.9,3336.0,3342.8,8995
2025-07-01T07:00:00,3343.1,3351.8,3342.1,3351.1,9855
2025-07-01T08:00:00,3351.0,3354.3,3348.7,3351.2,6570
2025-07-01T09:00:00,3351.5,3360.2,3350.1,3357.7,8211
2025-07-01T10:00:00,3357.6,3361.8,3356.1,3360.5,6176
2025-07-01T11:00:00,3360.5,3365.3,3358.9,3361.2,9879
2025-07-01T12:00:00,3361.4,3370.3,3360.4,3366.7,15315
2025-07-01T13:00:00,3366.4,3367.8,3356.1,3363.6,19980
2025-07-01T14:00:00,3363.6,3366.8,3355.3,3357.6,17339
2025-07-01T15:00:00,3357.6,3358.8,3348.0,3352.2,14579
2025-07-01T16:00:00,3352.3,3356.3,3349.6,3354.0,7302
2025-07-01T17:00:00,3354.0,3354.4,3349.1,3352.1,5254
2025-07-01T18:00:00,3352.1,3352.4,3348.5,3350.0,2982
2025-07-01T19:00:00,3350.2,3352.2,3348.6,3349.5,3285
2025-07-01T20:00:00,3349.3,3352.0,3348.1,3349.7,2864
2025-07-01T22:00:00,3350.4,3354.0,3345.5,3352.1,5124
2025-07-01T23:00:00,3352.2,3352.5,3347.2,3348.6,4505
2025-07-02T00:00:00,3348.7,3355.0,3343.0,3348.8,9316
2025-07-02T01:00:00,3348.9,3352.8,3340.6,3342.0,9066
2025-07-02T02:00:00,3342.1,3348.2,3338.2,3346.8,8275
2025-07-02T03:00:00,3346.9,3351.9,3345.0,3349.7,6427
2025-07-02T04:00:00,3349.6,3351.9,3348.9,3349.8,2861
2025-07-02T05:00:00,3349.7,3354.4,3346.5,3348.7,6018
2025-07-02T06:00:00,3348.8,3349.4,3339.4,3343.2,7057
2025-07-02T07:00:00,3343.1,3347.8,3337.1,3344.9,8296
2025-07-02T08:00:00,3344.8,3348.2,3343.1,3343.9,4408
2025-07-02T09:00:00,3343.9,3352.3,3343.3,3351.7,4985
2025-07-02T10:00:00,3351.7,3356.4,3350.8,3354.9,5233
2025-07-02T11:00:00,3354.9,3358.4,3350.0,3352.8,5777
2025-07-02T12:00:00,3352.5,3361.9,3348.1,3357.4,16217
2025-07-02T13:00:00,3357.1,3357.3,3345.1,3347.9,15842
2025-07-02T14:00:00,3347.8,3354.6,3344.3,3354.1,12866
2025-07-02T15:00:00,3354.0,3354.7,3348.8,3351.6,7681
2025-07-02T16:00:00,3351.6,3360.3,3351.5,3359.5,7255
2025-07-02T17:00:00,3359.4,3361.7,3358.1,3360.2,4221
2025-07-02T18:00:00,3360.3,3365.9,3359.0,3365.7,3936
2025-07-02T19:00:00,3365.7,3370.5,3365.0,3368.7,5030
2025-07-02T20:00:00,3368.6,3370.7,3366.1,3368.4,3422
2025-07-02T22:00:00,3368.5,3376.6,3368.3,3373.0,5055
2025-07-02T23:00:00,3372.9,3373.1,3359.4,3360.4,8106
2025-07-03T00:00:00,3360.4,3360.7,3354.0,3355.3,7525
2025-07-03T01:00:00,3355.4,3359.3,3352.4,3356.5,7673
2025-07-03T02:00:00,3356.5,3362.4,3356.2,3361.8,5830
2025-07-03T03:00:00,3361.9,3362.4,3355.4,3358.1,4711
2025-07-03T04:00:00,3358.4,3363.0,3358.1,3362.0,3467
2025-07-03T05:00:00,3361.8,3371.6,3361.2,3370.3,7115
2025-07-03T06:00:00,3370.2,3374.8,3366.7,3372.2,8000
2025-07-03T07:00:00,3372.2,3373.6,3362.7,3363.1,7147
2025-07-03T08:00:00,3363.3,3368.7,3361.7,3366.5,4423
2025-07-03T09:00:00,3366.3,3366.6,3354.0,3356.2,6976
2025-07-03T10:00:00,3356.2,3366.0,3355.1,3363.5,5038
2025-07-03T11:00:00,3363.8,3364.3,3353.4,3356.4,6009
2025-07-03T12:00:00,3356.3,3362.4,3321.3,3334.9,38948
2025-07-03T13:00:00,3335.0,3348.7,3332.3,3341.2,26049
2025-07-03T14:00:00,3341.2,3344.8,3333.0,3334.2,19115
2025-07-03T15:00:00,3334.3,3341.7,3332.6,3338.3,7949
2025-07-03T16:00:00,3338.2,3345.2,3335.8,3344.1,6122
2025-07-03T17:00:00,3344.0,3345.1,3338.7,3339.1,3741
2025-07-03T18:00:00,3339.0,3340.0,3337.5,3338.8,1587
2025-07-03T19:00:00,3338.9,3339.4,3336.4,3338.6,1442
2025-07-03T20:00:00,3338.6,3338.8,3334.9,3336.0,1648
2025-07-03T22:00:00,3335.9,3339.0,3332.7,3338.5,3282
2025-07-03T23:00:00,3338.2,3342.0,3337.7,3340.7,3591
2025-07-04T00:00:00,3340.5,3341.0,3335.3,3338.6,4347
2025-07-04T01:00:00,3338.8,3344.1,3335.9,3340.0,5703
2025-07-04T02:00:00,3339.6,3342.1,3336.3,3337.2,4109
2025-07-04T03:00:00,3337.0,3349.3,3335.7,3348.3,6083
2025-07-04T04:00:00,3348.1,3352.5,3347.8,3350.9,4938
2025-07-04T05:00:00,3351.0,3352.6,3348.1,3349.0,4478
2025-07-04T06:00:00,3349.3,3355.1,3348.7,3352.1,5877
2025-07-04T07:00:00,3352.3,3353.4,3345.9,3352.7,6532
2025-07-04T08:00:00,3352.6,3354.0,3350.8,3352.7,2842
2025-07-04T09:00:00,3352.6,3353.0,3342.7,3344.7,5460
2025-07-04T10:00:00,3344.6,3348.2,3341.5,3347.2,3955
2025-07-04T11:00:00,3347.0,3348.1,3344.2,3344.6,2233
2025-07-04T12:00:00,3344.5,3348.0,3341.1,3343.8,5960
2025-07-04T13:00:00,3343.7,3348.1,3341.9,3343.8,7637
2025-07-04T14:00:00,3343.9,3344.4,3340.7,3343.1,5234
2025-07-04T15:00:00,3343.2,3343.9,3341.0,3342.8,2774
2025-07-04T16:00:00,3342.6,3346.9,3342.6,3346.4,2620
2025-07-06T22:00:00,3344.8,3352.6,3341.7,3343.4,6851
2025-07-06T23:00:00,3343.3,3344.4,3335.1,3338.1,6820
2025-07-07T00:00:00,3337.9,3338.7,3330.0,3335.6,9134
2025-07-07T01:00:00,3335.5,3336.9,3315.4,3325.7,21406
2025-07-07T02:00:00,3325.6,3326.8,3314.7,3317.7,11933
2025-07-07T03:00:00,3317.8,3324.4,3315.9,3319.9,9231
2025-07-07T04:00:00,3320.1,3321.4,3313.7,3316.6,7646
2025-07-07T05:00:00,3316.5,3324.3,3315.6,3322.5,7756
2025-07-07T06:00:00,3322.2,3324.2,3317.0,3318.7,6099
2025-07-07T07:00:00,3318.7,3322.3,3309.4,3311.4,9158
2025-07-07T08:00:00,3311.1,3322.2,3310.4,3319.2,7857
2025-07-07T09:00:00,3319.3,3321.3,3315.2,3318.2,5110
2025-07-07T10:00:00,3318.1,3319.9,3304.7,3311.0,10658
2025-07-07T11:00:00,3310.9,3316.9,3308.7,3310.9,9341
2025-07-07T12:00:00,3311.0,3322.1,3309.4,3318.4,13723
2025-07-07T13:00:00,3318.4,3326.8,3315.3,3326.0,14660
2025-07-07T14:00:00,3326.1,3331.2,3322.7,3327.7,13586
2025-07-07T15:00:00,3327.6,3331.7,3325.8,3330.6,5547
2025-07-07T16:00:00,3330.7,3338.0,3329.6,3337.3,10328
2025-07-07T17:00:00,3337.6,3345.9,3337.3,3341.6,9444
2025-07-07T18:00:00,3341.8,3345.6,3337.8,3344.1,7308
2025-07-07T19:00:00,3344.2,3350.1,3344.0,3347.1,6110
2025-07-07T20:00:00,3347.1,3347.8,3345.3,3346.6,2429
2025-07-07T22:00:00,3346.8,3355.8,3346.8,3349.3,5530
2025-07-07T23:00:00,3349.3,3349.9,3343.0,3344.3,4989
2025-07-08T00:00:00,3344.3,3347.2,3340.9,3344.1,6791
2025-07-08T01:00:00,3344.1,3347.1,3339.5,3344.6,7990
2025-07-08T02:00:00,3344.8,3348.2,3342.9,3344.6,5133
2025-07-08T03:00:00,3344.6,3345.8,3339.7,3341.8,4700
2025-07-08T04:00:00,3341.6,3342.9,3337.0,3339.4,4317
2025-07-08T05:00:00,3339.5,3346.5,3339.2,3344.1,5176
2025-07-08T06:00:00,3344.0,3346.2,3340.7,3345.8,4477
2025-07-08T07:00:00,3346.2,3349.6,3340.4,3343.6,7553
2025-07-08T08:00:00,3343.7,3343.7,3332.6,3332.9,9709
2025-07-08T09:00:00,3333.0,3336.3,3330.3,3331.4,6752
2025-07-08T10:00:00,3331.6,3336.5,3329.7,3333.8,4572
2025-07-08T11:00:00,3334.0,3336.9,3329.0,3334.3,6232
2025-07-08T12:00:00,3334.5,3339.2,3333.8,3337.5,8109
2025-07-08T13:00:00,3337.7,3338.1,3323.5,3324.7,21068
2025-07-08T14:00:00,3324.5,3325.3,3303.0,3305.5,33131
2025-07-08T15:00:00,3305.9,3309.1,3295.6,3307.0,24806
2025-07-08T16:00:00,3307.0,3310.4,3304.3,3309.0,10554
2025-07-08T17:00:00,3309.0,3319.5,3308.0,3315.2,15273
2025-07-08T18:00:00,3315.0,3317.1,3308.7,3313.9,6979
2025-07-08T19:00:00,3314.1,3315.0,3311.5,3312.3,3368
2025-07-08T20:00:00,3312.4,3313.0,3308.4,3310.6,2882
2025-07-08T22:00:00,3311.1,3313.0,3308.5,3310.0,3006
2025-07-08T23:00:00,3309.9,3312.4,3305.2,3310.5,5231
2025-07-09T00:00:00,3310.5,3316.4,3309.9,3315.7,6533
2025-07-09T01:00:00,3315.4,3316.2,3308.0,3310.7,8432
2025-07-09T02:00:00,3310.6,3311.9,3292.8,3296.8,11487
2025-07-09T03:00:00,3296.9,3303.2,3293.3,3301.6,8678
2025-07-09T04:00:00,3301.4,3304.8,3299.1,3302.2,4214
2025-07-09T05:00:00,3302.1,3306.1,3297.2,3297.9,6315
2025-07-09T06:00:00,3297.9,3301.2,3293.1,3300.5,7870
2025-07-09T07:00:00,3300.7,3304.5,3296.4,3300.1,7587
2025-07-09T08:00:00,3300.0,3300.8,3290.0,3292.8,9233
2025-07-09T09:00:00,3292.7,3298.5,3292.0,3297.2,4447
2025-07-09T10:00:00,3297.1,3304.2,3296.0,3303.7,5616
2025-07-09T11:00:00,3303.6,3304.1,3291.1,3292.8,8055
2025-07-09T12:00:00,3292.9,3306.3,3292.9,3305.1,12375
2025-07-09T13:00:00,3305.0,3313.5,3299.7,3308.9,21547
2025-07-09T14:00:00,3308.8,3321.6,3308.4,3321.1,17992
2025-07-09T15:00:00,3321.0,3321.5,3314.4,3318.3,10220
2025-07-09T16:00:00,3318.3,3322.7,3316.5,3320.3,5377
2025-07-09T17:00:00,3320.6,3323.5,3316.7,3318.0,5767
2025-07-09T18:00:00,3318.1,3322.4,3316.6,3320.0,4395
2025-07-09T19:00:00,3319.9,3325.7,3319.3,3324.5,5099
2025-07-09T20:00:00,3324.4,3324.4,3320.3,3322.3,2816
2025-07-09T22:00:00,3324.1,3328.9,3321.4,3327.8,3814
2025-07-09T23:00:00,3327.5,3328.0,3323.6,3325.3,3413
2025-07-10T00:00:00,3325.2,3330.1,3324.0,3325.4,6349
2025-07-10T01:00:00,3325.4,3334.8,3324.1,3330.6,8656
2025-07-10T02:00:00,3330.6,3332.1,3326.8,3327.7,5288
2025-07-10T03:00:00,3327.6,3329.1,3323.8,3324.2,5106
2025-07-10T04:00:00,3324.2,3330.8,3323.4,3330.4,4853
2025-07-10T05:00:00,3330.6,3333.7,3328.9,3329.7,6354
2025-07-10T06:00:00,3329.6,3336.8,3329.3,3333.5,6835
2025-07-10T07:00:00,3333.7,3338.1,3328.1,3329.6,7419
2025-07-10T08:00:00,3329.7,3338.7,3328.2,3337.2,5655
2025-07-10T09:00:00,3337.4,3338.8,3331.6,3335.0,5072
2025-07-10T10:00:00,3335.3,3337.8,3330.9,3334.2,4772
2025-07-10T11:00:00,3334.2,3339.8,3326.9,3329.0,9195
2025-07-10T12:00:00,3329.2,3335.0,3326.8,3333.2,10683
2025-07-10T13:00:00,3332.9,3339.0,3321.0,3322.2,21272
2025-07-10T14:00:00,3322.1,3331.0,3319.0,3323.6,19027
2025-07-10T15:00:00,3323.6,3330.5,3323.3,3329.0,6558
2025-07-10T16:00:00,3329.2,3329.4,3320.6,3324.2,6524
2025-07-10T17:00:00,3324.2,3327.7,3323.7,3326.2,4721
2025-07-10T18:00:00,3326.2,3330.9,3325.3,3330.4,3914
2025-07-10T19:00:00,3330.4,3334.8,3330.3,3334.1,5228
2025-07-10T20:00:00,3334.2,3334.5,3332.6,3332.9,2055
2025-07-10T22:00:00,3332.5,3335.6,3332.2,3333.4,3898
2025-07-10T23:00:00,3333.3,3336.4,3332.9,3333.9,2967
2025-07-11T00:00:00,3333.7,3347.0,3333.4,3343.4,11649
2025-07-11T01:00:00,3343.6,3344.4,3335.8,3340.2,10226
2025-07-11T02:00:00,3340.1,3346.0,3338.0,3343.4,6322
2025-07-11T03:00:00,3343.6,3346.8,3342.8,3344.5,4657
2025-07-11T04:00:00,3344.5,3346.5,3340.7,3342.4,4665
2025-07-11T05:00:00,3342.5,3355.0,3342.5,3346.4,11434
2025-07-11T06:00:00,3346.2,3355.1,3342.6,3343.0,10269
2025-07-11T07:00:00,3343.1,3352.7,3341.5,3352.2,7785
2025-07-11T08:00:00,3352.5,3354.5,3342.3,3342.7,10019
2025-07-11T09:00:00,3342.7,3351.0,3342.2,3350.3,5375
2025-07-11T10:00:00,3350.4,3359.9,3350.4,3355.7,9299
2025-07-11T11:00:00,3355.9,3362.1,3353.1,3358.8,9369
2025-07-11T12:00:00,3358.9,3369.1,3355.6,3367.2,15312
2025-07-11T13:00:00,3366.9,3371.5,3361.7,3363.6,22658
2025-07-11T14:00:00,3363.8,3377.4,3362.6,3374.1,17330
2025-07-11T15:00:00,3374.2,3381.6,3372.0,3374.3,14712
2025-07-11T16:00:00,3374.5,3375.5,3367.2,3368.4,9410
2025-07-11T17:00:00,3368.3,3368.7,3363.1,3367.2,7187
2025-07-11T18:00:00,3367.5,3372.7,3367.4,3370.4,5644
2025-07-11T19:00:00,3370.5,3374.1,3369.8,3371.7,4892
2025-07-11T20:00:00,3371.8,3373.5,3368.3,3370.6,2980
2025-07-13T22:00:00,3374.9,3387.5,3374.4,3385.7,11274
2025-07-13T23:00:00,3385.8,3389.3,3381.5,3382.3,6622
2025-07-14T00:00:00,3382.2,3387.9,3378.8,3382.3,8653
2025-07-14T01:00:00,3382.4,3385.0,3372.0,3374.0,12502
2025-07-14T02:00:00,3373.8,3375.6,3369.6,3372.6,8509
2025-07-14T03:00:00,3372.7,3375.0,3370.7,3372.6,4125
2025-07-14T04:00:00,3372.5,3376.5,3369.1,3373.8,5813
2025-07-14T05:00:00,3373.8,3374.5,3366.0,3370.8,6229
2025-07-14T06:00:00,3370.8,3382.0,3369.6,3381.7,8262
2025-07-14T07:00:00,3381.6,3386.3,3378.5,3382.6,10206
2025-07-14T08:00:00,3382.7,3383.3,3376.0,3376.7,5295
2025-07-14T09:00:00,3376.7,3382.2,3375.0,3382.1,4538
2025-07-14T10:00:00,3382.2,3386.4,3380.6,3383.1,4992
2025-07-14T11:00:00,3383.0,3384.1,3374.1,3374.3,5933
2025-07-14T12:00:00,3374.3,3376.7,3357.6,3358.5,19716
2025-07-14T13:00:00,3358.9,3367.0,3355.2,3363.0,17884
2025-07-14T14:00:00,3363.0,3364.4,3348.4,3351.1,19880
2025-07-14T15:00:00,3351.3,3357.5,3350.5,3353.0,9435
2025-07-14T16:00:00,3352.8,3357.1,3350.7,3355.5,6351
2025-07-14T17:00:00,3355.6,3360.2,3355.3,3359.2,5140
2025-07-14T18:00:00,3359.2,3359.9,3356.3,3357.8,3392
2025-07-14T19:00:00,3357.8,3359.4,3352.5,3353.3,3966
2025-07-14T20:00:00,3353.5,3354.7,3349.9,3352.1,2998
2025-07-14T22:00:00,3352.9,3354.5,3349.5,3354.0,2869
2025-07-14T23:00:00,3353.8,3355.8,3352.3,3354.1,2358
2025-07-15T00:00:00,3354.1,3358.1,3353.5,3356.8,4532
2025-07-15T01:00:00,3356.8,3359.5,3354.6,3355.4,4465
2025-07-15T02:00:00,3355.3,3361.5,3354.8,3359.7,5465
2025-07-15T03:00:00,3359.7,3367.4,3359.5,3367.2,6037
2025-07-15T04:00:00,3367.0,3370.6,3366.8,3369.8,4889
2025-07-15T05:00:00,3369.6,3374.6,3369.6,3371.2,5498
2025-07-15T06:00:00,3371.2,3373.2,3366.5,3367.0,6914
2025-07-15T07:00:00,3367.4,3373.8,3366.0,3372.8,4716
2025-07-15T08:00:00,3372.5,3374.3,3365.2,3369.6,7083
2025-07-15T09:00:00,3369.5,3373.6,3367.5,3372.6,4380
2025-07-15T10:00:00,3372.7,3375.5,3370.3,3370.5,4844
2025-07-15T11:00:00,3370.7,3371.1,3362.8,3363.6,6755
2025-07-15T12:00:00,3363.4,3369.4,3355.0,3357.3,19146
2025-07-15T13:00:00,3357.6,3360.7,3341.5,3354.8,31352
2025-07-15T14:00:00,3355.0,3360.4,3350.6,3355.7,17496
2025-07-15T15:00:00,3355.6,3357.7,3332.6,3336.4,22502
2025-07-15T16:00:00,3336.4,3337.6,3327.3,3336.5,15149
2025-07-15T17:00:00,3336.5,3338.6,3332.3,3334.8,5800
2025-07-15T18:00:00,3334.9,3338.4,3332.4,3335.4,4374
2025-07-15T19:00:00,3335.3,3337.8,3333.0,3337.0,3020
2025-07-15T20:00:00,3337.0,3337.7,3330.1,3330.5,3083
2025-07-15T22:00:00,3331.3,3334.3,3329.1,3333.1,2463
2025-07-15T23:00:00,3332.9,3338.5,3332.4,3337.4,3161
2025-07-16T00:00:00,3337.6,3339.3,3334.9,3336.8,4248
2025-07-16T01:00:00,3336.9,3341.1,3335.0,3336.9,6831
2025-07-16T02:00:00,3337.0,3337.7,3331.4,3332.6,5919
2025-07-16T03:00:00,3332.5,3342.0,3332.3,3340.9,5895
2025-07-16T04:00:00,3341.0,3345.6,3339.0,3345.1,5502
2025-07-16T05:00:00,3345.0,3346.2,3341.9,3344.5,4341
2025-07-16T06:00:00,3344.5,3348.7,3344.0,3346.1,4803
2025-07-16T07:00:00,3346.0,3346.7,3342.1,3344.5,4592
2025-07-16T08:00:00,3344.6,3349.7,3344.3,3348.7,4028
2025-07-16T09:00:00,3348.7,3349.8,3346.0,3347.2,3405
2025-07-16T10:00:00,3347.2,3347.6,3340.9,3342.3,4689
2025-07-16T11:00:00,3342.1,3347.9,3340.8,3346.5,6155
2025-07-16T12:00:00,3346.4,3348.5,3337.7,3341.9,13535
2025-07-16T13:00:00,3342.0,3346.7,3328.0,3334.0,21173
2025-07-16T14:00:00,3333.7,3350.6,3326.0,3345.3,28046
2025-07-16T15:00:00,3345.3,3385.7,3342.9,3350.4,86892
2025-07-16T16:00:00,3350.5,3363.1,3346.0,3356.0,20194
2025-07-16T17:00:00,3356.0,3364.7,3355.7,3361.8,7342
2025-07-16T18:00:00,3362.0,3364.8,3356.3,3357.6,4358
2025-07-16T19:00:00,3357.6,3357.9,3353.1,3354.5,5448
2025-07-16T20:00:00,3354.6,3356.4,3353.1,3354.4,2306
2025-07-16T22:00:00,3354.5,3358.3,3354.1,3355.6,2652
2025-07-16T23:00:00,3355.3,3356.1,3350.7,3351.8,2400
2025-07-17T00:00:00,3351.7,3352.8,3345.5,3346.5,4713
2025-07-17T01:00:00,3346.5,3350.8,3343.1,3350.3,7470
2025-07-17T02:00:00,3350.1,3350.9,3343.6,3347.4,5840
2025-07-17T03:00:00,3347.4,3349.0,3342.0,3347.5,5241
2025-07-17T04:00:00,3347.4,3351.0,3344.4,3348.9,3740
2025-07-17T05:00:00,3349.0,3349.2,3342.3,3345.5,4984
2025-07-17T06:00:00,3345.6,3346.0,3334.4,3341.1,10838
2025-07-17T07:00:00,3341.2,3341.9,3330.5,3331.3,8708
2025-07-17T08:00:00,3331.4,3337.5,3331.1,3334.1,4871
2025-07-17T09:00:00,3333.9,3337.9,3330.3,3331.4,4563
2025-07-17T10:00:00,3331.1,3337.0,3330.0,3331.0,5070
2025-07-17T11:00:00,3330.9,3334.2,3327.5,3329.6,7332
2025-07-17T12:00:00,3329.5,3333.9,3314.3,3318.2,25320
2025-07-17T13:00:00,3318.3,3326.7,3316.2,3324.1,18706
2025-07-17T14:00:00,3323.6,3341.0,3323.3,3339.8,19043
2025-07-17T15:00:00,3340.0,3343.9,3336.7,3342.3,10930
2025-07-17T16:00:00,3342.4,3345.4,3340.6,3344.2,5650
2025-07-17T17:00:00,3344.3,3346.6,3341.3,3342.8,4887
2025-07-17T18:00:00,3342.9,3344.4,3340.9,3343.7,2902
2025-07-17T19:00:00,3343.9,3346.6,3343.4,3345.3,2734
2025-07-17T20:00:00,3345.5,3345.9,3342.8,3345.4,2113
2025-07-17T22:00:00,3345.4,3351.1,3344.7,3349.2,4340
2025-07-17T23:00:00,3349.1,3349.6,3344.8,3345.7,2685
2025-07-18T00:00:00,3345.6,3347.1,3343.2,3345.3,3318
2025-07-18T01:00:00,3345.4,3348.9,3340.5,3343.2,7154
2025-07-18T02:00:00,3343.0,3350.2,3342.1,3343.8,7000
2025-07-18T03:00:00,3343.7,3344.6,3339.0,3340.8,4504
2025-07-18T04:00:00,3340.7,3342.8,3339.6,3342.7,3126
2025-07-18T05:00:00,3342.6,3345.7,3338.6,3338.9,5981
2025-07-18T06:00:00,3338.9,3348.6,3337.0,3347.8,7449
2025-07-18T07:00:00,3347.7,3356.2,3346.7,3356.0,8162
2025-07-18T08:00:00,3356.0,3356.8,3352.2,3352.9,4975
2025-07-18T09:00:00,3353.1,3360.8,3352.8,3358.0,6225
2025-07-18T10:00:00,3358.1,3358.8,3353.7,3357.3,4355
2025-07-18T11:00:00,3357.0,3364.3,3356.6,3360.8,6425
2025-07-18T12:00:00,3360.7,3368.0,3360.5,3366.5,9618
2025-07-18T13:00:00,3366.6,3366.9,3358.4,3362.0,13894
2025-07-18T14:00:00,3362.1,3366.1,3357.7,3361.2,11782
2025-07-18T15:00:00,3361.2,3362.9,3358.5,3360.2,6611
2025-07-18T16:00:00,3360.4,3364.4,3356.4,3360.0,7070
2025-07-18T17:00:00,3360.2,3360.3,3356.8,3358.5,3269
2025-07-18T18:00:00,3358.6,3359.8,3356.1,3357.6,2843
2025-07-18T19:00:00,3357.4,3359.0,3353.2,3353.7,3868
2025-07-18T20:00:00,3354.1,3357.6,3353.5,3355.6,2559
2025-07-20T22:00:00,3356.3,3357.5,3350.8,3354.4,3497
2025-07-20T23:00:00,3354.2,3355.9,3351.6,3355.0,2695
2025-07-21T00:00:00,3355.2,3360.8,3353.7,3358.5,4760
2025-07-21T01:00:00,3358.3,3365.5,3358.0,3362.8,6301
2025-07-21T02:00:00,3362.9,3363.9,3358.4,3360.4,4652
2025-07-21T03:00:00,3360.4,3363.2,3357.1,3357.6,3923
2025-07-21T04:00:00,3357.5,3365.2,3356.5,3364.1,4553
2025-07-21T05:00:00,3364.0,3376.9,3363.7,3373.8,10784
2025-07-21T06:00:00,3373.8,3378.3,3372.4,3375.7,6517
2025-07-21T07:00:00,3375.6,3378.2,3371.4,3372.1,5043
2025-07-21T08:00:00,3372.2,3374.6,3370.5,3373.5,3223
2025-07-21T09:00:00,3373.7,3374.2,3370.2,3373.8,2464
2025-07-21T10:00:00,3373.9,3375.9,3370.3,3373.2,3500
2025-07-21T11:00:00,3373.3,3383.3,3372.3,3383.0,8062
2025-07-21T12:00:00,3383.0,3397.1,3382.0,3395.4,15835
2025-07-21T13:00:00,3395.5,3405.4,3392.7,3401.0,21168
2025-07-21T14:00:00,3400.9,3416.7,3399.0,3413.8,22729
2025-07-21T15:00:00,3413.8,3417.0,3409.4,3411.2,12044
2025-07-21T16:00:00,3411.3,3413.1,3407.6,3410.0,7578
2025-07-21T17:00:00,3410.0,3410.3,3405.4,3407.5,5223
2025-07-21T18:00:00,3407.5,3409.2,3406.0,3408.3,3336
2025-07-21T19:00:00,3408.1,3412.4,3407.7,3409.9,5500
2025-07-21T20:00:00,3409.9,3411.6,3409.4,3410.4,2467
2025-07-21T22:00:00,3410.7,3414.8,3410.5,3413.0,2645
2025-07-21T23:00:00,3413.2,3416.4,3408.4,3410.9,5289
2025-07-22T00:00:00,3411.1,3411.3,3406.5,3408.0,6537
2025-07-22T01:00:00,3408.0,3408.9,3399.7,3401.0,8527
2025-07-22T02:00:00,3401.0,3406.0,3400.2,3405.6,5578
2025-07-22T03:00:00,3405.6,3406.7,3401.7,3405.6,4472
2025-07-22T04:00:00,3405.7,3405.7,3400.7,3404.5,4276
2025-07-22T05:00:00,3404.5,3405.2,3398.5,3399.5,4885
2025-07-22T06:00:00,3399.5,3401.3,3396.6,3397.5,4648
2025-07-22T07:00:00,3397.4,3399.5,3395.4,3399.4,4921
2025-07-22T08:00:00,3399.5,3402.8,3398.0,3400.9,4506
2025-07-22T09:00:00,3400.8,3402.1,3394.8,3396.4,4802
2025-07-22T10:00:00,3396.3,3398.7,3396.1,3396.6,2766
2025-07-22T11:00:00,3396.5,3401.4,3395.9,3401.1,4538
2025-07-22T12:00:00,3401.0,3419.8,3400.7,3419.4,17620
2025-07-22T13:00:00,3419.2,3433.2,3418.1,3423.2,28787
2025-07-22T14:00:00,3423.1,3442.1,3415.8,3440.0,29892
2025-07-22T15:00:00,3439.9,3446.2,3437.2,3440.7,14993
2025-07-22T16:00:00,3440.8,3447.5,3440.3,3446.3,9169
2025-07-22T17:00:00,3446.4,3446.9,3439.9,3442.8,7392
2025-07-22T18:00:00,3442.8,3444.3,3441.0,3442.3,3130
2025-07-22T19:00:00,3442.0,3445.0,3441.4,3443.9,3764
2025-07-22T20:00:00,3443.9,3445.4,3440.7,3444.2,3890
2025-07-22T22:00:00,3444.9,3446.2,3441.1,3441.9,2241
2025-07-22T23:00:00,3442.0,3447.2,3437.8,3439.3,5711
2025-07-23T00:00:00,3439.3,3451.6,3438.9,3442.2,12187
2025-07-23T01:00:00,3442.2,3443.8,3435.0,3435.2,11494
2025-07-23T02:00:00,3435.2,3438.9,3433.3,3436.9,7079
2025-07-23T03:00:00,3436.8,3442.9,3436.5,3436.5,6440
2025-07-23T04:00:00,3436.6,3438.8,3435.1,3436.6,3923
2025-07-23T05:00:00,3436.8,3436.9,3429.9,3434.3,5933
2025-07-23T06:00:00,3434.3,3438.8,3433.3,3437.9,6997
2025-07-23T07:00:00,3437.8,3443.2,3433.5,3434.3,7558
2025-07-23T08:00:00,3434.4,3440.8,3434.1,3440.3,5640
2025-07-23T09:00:00,3440.2,3445.7,3440.0,3444.2,5966
2025-07-23T10:00:00,3444.2,3444.5,3433.3,3435.3,6856
2025-07-23T11:00:00,3435.2,3442.7,3432.4,3440.4,7485
2025-07-23T12:00:00,3440.5,3442.1,3429.2,3429.9,11470
2025-07-23T13:00:00,3429.8,3430.5,3414.5,3422.8,29969
2025-07-23T14:00:00,3422.7,3430.0,3419.7,3422.8,17982
2025-07-23T15:00:00,3422.8,3425.8,3406.0,3406.3,15131
2025-07-23T16:00:00,3406.3,3406.5,3390.6,3396.3,35836
2025-07-23T17:00:00,3396.3,3404.0,3394.0,3402.4,8985
2025-07-23T18:00:00,3402.4,3405.2,3400.6,3402.6,4541
2025-07-23T19:00:00,3402.9,3405.2,3399.1,3400.4,5002
2025-07-23T20:00:00,3400.4,3400.8,3396.4,3397.5,2779
2025-07-23T22:00:00,3398.3,3401.0,3394.7,3395.0,3035
2025-07-23T23:00:00,3395.3,3399.5,3394.7,3397.1,3217
2025-07-24T00:00:00,3397.2,3400.2,3395.1,3399.0,4137
2025-07-24T01:00:00,3399.1,3400.3,3389.5,3392.8,10401
2025-07-24T02:00:00,3392.8,3394.2,3385.4,3388.9,10747
2025-07-24T03:00:00,3388.9,3390.9,3379.2,3388.5,10250
2025-07-24T04:00:00,3388.4,3390.0,3385.6,3387.3,3691
2025-07-24T05:00:00,3387.3,3387.8,3380.8,3385.2,6520
2025-07-24T06:00:00,3385.5,3385.6,3376.4,3381.2,7811
2025-07-24T07:00:00,3381.2,3383.2,3370.9,3372.7,8346
2025-07-24T08:00:00,3372.8,3379.3,3370.4,3374.5,8085
2025-07-24T09:00:00,3374.1,3375.0,3366.8,3368.8,8263
2025-07-24T10:00:00,3368.8,3372.6,3367.2,3368.7,5156
2025-07-24T11:00:00,3369.0,3371.2,3365.4,3366.3,6787
2025-07-24T12:00:00,3366.3,3370.0,3356.2,3357.4,17280
2025-07-24T13:00:00,3357.3,3376.0,3355.2,3370.9,25389
2025-07-24T14:00:00,3370.7,3381.2,3369.6,3377.9,16794
2025-07-24T15:00:00,3377.7,3378.9,3373.9,3375.8,8610
2025-07-24T16:00:00,3375.7,3376.9,3369.7,3369.8,7481
2025-07-24T17:00:00,3370.0,3374.7,3369.0,3372.7,6000
2025-07-24T18:00:00,3372.7,3376.5,3370.0,3375.1,4403
2025-07-24T19:00:00,3375.1,3376.5,3373.7,3374.3,2670
2025-07-24T20:00:00,3374.4,3374.9,3370.6,3371.3,2617
2025-07-24T22:00:00,3372.5,3373.6,3367.7,3370.3,3357
2025-07-24T23:00:00,3370.4,3374.0,3368.5,3372.0,3553
2025-07-25T00:00:00,3371.8,3376.5,3370.7,3375.3,3768
2025-07-25T01:00:00,3375.3,3375.8,3368.7,3372.4,6005
2025-07-25T02:00:00,3372.3,3372.5,3363.9,3364.7,7142
2025-07-25T03:00:00,3364.7,3365.2,3359.9,3360.9,5288
2025-07-25T04:00:00,3360.8,3365.7,3360.1,3362.9,4836
2025-07-25T05:00:00,3363.2,3364.6,3357.0,3360.6,5545
2025-07-25T06:00:00,3360.5,3361.8,3356.6,3361.0,5494
2025-07-25T07:00:00,3360.9,3362.2,3354.5,3355.9,5538
2025-07-25T08:00:00,3356.1,3357.7,3345.6,3347.3,9173
2025-07-25T09:00:00,3347.2,3351.3,3345.3,3348.1,5091
2025-07-25T10:00:00,3347.9,3350.1,3342.2,3344.3,5684
2025-07-25T11:00:00,3344.4,3346.5,3339.7,3342.3,7176
2025-07-25T12:00:00,3342.1,3345.9,3336.7,3341.8,11393
2025-07-25T13:00:00,3341.8,3348.7,3337.4,3345.1,19933
2025-07-25T14:00:00,3345.1,3346.5,3331.4,3332.9,22173
2025-07-25T15:00:00,3332.9,3336.3,3325.4,3328.2,19333
2025-07-25T16:00:00,3328.1,3332.0,3326.3,3330.0,9287
2025-07-25T17:00:00,3330.3,3337.7,3330.1,3336.7,7658
2025-07-25T18:00:00,3336.7,3340.4,3336.4,3339.8,4293
2025-07-25T19:00:00,3339.9,3341.2,3338.6,3339.1,4449
2025-07-25T20:00:00,3339.1,3341.2,3337.1,3338.4,3725
2025-07-27T22:00:00,3323.0,3334.7,3302.0,3329.6,10573
2025-07-27T23:00:00,3329.6,3337.6,3329.4,3333.9,6644
2025-07-28T00:00:00,3333.9,3336.0,3327.5,3333.6,6163
2025-07-28T01:00:00,3333.5,3339.4,3329.8,3331.3,9294
2025-07-28T02:00:00,3331.3,3336.5,3330.0,3335.7,5247
2025-07-28T03:00:00,3335.3,3343.2,3334.4,3343.2,5679
2025-07-28T04:00:00,3343.1,3344.0,3339.5,3339.7,4371
2025-07-28T05:00:00,3339.9,3344.2,3337.7,3343.2,4942
2025-07-28T06:00:00,3343.2,3345.3,3335.5,3339.9,6316
2025-07-28T07:00:00,3340.0,3341.9,3333.2,3334.5,6534
2025-07-28T08:00:00,3334.5,3338.5,3331.3,3335.1,4877
2025-07-28T09:00:00,3335.2,3340.8,3335.0,3337.7,5583
2025-07-28T10:00:00,3337.6,3338.6,3333.6,3336.1,5028
2025-07-28T11:00:00,3336.2,3338.0,3334.4,3336.2,3225
2025-07-28T12:00:00,3336.4,3338.3,3325.1,3328.1,12733
2025-07-28T13:00:00,3328.1,3330.4,3300.4,3300.8,25746
2025-07-28T14:00:00,3300.8,3314.2,3300.1,3306.6,22971
2025-07-28T15:00:00,3306.6,3316.4,3305.2,3314.1,9513
2025-07-28T16:00:00,3314.2,3314.2,3310.0,3311.2,5528
2025-07-28T17:00:00,3311.3,3312.8,3307.8,3309.7,5157
2025-07-28T18:00:00,3309.6,3315.1,3308.7,3312.7,3449
2025-07-28T19:00:00,3312.5,3318.1,3311.3,3316.5,3384
2025-07-28T20:00:00,3316.5,3318.0,3313.4,3314.5,2547
2025-07-28T22:00:00,3313.3,3315.8,3308.2,3311.8,2024
2025-07-28T23:00:00,3311.4,3312.4,3308.2,3310.6,1278
2025-07-29T00:00:00,3310.3,3313.5,3305.9,3309.8,2235
2025-07-29T01:00:00,3309.3,3319.2,3306.5,3316.9,2813
2025-07-29T02:00:00,3316.8,3318.5,3315.5,3317.2,1408
2025-07-29T03:00:00,3316.9,3317.2,3309.3,3310.7,1773
2025-07-29T04:00:00,3310.8,3315.4,3307.0,3314.0,1414
2025-07-29T05:00:00,3314.6,3318.0,3311.9,3317.8,1459
2025-07-29T06:00:00,3317.7,3320.6,3313.9,3314.5,2256
2025-07-29T07:00:00,3315.0,3316.6,3309.4,3315.8,2113
2025-07-29T08:00:00,3315.7,3327.9,3315.2,3323.9,2973
2025-07-29T09:00:00,3324.8,3326.8,3319.1,3323.3,1826
2025-07-29T10:00:00,3323.1,3324.7,3320.3,3320.3,938
2025-07-29T11:00:00,3320.7,3320.7,3312.5,3313.4,2847
2025-07-29T12:00:00,3313.3,3322.9,3313.2,3321.5,2544
2025-07-29T13:00:00,3321.8,3322.6,3309.9,3315.5,7029
2025-07-29T14:00:00,3316.5,3328.0,3309.9,3326.4,3816
2025-07-29T15:00:00,3326.4,3332.4,3317.1,3318.4,3761
2025-07-29T16:00:00,3318.4,3322.9,3316.1,3321.1,1222
2025-07-29T17:00:00,3321.1,3327.3,3320.7,3325.8,757
2025-07-29T18:00:00,3326.3,3328.8,3323.0,3323.7,880
2025-07-29T19:00:00,3324.3,3327.3,3321.3,3323.3,510
2025-07-29T20:00:00,3323.8,3325.9,3323.2,3325.3,611
2025-07-29T22:00:00,3324.1,3327.8,3322.7,3325.7,327
2025-07-29T23:00:00,3326.2,3326.7,3324.8,3326.2,221
2025-07-30T00:00:00,3326.1,3330.6,3326.0,3327.6,341
2025-07-30T01:00:00,3327.4,3330.7,3319.5,3321.0,293
2025-07-30T02:00:00,3321.1,3330.0,3321.0,3327.3,298
2025-07-30T03:00:00,3325.7,3326.7,3323.4,3326.5,201
2025-07-30T04:00:00,3325.3,3327.3,3323.5,3325.0,163
2025-07-30T05:00:00,3323.5,3328.0,3322.3,3324.0,143
2025-07-30T06:00:00,3321.6,3324.0,3319.8,3323.6,160
2025-07-30T07:00:00,3322.8,3328.7,3322.8,3325.3,205
2025-07-30T08:00:00,3325.9,3330.6,3325.7,3329.9,201
2025-07-30T09:00:00,3329.4,3332.0,3327.0,3332.0,199
2025-07-30T10:00:00,3328.3,3330.1,3324.2,3325.7,161
2025-07-30T11:00:00,3325.2,3328.6,3321.2,3327.6,291
2025-07-30T12:00:00,3328.3,3328.7,3307.4,3309.6,433
2025-07-30T13:00:00,3310.0,3312.6,3294.7,3299.8,883
2025-07-30T14:00:00,3299.8,3305.4,3297.9,3298.7,547
2025-07-30T15:00:00,3298.3,3300.0,3285.5,3287.4,854
2025-07-30T16:00:00,3287.5,3295.7,3286.7,3295.2,410
2025-07-30T17:00:00,3295.5,3296.1,3295.1,3295.5,35
2025-07-30T18:00:00,3298.6,3298.7,3275.6,3275.8,221
2025-07-30T19:00:00,3276.1,3276.1,3266.8,3266.8,25
2025-07-30T20:00:00,3271.1,3272.0,3266.5,3272.0,79
2025-07-30T22:00:00,3274.1,3274.3,3272.2,3274.3,19
2025-07-30T23:00:00,3274.1,3279.4,3274.1,3279.4,9
2025-07-31T00:00:00,3279.7,3281.9,3279.7,3281.9,6
2025-07-31T01:00:00,3282.6,3286.4,3282.6,3286.4,2
2025-07-31T02:00:00,3288.4,3288.4,3288.4,3288.4,2
2025-07-31T04:00:00,3289.0,3289.0,3289.0,3289.0,2
2025-07-31T05:00:00,3295.9,3295.9,3295.9,3295.9,1
2025-07-31T07:00:00,3296.5,3304.0,3296.5,3303.4,4
2025-07-31T08:00:00,3307.3,3310.7,3307.3,3310.6,7
2025-07-31T09:00:00,3303.2,3303.2,3303.2,3303.2,3
2025-07-31T10:00:00,3300.8,3303.0,3298.6,3298.6,16
2025-07-31T11:00:00,3302.2,3302.6,3300.9,3302.6,25
2025-07-31T12:00:00,3302.7,3306.4,3302.7,3306.4,5
2025-07-31T13:00:00,3301.0,3301.1,3298.2,3298.2,5
2025-07-31T14:00:00,3298.7,3298.7,3292.0,3292.0,4
2025-07-31T15:00:00,3293.1,3293.1,3293.1,3293.1,7
2025-07-31T16:00:00,3289.4,3289.4,3288.6,3288.6,3
2025-07-31T17:00:00,3292.9,3294.1,3292.0,3292.1,19
2025-07-31T19:00:00,3291.2,3291.5,3288.0,3291.5,14
2025-07-31T20:00:00,3288.0,3288.0,3287.0,3287.0,10
2025-07-31T22:00:00,3288.9,3289.0,3288.0,3288.0,3
2025-08-01T00:00:00,3284.7,3287.0,3283.8,3287.0,9
2025-08-01T01:00:00,3279.0,3279.0,3279.0,3279.0,1
2025-08-01T02:00:00,3283.7,3285.7,3283.7,3285.7,2
2025-08-01T03:00:00,3289.5,3290.0,3289.5,3290.0,2
2025-08-01T04:00:00,3290.0,3290.0,3290.0,3290.0,3
2025-08-01T06:00:00,3293.8,3293.8,3293.1,3293.1,9
2025-08-01T09:00:00,3292.1,3292.1,3291.9,3291.9,4
2025-08-01T11:00:00,3298.3,3299.0,3298.3,3299.0,2
2025-08-01T12:00:00,3301.2,3344.1,3301.2,3344.1,47
2025-08-01T13:00:00,3340.1,3353.1,3340.1,3350.8,15
2025-08-01T14:00:00,3354.1,3355.1,3348.3,3348.3,6
2025-08-01T15:00:00,3351.7,3351.7,3349.5,3350.1,7
2025-08-01T16:00:00,3345.4,3346.0,3341.3,3341.9,6
2025-08-01T18:00:00,3351.2,3351.2,3351.2,3351.2,2
2025-08-01T19:00:00,3361.0,3361.9,3361.0,3361.9,2
2025-08-01T20:00:00,3362.1,3362.1,3362.1,3362.1,1
2025-08-03T22:00:00,3366.9,3367.6,3360.0,3360.3,8
2025-08-04T00:00:00,3355.8,3355.8,3355.8,3355.8,1
2025-08-04T05:00:00,3355.8,3355.8,3355.8,3355.8,4
2025-08-04T06:00:00,3354.9,3355.7,3354.9,3355.7,4
2025-08-04T11:00:00,3368.7,3368.7,3368.7,3368.7,1
2025-08-04T13:00:00,3379.5,3379.6,3379.5,3379.6,5
2025-08-05T00:00:00,3381.9,3382.6,3381.9,3382.6,9
2025-08-05T13:00:00,3369.2,3369.2,3369.2,3369.2,1
2025-08-05T14:00:00,3372.8,3378.4,3372.8,3378.3,3
2025-08-05T16:00:00,3383.5,3383.5,3383.4,3383.4,2
2025-08-05T18:00:00,3382.5,3382.9,3381.0,3381.0,8
2025-08-05T20:00:00,3382.0,3383.5,3382.0,3383.5,3
2025-08-06T07:00:00,3374.0,3374.0,3374.0,3374.0,5
2025-08-06T10:00:00,3367.0,3367.2,3367.0,3367.2,2
2025-08-06T12:00:00,3361.8,3364.1,3361.3,3364.1,6
2025-08-07T01:00:00,3392.6,3392.6,3392.6,3392.6,2
2025-08-07T05:00:00,3388.4,3389.1,3388.4,3389.0,4
2025-08-07T06:00:00,3394.3,3394.3,3394.3,3394.3,4
2025-08-07T07:00:00,3412.0,3412.0,3412.0,3412.0,1
2025-08-07T08:00:00,3406.5,3406.5,3399.9,3399.9,3
2025-08-07T11:00:00,3400.0,3400.0,3395.4,3398.2,9
2025-08-07T12:00:00,3400.0,3406.0,3400.0,3406.0,5
2025-08-07T14:00:00,3388.1,3392.8,3386.2,3392.8,9
2025-08-07T20:00:00,3420.0,3420.0,3418.6,3418.6,4
2025-08-08T07:00:00,3444.3,3444.3,3444.3,3444.3,3
2025-08-08T14:00:00,3438.0,3438.5,3438.0,3438.5,3
2025-08-08T18:00:00,3403.6,3403.6,3401.5,3401.5,3
2025-08-11T00:00:00,3395.9,3395.9,3395.9,3395.9,1
2025-08-11T14:00:00,3362.6,3362.6,3362.1,3362.1,2
2025-08-11T18:00:00,3356.5,3356.5,3354.0,3356.4,6
2025-08-11T23:00:00,3347.2,3347.2,3345.8,3345.8,2
2025-08-12T02:00:00,3351.6,3351.6,3351.1,3351.1,4
2025-08-12T10:00:00,3343.1,3343.1,3341.9,3341.9,2
2025-08-12T11:00:00,3339.5,3342.6,3337.2,3342.6,4
2025-08-12T12:00:00,3353.6,3353.8,3353.6,3353.8,6
2025-08-13T05:00:00,3348.2,3348.2,3347.1,3347.1,2
2025-08-13T07:00:00,3355.8,3355.8,3354.5,3354.5,2
2025-08-13T10:00:00,3365.8,3368.7,3365.8,3368.7,6
2025-08-13T12:00:00,3355.3,3355.3,3355.3,3355.3,2
2025-08-15T00:00:00,3380.9,3384.1,3378.0,3382.8,3977
2025-08-15T01:00:00,3382.7,3385.5,3378.4,3384.7,6358
2025-08-15T02:00:00,3384.8,3386.0,3381.5,3385.6,4006
2025-08-15T03:00:00,3385.8,3391.5,3385.4,3389.6,4485
2025-08-15T04:00:00,3389.5,3392.8,3389.4,3390.9,4052
2025-08-15T05:00:00,3390.9,3394.9,3387.9,3390.0,5281
2025-08-15T06:00:00,3390.1,3390.1,3386.0,3386.4,4839
2025-08-15T07:00:00,3386.3,3392.8,3385.9,3392.4,5822
2025-08-15T08:00:00,3392.3,3394.5,3384.6,3387.4,6917
2025-08-15T09:00:00,3387.3,3391.2,3384.0,3389.2,4947
2025-08-15T10:00:00,3389.3,3389.4,3382.2,3383.7,4968
2025-08-15T11:00:00,3383.8,3390.3,3383.2,3388.3,4449
2025-08-15T12:00:00,3388.3,3391.1,3379.7,3389.2,12787
2025-08-15T13:00:00,3389.3,3393.3,3379.3,3382.5,15517
2025-08-15T14:00:00,3382.0,3390.1,3381.8,3387.8,11309
2025-08-15T15:00:00,3387.9,3391.5,3387.1,3388.4,6916
2025-08-15T16:00:00,3388.5,3388.5,3382.3,3384.9,5784
2025-08-15T17:00:00,3385.0,3385.9,3381.5,3382.5,4162
2025-08-15T18:00:00,3382.5,3384.4,3381.1,3381.8,3234
2025-08-15T19:00:00,3381.7,3384.8,3379.9,3383.8,4449
2025-08-15T20:00:00,3383.7,3384.2,3380.8,3381.5,2505
2025-08-17T22:00:00,3381.9,3384.6,3377.2,3379.1,4570
2025-08-17T23:00:00,3379.4,3379.5,3368.0,3371.8,8506
2025-08-18T00:00:00,3371.8,3387.8,3371.3,3385.3,11794
2025-08-18T01:00:00,3385.2,3392.9,3384.6,3392.3,8548
2025-08-18T02:00:00,3392.3,3393.4,3387.5,3388.6,5148
2025-08-18T03:00:00,3388.6,3397.9,3388.5,3392.9,7137
2025-08-18T04:00:00,3392.9,3403.4,3392.7,3402.7,7060
2025-08-18T05:00:00,3402.8,3403.8,3392.3,3395.4,9338
2025-08-18T06:00:00,3395.3,3397.0,3391.3,3394.5,6143
2025-08-18T07:00:00,3394.8,3400.9,3392.4,3394.1,8023
2025-08-18T08:00:00,3393.9,3395.0,3389.5,3393.7,5602
2025-08-18T09:00:00,3393.7,3397.4,3392.8,3393.7,3980
2025-08-18T10:00:00,3393.6,3397.0,3392.1,3392.4,3322
2025-08-18T11:00:00,3392.3,3394.7,3390.3,3391.1,2497
2025-08-18T12:00:00,3391.3,3394.9,3388.4,3389.9,6908
2025-08-18T13:00:00,3389.8,3390.1,3381.4,3382.4,13701
2025-08-18T14:00:00,3382.5,3384.6,3377.5,3379.5,14151
2025-08-18T15:00:00,3379.5,3382.2,3377.1,3380.4,7129
2025-08-18T16:00:00,3380.7,3380.8,3376.1,3379.2,6121
2025-08-18T17:00:00,3379.1,3380.7,3376.2,3379.5,3801
2025-08-18T18:00:00,3379.3,3379.6,3377.0,3377.5,2124
2025-08-18T19:00:00,3377.7,3379.1,3375.4,3378.3,3185
2025-08-18T20:00:00,3378.2,3379.4,3377.5,3378.1,2336
2025-08-18T22:00:00,3378.2,3379.9,3377.8,3379.7,2143
2025-08-18T23:00:00,3379.6,3380.2,3375.6,3376.2,3448
2025-08-19T00:00:00,3376.1,3383.9,3370.7,3379.5,11633
2025-08-19T01:00:00,3379.3,3380.0,3374.1,3376.7,7570
2025-08-19T02:00:00,3376.6,3381.6,3373.4,3381.2,5259
2025-08-19T03:00:00,3381.3,3385.0,3380.3,3381.4,5866
2025-08-19T04:00:00,3381.2,3382.1,3378.1,3381.5,3563
2025-08-19T05:00:00,3381.5,3385.1,3379.8,3380.2,4443
2025-08-19T06:00:00,3380.3,3382.7,3378.3,3379.9,4238
2025-08-19T07:00:00,3380.0,3386.1,3378.8,3384.9,6533
2025-08-19T08:00:00,3384.8,3385.2,3380.4,3382.3,3340
2025-08-19T09:00:00,3382.4,3383.9,3380.9,3383.7,2559
2025-08-19T10:00:00,3383.7,3389.5,3383.5,3387.9,5768
2025-08-19T11:00:00,3388.0,3389.3,3383.4,3384.4,4802
2025-08-19T12:00:00,3384.5,3385.3,3378.7,3379.4,8002
2025-08-19T13:00:00,3379.3,3383.7,3369.2,3377.8,20414
2025-08-19T14:00:00,3377.8,3381.6,3364.4,3369.3,20303
2025-08-19T15:00:00,3369.4,3370.8,3365.0,3366.4,9314
2025-08-19T16:00:00,3366.6,3368.4,3360.6,3361.3,8121
2025-08-19T17:00:00,3361.1,3363.9,3357.6,3361.0,6241
2025-08-19T18:00:00,3360.9,3363.5,3360.0,3361.6,2549
2025-08-19T19:00:00,3361.8,3362.2,3359.4,3359.9,2646
2025-08-19T20:00:00,3359.8,3360.7,3357.7,3359.0,2830
2025-08-19T22:00:00,3358.5,3360.7,3358.1,3359.3,2369
2025-08-19T23:00:00,3359.1,3359.3,3355.2,3356.7,3907
2025-08-20T00:00:00,3356.6,3359.5,3354.7,3358.4,5811
2025-08-20T01:00:00,3358.4,3360.3,3353.3,3357.6,8631
2025-08-20T02:00:00,3357.3,3359.2,3354.2,3355.9,4685
2025-08-20T03:00:00,3355.9,3360.9,3355.9,3359.7,3676
2025-08-20T04:00:00,3360.0,3363.5,3359.5,3360.8,3470
2025-08-20T05:00:00,3360.8,3366.4,3359.9,3365.8,3888
2025-08-20T06:00:00,3365.9,3368.4,3364.7,3365.5,5326
2025-08-20T07:00:00,3365.5,3370.1,3364.1,3367.8,5090
2025-08-20T08:00:00,3367.7,3368.8,3363.5,3368.0,4634
2025-08-20T09:00:00,3368.1,3370.5,3366.5,3368.5,3979
2025-08-20T10:00:00,3368.4,3371.4,3366.5,3369.6,4093
2025-08-20T11:00:00,3369.8,3376.7,3368.9,3375.9,7803
2025-08-20T12:00:00,3376.0,3388.6,3375.6,3386.9,15522
2025-08-20T13:00:00,3386.8,3392.1,3382.1,3388.3,17441
2025-08-20T14:00:00,3388.4,3394.1,3383.3,3390.9,14472
2025-08-20T15:00:00,3390.9,3390.9,3382.7,3384.4,9794
2025-08-20T16:00:00,3384.5,3389.9,3384.5,3388.7,5045
2025-08-20T17:00:00,3388.9,3391.1,3387.5,3390.1,3718
2025-08-20T18:00:00,3390.0,3390.4,3387.0,3388.7,3047
2025-08-20T19:00:00,3388.6,3393.0,3388.1,3391.6,3231
2025-08-20T20:00:00,3391.4,3392.6,3390.4,3392.1,2415
2025-08-20T22:00:00,3392.2,3394.6,3391.0,3392.2,2452
2025-08-20T23:00:00,3392.1,3392.4,3389.0,3389.4,2851
2025-08-21T00:00:00,3389.3,3389.4,3384.4,3385.0,3975
2025-08-21T01:00:00,3385.2,3388.9,3383.2,3385.2,5371
2025-08-21T02:00:00,3385.1,3387.6,3382.5,3387.1,4954
2025-08-21T03:00:00,3387.1,3387.3,3382.2,3382.3,3158
2025-08-21T04:00:00,3382.4,3384.0,3380.1,3380.7,3609
2025-08-21T05:00:00,3380.8,3383.0,3379.4,3381.0,3825
2025-08-21T06:00:00,3380.9,3382.1,3376.5,3378.9,5186
2025-08-21T07:00:00,3378.9,3383.8,3377.4,3381.9,4093
2025-08-21T08:00:00,3382.0,3383.9,3380.1,3381.9,3380
2025-08-21T09:00:00,3382.1,3385.0,3380.6,3383.4,3765
2025-08-21T10:00:00,3383.5,3384.4,3369.9,3371.2,9161
2025-08-21T11:00:00,3371.5,3377.1,3367.4,3376.0,8490
2025-08-21T12:00:00,3376.1,3388.0,3376.1,3384.5,17079
2025-08-21T13:00:00,3384.6,3391.1,3372.4,3382.7,16843
2025-08-21T14:00:00,3382.6,3392.0,3381.2,3387.9,15192
2025-08-21T15:00:00,3387.9,3390.2,3380.8,3387.5,11036
2025-08-21T16:00:00,3387.7,3388.0,3382.1,3383.7,4532
2025-08-21T17:00:00,3383.9,3385.9,3381.1,3381.5,3668
2025-08-21T18:00:00,3381.5,3384.1,3381.0,3383.4,2270
2025-08-21T19:00:00,3383.5,3386.0,3382.3,3383.4,2922
2025-08-21T20:00:00,3383.4,3383.9,3382.3,3383.5,1786
2025-08-21T22:00:00,3383.4,3385.2,3382.1,3383.3,1677
2025-08-21T23:00:00,3383.4,3384.0,3381.4,3382.4,1757
2025-08-22T00:00:00,3382.5,3383.2,3379.1,3382.6,4304
2025-08-22T01:00:00,3383.0,3383.6,3377.1,3377.4,4053
2025-08-22T02:00:00,3377.4,3379.6,3375.7,3377.0,4410
2025-08-22T03:00:00,3376.8,3378.4,3374.5,3374.8,3187
2025-08-22T04:00:00,3374.9,3375.8,3370.9,3371.6,3435
2025-08-22T05:00:00,3371.4,3374.3,3370.2,3372.9,4329
2025-08-22T06:00:00,3372.9,3373.0,3366.6,3371.8,6140
2025-08-22T07:00:00,3371.7,3377.8,3367.5,3369.6,7970
2025-08-22T08:00:00,3369.4,3372.6,3367.2,3370.7,6583
2025-08-22T09:00:00,3370.8,3373.6,3369.7,3371.8,3034
2025-08-22T10:00:00,3372.1,3373.8,3370.5,3372.9,2229
2025-08-22T11:00:00,3372.8,3373.1,3369.1,3370.6,3426
2025-08-22T12:00:00,3370.8,3371.6,3363.0,3364.9,11871
2025-08-22T13:00:00,3364.9,3378.7,3364.8,3375.9,12860
2025-08-22T14:00:00,3376.2,3422.3,3376.2,3419.3,62019
2025-08-22T15:00:00,3419.4,3423.6,3411.7,3412.3,18789
2025-08-22T16:00:00,3412.5,3419.5,3412.4,3415.4,7326
2025-08-22T17:00:00,3415.4,3420.7,3415.3,3419.4,4268
2025-08-22T18:00:00,3419.2,3420.0,3416.5,3417.9,2589
2025-08-22T19:00:00,3418.1,3418.2,3414.5,3417.6,3541
2025-08-22T20:00:00,3417.7,3418.1,3415.6,3417.0,2552
2025-08-24T22:00:00,3417.5,3418.1,3411.5,3413.3,3835
2025-08-24T23:00:00,3413.3,3416.9,3412.1,3415.1,2822
2025-08-25T00:00:00,3414.9,3415.8,3408.8,3410.1,5135
2025-08-25T01:00:00,3410.3,3413.1,3405.5,3407.7,6288
2025-08-25T02:00:00,3407.7,3410.3,3405.7,3409.5,4276
2025-08-25T03:00:00,3409.4,3413.1,3409.2,3412.1,3141
2025-08-25T04:00:00,3412.4,3412.7,3408.4,3410.5,2727
2025-08-25T05:00:00,3410.5,3410.7,3407.2,3408.7,2389
2025-08-25T06:00:00,3408.6,3414.2,3408.5,3413.4,3864
2025-08-25T07:00:00,3413.4,3414.6,3410.7,3411.0,2818
2025-08-25T08:00:00,3411.0,3411.7,3408.4,3409.3,2514
2025-08-25T09:00:00,3409.2,3412.3,3406.2,3411.6,3312
2025-08-25T10:00:00,3411.8,3412.7,3409.0,3410.1,2479
2025-08-25T11:00:00,3410.1,3416.5,3409.9,3415.8,3746
2025-08-25T12:00:00,3415.7,3416.4,3408.7,3409.0,6276
2025-08-25T13:00:00,3409.1,3416.5,3406.3,3415.4,11368
2025-08-25T14:00:00,3415.4,3420.0,3413.9,3418.8,13263
2025-08-25T15:00:00,3418.8,3421.6,3416.3,3419.0,7047
2025-08-25T16:00:00,3419.0,3419.2,3416.3,3418.7,2666
2025-08-25T17:00:00,3418.7,3419.4,3415.2,3415.5,3185
2025-08-25T18:00:00,3415.5,3418.2,3414.5,3415.5,2427
2025-08-25T19:00:00,3415.5,3415.7,3410.1,3410.4,3541
2025-08-25T20:00:00,3410.5,3411.2,3409.6,3410.6,2050
2025-08-25T22:00:00,3411.3,3412.0,3407.6,3408.4,2528
2025-08-25T23:00:00,3408.3,3408.5,3396.4,3399.9,9063
2025-08-26T00:00:00,3399.9,3434.6,3396.1,3431.1,28189
2025-08-26T01:00:00,3431.2,3432.7,3420.0,3424.5,14225
2025-08-26T02:00:00,3424.4,3427.8,3420.4,3423.1,6831
2025-08-26T03:00:00,3422.9,3423.2,3418.0,3420.5,4577
2025-08-26T04:00:00,3420.5,3426.5,3420.2,3424.7,3203
2025-08-26T05:00:00,3424.8,3426.5,3420.1,3424.0,4405
2025-08-26T06:00:00,3423.8,3424.4,3419.2,3422.6,4502
2025-08-26T07:00:00,3422.6,3425.3,3413.1,3423.0,9327
2025-08-26T08:00:00,3422.9,3426.2,3422.2,3422.8,4153
2025-08-26T09:00:00,3422.7,3425.5,3415.9,3418.9,6324
2025-08-26T10:00:00,3419.0,3422.1,3412.8,3418.6,4880
2025-08-26T11:00:00,3418.7,3428.4,3417.1,3425.0,8534
2025-08-26T12:00:00,3425.0,3427.9,3417.8,3419.0,7932
2025-08-26T13:00:00,3418.9,3425.3,3417.0,3421.6,14985
2025-08-26T14:00:00,3422.8,3427.8,3417.7,3427.3,12482
2025-08-26T15:00:00,3427.3,3437.3,3425.6,3435.0,13852
2025-08-26T16:00:00,3435.2,3435.7,3431.0,3432.2,6577
2025-08-26T17:00:00,3432.2,3434.8,3430.3,3430.6,4801
2025-08-26T18:00:00,3430.5,3434.1,3428.7,3434.1,3581
2025-08-26T19:00:00,3434.0,3439.0,3433.6,3437.6,5033
2025-08-26T20:00:00,3437.8,3443.3,3437.3,3442.8,3100
2025-08-26T22:00:00,3442.8,3444.4,3437.9,3440.5,3817
2025-08-26T23:00:00,3440.4,3442.8,3439.6,3440.7,2623
2025-08-27T00:00:00,3440.6,3443.5,3438.2,3438.8,5159
2025-08-27T01:00:00,3438.7,3439.2,3434.6,3436.5,6893
2025-08-27T02:00:00,3436.5,3437.4,3431.7,3433.8,4155
2025-08-27T03:00:00,3433.7,3434.2,3430.5,3430.9,2818
2025-08-27T04:00:00,3430.8,3431.3,3425.0,3425.9,5073
2025-08-27T05:00:00,3425.9,3428.7,3424.5,3426.9,6176
2025-08-27T06:00:00,3426.8,3431.7,3426.1,3427.2,5791
2025-08-27T07:00:00,3427.2,3430.5,3423.0,3430.5,6046
2025-08-27T08:00:00,3430.3,3433.8,3429.3,3433.1,5830
2025-08-27T09:00:00,3433.2,3434.2,3425.8,3426.8,4718
2025-08-27T10:00:00,3426.9,3427.8,3423.0,3424.6,5558
2025-08-27T11:00:00,3424.8,3427.3,3421.2,3425.5,5908
2025-08-27T12:00:00,3425.5,3431.8,3422.7,3429.6,8306
2025-08-27T13:00:00,3429.8,3434.1,3423.6,3426.0,13909
2025-08-27T14:00:00,3426.0,3436.4,3424.3,3435.7,13251
2025-08-27T15:00:00,3435.8,3440.8,3434.3,3438.2,11850
2025-08-27T16:00:00,3438.2,3450.9,3437.4,3448.8,12756
2025-08-27T17:00:00,3448.9,3450.5,3446.3,3447.6,5403
2025-08-27T18:00:00,3447.5,3449.4,3445.0,3447.8,3832
2025-08-27T19:00:00,3447.8,3449.8,3447.0,3449.2,2390
2025-08-27T20:00:00,3449.2,3452.5,3448.2,3451.9,3038
2025-08-27T22:00:00,3451.9,3453.1,3448.0,3449.3,3260
2025-08-27T23:00:00,3449.3,3453.0,3449.3,3451.0,2635
2025-08-28T00:00:00,3450.8,3453.8,3447.0,3448.4,5142
2025-08-28T01:00:00,3448.2,3448.6,3442.7,3443.7,7232
2025-08-28T02:00:00,3443.6,3447.9,3442.4,3447.8,5428
2025-08-28T03:00:00,3447.9,3448.4,3444.0,3444.8,3598
2025-08-28T04:00:00,3445.1,3447.0,3443.5,3445.0,2511
2025-08-28T05:00:00,3445.0,3446.1,3443.2,3445.9,2517
2025-08-28T06:00:00,3446.0,3452.6,3445.8,3451.5,6268
2025-08-28T07:00:00,3451.3,3452.8,3448.5,3450.8,4553
2025-08-28T08:00:00,3450.7,3457.3,3449.0,3457.0,6578
2025-08-28T09:00:00,3457.1,3457.7,3454.2,3455.2,2829
2025-08-28T10:00:00,3455.1,3455.8,3450.4,3454.5,5286
2025-08-28T11:00:00,3454.4,3465.8,3452.9,3462.2,9443
2025-08-28T12:00:00,3462.2,3467.3,3455.1,3455.9,14653
2025-08-28T13:00:00,3456.0,3468.3,3452.2,3464.9,20086
2025-08-28T14:00:00,3465.0,3471.0,3463.6,3468.7,13587
2025-08-28T15:00:00,3468.7,3469.5,3459.3,3465.9,10371
2025-08-28T16:00:00,3465.9,3476.3,3465.5,3473.3,10598
2025-08-28T17:00:00,3473.2,3477.2,3472.9,3476.1,4407
2025-08-28T18:00:00,3475.7,3478.8,3475.1,3478.2,4153
2025-08-28T19:00:00,3478.4,3478.7,3475.3,3477.5,3965
2025-08-28T20:00:00,3477.8,3478.1,3475.8,3476.7,3109
2025-08-28T22:00:00,3476.7,3478.0,3474.5,3475.8,2377
2025-08-28T23:00:00,3475.7,3476.3,3474.8,3475.3,1096
2025-08-29T00:00:00,3475.3,3479.8,3473.2,3473.6,5999
2025-08-29T01:00:00,3473.5,3473.7,3469.5,3472.4,6316
2025-08-29T02:00:00,3472.3,3474.7,3471.3,3471.6,3733
2025-08-29T03:00:00,3471.4,3473.3,3470.1,3470.2,2377
2025-08-29T04:00:00,3470.2,3470.8,3467.9,3469.5,2879
2025-08-29T05:00:00,3469.7,3471.3,3467.2,3470.6,2882
2025-08-29T06:00:00,3470.6,3472.2,3466.6,3469.2,3392
2025-08-29T07:00:00,3469.0,3471.8,3466.1,3471.3,4761
2025-08-29T08:00:00,3471.1,3472.7,3468.8,3470.6,4133
2025-08-29T09:00:00,3470.7,3471.3,3467.0,3467.5,3192
2025-08-29T10:00:00,3467.6,3468.0,3463.4,3464.2,4403
2025-08-29T11:00:00,3464.4,3470.4,3463.0,3469.9,4367
2025-08-29T12:00:00,3469.7,3476.4,3464.1,3476.0,11442
2025-08-29T13:00:00,3476.0,3489.6,3473.4,3489.2,20626
2025-08-29T14:00:00,3489.4,3505.4,3489.1,3504.0,29462
2025-08-29T15:00:00,3504.3,3515.5,3501.1,3512.5,17220
2025-08-29T16:00:00,3512.6,3517.9,3508.2,3517.7,14602
2025-08-29T17:00:00,3517.4,3518.5,3510.3,3512.9,11452
2025-08-29T18:00:00,3513.0,3513.7,3509.6,3509.6,4968
2025-08-29T19:00:00,3509.7,3516.7,3508.3,3516.1,7976
2025-08-29T20:00:00,3516.1,3517.6,3513.9,3516.5,5331
2025-08-31T22:00:00,3518.0,3518.9,3511.0,3513.5,5704
2025-08-31T23:00:00,3513.4,3514.3,3509.6,3511.9,3199
2025-09-01T00:00:00,3511.8,3514.9,3509.7,3511.3,4165
2025-09-01T01:00:00,3511.4,3528.8,3506.0,3526.4,13723
2025-09-01T02:00:00,3526.5,3550.9,3524.0,3549.3,30990
2025-09-01T03:00:00,3549.4,3552.3,3538.9,3543.3,12516
2025-09-01T04:00:00,3543.0,3548.7,3541.4,3545.3,5152
2025-09-01T05:00:00,3545.1,3552.9,3544.2,3548.4,8853
2025-09-01T06:00:00,3548.2,3557.1,3546.4,3546.9,9878
2025-09-01T07:00:00,3547.0,3548.6,3537.5,3546.0,11128
2025-09-01T08:00:00,3546.1,3548.7,3542.3,3545.0,6085
2025-09-01T09:00:00,3545.0,3545.1,3536.3,3538.3,6887
2025-09-01T10:00:00,3538.3,3544.8,3535.7,3543.6,5125
2025-09-01T11:00:00,3543.3,3545.8,3540.3,3542.7,3540
2025-09-01T12:00:00,3542.7,3543.9,3537.8,3541.8,4553
2025-09-01T13:00:00,3541.8,3549.8,3540.8,3544.3,9197
2025-09-01T14:00:00,3544.4,3550.4,3543.3,3545.2,7890
2025-09-01T15:00:00,3544.9,3547.2,3543.4,3544.5,3580
2025-09-01T16:00:00,3544.7,3547.6,3542.6,3547.1,3219
2025-09-01T17:00:00,3547.3,3547.9,3545.7,3547.6,1704
2025-09-01T18:00:00,3547.4,3547.7,3545.7,3545.7,926
2025-09-01T22:00:00,3547.3,3552.5,3545.7,3546.4,5068
2025-09-01T23:00:00,3546.5,3553.3,3545.7,3551.8,4576
2025-09-02T00:00:00,3551.5,3557.4,3550.3,3551.6,7762
2025-09-02T01:00:00,3551.4,3578.4,3548.2,3568.8,27904
2025-09-02T02:00:00,3568.8,3571.4,3561.7,3566.4,10148
2025-09-02T03:00:00,3566.2,3566.2,3558.9,3565.0,5893
2025-09-02T04:00:00,3564.9,3567.9,3561.9,3566.0,3626
2025-09-02T05:00:00,3566.0,3567.2,3561.5,3561.7,5078
2025-09-02T06:00:00,3561.7,3564.5,3554.0,3555.7,8723
2025-09-02T07:00:00,3555.9,3557.8,3538.4,3541.5,13550
2025-09-02T08:00:00,3541.5,3550.9,3537.5,3545.2,9909
2025-09-02T09:00:00,3545.2,3550.3,3544.7,3546.3,4883
2025-09-02T10:00:00,3546.5,3555.2,3545.4,3555.0,6616
2025-09-02T11:00:00,3555.0,3559.0,3546.4,3558.8,8256
2025-09-02T12:00:00,3558.6,3564.1,3538.5,3547.8,24669
2025-09-02T13:00:00,3548.1,3558.3,3542.1,3552.6,21434
2025-09-02T14:00:00,3551.6,3579.7,3550.5,3574.8,31034
2025-09-02T15:00:00,3575.0,3586.3,3573.0,3586.1,17743
2025-09-02T16:00:00,3586.2,3594.0,3582.5,3592.9,15129
2025-09-02T17:00:00,3593.0,3595.0,3588.2,3594.2,9349
2025-09-02T18:00:00,3594.3,3595.9,3591.3,3593.3,6468
2025-09-02T19:00:00,3593.4,3600.7,3593.3,3597.8,11609
2025-09-02T20:00:00,3597.8,3602.7,3597.0,3599.4,7224
2025-09-02T22:00:00,3599.4,3601.4,3596.1,3596.4,5891
2025-09-02T23:00:00,3596.6,3598.8,3593.3,3595.7,4990
2025-09-03T00:00:00,3595.8,3616.9,3595.2,3603.2,18933
2025-09-03T01:00:00,3603.0,3609.7,3597.0,3604.0,14416
2025-09-03T02:00:00,3604.0,3610.0,3596.3,3596.7,11435
2025-09-03T03:00:00,3596.8,3599.1,3595.0,3596.7,7004
2025-09-03T04:00:00,3596.6,3604.0,3596.5,3602.3,4879
2025-09-03T05:00:00,3602.7,3603.1,3592.1,3595.2,8988
2025-09-03T06:00:00,3595.2,3603.8,3594.6,3601.9,7996
2025-09-03T07:00:00,3601.7,3603.0,3594.3,3598.3,6880
2025-09-03T08:00:00,3598.3,3608.1,3598.3,3607.0,7603
2025-09-03T09:00:00,3607.1,3609.6,3601.0,3601.8,6310
2025-09-03T10:00:00,3601.8,3610.6,3600.2,3608.6,5774
2025-09-03T11:00:00,3608.7,3617.5,3608.5,3615.8,10669
2025-09-03T12:00:00,3615.9,3618.6,3607.2,3616.6,17062
2025-09-03T13:00:00,3616.3,3627.7,3613.2,3619.8,30668
2025-09-03T14:00:00,3619.1,3631.0,3615.9,3623.3,30178
2025-09-03T15:00:00,3623.4,3631.8,3621.2,3628.6,13073
2025-09-03T16:00:00,3628.7,3636.0,3626.8,3635.9,9639
2025-09-03T17:00:00,3635.9,3639.0,3632.9,3637.4,9412
2025-09-03T18:00:00,3637.6,3640.8,3623.3,3628.7,18081
2025-09-03T19:00:00,3629.0,3630.1,3617.2,3619.5,14921
2025-09-03T20:00:00,3619.5,3625.0,3618.4,3619.5,6079
2025-09-03T22:00:00,3619.5,3620.2,3611.3,3615.9,9261
2025-09-03T23:00:00,3616.0,3616.7,3609.4,3613.6,8523
2025-09-04T00:00:00,3613.9,3620.0,3604.2,3619.2,11709
2025-09-04T01:00:00,3619.2,3621.5,3602.5,3605.1,17414
2025-09-04T02:00:00,3605.1,3609.1,3583.7,3589.0,24316
2025-09-04T03:00:00,3589.4,3590.7,3574.0,3587.6,19200
2025-09-04T04:00:00,3587.6,3592.5,3586.5,3590.4,5420
2025-09-04T05:00:00,3590.4,3590.8,3581.5,3584.1,6583
2025-09-04T06:00:00,3584.5,3600.1,3581.1,3596.6,12664
2025-09-04T07:00:00,3596.5,3600.1,3591.8,3599.7,7394
2025-09-04T08:00:00,3599.7,3604.4,3595.1,3599.2,8795
2025-09-04T09:00:00,3599.4,3603.8,3593.9,3596.1,6360
2025-09-04T10:00:00,3595.9,3605.0,3595.6,3599.5,6267
2025-09-04T11:00:00,3599.7,3608.6,3594.3,3603.1,9499
2025-09-04T12:00:00,3602.8,3613.7,3600.1,3609.2,16675
2025-09-04T13:00:00,3608.9,3617.7,3598.4,3606.0,28081
2025-09-04T14:00:00,3605.2,3606.7,3591.6,3605.6,29083
2025-09-04T15:00:00,3605.8,3612.5,3601.6,3612.0,12953
2025-09-04T16:00:00,3612.3,3615.6,3607.0,3610.6,10826
2025-09-04T17:00:00,3610.6,3613.5,3599.6,3600.8,10648
2025-09-04T18:00:00,3600.6,3605.1,3600.5,3602.3,5483
2025-09-04T19:00:00,3602.4,3606.9,3601.5,3605.9,4518
2025-09-04T20:00:00,3605.9,3606.8,3600.3,3602.2,2871
2025-09-04T22:00:00,3602.5,3602.6,3595.1,3596.5,4677
2025-09-04T23:00:00,3596.9,3611.7,3596.7,3609.5,7065
2025-09-05T00:00:00,3609.7,3613.4,3607.0,3610.3,8464
2025-09-05T01:00:00,3610.1,3614.6,3608.6,3611.1,8268
2025-09-05T02:00:00,3611.1,3614.1,3605.0,3610.5,6820
2025-09-05T03:00:00,3610.5,3618.5,3608.0,3617.8,6489
2025-09-05T04:00:00,3617.6,3618.8,3615.2,3616.7,3857
2025-09-05T05:00:00,3616.6,3619.2,3614.6,3617.7,4632
2025-09-05T06:00:00,3617.8,3618.0,3608.5,3612.6,7296
2025-09-05T07:00:00,3612.8,3612.8,3606.0,3607.7,6460
2025-09-05T08:00:00,3607.7,3608.6,3601.6,3603.0,6902
2025-09-05T09:00:00,3602.9,3610.8,3602.8,3609.4,5220
2025-09-05T10:00:00,3609.3,3609.9,3606.1,3608.1,3460
2025-09-05T11:00:00,3608.0,3611.9,3603.5,3609.4,7229
2025-09-05T12:00:00,3609.5,3645.0,3604.3,3639.3,47075
2025-09-05T13:00:00,3639.5,3652.2,3629.6,3650.9,40507
2025-09-05T14:00:00,3650.8,3654.2,3626.5,3646.4,38036
2025-09-05T15:00:00,3646.2,3651.0,3636.2,3647.3,19586
2025-09-05T16:00:00,3647.4,3655.5,3646.3,3651.2,13079
2025-09-05T17:00:00,3651.5,3654.6,3646.3,3651.5,8362
2025-09-05T18:00:00,3651.8,3653.0,3646.1,3649.1,5578
2025-09-05T19:00:00,3649.0,3649.7,3645.6,3646.6,5123
2025-09-05T20:00:00,3646.5,3647.5,3639.0,3639.4,6134
2025-09-07T22:00:00,3635.4,3639.0,3623.2,3631.9,15215
2025-09-07T23:00:00,3632.4,3634.2,3627.5,3630.8,7047
2025-09-08T00:00:00,3630.7,3634.6,3627.0,3634.5,9887
2025-09-08T01:00:00,3634.5,3638.0,3624.8,3631.2,15688
2025-09-08T02:00:00,3631.3,3635.9,3627.8,3632.7,10983
2025-09-08T03:00:00,3632.9,3634.4,3626.0,3626.7,6142
2025-09-08T04:00:00,3626.6,3626.6,3621.7,3623.4,6319
2025-09-08T05:00:00,3623.3,3632.4,3622.3,3631.7,7392
2025-09-08T06:00:00,3631.9,3638.8,3630.6,3638.2,9366
2025-09-08T07:00:00,3638.2,3654.3,3636.1,3650.6,15209
2025-09-08T08:00:00,3650.6,3657.6,3647.7,3651.4,9631
2025-09-08T09:00:00,3651.4,3655.1,3648.1,3654.0,5550
2025-09-08T10:00:00,3654.1,3662.4,3653.0,3656.8,8909
2025-09-08T11:00:00,3656.7,3659.4,3652.2,3659.1,6294
2025-09-08T12:00:00,3658.8,3664.9,3653.5,3663.2,12961
2025-09-08T13:00:00,3663.3,3676.3,3659.7,3673.2,34316
2025-09-08T14:00:00,3673.2,3681.1,3668.0,3680.5,26239
2025-09-08T15:00:00,3680.8,3685.5,3673.0,3680.1,23014
2025-09-08T16:00:00,3680.2,3682.5,3676.2,3681.6,10410
2025-09-08T17:00:00,3681.7,3682.0,3673.3,3674.3,8380
2025-09-08T18:00:00,3674.4,3677.9,3673.1,3677.4,5811
2025-09-08T19:00:00,3677.3,3678.4,3674.0,3676.1,5579
2025-09-08T20:00:00,3676.1,3678.8,3674.9,3677.6,3501
2025-09-08T22:00:00,3678.2,3678.7,3670.8,3671.5,4503
2025-09-08T23:00:00,3671.5,3676.4,3669.5,3674.8,5124
2025-09-09T00:00:00,3674.8,3681.6,3673.4,3679.8,8295
2025-09-09T01:00:00,3679.7,3688.5,3676.7,3687.6,16178
2025-09-09T02:00:00,3687.6,3694.9,3685.6,3687.7,16078
2025-09-09T03:00:00,3687.7,3691.4,3682.4,3686.1,11374
2025-09-09T04:00:00,3686.0,3695.9,3685.7,3693.5,7546
2025-09-09T05:00:00,3693.3,3698.6,3692.1,3694.7,8180
2025-09-09T06:00:00,3694.9,3696.0,3676.8,3687.3,26974
2025-09-09T07:00:00,3687.5,3690.9,3680.8,3683.7,9923
2025-09-09T08:00:00,3683.6,3689.9,3681.3,3687.4,9501
2025-09-09T09:00:00,3687.7,3695.8,3687.1,3692.4,8848
2025-09-09T10:00:00,3692.2,3694.8,3687.5,3690.9,6188
2025-09-09T11:00:00,3690.9,3693.2,3685.3,3686.6,6109
2025-09-09T12:00:00,3686.9,3694.9,3682.5,3686.3,19012
2025-09-09T13:00:00,3686.5,3708.0,3684.8,3705.8,41088
2025-09-09T14:00:00,3705.8,3715.2,3674.9,3684.4,81700
2025-09-09T15:00:00,3684.5,3686.2,3665.4,3684.4,30939
2025-09-09T16:00:00,3684.3,3688.5,3682.7,3684.2,11107
2025-09-09T17:00:00,3684.3,3685.8,3680.1,3682.2,6737
2025-09-09T18:00:00,3682.0,3684.5,3678.7,3679.3,4655
2025-09-09T19:00:00,3679.2,3680.2,3667.2,3668.4,10392
2025-09-09T20:00:00,3668.2,3671.3,3663.6,3663.8,5852
2025-09-09T22:00:00,3662.9,3672.0,3652.2,3671.8,11949
2025-09-09T23:00:00,3671.6,3677.7,3670.4,3670.7,9471
2025-09-10T00:00:00,3670.9,3671.8,3658.7,3661.2,14667
2025-09-10T01:00:00,3661.2,3671.4,3657.0,3668.6,19803
2025-09-10T02:00:00,3668.9,3675.9,3668.0,3674.1,10774
2025-09-10T03:00:00,3673.9,3674.9,3670.8,3674.6,4768
2025-09-10T04:00:00,3674.6,3680.6,3674.4,3680.0,6344
2025-09-10T05:00:00,3679.9,3682.8,3677.5,3680.4,6356
2025-09-10T06:00:00,3680.7,3685.7,3678.3,3682.0,9797
2025-09-10T07:00:00,3682.1,3687.1,3679.1,3682.6,8175
2025-09-10T08:00:00,3682.7,3686.7,3680.8,3684.6,5666
2025-09-10T09:00:00,3684.5,3694.7,3683.2,3693.6,7537
2025-09-10T10:00:00,3693.4,3697.0,3690.0,3694.4,7873
2025-09-10T11:00:00,3694.5,3695.0,3687.6,3688.5,8860
2025-09-10T12:00:00,3688.7,3697.8,3679.0,3683.2,26767
2025-09-10T13:00:00,3683.2,3694.3,3681.0,3690.8,23203
2025-09-10T14:00:00,3690.9,3695.5,3683.2,3687.4,20955
2025-09-10T15:00:00,3687.6,3688.1,3677.3,3683.8,16175
2025-09-10T16:00:00,3683.7,3686.3,3679.0,3682.2,8557
2025-09-10T17:00:00,3682.2,3687.2,3681.0,3687.0,5624
2025-09-10T18:00:00,3686.9,3689.6,3683.9,3685.0,5748
2025-09-10T19:00:00,3685.0,3686.0,3674.5,3681.8,9628
2025-09-10T20:00:00,3681.7,3682.8,3678.0,3680.6,3885
2025-09-10T22:00:00,3681.9,3683.5,3676.6,3678.8,4238
2025-09-10T23:00:00,3678.9,3684.2,3677.3,3683.2,4313
2025-09-11T00:00:00,3683.3,3687.0,3680.8,3682.4,7235
2025-09-11T01:00:00,3682.4,3687.6,3678.2,3679.3,9786
2025-09-11T02:00:00,3679.3,3681.7,3671.3,3675.0,10710
2025-09-11T03:00:00,3674.8,3675.0,3667.0,3669.6,9188
2025-09-11T04:00:00,3669.8,3672.6,3667.5,3668.4,4814
2025-09-11T05:00:00,3668.3,3670.2,3661.3,3663.2,13327
2025-09-11T06:00:00,3662.9,3675.5,3660.5,3670.9,12531
2025-09-11T07:00:00,3670.8,3671.1,3661.4,3667.7,9719
2025-09-11T08:00:00,3667.7,3669.6,3663.7,3664.4,5709
2025-09-11T09:00:00,3664.2,3664.2,3651.8,3659.6,12594
2025-09-11T10:00:00,3659.8,3663.3,3657.6,3659.9,5252
2025-09-11T11:00:00,3659.9,3660.2,3652.7,3655.1,6586
2025-09-11T12:00:00,3655.1,3681.9,3650.0,3666.7,42139
2025-09-11T13:00:00,3666.9,3675.3,3655.5,3667.9,36076
2025-09-11T14:00:00,3667.7,3676.3,3663.3,3668.0,20705
2025-09-11T15:00:00,3668.1,3677.1,3668.1,3672.2,13188
2025-09-11T16:00:00,3672.1,3680.6,3671.5,3674.1,12279
2025-09-11T17:00:00,3674.4,3675.3,3670.0,3673.1,6969
2025-09-11T18:00:00,3673.1,3675.3,3669.3,3671.3,6682
2025-09-11T19:00:00,3671.3,3676.7,3671.1,3675.4,6870
2025-09-11T20:00:00,3675.5,3676.4,3672.1,3673.2,2441
2025-09-11T22:00:00,3673.6,3676.5,3671.3,3672.8,3224
2025-09-11T23:00:00,3672.9,3674.1,3669.0,3669.2,3316
2025-09-12T00:00:00,3669.2,3671.1,3667.2,3669.3,4487
2025-09-12T01:00:00,3674.0,3686.3,3673.8,3684.7,15717
2025-09-12T02:00:00,3685.1,3690.2,3683.3,3688.7,10205
2025-09-12T03:00:00,3688.7,3692.3,3686.8,3691.9,6066
2025-09-12T04:00:00,3691.9,3695.0,3690.6,3693.4,4543
2025-09-12T05:00:00,3693.4,3695.7,3690.8,3691.8,6568
2025-09-12T06:00:00,3691.8,3692.6,3687.1,3689.0,7060
2025-09-12T07:00:00,3689.1,3692.0,3685.7,3686.3,6559
2025-09-12T08:00:00,3686.3,3689.5,3677.3,3678.7,10449
2025-09-12T09:00:00,3678.7,3685.0,3675.4,3684.5,8519
2025-09-12T10:00:00,3684.6,3690.4,3684.2,3689.3,5725
2025-09-12T11:00:00,3689.4,3690.4,3684.3,3684.3,5567
2025-09-12T12:00:00,3684.6,3686.6,3675.4,3683.3,16017
2025-09-12T13:00:00,3683.5,3690.7,3681.2,3688.1,18512
2025-09-12T14:00:00,3688.0,3692.7,3684.6,3685.9,15044
2025-09-12T15:00:00,3686.0,3686.3,3679.2,3682.4,12448
2025-09-12T16:00:00,3682.2,3688.3,3680.5,3688.0,7085
2025-09-12T17:00:00,3687.9,3689.4,3685.6,3687.4,5941
2025-09-12T18:00:00,3687.3,3687.6,3685.1,3686.9,3265
2025-09-12T19:00:00,3686.8,3686.9,3681.9,3682.6,5156
2025-09-12T20:00:00,3682.6,3683.8,3679.4,3680.7,3958
2025-09-14T22:00:00,3680.3,3684.1,3677.1,3679.6,5727
2025-09-14T23:00:00,3679.5,3679.7,3673.6,3675.0,5561
2025-09-15T00:00:00,3675.1,3679.8,3668.7,3670.7,11692
2025-09-15T01:00:00,3670.9,3672.2,3662.8,3671.6,14433
2025-09-15T02:00:00,3671.6,3681.9,3671.6,3677.6,12735
2025-09-15T03:00:00,3677.5,3683.9,3676.6,3683.4,5904
2025-09-15T04:00:00,3683.7,3684.4,3680.6,3682.8,2952
2025-09-15T05:00:00,3682.8,3683.8,3679.7,3681.1,3484
2025-09-15T06:00:00,3680.9,3681.4,3674.3,3674.4,7001
2025-09-15T07:00:00,3674.2,3681.9,3671.3,3680.7,8842
2025-09-15T08:00:00,3680.7,3682.7,3677.4,3682.3,5054
2025-09-15T09:00:00,3682.4,3682.8,3673.0,3678.4,6945
2025-09-15T10:00:00,3678.5,3683.5,3675.7,3676.6,6638
2025-09-15T11:00:00,3676.7,3683.2,3675.7,3679.5,6823
2025-09-15T12:00:00,3679.7,3688.3,3673.8,3687.8,17794
2025-09-15T13:00:00,3687.6,3702.2,3683.9,3694.8,28391
2025-09-15T14:00:00,3694.8,3701.8,3691.2,3701.4,19609
2025-09-15T15:00:00,3701.5,3722.1,3700.9,3720.3,25253
2025-09-15T16:00:00,3720.6,3724.7,3713.6,3718.0,23738
2025-09-15T17:00:00,3718.3,3722.0,3717.5,3721.4,7590
2025-09-15T18:00:00,3721.2,3721.9,3715.0,3716.3,7127
2025-09-15T19:00:00,3716.3,3721.9,3716.1,3720.4,6395
2025-09-15T20:00:00,3720.3,3721.7,3718.5,3719.4,4755
2025-09-15T22:00:00,3719.8,3721.1,3715.4,3717.9,3754
2025-09-15T23:00:00,3717.8,3719.4,3715.5,3716.1,2565
2025-09-16T00:00:00,3716.0,3725.9,3715.6,3725.7,9993
2025-09-16T01:00:00,3725.6,3728.7,3715.5,3717.8,13677
2025-09-16T02:00:00,3717.6,3720.9,3711.6,3715.1,11103
2025-09-16T03:00:00,3714.8,3720.2,3714.2,3718.4,4905
2025-09-16T04:00:00,3718.4,3722.3,3717.1,3721.1,3785
2025-09-16T05:00:00,3720.9,3721.5,3717.3,3719.9,3613
2025-09-16T06:00:00,3719.9,3731.7,3719.4,3730.9,10717
2025-09-16T07:00:00,3730.7,3731.8,3724.3,3724.7,8335
2025-09-16T08:00:00,3724.4,3734.9,3724.1,3731.8,10208
2025-09-16T09:00:00,3731.7,3737.0,3730.2,3736.4,7678
2025-09-16T10:00:00,3736.2,3736.8,3730.5,3731.0,5944
2025-09-16T11:00:00,3731.0,3737.5,3728.5,3734.3,9101
2025-09-16T12:00:00,3734.6,3734.8,3724.1,3726.5,15502
2025-09-16T13:00:00,3726.5,3735.9,3722.0,3733.0,26101
2025-09-16T14:00:00,3732.8,3739.8,3722.1,3722.5,34170
2025-09-16T15:00:00,3722.7,3725.8,3715.0,3722.9,26129
2025-09-16T16:00:00,3723.0,3728.4,3721.4,3726.9,12201
2025-09-16T17:00:00,3727.0,3728.0,3722.5,3723.9,6712
2025-09-16T18:00:00,3723.9,3727.1,3722.6,3726.8,3535
2025-09-16T19:00:00,3726.6,3727.6,3724.0,3726.6,4225
2025-09-16T20:00:00,3726.8,3731.3,3726.6,3727.5,4517
2025-09-16T22:00:00,3727.9,3730.4,3726.3,3729.2,3010
2025-09-16T23:00:00,3729.2,3732.8,3728.8,3731.9,3320
2025-09-17T00:00:00,3731.9,3732.9,3727.9,3728.1,5378
2025-09-17T01:00:00,3728.1,3729.0,3712.5,3716.9,17287
2025-09-17T02:00:00,3716.6,3721.0,3710.8,3719.1,13688
2025-09-17T03:00:00,3719.0,3720.1,3716.3,3718.2,4606
2025-09-17T04:00:00,3718.4,3719.3,3716.7,3717.1,2022
2025-09-17T05:00:00,3717.1,3722.7,3712.9,3716.4,7908
2025-09-17T06:00:00,3716.6,3717.4,3707.2,3711.7,11654
2025-09-17T07:00:00,3711.6,3714.3,3702.7,3703.5,10335
2025-09-17T08:00:00,3703.7,3704.2,3698.6,3700.9,9921
2025-09-17T09:00:00,3700.8,3707.0,3699.8,3703.9,6449
2025-09-17T10:00:00,3703.6,3705.8,3695.6,3697.0,10968
2025-09-17T11:00:00,3696.9,3705.4,3695.3,3701.4,10094
2025-09-17T12:00:00,3701.3,3714.5,3701.0,3713.7,13396
2025-09-17T13:00:00,3713.9,3718.6,3707.5,3714.1,21466
2025-09-17T14:00:00,3714.1,3721.4,3712.3,3719.2,15684
2025-09-17T15:00:00,3719.1,3722.0,3716.9,3718.7,8689
2025-09-17T16:00:00,3718.8,3724.4,3718.6,3720.4,9839
2025-09-17T17:00:00,3720.4,3722.9,3713.7,3722.3,10078
2025-09-17T18:00:00,3722.8,3743.9,3679.8,3685.8,96405
2025-09-17T19:00:00,3686.0,3702.8,3681.1,3696.1,39395
2025-09-17T20:00:00,3696.1,3696.2,3690.5,3694.7,5466
2025-09-17T22:00:00,3693.6,3698.5,3688.2,3695.8,6126
2025-09-17T23:00:00,3695.7,3705.6,3694.9,3703.0,6119
2025-09-18T00:00:00,3703.0,3703.8,3692.0,3699.4,10142
2025-09-18T01:00:00,3699.5,3703.4,3686.6,3692.6,20330
2025-09-18T02:00:00,3692.6,3700.2,3691.2,3699.1,9783
2025-09-18T03:00:00,3699.1,3700.6,3692.2,3693.0,5061
2025-09-18T04:00:00,3693.1,3693.7,3688.0,3688.3,5283
2025-09-18T05:00:00,3688.2,3693.9,3683.2,3685.3,9676
2025-09-18T06:00:00,3685.3,3685.7,3667.2,3670.9,22832
2025-09-18T07:00:00,3671.0,3693.7,3668.7,3692.3,17413
2025-09-18T08:00:00,3692.5,3700.4,3687.8,3700.1,11519
2025-09-18T09:00:00,3699.9,3707.4,3698.6,3706.2,12680
2025-09-18T10:00:00,3706.2,3707.2,3699.8,3701.2,8968
2025-09-18T11:00:00,3701.2,3704.8,3698.2,3700.6,8164
2025-09-18T12:00:00,3700.9,3706.4,3696.4,3697.0,15068
2025-09-18T13:00:00,3696.8,3697.7,3660.4,3675.4,50827
2025-09-18T14:00:00,3675.5,3679.8,3667.5,3671.9,29242
2025-09-18T15:00:00,3672.0,3676.0,3669.8,3674.5,10885
2025-09-18T16:00:00,3674.5,3680.7,3673.9,3679.3,8647
2025-09-18T17:00:00,3679.1,3679.9,3676.2,3676.5,5336
2025-09-18T18:00:00,3676.6,3676.7,3673.4,3674.6,4284
2025-09-18T19:00:00,3674.5,3680.0,3673.7,3679.4,3792
2025-09-18T20:00:00,3679.7,3680.2,3677.2,3678.2,2277
2025-09-18T22:00:00,3678.1,3678.1,3672.6,3673.6,2932
2025-09-18T23:00:00,3673.4,3674.9,3670.5,3672.9,3480
2025-09-19T00:00:00,3672.9,3675.3,3668.5,3672.8,7189
2025-09-19T01:00:00,3672.6,3684.4,3664.2,3672.1,20748
2025-09-19T02:00:00,3672.2,3683.3,3671.1,3680.6,10795
2025-09-19T03:00:00,3680.5,3689.6,3678.3,3686.5,9599
2025-09-19T04:00:00,3686.7,3692.9,3686.6,3691.5,6929
2025-09-19T05:00:00,3691.6,3694.4,3684.7,3685.8,8519
2025-09-19T06:00:00,3685.6,3687.4,3675.8,3679.8,11344
2025-09-19T07:00:00,3679.8,3689.4,3676.8,3685.8,9400
2025-09-19T08:00:00,3685.8,3689.3,3681.7,3688.2,6429
2025-09-19T09:00:00,3688.3,3691.4,3687.5,3691.0,4210
2025-09-19T10:00:00,3691.1,3691.9,3687.5,3688.4,3587
2025-09-19T11:00:00,3688.4,3688.6,3677.5,3680.6,8559
2025-09-19T12:00:00,3680.6,3684.4,3676.3,3681.6,13659
2025-09-19T13:00:00,3681.5,3697.3,3676.0,3696.1,25435
2025-09-19T14:00:00,3696.1,3703.0,3688.9,3700.7,24063
2025-09-19T15:00:00,3700.9,3709.3,3698.9,3704.1,20854
2025-09-19T16:00:00,3704.1,3706.7,3699.8,3702.3,9612
2025-09-19T17:00:00,3702.3,3713.7,3702.1,3712.9,11025
2025-09-19T18:00:00,3713.1,3718.5,3712.7,3717.8,9514
2025-09-19T19:00:00,3717.9,3718.9,3715.2,3717.8,6350
2025-09-19T20:00:00,3717.9,3719.6,3715.1,3719.6,5089
2025-09-21T22:00:00,3720.1,3727.4,3717.7,3723.8,9685
2025-09-21T23:00:00,3723.7,3726.0,3721.1,3721.5,5223
2025-09-22T00:00:00,3721.4,3726.1,3720.6,3725.7,6978
2025-09-22T01:00:00,3725.9,3732.4,3721.5,3724.0,18625
2025-09-22T02:00:00,3724.0,3728.4,3720.4,3721.4,8408
2025-09-22T03:00:00,3721.2,3733.0,3721.0,3730.8,9000
2025-09-22T04:00:00,3730.8,3731.7,3725.5,3727.5,5365
2025-09-22T05:00:00,3727.4,3735.8,3727.1,3732.5,8143
2025-09-22T06:00:00,3732.4,3753.5,3730.9,3749.0,20732
2025-09-22T07:00:00,3749.0,3750.8,3743.0,3747.4,11452
2025-09-22T08:00:00,3747.4,3756.9,3746.6,3754.8,8795
2025-09-22T09:00:00,3754.8,3761.2,3753.7,3758.0,7800
2025-09-22T10:00:00,3757.9,3762.9,3755.4,3762.0,6934
2025-09-22T11:00:00,3761.9,3762.6,3755.1,3758.7,7937
2025-09-22T12:00:00,3758.9,3759.6,3746.1,3755.3,19301
2025-09-22T13:00:00,3755.6,3759.2,3747.0,3756.3,26885
2025-09-22T14:00:00,3756.2,3761.0,3750.7,3759.8,19229
2025-09-22T15:00:00,3760.1,3770.6,3757.9,3770.0,17720
2025-09-22T16:00:00,3770.0,3773.9,3769.3,3771.1,12214
2025-09-22T17:00:00,3771.4,3782.2,3771.3,3781.4,11458
2025-09-22T18:00:00,3781.3,3782.7,3779.1,3782.0,8034
2025-09-22T19:00:00,3782.2,3783.3,3777.1,3781.2,8283
2025-09-22T20:00:00,3781.2,3783.5,3779.7,3781.0,4676
2025-09-22T22:00:00,3781.0,3782.2,3773.5,3775.3,5921
2025-09-22T23:00:00,3775.5,3784.2,3774.3,3782.0,8161
2025-09-23T00:00:00,3782.2,3785.5,3779.5,3781.5,8227
2025-09-23T01:00:00,3781.7,3795.1,3779.9,3790.4,23547
2025-09-23T02:00:00,3790.3,3791.2,3772.5,3778.0,21968
2025-09-23T03:00:00,3777.7,3781.5,3774.5,3780.9,7967
2025-09-23T04:00:00,3781.0,3782.0,3777.3,3778.9,5341
2025-09-23T05:00:00,3778.7,3793.0,3777.3,3787.2,11058
2025-09-23T06:00:00,3787.3,3791.8,3785.3,3788.1,7919
2025-09-23T07:00:00,3787.8,3791.1,3782.8,3787.8,9031
2025-09-23T08:00:00,3787.7,3809.6,3786.8,3808.4,17158
2025-09-23T09:00:00,3808.4,3824.6,3808.2,3818.5,27210
2025-09-23T10:00:00,3818.5,3821.6,3814.3,3816.4,9968
2025-09-23T11:00:00,3816.5,3822.3,3812.9,3816.5,11642
2025-09-23T12:00:00,3816.3,3818.6,3810.0,3817.6,13658
2025-09-23T13:00:00,3817.4,3821.7,3806.7,3816.5,27793
2025-09-23T14:00:00,3816.3,3817.3,3799.3,3806.4,32733
2025-09-23T15:00:00,3806.6,3814.3,3805.2,3811.7,15344
2025-09-23T16:00:00,3811.7,3815.2,3796.7,3812.3,25818
2025-09-23T17:00:00,3812.6,3819.0,3808.4,3810.2,14811
2025-09-23T18:00:00,3810.2,3813.7,3788.3,3789.1,16623
2025-09-23T19:00:00,3789.1,3800.5,3783.8,3796.6,25388
2025-09-23T20:00:00,3796.6,3800.0,3794.7,3796.9,5245
2025-09-23T22:00:00,3797.7,3799.5,3793.7,3797.7,4257
2025-09-23T23:00:00,3797.6,3802.6,3793.9,3796.0,7997
2025-09-24T00:00:00,3795.9,3797.8,3791.3,3797.5,8779
2025-09-24T01:00:00,3797.5,3803.6,3787.2,3789.0,16837
2025-09-24T02:00:00,3788.9,3792.4,3782.9,3790.0,12503
2025-09-24T03:00:00,3790.1,3799.5,3785.4,3798.4,9822
2025-09-24T04:00:00,3798.6,3800.7,3795.1,3800.5,6887
2025-09-24T05:00:00,3800.4,3809.5,3800.1,3808.1,9973
2025-09-24T06:00:00,3808.0,3809.3,3802.0,3804.3,8184
2025-09-24T07:00:00,3804.4,3812.6,3803.8,3810.7,7688
2025-09-24T08:00:00,3810.8,3811.3,3799.5,3802.6,7931
2025-09-24T09:00:00,3802.5,3804.3,3796.0,3801.6,5854
2025-09-24T10:00:00,3801.5,3801.8,3792.5,3795.0,7519
2025-09-24T11:00:00,3795.1,3802.9,3792.2,3802.1,7290
2025-09-24T12:00:00,3802.1,3804.7,3796.8,3801.1,13130
2025-09-24T13:00:00,3801.0,3806.4,3791.4,3794.7,20594
2025-09-24T14:00:00,3794.6,3798.4,3782.1,3784.8,29858
2025-09-24T15:00:00,3784.9,3790.1,3772.6,3774.1,25564
2025-09-24T16:00:00,3774.1,3778.4,3764.6,3768.4,21905
2025-09-24T17:00:00,3768.4,3772.4,3765.5,3766.6,10062
2025-09-24T18:00:00,3766.6,3767.5,3755.5,3756.9,14262
2025-09-24T19:00:00,3757.0,3764.0,3749.7,3762.5,17405
2025-09-24T20:00:00,3762.4,3769.9,3762.1,3768.4,5054
2025-09-24T22:00:00,3768.4,3776.7,3767.7,3772.6,8747
2025-09-24T23:00:00,3772.5,3776.8,3770.3,3774.2,5731
2025-09-25T00:00:00,3774.3,3782.2,3772.8,3779.9,10207
2025-09-25T01:00:00,3779.8,3781.5,3763.9,3766.7,17412
2025-09-25T02:00:00,3766.6,3773.2,3760.3,3770.1,13654
2025-09-25T03:00:00,3770.3,3770.4,3764.7,3767.0,7378
2025-09-25T04:00:00,3767.1,3770.7,3762.2,3768.0,7126
2025-09-25T05:00:00,3768.1,3771.4,3764.2,3769.0,6464
2025-09-25T06:00:00,3769.2,3778.7,3768.2,3771.7,10034
2025-09-25T07:00:00,3771.7,3785.6,3770.4,3782.5,12248
2025-09-25T08:00:00,3782.4,3792.1,3781.2,3786.8,14646
2025-09-25T09:00:00,3786.7,3791.5,3780.1,3787.1,9588
2025-09-25T10:00:00,3786.9,3791.7,3785.8,3788.1,6865
2025-09-25T11:00:00,3788.1,3788.6,3770.7,3783.9,16861
2025-09-25T12:00:00,3783.6,3787.0,3760.9,3769.4,31731
2025-09-25T13:00:00,3769.2,3776.3,3752.0,3764.0,39094
2025-09-25T14:00:00,3764.0,3767.0,3753.5,3762.4,32304
2025-09-25T15:00:00,3762.4,3769.5,3758.6,3766.7,18152
2025-09-25T16:00:00,3766.9,3773.0,3762.8,3764.1,12225
2025-09-25T17:00:00,3764.0,3775.6,3762.2,3772.9,14096
2025-09-25T18:00:00,3772.8,3789.5,3767.5,3786.3,17664
2025-09-25T19:00:00,3786.6,3788.2,3776.0,3777.4,11940
2025-09-25T20:00:00,3777.5,3783.9,3776.8,3780.6,3774
2025-09-25T22:00:00,3780.8,3782.6,3777.2,3779.8,4375
2025-09-25T23:00:00,3779.7,3780.9,3768.5,3775.0,8830
2025-09-26T00:00:00,3775.0,3779.2,3770.2,3779.2,9579
2025-09-26T01:00:00,3779.3,3783.4,3767.3,3768.6,15777
2025-09-26T02:00:00,3768.7,3772.5,3766.7,3767.9,6931
2025-09-26T03:00:00,3767.9,3775.6,3764.2,3775.0,7721
2025-09-26T04:00:00,3775.1,3777.3,3773.9,3777.1,3931
2025-09-26T05:00:00,3777.0,3779.5,3771.2,3771.4,5226
2025-09-26T06:00:00,3771.4,3784.4,3770.9,3773.4,12026
2025-09-26T07:00:00,3773.2,3779.4,3768.6,3777.8,9007
2025-09-26T08:00:00,3777.9,3785.0,3776.7,3782.8,7425
2025-09-26T09:00:00,3782.5,3784.7,3776.8,3781.6,5493
2025-09-26T10:00:00,3781.4,3785.3,3772.9,3774.9,6943
2025-09-26T11:00:00,3775.0,3783.1,3774.6,3778.8,6554
2025-09-26T12:00:00,3778.8,3788.0,3775.9,3782.2,17113
2025-09-26T13:00:00,3782.7,3797.7,3781.2,3792.5,36066
2025-09-26T14:00:00,3792.2,3814.5,3792.0,3808.7,37617
2025-09-26T15:00:00,3808.5,3811.3,3802.5,3810.4,14817
2025-09-26T16:00:00,3810.4,3811.2,3800.9,3804.0,13140
2025-09-26T17:00:00,3804.3,3813.2,3803.9,3812.9,10561
2025-09-26T18:00:00,3813.0,3813.3,3804.3,3808.8,8940
2025-09-26T19:00:00,3808.6,3808.8,3793.6,3796.0,15622
2025-09-26T20:00:00,3795.8,3798.8,3789.1,3789.8,7695
2025-09-28T22:00:00,3789.0,3800.6,3785.6,3799.9,10940
2025-09-28T23:00:00,3799.8,3801.7,3795.1,3795.9,6525
2025-09-29T00:00:00,3795.6,3816.5,3792.8,3815.9,18036
2025-09-29T01:00:00,3816.0,3817.7,3796.4,3808.0,30680
2025-09-29T02:00:00,3807.9,3827.9,3806.4,3822.3,24411
2025-09-29T03:00:00,3822.2,3828.5,3821.6,3824.2,12787
2025-09-29T04:00:00,3824.1,3837.8,3821.9,3833.8,15385
2025-09-29T05:00:00,3833.6,3842.7,3830.5,3842.0,19057
2025-09-29T06:00:00,3842.0,3848.6,3839.6,3846.3,17467
2025-09-29T07:00:00,3846.3,3849.0,3834.4,3836.1,13608
2025-09-29T08:00:00,3836.2,3849.2,3836.2,3848.3,11721
2025-09-29T09:00:00,3848.4,3849.5,3836.8,3837.5,9265
2025-09-29T10:00:00,3837.5,3848.8,3836.5,3847.6,9828
2025-09-29T11:00:00,3847.5,3860.6,3846.1,3858.1,16744
2025-09-29T12:00:00,3858.1,3859.7,3841.2,3843.5,24320
2025-09-29T13:00:00,3843.7,3857.6,3838.5,3850.8,29695
2025-09-29T14:00:00,3850.6,3859.9,3845.6,3857.1,27194
2025-09-29T15:00:00,3857.2,3862.2,3849.5,3859.2,23937
2025-09-29T16:00:00,3859.4,3862.2,3856.8,3858.9,9325
2025-09-29T17:00:00,3859.0,3861.6,3852.6,3857.7,12305
2025-09-29T18:00:00,3857.9,3859.8,3852.0,3853.2,9417
2025-09-29T19:00:00,3853.1,3858.3,3850.9,3857.1,9316
2025-09-29T20:00:00,3857.1,3863.7,3856.1,3863.1,7088
2025-09-29T22:00:00,3862.9,3864.0,3854.4,3859.1,6922
2025-09-29T23:00:00,3859.2,3861.7,3856.5,3861.2,4602
2025-09-30T00:00:00,3861.1,3868.9,3859.4,3867.5,18457
2025-09-30T01:00:00,3867.4,3880.0,3866.2,3877.0,24673
2025-09-30T02:00:00,3877.1,3880.8,3870.6,3876.5,17677
2025-09-30T03:00:00,3876.5,3895.3,3874.1,3892.6,22842
2025-09-30T04:00:00,3892.7,3894.9,3890.1,3894.9,9794
2025-09-30T05:00:00,3894.8,3898.1,3890.2,3897.2,16770
2025-09-30T06:00:00,3897.4,3899.5,3882.7,3883.8,25622
2025-09-30T07:00:00,3883.8,3887.9,3868.0,3872.2,25699
2025-09-30T08:00:00,3872.1,3875.6,3835.4,3843.9,49076
2025-09-30T09:00:00,3843.7,3848.8,3820.4,3826.3,32901
2025-09-30T10:00:00,3826.3,3842.3,3825.6,3839.5,18293
2025-09-30T11:00:00,3839.4,3845.3,3831.7,3842.8,16642
2025-09-30T12:00:00,3842.5,3849.9,3836.2,3847.6,22154
2025-09-30T13:00:00,3847.7,3858.6,3839.7,3850.6,28936
2025-09-30T14:00:00,3850.6,3882.2,3844.0,3881.7,46385
2025-09-30T15:00:00,3881.7,3881.9,3858.6,3866.5,33874
2025-09-30T16:00:00,3866.7,3876.0,3865.5,3873.7,12887
2025-09-30T17:00:00,3873.7,3877.2,3870.4,3872.3,11628
2025-09-30T18:00:00,3872.3,3877.3,3867.4,3876.2,9661
2025-09-30T19:00:00,3876.0,3888.7,3875.1,3886.8,11649
2025-09-30T20:00:00,3886.7,3888.8,3878.6,3887.3,9179
2025-09-30T22:00:00,3886.8,3889.7,3882.6,3888.2,7965
2025-09-30T23:00:00,3888.3,3890.9,3888.2,3890.7,4866
2025-10-01T00:00:00,3890.7,3892.7,3885.5,3888.2,11062
2025-10-01T01:00:00,3888.1,3896.7,3886.9,3896.4,12186
2025-10-01T02:00:00,3896.4,3903.9,3885.5,3891.2,25698
2025-10-01T03:00:00,3891.0,3894.3,3883.5,3889.5,15446
2025-10-01T04:00:00,3889.5,3893.4,3885.2,3892.6,8349
2025-10-01T05:00:00,3892.4,3896.9,3889.3,3890.7,12121
2025-10-01T06:00:00,3890.7,3892.7,3880.3,3887.1,16723
2025-10-01T07:00:00,3887.1,3908.2,3886.6,3907.4,19943
2025-10-01T08:00:00,3907.4,3922.8,3907.0,3920.1,24292
2025-10-01T09:00:00,3920.2,3922.4,3911.4,3916.9,16237
2025-10-01T10:00:00,3917.0,3917.3,3912.7,3914.9,8040
2025-10-01T11:00:00,3915.0,3916.0,3905.4,3911.5,12058
2025-10-01T12:00:00,3911.3,3918.9,3891.3,3897.3,37644
2025-10-01T13:00:00,3897.4,3904.2,3890.6,3899.9,34294
2025-10-01T14:00:00,3899.6,3906.2,3882.2,3899.9,43783
2025-10-01T15:00:00,3899.9,3903.9,3884.2,3895.1,32712
2025-10-01T16:00:00,3894.9,3898.4,3887.0,3897.7,13603
2025-10-01T17:00:00,3897.8,3898.9,3887.2,3887.4,11057
2025-10-01T18:00:00,3887.6,3893.2,3881.3,3888.8,20170
2025-10-01T19:00:00,3889.0,3897.7,3888.0,3894.2,9510
2025-10-01T20:00:00,3894.4,3894.5,3886.8,3892.6,5864
2025-10-01T22:00:00,3893.4,3895.6,3884.1,3887.6,6316
2025-10-01T23:00:00,3887.5,3892.3,3882.7,3888.8,8848
2025-10-02T00:00:00,3888.7,3889.2,3881.5,3881.7,10165
2025-10-02T01:00:00,3881.5,3890.2,3876.5,3890.1,16202
2025-10-02T02:00:00,3890.0,3895.3,3886.4,3891.2,10867
2025-10-02T03:00:00,3890.9,3894.4,3888.7,3891.4,6587
2025-10-02T04:00:00,3891.6,3892.6,3886.6,3889.3,3993
2025-10-02T05:00:00,3889.1,3896.7,3889.1,3892.7,6969
2025-10-02T06:00:00,3893.0,3899.3,3886.8,3889.1,11417
2025-10-02T07:00:00,3889.0,3899.7,3885.8,3894.0,17063
2025-10-02T08:00:00,3893.8,3903.6,3889.7,3899.3,10714
2025-10-02T09:00:00,3899.4,3905.2,3898.0,3904.3,8812
2025-10-02T10:00:00,3904.3,3908.6,3901.2,3906.7,9201
2025-10-02T11:00:00,3906.6,3911.8,3904.5,3911.4,10845
2025-10-02T12:00:00,3911.3,3917.6,3905.1,3910.0,25802
2025-10-02T13:00:00,3910.1,3922.8,3898.1,3899.8,47930
2025-10-02T14:00:00,3899.8,3901.5,3849.1,3863.8,97249
2025-10-02T15:00:00,3863.7,3868.9,3842.6,3851.9,60071
2025-10-02T16:00:00,3851.7,3869.2,3850.7,3868.6,31009
2025-10-02T17:00:00,3868.6,3872.0,3864.7,3868.6,17410
2025-10-02T18:00:00,3868.5,3876.2,3867.8,3875.2,9725
2025-10-02T19:00:00,3875.4,3883.7,3874.9,3880.3,14129
2025-10-02T20:00:00,3880.3,3884.6,3878.2,3881.0,5705
2025-10-02T22:00:00,3880.1,3882.7,3875.6,3881.3,5379
2025-10-02T23:00:00,3881.1,3888.1,3880.7,3886.8,5562
2025-10-03T00:00:00,3886.6,3887.2,3879.4,3880.7,10250
2025-10-03T01:00:00,3880.7,3886.6,3870.9,3882.4,20525
2025-10-03T02:00:00,3882.1,3883.0,3871.1,3871.8,11526
2025-10-03T03:00:00,3871.3,3874.5,3861.1,3865.7,17952
2025-10-03T04:00:00,3865.7,3871.2,3864.5,3867.1,8336
2025-10-03T05:00:00,3866.9,3882.4,3866.9,3878.2,13888
2025-10-03T06:00:00,3878.2,3884.3,3873.8,3882.1,11542
2025-10-03T07:00:00,3882.2,3888.5,3880.0,3887.3,9937
2025-10-03T08:00:00,3887.4,3889.0,3883.2,3888.3,7710
2025-10-03T09:00:00,3888.2,3888.4,3880.3,3887.6,7727
2025-10-03T10:00:00,3887.7,3891.5,3884.9,3888.9,10587
2025-10-03T11:00:00,3889.1,3890.3,3877.2,3885.4,13992
2025-10-03T12:00:00,3885.4,3899.4,3883.6,3898.3,17954
2025-10-03T13:00:00,3898.5,3915.6,3894.5,3908.0,48290
2025-10-03T14:00:00,3907.7,3912.0,3890.5,3904.2,46821
2025-10-03T15:00:00,3904.3,3916.5,3898.5,3914.5,28998
2025-10-03T16:00:00,3914.7,3914.8,3905.4,3908.9,16583
2025-10-03T17:00:00,3908.9,3911.3,3901.6,3906.5,16045
2025-10-03T18:00:00,3906.8,3914.7,3905.2,3911.8,13121
2025-10-03T19:00:00,3911.6,3914.7,3909.2,3911.0,8937
2025-10-03T20:00:00,3911.0,3913.4,3908.6,3911.7,5241
2025-10-05T22:00:00,3913.7,3930.0,3909.0,3927.3,16591
2025-10-05T23:00:00,3927.4,3945.4,3924.5,3935.3,25840
2025-10-06T00:00:00,3935.3,3935.9,3924.3,3926.0,19734
2025-10-06T01:00:00,3926.6,3943.3,3925.4,3943.1,16585
2025-10-06T02:00:00,3943.1,3950.0,3942.7,3946.0,18892
2025-10-06T03:00:00,3945.9,3956.8,3944.9,3954.8,17031
2025-10-06T04:00:00,3954.6,3964.4,3953.2,3963.0,17483
2025-10-06T05:00:00,3963.0,3969.2,3951.9,3957.3,22999
2025-10-06T06:00:00,3957.5,3959.2,3947.1,3958.5,17866
2025-10-06T07:00:00,3958.4,3968.0,3953.5,3965.7,17301
2025-10-06T08:00:00,3965.8,3973.6,3959.5,3966.7,21423
2025-10-06T09:00:00,3966.9,3969.2,3960.6,3966.5,9770
2025-10-06T10:00:00,3966.6,3970.9,3956.1,3966.7,13917
2025-10-06T11:00:00,3966.5,3967.3,3954.7,3962.4,16976
2025-10-06T12:00:00,3962.3,3965.9,3949.9,3957.5,29809
2025-10-06T13:00:00,3957.7,3971.3,3950.7,3968.6,33604
2025-10-06T14:00:00,3968.5,3982.7,3963.7,3978.0,41561
2025-10-06T15:00:00,3978.0,3988.1,3971.9,3986.2,28469
2025-10-06T16:00:00,3986.4,3994.4,3969.4,3978.3,37054
2025-10-06T17:00:00,3978.3,3983.4,3975.1,3982.6,16000
2025-10-06T18:00:00,3982.7,3985.4,3980.4,3983.0,8879
2025-10-06T19:00:00,3983.0,3989.7,3982.2,3983.3,11788
2025-10-06T20:00:00,3983.3,3986.4,3981.0,3984.1,6006
2025-10-06T22:00:00,3984.4,3999.0,3980.6,3986.6,19877
2025-10-06T23:00:00,3986.6,3995.2,3984.6,3992.2,10601
2025-10-07T00:00:00,3992.4,4000.1,3984.4,3986.3,22088
2025-10-07T01:00:00,3986.2,3987.0,3978.7,3980.6,17853
2025-10-07T02:00:00,3980.7,3990.0,3979.7,3987.7,10908
2025-10-07T03:00:00,3987.6,3997.0,3983.2,3995.2,13799
2025-10-07T04:00:00,3995.4,3999.3,3993.4,3998.0,8334
2025-10-07T05:00:00,3997.8,3998.8,3982.4,3987.1,19100
2025-10-07T06:00:00,3987.3,3988.5,3976.6,3977.9,14847
2025-10-07T07:00:00,3978.0,3979.4,3964.3,3968.9,30939
2025-10-07T08:00:00,3968.4,3977.0,3963.5,3974.0,16709
2025-10-07T09:00:00,3974.1,3986.5,3973.9,3977.6,14471
2025-10-07T10:00:00,3977.6,3985.9,3976.2,3983.2,9714
2025-10-07T11:00:00,3983.2,3992.1,3979.2,3989.8,12747
2025-10-07T12:00:00,3989.5,4003.3,3986.7,4002.8,30269
2025-10-07T13:00:00,4002.5,4008.9,3993.4,4002.4,44538
2025-10-07T14:00:00,4002.3,4010.0,3991.3,4009.1,43084
2025-10-07T15:00:00,4009.2,4014.6,3983.5,3988.9,55233
2025-10-07T16:00:00,3988.9,4002.5,3985.1,3999.7,35488
2025-10-07T17:00:00,3999.9,4011.1,3999.4,4003.9,22484
2025-10-07T18:00:00,4003.8,4006.6,3996.8,4003.8,16681
2025-10-07T19:00:00,4003.6,4006.1,4001.2,4002.7,7478
2025-10-07T20:00:00,4002.7,4009.5,4002.7,4007.6,6279
2025-10-07T22:00:00,4008.1,4013.2,4005.7,4012.3,7596
2025-10-07T23:00:00,4012.4,4018.0,4010.7,4016.3,11605
2025-10-08T00:00:00,4016.1,4020.9,4011.0,4014.4,22371
2025-10-08T01:00:00,4014.3,4023.5,4006.6,4023.4,29322
2025-10-08T02:00:00,4023.2,4034.2,4018.1,4033.8,26704
2025-10-08T03:00:00,4033.8,4038.8,4031.3,4037.0,19964
2025-10-08T04:00:00,4037.2,4049.7,4037.0,4049.2,22565
2025-10-08T05:00:00,4049.0,4059.2,4046.7,4051.7,28121
2025-10-08T06:00:00,4051.9,4055.2,4043.6,4053.6,25425
2025-10-08T07:00:00,4053.8,4061.2,4052.2,4056.5,17630
2025-10-08T08:00:00,4056.4,4063.1,4055.3,4058.3,15326
2025-10-08T09:00:00,4058.3,4071.4,4052.6,4071.1,18794
2025-10-08T10:00:00,4071.1,4071.5,4055.6,4059.1,19324
2025-10-08T11:00:00,4059.1,4060.3,4053.6,4060.1,13869
2025-10-08T12:00:00,4060.1,4068.6,4052.2,4062.3,29232
2025-10-08T13:00:00,4062.1,4071.5,4047.6,4059.9,53319
2025-10-08T14:00:00,4059.7,4070.8,4057.1,4069.5,37900
2025-10-08T15:00:00,4069.7,4072.4,4058.3,4067.1,31671
2025-10-08T16:00:00,4067.4,4081.0,4065.5,4078.6,32752
2025-10-08T17:00:00,4078.6,4080.0,4063.1,4071.7,26158
2025-10-08T18:00:00,4070.5,4074.5,4059.5,4070.6,22767
2025-10-08T19:00:00,4070.6,4076.2,4052.2,4064.3,38924
2025-10-08T20:00:00,4064.2,4066.9,4058.8,4060.3,9461
2025-10-08T22:00:00,4061.9,4065.4,4032.5,4039.8,19093
2025-10-08T23:00:00,4040.0,4041.2,4019.5,4030.1,31862
2025-10-09T00:00:00,4030.2,4047.5,4027.2,4042.1,31129
2025-10-09T01:00:00,4042.3,4057.0,4028.0,4040.2,57953
2025-10-09T02:00:00,4040.2,4041.7,4022.7,4038.3,33107
2025-10-09T03:00:00,4038.4,4048.8,4036.7,4045.9,14943
2025-10-09T04:00:00,4045.8,4059.6,4045.7,4057.7,16038
2025-10-09T05:00:00,4057.5,4062.1,4053.1,4058.3,17046
2025-10-09T06:00:00,4058.4,4059.5,4041.1,4044.8,19666
2025-10-09T07:00:00,4044.9,4053.0,4043.9,4051.2,14137
2025-10-09T08:00:00,4051.1,4060.0,4049.7,4057.7,10601
2025-10-09T09:00:00,4057.9,4061.9,4053.6,4057.3,9405
2025-10-09T10:00:00,4057.4,4064.1,4055.8,4064.1,6702
2025-10-09T11:00:00,4064.0,4066.6,4052.6,4063.9,16242
2025-10-09T12:00:00,4063.7,4073.2,4056.3,4072.7,23795
2025-10-09T13:00:00,4072.8,4077.8,4033.9,4034.5,78439
2025-10-09T14:00:00,4034.4,4046.3,4018.2,4039.5,90079
2025-10-09T15:00:00,4039.5,4044.3,4021.2,4029.7,46422
2025-10-09T16:00:00,4029.7,4037.8,3976.2,3982.3,68664
2025-10-09T17:00:00,3982.3,3987.7,3957.3,3963.5,68937
2025-10-09T18:00:00,3963.2,3981.6,3962.5,3971.3,23117
2025-10-09T19:00:00,3971.5,3996.9,3968.8,3988.5,25907
2025-10-09T20:00:00,3988.3,3994.7,3987.0,3992.1,7292
2025-10-09T22:00:00,3991.9,3996.5,3972.1,3990.9,15633
2025-10-09T23:00:00,3991.0,4007.4,3989.4,4006.8,16087
2025-10-10T00:00:00,4006.6,4009.7,4002.4,4005.1,17112
2025-10-10T01:00:00,4005.3,4007.0,3983.9,3987.8,33633
2025-10-10T02:00:00,3987.9,4002.4,3987.7,3992.7,18776
2025-10-10T03:00:00,3992.6,3993.4,3975.0,3976.9,25988
2025-10-10T04:00:00,3976.8,3980.6,3961.6,3979.9,23765
2025-10-10T05:00:00,3979.7,3991.5,3978.9,3990.2,21332
2025-10-10T06:00:00,3990.0,3991.6,3977.8,3983.3,19197
2025-10-10T07:00:00,3983.2,3988.9,3966.2,3985.0,22053
2025-10-10T08:00:00,3985.0,4006.2,3982.9,4005.0,18526
2025-10-10T09:00:00,4005.0,4020.4,4002.7,4010.1,25484
2025-10-10T10:00:00,4009.9,4015.1,4006.0,4008.1,14712
2025-10-10T11:00:00,4008.1,4014.7,3998.7,4002.3,17147
2025-10-10T12:00:00,4002.5,4010.6,3995.7,4002.1,26703
2025-10-10T13:00:00,4002.0,4015.0,3990.4,3995.8,55022
2025-10-10T14:00:00,3995.8,4009.9,3986.8,4005.8,52925
2025-10-10T15:00:00,4005.8,4038.5,4003.1,4013.3,84169
2025-10-10T16:00:00,4013.3,4014.3,3991.2,3997.2,44354
2025-10-10T17:00:00,3997.4,4008.8,3988.7,4004.8,26845
2025-10-10T18:00:00,4005.0,4024.1,3998.6,4015.1,23602
2025-10-10T19:00:00,4015.0,4038.1,4010.6,4028.3,24538
2025-10-10T20:00:00,4028.1,4039.0,4022.7,4036.2,12779
2025-10-12T22:00:00,4020.0,4061.6,4011.5,4058.8,27779
2025-10-12T23:00:00,4058.8,4078.4,4050.4,4053.3,30074
2025-10-13T00:00:00,4053.2,4079.0,4042.1,4061.7,35251
2025-10-13T01:00:00,4062.0,4074.2,4053.3,4072.0,29180
2025-10-13T02:00:00,4072.0,4074.8,4059.7,4066.1,17116
2025-10-13T03:00:00,4066.4,4074.8,4064.2,4069.8,13212
2025-10-13T04:00:00,4069.8,4076.6,4068.9,4073.9,8700
2025-10-13T05:00:00,4073.7,4096.4,4071.9,4082.7,27212
2025-10-13T06:00:00,4082.9,4092.3,4078.8,4088.7,15301
2025-10-13T07:00:00,4088.6,4096.7,4085.9,4089.5,14004
2025-10-13T08:00:00,4089.6,4098.7,4087.0,4096.9,12878
2025-10-13T09:00:00,4097.0,4099.5,4089.7,4097.2,10454
2025-10-13T10:00:00,4097.2,4104.2,4090.7,4099.7,11921
2025-10-13T11:00:00,4099.4,4103.2,4092.6,4093.1,13199
2025-10-13T12:00:00,4093.3,4105.5,4092.0,4099.4,20955
2025-10-13T13:00:00,4099.6,4115.7,4097.2,4114.0,37548
2025-10-13T14:00:00,4113.6,4124.2,4110.3,4117.7,28306
2025-10-13T15:00:00,4117.6,4127.5,4111.5,4124.7,23668
2025-10-13T16:00:00,4124.8,4137.0,4123.3,4125.2,27746
2025-10-13T17:00:00,4125.5,4135.8,4119.8,4123.6,19311
2025-10-13T18:00:00,4123.6,4127.5,4119.2,4121.8,11608
2025-10-13T19:00:00,4121.7,4129.9,4110.4,4127.2,17154
2025-10-13T20:00:00,4127.3,4132.6,4124.9,4130.2,6395
2025-10-13T22:00:00,4131.0,4135.4,4125.7,4134.1,9870
2025-10-13T23:00:00,4134.1,4150.1,4132.4,4145.9,21202
2025-10-14T00:00:00,4145.7,4148.4,4137.0,4142.3,20137
2025-10-14T01:00:00,4142.2,4168.0,4140.7,4154.1,47234
2025-10-14T02:00:00,4153.9,4167.2,4153.7,4162.5,22598
2025-10-14T03:00:00,4162.3,4178.7,4161.6,4175.6,23698
2025-10-14T04:00:00,4175.6,4182.8,4168.6,4181.0,22864
2025-10-14T05:00:00,4180.9,4191.8,4124.3,4135.3,80763
2025-10-14T06:00:00,4135.3,4147.4,4105.4,4127.2,73183
2025-10-14T07:00:00,4127.0,4143.2,4116.7,4141.9,31346
2025-10-14T08:00:00,4141.6,4160.6,4139.8,4157.7,29509
2025-10-14T09:00:00,4157.8,4159.3,4136.8,4144.0,21593
2025-10-14T10:00:00,4144.1,4161.7,4142.0,4149.8,21872
2025-10-14T11:00:00,4149.6,4156.1,4142.8,4148.7,16300
2025-10-14T12:00:00,4148.7,4153.0,4119.5,4123.0,36040
2025-10-14T13:00:00,4123.0,4145.0,4113.8,4140.8,58612
2025-10-14T14:00:00,4140.5,4154.5,4136.7,4145.4,40944
2025-10-14T15:00:00,4145.5,4159.2,4142.1,4154.6,27026
2025-10-14T16:00:00,4154.5,4172.0,4144.1,4156.3,35987
2025-10-14T17:00:00,4156.2,4169.0,4152.9,4164.2,25264
2025-10-14T18:00:00,4164.1,4168.6,4158.8,4164.5,13882
2025-10-14T19:00:00,4164.5,4167.4,4150.5,4159.2,19893
2025-10-14T20:00:00,4159.2,4163.8,4156.4,4159.4,6032
2025-10-14T22:00:00,4159.6,4180.5,4157.4,4174.6,17944
2025-10-14T23:00:00,4174.8,4185.5,4173.2,4179.6,12687
2025-10-15T00:00:00,4179.5,4188.0,4171.3,4180.4,25349
2025-10-15T01:00:00,4180.3,4206.0,4180.0,4200.8,43942
2025-10-15T02:00:00,4200.9,4203.8,4185.9,4195.4,27064
2025-10-15T03:00:00,4195.4,4210.0,4194.6,4205.9,18516
2025-10-15T04:00:00,4205.9,4206.4,4192.4,4198.9,15158
2025-10-15T05:00:00,4198.8,4211.2,4195.5,4203.8,23222
2025-10-15T06:00:00,4203.9,4218.1,4202.2,4217.1,17880
2025-10-15T07:00:00,4217.0,4228.0,4212.2,4225.8,18752
2025-10-15T08:00:00,4225.7,4235.8,4225.0,4225.6,21340
2025-10-15T09:00:00,4225.7,4229.5,4180.0,4208.9,42917
2025-10-15T10:00:00,4208.8,4223.7,4206.0,4218.8,23123
2025-10-15T11:00:00,4218.6,4219.9,4209.0,4214.5,15198
2025-10-15T12:00:00,4214.5,4218.7,4191.2,4207.1,36329
2025-10-15T13:00:00,4207.2,4214.4,4198.7,4207.6,42291
2025-10-15T14:00:00,4207.7,4227.8,4207.3,4216.3,51761
2025-10-15T15:00:00,4216.2,4221.8,4196.0,4206.6,46000
2025-10-15T16:00:00,4206.9,4216.7,4202.4,4215.6,24513
2025-10-15T17:00:00,4215.4,4216.2,4198.3,4214.3,27473
2025-10-15T18:00:00,4214.4,4222.3,4213.1,4218.9,18230
2025-10-15T19:00:00,4218.8,4229.6,4218.4,4226.0,19219
2025-10-15T20:00:00,4226.1,4228.6,4221.9,4225.0,7988
2025-10-15T22:00:00,4225.0,4230.9,4214.5,4227.5,15402
2025-10-15T23:00:00,4227.5,4230.3,4220.1,4223.2,11971
2025-10-16T00:00:00,4223.1,4241.6,4218.0,4224.6,33009
2025-10-16T01:00:00,4224.7,4246.8,4224.6,4243.9,37002
2025-10-16T02:00:00,4243.6,4253.1,4239.2,4252.8,21313
2025-10-16T03:00:00,4252.5,4255.3,4241.8,4247.7,22271
2025-10-16T04:00:00,4247.7,4253.3,4240.5,4246.7,17836
2025-10-16T05:00:00,4246.6,4247.9,4216.3,4218.6,49593
2025-10-16T06:00:00,4218.3,4241.1,4217.3,4236.7,33589
2025-10-16T07:00:00,4236.8,4248.0,4236.2,4244.6,18202
2025-10-16T08:00:00,4244.6,4250.2,4243.3,4247.6,12934
2025-10-16T09:00:00,4247.7,4257.5,4237.4,4255.0,16957
2025-10-16T10:00:00,4255.1,4262.4,4250.1,4259.2,17223
2025-10-16T11:00:00,4259.2,4264.1,4255.6,4256.3,15073
2025-10-16T12:00:00,4256.2,4266.7,4241.9,4250.5,40299
2025-10-16T13:00:00,4250.6,4274.1,4249.2,4262.5,54723
2025-10-16T14:00:00,4262.5,4283.8,4262.0,4278.5,53014
2025-10-16T15:00:00,4278.7,4292.8,4276.1,4289.5,37252
2025-10-16T16:00:00,4289.6,4308.2,4275.8,4296.8,82738
2025-10-16T17:00:00,4297.0,4314.6,4294.5,4309.4,46686
2025-10-16T18:00:00,4309.5,4310.5,4287.6,4305.8,39986
2025-10-16T19:00:00,4305.7,4328.7,4302.5,4321.6,30536
2025-10-16T20:00:00,4321.8,4346.9,4321.4,4344.3,25597
2025-10-16T22:00:00,4347.0,4392.0,4341.9,4360.0,67031
2025-10-16T23:00:00,4360.1,4391.9,4354.6,4378.9,47730
2025-10-17T00:00:00,4378.6,4383.5,4365.5,4369.7,45887
2025-10-17T01:00:00,4369.6,4374.8,4290.9,4326.2,121090
2025-10-17T02:00:00,4326.4,4361.6,4324.4,4355.3,52654
2025-10-17T03:00:00,4355.4,4378.9,4351.3,4378.9,29690
2025-10-17T04:00:00,4379.0,4389.3,4367.3,4388.2,33274
2025-10-17T05:00:00,4388.2,4390.5,4352.8,4378.3,36889
2025-10-17T06:00:00,4378.6,4382.7,4358.9,4372.5,31420
2025-10-17T07:00:00,4372.2,4374.2,4321.0,4354.6,57457
2025-10-17T08:00:00,4354.6,4362.8,4332.6,4360.6,37811
2025-10-17T09:00:00,4360.2,4361.5,4345.2,4353.3,17728
2025-10-17T10:00:00,4353.4,4355.9,4332.2,4339.6,24198
2025-10-17T11:00:00,4339.5,4349.1,4297.9,4298.7,54046
2025-10-17T12:00:00,4298.7,4332.4,4294.5,4326.8,59637
2025-10-17T13:00:00,4327.0,4330.0,4268.2,4286.7,99393
2025-10-17T14:00:00,4286.4,4287.4,4225.0,4262.2,137942
2025-10-17T15:00:00,4262.3,4273.5,4244.1,4251.5,52864
2025-10-17T16:00:00,4251.5,4258.9,4212.0,4216.7,74375
2025-10-17T17:00:00,4216.9,4241.1,4196.7,4233.8,67386
2025-10-17T18:00:00,4234.3,4258.2,4230.8,4249.5,36166
2025-10-17T19:00:00,4249.6,4252.1,4225.9,4240.9,37142
2025-10-17T20:00:00,4241.1,4268.3,4234.2,4267.1,20742
2025-10-19T22:00:00,4268.6,4289.7,4252.7,4269.2,32147
2025-10-19T23:00:00,4269.4,4270.0,4244.0,4249.5,24434
2025-10-20T00:00:00,4249.4,4262.0,4228.9,4261.0,42272
2025-10-20T01:00:00,4260.7,4280.8,4240.5,4274.1,47376
2025-10-20T02:00:00,4274.2,4283.4,4264.2,4267.1,23076
2025-10-20T03:00:00,4266.9,4278.4,4261.1,4277.7,23079
2025-10-20T04:00:00,4278.0,4281.6,4273.0,4279.6,13065
2025-10-20T05:00:00,4279.4,4279.8,4251.8,4252.2,31238
2025-10-20T06:00:00,4252.2,4258.5,4234.1,4249.3,37533
2025-10-20T07:00:00,4249.1,4274.8,4247.4,4269.2,23429
2025-10-20T08:00:00,4269.1,4280.6,4266.5,4273.3,17405
2025-10-20T09:00:00,4273.4,4278.3,4263.9,4275.4,13889
2025-10-20T10:00:00,4275.2,4275.6,4259.5,4269.8,19716
2025-10-20T11:00:00,4269.5,4295.3,4265.5,4294.8,20272
2025-10-20T12:00:00,4294.5,4344.7,4287.7,4340.8,65873
2025-10-20T13:00:00,4340.9,4342.8,4315.5,4317.1,62591
2025-10-20T14:00:00,4316.8,4351.8,4308.2,4348.7,62638
2025-10-20T15:00:00,4348.8,4372.3,4348.7,4365.9,45141
2025-10-20T16:00:00,4366.2,4367.7,4359.0,4365.4,19817
2025-10-20T17:00:00,4365.4,4369.1,4354.3,4365.7,26664
2025-10-20T18:00:00,4365.7,4382.3,4362.0,4376.3,23553
2025-10-20T19:00:00,4376.2,4398.0,4375.9,4394.4,25209
2025-10-20T20:00:00,4394.3,4396.7,4363.9,4374.3,33159
2025-10-20T22:00:00,4372.6,4393.5,4370.3,4385.3,28474
2025-10-20T23:00:00,4385.4,4389.7,4373.4,4377.6,17003
2025-10-21T00:00:00,4377.6,4388.0,4372.1,4386.1,27432
2025-10-21T01:00:00,4385.8,4389.9,4348.8,4368.0,55391
2025-10-21T02:00:00,4367.8,4372.6,4351.1,4354.9,33334
2025-10-21T03:00:00,4354.8,4367.4,4353.9,4362.5,17355
2025-10-21T04:00:00,4362.7,4362.8,4352.7,4358.6,10761
2025-10-21T05:00:00,4358.3,4360.8,4333.5,4339.6,33229
2025-10-21T06:00:00,4339.4,4359.7,4333.0,4358.5,27056
2025-10-21T07:00:00,4358.5,4358.8,4308.7,4312.8,55402
2025-10-21T08:00:00,4312.7,4316.3,4257.3,4287.6,79606
2025-10-21T09:00:00,4287.3,4291.5,4267.9,4278.7,31342
2025-10-21T10:00:00,4278.8,4280.8,4262.3,4268.2,26302
2025-10-21T11:00:00,4268.1,4286.8,4258.4,4266.7,28681
2025-10-21T12:00:00,4266.7,4270.8,4217.8,4223.4,78757
2025-10-21T13:00:00,4223.5,4239.0,4179.1,4185.6,126540
2025-10-21T14:00:00,4186.0,4202.0,4092.3,4152.1,188983
2025-10-21T15:00:00,4152.0,4164.1,4131.0,4150.5,92316
2025-10-21T16:00:00,4150.6,4156.8,4112.5,4125.1,67636
2025-10-21T17:00:00,4125.1,4133.6,4105.3,4124.0,57565
2025-10-21T18:00:00,4123.9,4139.5,4118.7,4128.0,29949
2025-10-21T19:00:00,4128.1,4135.8,4112.6,4124.4,34300
2025-10-21T20:00:00,4124.4,4145.4,4121.3,4138.5,17489
2025-10-21T22:00:00,4138.0,4146.6,4126.2,4136.4,19342
2025-10-21T23:00:00,4136.2,4140.5,4103.0,4106.4,27502
2025-10-22T00:00:00,4106.3,4107.6,4021.0,4089.0,127436
2025-10-22T01:00:00,4089.0,4134.1,4077.2,4100.5,73050
2025-10-22T02:00:00,4100.9,4131.9,4100.3,4128.7,32637
2025-10-22T03:00:00,4128.8,4157.5,4120.6,4142.7,34748
2025-10-22T04:00:00,4142.7,4148.0,4121.8,4142.0,25428
2025-10-22T05:00:00,4142.3,4160.9,4140.1,4148.6,22747
2025-10-22T06:00:00,4148.7,4174.6,4141.4,4169.1,25852
2025-10-22T07:00:00,4169.2,4169.7,4141.6,4146.5,35823
2025-10-22T08:00:00,4146.2,4149.2,4076.5,4083.6,83706
2025-10-22T09:00:00,4083.9,4116.0,4075.8,4084.0,50293
2025-10-22T10:00:00,4084.0,4106.2,4037.2,4049.4,55145
2025-10-22T11:00:00,4049.7,4060.9,4029.1,4042.5,67743
2025-10-22T12:00:00,4042.7,4070.0,4038.0,4049.1,54283
2025-10-22T13:00:00,4049.4,4101.0,4048.8,4090.8,86749
2025-10-22T14:00:00,4090.7,4093.5,4025.2,4030.6,88894
2025-10-22T15:00:00,4030.8,4064.3,4030.5,4053.2,63230
2025-10-22T16:00:00,4053.2,4080.9,4038.2,4075.5,53934
2025-10-22T17:00:00,4075.1,4087.7,4058.7,4086.3,39214
2025-10-22T18:00:00,4086.5,4098.8,4082.6,4094.1,24487
2025-10-22T19:00:00,4094.2,4131.5,4093.6,4120.2,43705
2025-10-22T20:00:00,4120.1,4125.7,4106.1,4116.6,15562
2025-10-22T22:00:00,4115.8,4133.7,4108.4,4118.8,22719
2025-10-22T23:00:00,4119.2,4121.6,4095.9,4104.4,21930
2025-10-23T00:00:00,4104.2,4114.6,4081.1,4097.9,34853
2025-10-23T01:00:00,4098.3,4109.0,4086.8,4088.9,34952
2025-10-23T02:00:00,4088.8,4100.9,4087.4,4098.2,19539
2025-10-23T03:00:00,4098.3,4116.3,4092.7,4106.6,19080
2025-10-23T04:00:00,4106.4,4108.0,4094.3,4104.8,14109
2025-10-23T05:00:00,4104.6,4125.2,4099.0,4124.9,19814
2025-10-23T06:00:00,4124.5,4152.5,4124.5,4127.9,48205
2025-10-23T07:00:00,4127.8,4136.3,4106.4,4109.5,32552
2025-10-23T08:00:00,4109.7,4134.2,4109.7,4131.5,25431
2025-10-23T09:00:00,4131.5,4140.7,4126.3,4139.7,19950
2025-10-23T10:00:00,4139.6,4140.3,4114.6,4123.1,24014
2025-10-23T11:00:00,4123.0,4135.5,4121.5,4123.7,21938
2025-10-23T12:00:00,4123.5,4144.6,4113.6,4142.4,37764
2025-10-23T13:00:00,4142.3,4167.7,4141.0,4161.1,70777
2025-10-23T14:00:00,4161.1,4171.5,4150.5,4164.6,54845
2025-10-23T15:00:00,4164.8,4168.4,4152.7,4158.6,28644
2025-10-23T16:00:00,4158.6,4165.4,4141.5,4149.3,32619
2025-10-23T17:00:00,4149.2,4156.4,4140.6,4154.1,28349
2025-10-23T18:00:00,4154.2,4160.0,4149.2,4152.3,18750
2025-10-23T19:00:00,4152.3,4154.6,4132.3,4134.7,25684
2025-10-23T20:00:00,4134.7,4143.8,4123.4,4143.0,18448
2025-10-23T22:00:00,4143.2,4149.4,4127.4,4132.1,16006
2025-10-23T23:00:00,4132.3,4138.8,4121.0,4137.1,18040
2025-10-24T00:00:00,4137.2,4149.2,4133.4,4147.9,24689
2025-10-24T01:00:00,4147.9,4159.0,4126.0,4133.4,49298
2025-10-24T02:00:00,4133.2,4133.5,4123.0,4123.6,28605
2025-10-24T03:00:00,4123.6,4137.4,4122.0,4135.8,20331
2025-10-24T04:00:00,4135.9,4137.1,4111.5,4124.8,23544
2025-10-24T05:00:00,4124.8,4131.6,4116.5,4118.3,19060
2025-10-24T06:00:00,4118.5,4119.0,4096.1,4107.6,46698
2025-10-24T07:00:00,4107.5,4112.2,4083.3,4088.3,29741
2025-10-24T08:00:00,4088.6,4092.3,4060.9,4078.8,50684
2025-10-24T09:00:00,4078.7,4087.7,4068.3,4075.1,21012
2025-10-24T10:00:00,4075.0,4085.5,4066.3,4068.4,18119
2025-10-24T11:00:00,4068.3,4079.5,4056.1,4075.6,23113
2025-10-24T12:00:00,4075.7,4109.5,4073.4,4095.9,46617
2025-10-24T13:00:00,4096.2,4137.7,4092.9,4123.0,83318
2025-10-24T14:00:00,4121.4,4151.0,4117.4,4133.0,63868
2025-10-24T15:00:00,4133.0,4148.2,4128.4,4146.1,36431
2025-10-24T16:00:00,4146.6,4155.6,4138.1,4146.1,30328
2025-10-24T17:00:00,4146.2,4151.3,4121.3,4123.5,32509
2025-10-24T18:00:00,4123.6,4130.1,4117.0,4126.7,28998
2025-10-24T19:00:00,4126.7,4133.7,4117.5,4119.8,23355
2025-10-24T20:00:00,4119.9,4128.6,4111.3,4126.4,13257
2025-10-26T22:00:00,4107.7,4124.0,4075.0,4096.5,37514
2025-10-26T23:00:00,4096.4,4103.4,4075.4,4078.7,26927
2025-10-27T00:00:00,4078.6,4098.2,4071.8,4095.5,28740
2025-10-27T01:00:00,4095.2,4112.3,4088.8,4094.6,35283
2025-10-27T02:00:00,4094.6,4095.1,4083.0,4084.8,25248
2025-10-27T03:00:00,4084.8,4095.0,4078.5,4081.9,19770
2025-10-27T04:00:00,4081.9,4084.7,4065.5,4081.5,26911
2025-10-27T05:00:00,4081.5,4098.3,4081.3,4093.4,19416
2025-10-27T06:00:00,4093.5,4098.5,4087.4,4091.8,16672
2025-10-27T07:00:00,4092.0,4093.8,4077.2,4081.9,16621
2025-10-27T08:00:00,4081.5,4083.6,4035.0,4055.6,38168
2025-10-27T09:00:00,4055.6,4064.0,4042.6,4053.2,35966
2025-10-27T10:00:00,4053.1,4061.5,4042.1,4050.9,21361
2025-10-27T11:00:00,4050.9,4055.0,4028.1,4038.1,36902
2025-10-27T12:00:00,4037.9,4060.8,4035.7,4060.2,34832
2025-10-27T13:00:00,4060.4,4065.5,4026.9,4036.1,69596
2025-10-27T14:00:00,4035.9,4037.8,3995.0,4002.2,109425
2025-10-27T15:00:00,4002.2,4008.1,3986.0,4004.7,62441
2025-10-27T16:00:00,4004.7,4015.6,3998.4,4014.3,35558
2025-10-27T17:00:00,4014.5,4024.4,4005.4,4021.6,33852
2025-10-27T18:00:00,4021.7,4025.8,4012.2,4014.4,23939
2025-10-27T19:00:00,4014.1,4020.5,4000.6,4006.2,29381
2025-10-27T20:00:00,4006.1,4016.1,3994.4,3997.5,17511
2025-10-27T22:00:00,3998.5,4012.1,3994.3,4004.4,13835
2025-10-27T23:00:00,4004.3,4019.1,3997.0,4012.6,19521
2025-10-28T00:00:00,4012.7,4024.5,3986.7,4021.6,35860
2025-10-28T01:00:00,4021.7,4034.1,4016.4,4024.3,34858
2025-10-28T02:00:00,4024.4,4027.3,3995.1,3998.5,31235
2025-10-28T03:00:00,3998.2,4008.8,3997.4,4007.0,18923
2025-10-28T04:00:00,4007.0,4008.4,3978.0,3988.1,33164
2025-10-28T05:00:00,3988.3,3994.9,3973.0,3980.6,27345
2025-10-28T06:00:00,3980.8,3983.2,3953.5,3958.3,33067
2025-10-28T07:00:00,3958.1,3964.4,3937.0,3947.5,37861
2025-10-28T08:00:00,3947.6,3951.0,3911.0,3912.0,48857
2025-10-28T09:00:00,3911.9,3925.7,3901.4,3918.8,43168
2025-10-28T10:00:00,3918.9,3945.7,3913.6,3940.9,35033
2025-10-28T11:00:00,3941.0,3944.5,3925.4,3936.9,30921
2025-10-28T12:00:00,3937.0,3944.3,3919.5,3927.3,34995
2025-10-28T13:00:00,3927.3,3955.7,3926.4,3954.0,68748
2025-10-28T14:00:00,3953.1,3968.7,3949.4,3964.8,54798
2025-10-28T15:00:00,3964.5,3983.9,3961.8,3978.8,39277
2025-10-28T16:00:00,3978.9,3979.8,3965.5,3973.7,44216
2025-10-28T17:00:00,3973.5,3986.0,3968.7,3976.7,33497
2025-10-28T18:00:00,3976.4,3978.4,3959.1,3971.5,27843
2025-10-28T19:00:00,3971.7,3978.4,3965.1,3975.8,22298
2025-10-28T20:00:00,3975.5,3976.6,3964.5,3967.5,11973
2025-10-28T22:00:00,3967.6,3976.8,3930.7,3949.0,24598
2025-10-28T23:00:00,3948.8,3982.3,3948.7,3979.3,17985
2025-10-29T00:00:00,3979.1,3995.7,3973.5,3988.9,31783
2025-10-29T01:00:00,3989.0,3993.8,3979.3,3987.3,27408
2025-10-29T02:00:00,3987.3,3988.2,3957.5,3975.0,30434
2025-10-29T03:00:00,3975.0,3986.0,3971.7,3977.2,19009
2025-10-29T04:00:00,3977.2,3978.8,3963.9,3965.6,18366
2025-10-29T05:00:00,3965.8,3979.8,3963.9,3975.9,20222
2025-10-29T06:00:00,3976.0,3998.8,3973.0,3992.3,20238
2025-10-29T07:00:00,3992.0,4015.2,3988.7,4014.7,28674
2025-10-29T08:00:00,4014.7,4031.7,4013.4,4029.5,29566
2025-10-29T09:00:00,4029.4,4042.8,4026.0,4037.2,26015
2025-10-29T10:00:00,4037.4,4043.7,4029.9,4037.0,23280
2025-10-29T11:00:00,4037.3,4042.2,4026.7,4030.3,23825
2025-10-29T12:00:00,4030.7,4046.8,4027.2,4038.7,26005
2025-10-29T13:00:00,4038.6,4039.0,4016.7,4027.0,54721
2025-10-29T14:00:00,4027.1,4037.0,4020.6,4021.9,42931
2025-10-29T15:00:00,4021.9,4026.5,4003.4,4007.5,41604
2025-10-29T16:00:00,4007.7,4016.3,4005.9,4007.2,23606
2025-10-29T17:00:00,4007.3,4012.2,3999.2,4008.6,22775
2025-10-29T18:00:00,4008.5,4021.8,3954.7,3982.4,94221
2025-10-29T19:00:00,3982.4,3993.4,3940.1,3958.9,67164
2025-10-29T20:00:00,3958.8,3967.9,3940.6,3941.6,25522
2025-10-29T22:00:00,3943.0,3960.4,3924.6,3952.7,24207
2025-10-29T23:00:00,3953.1,3965.4,3951.2,3964.1,15140
2025-10-30T00:00:00,3963.9,3977.0,3948.8,3961.7,28304
2025-10-30T01:00:00,3961.7,3977.6,3956.7,3960.3,34014
2025-10-30T02:00:00,3960.4,3960.9,3934.5,3934.6,34948
2025-10-30T03:00:00,3934.7,3949.9,3927.8,3949.6,22586
2025-10-30T04:00:00,3949.7,3995.4,3946.7,3985.2,40522
2025-10-30T05:00:00,3985.4,3991.5,3959.3,3976.0,36570
2025-10-30T06:00:00,3976.1,3989.8,3968.0,3989.3,28886
2025-10-30T07:00:00,3989.0,3990.2,3966.8,3972.8,22843
2025-10-30T08:00:00,3972.8,3989.0,3971.2,3988.8,20856
2025-10-30T09:00:00,3988.3,4024.7,3988.0,4010.6,37842
2025-10-30T10:00:00,4010.4,4013.3,3985.3,3995.9,26335
2025-10-30T11:00:00,3995.8,3997.1,3975.1,3985.6,26717
2025-10-30T12:00:00,3985.9,3997.7,3972.1,3972.4,38560
2025-10-30T13:00:00,3972.2,4007.9,3970.5,4007.6,52025
2025-10-30T14:00:00,4007.7,4028.6,3999.7,4009.4,69956
2025-10-30T15:00:00,4009.3,4022.2,4001.5,4015.3,35250
2025-10-30T16:00:00,4015.5,4017.8,4004.5,4014.7,21538
2025-10-30T17:00:00,4014.9,4031.8,4007.8,4017.4,23704
2025-10-30T18:00:00,4017.5,4030.6,4013.1,4028.2,21417
2025-10-30T19:00:00,4028.2,4038.7,4027.2,4035.5,22014
2025-10-30T20:00:00,4035.4,4041.3,4029.2,4038.8,11344
2025-10-30T22:00:00,4038.2,4059.7,4029.2,4051.3,16368
2025-10-30T23:00:00,4051.5,4055.3,4031.4,4048.6,22416
2025-10-31T00:00:00,4048.4,4049.0,4035.5,4036.9,18989
2025-10-31T01:00:00,4037.0,4051.4,4025.5,4031.8,30589
2025-10-31T02:00:00,4031.8,4032.8,4013.8,4023.7,35542
2025-10-31T03:00:00,4023.5,4026.6,4003.5,4009.3,29033
2025-10-31T04:00:00,4009.2,4023.5,4001.8,4018.4,20160
2025-10-31T05:00:00,4018.1,4023.0,4006.1,4016.7,21016
2025-10-31T06:00:00,4016.9,4027.3,4013.8,4025.0,20562
2025-10-31T07:00:00,4024.8,4036.7,4019.1,4032.6,23429
2025-10-31T08:00:00,4032.7,4038.6,4018.0,4021.7,18689
2025-10-31T09:00:00,4021.6,4026.2,4010.0,4020.0,18011
2025-10-31T10:00:00,4020.3,4028.6,4015.1,4018.6,16345
2025-10-31T11:00:00,4018.8,4023.4,4013.0,4022.2,13779
2025-10-31T12:00:00,4022.4,4049.2,4020.6,4035.4,30460
2025-10-31T13:00:00,4035.5,4048.5,4021.9,4028.2,44049
2025-10-31T14:00:00,4028.2,4039.9,4022.6,4032.9,44012
2025-10-31T15:00:00,4032.8,4036.0,4021.4,4025.0,36439
2025-10-31T16:00:00,4025.0,4027.4,3982.5,3992.0,66931
2025-10-31T17:00:00,3991.9,4015.0,3991.4,4009.0,33237
2025-10-31T18:00:00,4009.2,4021.6,4006.3,4011.9,23120
2025-10-31T19:00:00,4011.7,4018.2,4003.3,4012.8,21659
2025-10-31T20:00:00,4012.7,4019.0,4007.5,4013.3,9028
2025-11-02T23:00:00,4001.2,4009.7,3987.7,3989.9,23309
2025-11-03T00:00:00,3989.7,3998.3,3971.7,3980.8,27137
2025-11-03T01:00:00,3980.8,4011.7,3974.7,4005.8,33269
2025-11-03T02:00:00,4005.7,4016.8,4000.0,4014.4,22336
2025-11-03T03:00:00,4014.6,4025.3,4012.7,4021.3,17897
2025-11-03T04:00:00,4021.3,4024.6,4011.9,4013.5,14996
2025-11-03T05:00:00,4013.4,4029.0,4007.0,4024.4,17787
2025-11-03T06:00:00,4024.6,4029.9,4020.7,4028.4,11054
2025-11-03T07:00:00,4028.2,4036.8,4023.2,4035.9,18100
2025-11-03T08:00:00,4036.1,4038.9,4021.4,4030.1,18519
2025-11-03T09:00:00,4030.2,4036.9,4003.4,4011.4,28602
2025-11-03T10:00:00,4011.6,4016.0,4005.2,4010.1,17195
2025-11-03T11:00:00,4010.2,4020.8,4006.0,4019.8,14064
2025-11-03T12:00:00,4019.8,4025.3,4013.2,4025.0,14804
2025-11-03T13:00:00,4025.2,4032.5,4021.8,4028.0,29775
2025-11-03T14:00:00,4028.1,4038.5,4012.4,4034.1,43476
2025-11-03T15:00:00,4034.7,4043.4,4014.2,4019.3,57972
2025-11-03T16:00:00,4019.3,4024.6,4006.2,4019.9,36509
2025-11-03T17:00:00,4020.0,4024.4,4015.0,4018.1,17682
2025-11-03T18:00:00,4018.1,4021.9,4011.5,4018.3,15890
2025-11-03T19:00:00,4018.4,4020.2,4007.0,4016.4,17147
2025-11-03T20:00:00,4016.4,4027.5,4016.4,4022.7,13093
2025-11-03T21:00:00,4022.5,4022.7,4012.1,4013.4,6701
2025-11-03T23:00:00,4013.8,4017.9,3990.0,4008.4,14750
2025-11-04T00:00:00,4008.3,4010.4,3987.5,3996.0,22441
2025-11-04T01:00:00,3996.2,4004.4,3988.6,3996.3,22685
2025-11-04T02:00:00,3996.5,3996.7,3984.4,3996.3,27460
2025-11-04T03:00:00,3996.5,4009.1,3991.5,4003.7,19886
2025-11-04T04:00:00,4003.6,4004.4,3992.9,3995.2,14503
2025-11-04T05:00:00,3994.8,3996.4,3981.0,3982.2,20402
2025-11-04T06:00:00,3982.2,3996.9,3975.1,3993.6,23253
2025-11-04T07:00:00,3993.7,4007.2,3990.7,4003.9,18555
2025-11-04T08:00:00,4004.2,4012.0,4000.7,4006.5,17490
2025-11-04T09:00:00,4006.5,4010.3,4000.1,4001.3,13082
2025-11-04T10:00:00,4000.9,4008.2,3995.5,4003.9,13258
2025-11-04T11:00:00,4004.1,4010.7,4001.5,4005.7,8451
2025-11-04T12:00:00,4005.7,4008.1,3992.8,3994.6,16407
2025-11-04T13:00:00,3994.5,4006.7,3982.1,3985.4,34126
2025-11-04T14:00:00,3985.7,3987.5,3936.9,3966.2,80683
2025-11-04T15:00:00,3966.2,3978.0,3950.5,3966.4,46657
2025-11-04T16:00:00,3966.8,3986.2,3966.3,3979.1,27252
2025-11-04T17:00:00,3979.3,3982.0,3962.4,3965.3,18808
2025-11-04T18:00:00,3965.2,3967.2,3941.6,3947.1,25416
2025-11-04T19:00:00,3947.3,3953.8,3943.9,3947.1,15579
2025-11-04T20:00:00,3947.0,3951.9,3940.9,3948.7,14658
2025-11-04T21:00:00,3948.8,3949.2,3939.5,3941.2,6971
2025-11-04T23:00:00,3941.5,3949.3,3938.3,3942.9,12720
2025-11-05T00:00:00,3942.7,3951.2,3935.4,3948.4,20700
2025-11-05T01:00:00,3948.4,3958.2,3942.5,3945.1,25651
2025-11-05T02:00:00,3945.2,3959.7,3943.6,3957.2,17326
2025-11-05T03:00:00,3957.1,3973.8,3955.8,3969.2,16489
2025-11-05T04:00:00,3969.3,3982.3,3968.1,3978.6,14914
2025-11-05T05:00:00,3978.5,3987.4,3970.7,3973.4,18190
2025-11-05T06:00:00,3973.7,3982.6,3970.3,3975.1,14743
2025-11-05T07:00:00,3975.0,3984.6,3971.5,3982.0,11557
2025-11-05T08:00:00,3982.1,3997.0,3982.0,3989.9,16880
2025-11-05T09:00:00,3989.8,3991.2,3973.6,3982.1,14578
2025-11-05T10:00:00,3982.0,3982.0,3964.8,3973.4,16607
2025-11-05T11:00:00,3973.5,3978.1,3966.5,3975.7,12079
2025-11-05T12:00:00,3975.5,3979.3,3970.8,3979.3,9349
2025-11-05T13:00:00,3979.4,3989.5,3974.1,3985.6,24357
2025-11-05T14:00:00,3985.8,3995.6,3979.2,3983.2,33810
2025-11-05T15:00:00,3982.6,3994.5,3973.3,3987.9,37967
2025-11-05T16:00:00,3988.1,4000.7,3984.1,3997.2,22247
2025-11-05T17:00:00,3996.8,3999.8,3988.2,3991.4,14639
2025-11-05T18:00:00,3991.7,3996.0,3988.2,3992.0,11167
2025-11-05T19:00:00,3992.0,3998.9,3988.6,3997.8,9609
2025-11-05T20:00:00,3997.9,4000.4,3991.8,3994.9,9520
2025-11-05T21:00:00,3995.0,3995.9,3988.2,3990.4,5285
2025-11-05T23:00:00,3991.9,3992.2,3975.9,3983.0,14033
2025-11-06T00:00:00,3983.0,3984.7,3978.2,3984.7,10955
2025-11-06T01:00:00,3984.7,3986.1,3973.1,3984.6,17968
2025-11-06T02:00:00,3984.7,3994.0,3982.2,3991.8,16742
2025-11-06T03:00:00,3991.7,3998.7,3987.5,3995.8,14605
2025-11-06T04:00:00,3995.6,3998.4,3992.4,3997.2,8303
2025-11-06T05:00:00,3997.0,4000.0,3994.2,3996.7,10309
2025-11-06T06:00:00,3996.7,4002.8,3990.8,4000.8,13350
2025-11-06T07:00:00,4000.7,4019.4,4000.2,4015.1,21844
2025-11-06T08:00:00,4014.8,4026.2,4013.8,4024.2,16239
2025-11-06T09:00:00,4024.3,4024.5,4018.1,4020.4,7813
2025-11-06T10:00:00,4020.4,4020.5,4013.6,4017.7,10044
2025-11-06T11:00:00,4017.6,4028.5,4016.1,4027.1,12643
2025-11-06T12:00:00,4027.3,4028.9,4012.1,4014.4,14804
2025-11-06T13:00:00,4014.5,4025.5,4012.7,4021.0,18045
2025-11-06T14:00:00,4021.1,4022.8,3996.9,4001.7,44509
2025-11-06T15:00:00,4001.6,4002.3,3983.6,3988.2,49487
2025-11-06T16:00:00,3988.3,3994.8,3984.2,3989.4,24571
2025-11-06T17:00:00,3989.3,3996.5,3973.2,3994.3,31114
2025-11-06T18:00:00,3994.6,3999.2,3988.2,3995.7,17565
2025-11-06T19:00:00,3995.8,4003.7,3990.7,3993.2,12598
2025-11-06T20:00:00,3993.3,3995.2,3987.3,3988.8,9248
2025-11-06T21:00:00,3988.9,3990.7,3984.3,3984.7,5749
2025-11-06T23:00:00,3986.0,3997.0,3981.5,3996.3,8240
2025-11-07T00:00:00,3996.0,4002.0,3991.6,3996.0,10066
2025-11-07T01:00:00,3995.9,4010.6,3994.7,4009.1,16311
2025-11-07T02:00:00,4009.0,4011.2,3998.8,4002.5,15435
2025-11-07T03:00:00,4002.4,4003.8,3995.3,3997.8,11381
2025-11-07T04:00:00,3997.6,4006.0,3992.8,4005.7,11222
2025-11-07T05:00:00,4005.9,4006.3,3998.8,4002.4,9828
2025-11-07T06:00:00,4002.4,4016.2,3999.6,4014.3,12797
2025-11-07T07:00:00,4014.4,4017.5,4010.2,4015.3,9681
2025-11-07T08:00:00,4015.4,4018.9,4011.1,4017.9,9491
2025-11-07T09:00:00,4017.9,4022.4,4011.7,4014.4,10372
2025-11-07T10:00:00,4014.4,4017.2,4010.3,4015.8,7675
2025-11-07T11:00:00,4015.8,4019.9,4001.2,4011.2,15538
2025-11-07T12:00:00,4010.9,4016.9,3998.7,4003.2,16329
2025-11-07T13:00:00,4003.5,4009.4,3998.9,4004.7,17412
2025-11-07T14:00:00,4004.7,4015.0,3991.5,4000.4,36561
2025-11-07T15:00:00,4001.2,4006.7,3991.1,3998.0,28275
2025-11-07T16:00:00,3998.2,4035.8,3997.1,4015.7,47993
2025-11-07T17:00:00,4015.8,4018.1,3999.3,4012.6,32601
2025-11-07T18:00:00,4012.6,4016.3,4006.6,4012.6,17127
2025-11-07T19:00:00,4012.8,4016.5,4008.8,4014.3,10528
2025-11-07T20:00:00,4014.1,4014.6,4002.4,4012.0,12716
2025-11-07T21:00:00,4011.8,4013.1,4006.3,4007.7,5034
2025-11-09T23:00:00,4007.4,4020.3,4004.9,4019.9,15306
2025-11-10T00:00:00,4019.9,4032.0,4019.0,4028.4,18428
2025-11-10T01:00:00,4028.0,4062.0,4026.8,4052.7,43194
2025-11-10T02:00:00,4052.8,4057.9,4046.3,4056.9,22131
2025-11-10T03:00:00,4056.7,4061.7,4053.0,4058.7,14074
2025-11-10T04:00:00,4058.6,4065.9,4058.5,4062.7,13570
2025-11-10T05:00:00,4062.7,4078.2,4058.6,4077.5,19996
2025-11-10T06:00:00,4077.7,4087.3,4074.8,4083.6,20353
2025-11-10T07:00:00,4083.6,4087.8,4080.4,4083.3,13361
2025-11-10T08:00:00,4083.3,4093.7,4083.0,4090.5,17547
2025-11-10T09:00:00,4090.2,4095.2,4079.5,4084.9,18138
2025-11-10T10:00:00,4084.9,4092.3,4084.1,4089.2,8952
2025-11-10T11:00:00,4089.4,4094.2,4084.0,4093.9,8275
2025-11-10T12:00:00,4094.2,4108.7,4093.0,4106.0,21170
2025-11-10T13:00:00,4106.1,4115.0,4098.0,4099.9,32065
2025-11-10T14:00:00,4099.8,4102.5,4082.5,4091.4,45281
2025-11-10T15:00:00,4091.4,4102.2,4084.7,4091.4,38869
2025-11-10T16:00:00,4091.3,4104.2,4089.1,4103.0,21800
2025-11-10T17:00:00,4103.2,4110.8,4101.3,4110.4,16119
2025-11-10T18:00:00,4110.6,4123.9,4109.3,4117.6,24419
2025-11-10T19:00:00,4117.9,4123.3,4115.3,4120.9,12913
2025-11-10T20:00:00,4120.8,4122.4,4113.8,4118.8,13249
2025-11-10T21:00:00,4118.9,4124.2,4117.6,4123.0,5992
2025-11-10T23:00:00,4125.0,4129.7,4121.6,4126.7,12062
2025-11-11T00:00:00,4126.8,4139.9,4123.1,4137.1,16923
2025-11-11T01:00:00,4137.3,4147.4,4133.7,4142.2,30258
2025-11-11T02:00:00,4142.3,4145.5,4135.2,4143.7,19036
2025-11-11T03:00:00,4143.7,4153.8,4142.8,4152.5,17489
2025-11-11T04:00:00,4152.6,4154.9,4147.6,4149.1,12063
2025-11-11T05:00:00,4149.2,4150.7,4131.3,4137.3,23468
2025-11-11T06:00:00,4137.2,4144.0,4133.2,4135.9,15064
2025-11-11T07:00:00,4136.0,4139.6,4131.0,4136.2,12375
2025-11-11T08:00:00,4135.9,4144.8,4134.7,4142.3,12437
2025-11-11T09:00:00,4142.4,4152.5,4141.1,4148.1,11854
2025-11-11T10:00:00,4148.1,4150.6,4142.7,4148.2,10177
2025-11-11T11:00:00,4148.2,4151.2,4145.5,4149.4,8179
2025-11-11T12:00:00,4149.9,4150.7,4139.3,4140.8,11115
2025-11-11T13:00:00,4140.8,4153.4,4140.0,4149.3,18659
2025-11-11T14:00:00,4149.4,4150.0,4125.8,4131.1,44243
2025-11-11T15:00:00,4131.0,4132.2,4102.8,4112.4,57812
2025-11-11T16:00:00,4112.5,4121.9,4110.5,4119.0,24288
2025-11-11T17:00:00,4118.8,4123.7,4116.0,4120.1,13377
2025-11-11T18:00:00,4120.2,4122.0,4112.3,4119.6,13957
2025-11-11T19:00:00,4119.9,4131.7,4117.8,4128.6,12583
2025-11-11T20:00:00,4128.4,4138.5,4127.9,4135.7,13548
2025-11-11T21:00:00,4135.6,4137.7,4131.6,4133.1,6248
2025-11-11T23:00:00,4133.3,4151.0,4132.5,4148.6,15550
2025-11-12T00:00:00,4148.6,4151.6,4137.7,4138.9,19267
2025-11-12T01:00:00,4139.0,4143.3,4131.7,4137.4,27562
2025-11-12T02:00:00,4137.3,4141.9,4124.4,4130.2,22251
2025-11-12T03:00:00,4130.1,4131.4,4117.5,4117.9,18500
2025-11-12T04:00:00,4117.7,4119.1,4109.6,4116.3,23007
2025-11-12T05:00:00,4116.5,4116.9,4104.4,4110.2,19374
2025-11-12T06:00:00,4110.3,4124.2,4108.9,4123.9,21159
2025-11-12T07:00:00,4123.8,4130.9,4118.4,4122.3,17529
2025-11-12T08:00:00,4122.6,4138.1,4117.3,4136.8,18910
2025-11-12T09:00:00,4136.7,4139.4,4126.3,4130.5,14006
2025-11-12T10:00:00,4130.4,4135.3,4123.3,4133.4,12417
2025-11-12T11:00:00,4133.5,4137.1,4128.6,4131.5,9276
2025-11-12T12:00:00,4131.2,4146.2,4130.2,4136.4,17543
2025-11-12T13:00:00,4136.5,4139.0,4128.1,4132.9,22238
2025-11-12T14:00:00,4133.0,4146.8,4130.7,4142.9,34336
2025-11-12T15:00:00,4142.8,4192.4,4140.6,4188.0,71392
2025-11-12T16:00:00,4187.8,4204.6,4186.4,4203.2,42258
2025-11-12T17:00:00,4203.1,4212.4,4198.4,4205.7,30983
2025-11-12T18:00:00,4205.9,4218.5,4196.9,4213.3,25860
2025-11-12T19:00:00,4213.3,4216.5,4197.6,4203.4,21821
2025-11-12T20:00:00,4203.2,4205.6,4195.8,4201.2,14595
2025-11-12T21:00:00,4201.1,4207.9,4196.3,4201.5,8027
2025-11-12T23:00:00,4203.0,4210.0,4190.4,4195.3,18077
2025-11-13T00:00:00,4195.2,4212.3,4189.0,4209.3,22736
2025-11-13T01:00:00,4209.2,4212.9,4183.0,4196.9,32873
2025-11-13T02:00:00,4196.9,4200.9,4188.1,4194.3,22815
2025-11-13T03:00:00,4194.1,4217.3,4194.1,4216.8,25712
2025-11-13T04:00:00,4216.7,4224.0,4207.8,4213.6,23874
2025-11-13T05:00:00,4213.4,4221.6,4211.0,4216.0,19494
2025-11-13T06:00:00,4215.8,4216.3,4206.8,4214.5,16071
2025-11-13T07:00:00,4214.6,4225.2,4212.4,4224.7,13713
2025-11-13T08:00:00,4224.6,4244.2,4223.4,4237.4,24580
2025-11-13T09:00:00,4237.5,4245.0,4229.8,4238.1,16731
2025-11-13T10:00:00,4238.1,4245.4,4226.6,4230.5,17227
2025-11-13T11:00:00,4230.8,4237.1,4224.0,4235.1,16364
2025-11-13T12:00:00,4234.6,4250.0,4234.2,4247.4,15565
2025-11-13T13:00:00,4247.2,4248.7,4224.4,4236.6,35439
2025-11-13T14:00:00,4236.8,4237.4,4188.6,4199.9,70367
2025-11-13T15:00:00,4199.7,4209.6,4190.2,4206.7,45662
2025-11-13T16:00:00,4206.7,4215.9,4199.9,4210.9,32711
2025-11-13T17:00:00,4210.9,4212.9,4197.4,4206.3,23516
2025-11-13T18:00:00,4206.4,4208.1,4148.4,4161.7,48610
2025-11-13T19:00:00,4161.5,4174.6,4149.4,4168.1,26111
2025-11-13T20:00:00,4167.7,4174.9,4164.1,4168.0,14092
2025-11-13T21:00:00,4168.0,4185.4,4165.0,4174.5,10005
2025-11-13T23:00:00,4174.9,4189.7,4172.6,4188.7,12086
2025-11-14T00:00:00,4188.9,4192.8,4180.8,4186.7,15358
2025-11-14T01:00:00,4186.7,4196.8,4176.1,4193.1,27957
2025-11-14T02:00:00,4193.0,4213.2,4191.2,4209.8,22375
2025-11-14T03:00:00,4209.6,4215.1,4204.3,4207.5,15460
2025-11-14T04:00:00,4207.5,4209.4,4199.5,4206.3,12002
2025-11-14T05:00:00,4206.4,4206.7,4186.5,4193.0,24316
2025-11-14T06:00:00,4192.9,4196.3,4171.8,4177.6,23526
2025-11-14T07:00:00,4177.6,4186.1,4162.3,4184.3,25239
2025-11-14T08:00:00,4184.1,4190.5,4172.7,4178.9,20425
2025-11-14T09:00:00,4178.7,4183.6,4169.1,4171.5,15568
2025-11-14T10:00:00,4171.7,4174.4,4162.8,4170.7,14071
2025-11-14T11:00:00,4170.9,4172.9,4133.1,4135.5,31699
2025-11-14T12:00:00,4135.1,4143.4,4109.2,4118.0,45123
2025-11-14T13:00:00,4118.1,4121.4,4042.3,4056.5,92581
2025-11-14T14:00:00,4056.6,4085.0,4032.1,4083.8,78658
2025-11-14T15:00:00,4083.5,4098.2,4068.7,4095.4,52632
2025-11-14T16:00:00,4095.6,4113.3,4082.7,4107.3,34382
2025-11-14T17:00:00,4107.4,4112.8,4095.0,4101.5,28867
2025-11-14T18:00:00,4101.6,4105.9,4082.4,4100.1,29956
2025-11-14T19:00:00,4100.0,4102.1,4089.4,4091.8,15088
2025-11-14T20:00:00,4092.1,4094.3,4077.3,4088.7,19404
2025-11-14T21:00:00,4088.6,4088.8,4078.8,4084.2,9846
2025-11-16T23:00:00,4084.2,4108.0,4061.9,4097.2,23126
2025-11-17T00:00:00,4097.6,4099.6,4081.0,4084.3,21264
2025-11-17T01:00:00,4084.1,4103.5,4083.7,4092.4,22688
2025-11-17T02:00:00,4092.4,4095.2,4081.4,4082.9,19106
2025-11-17T03:00:00,4082.7,4086.9,4070.6,4084.1,21931
2025-11-17T04:00:00,4084.1,4089.1,4077.7,4079.8,11592
2025-11-17T05:00:00,4079.8,4079.9,4051.2,4060.2,26645
2025-11-17T06:00:00,4060.1,4072.5,4055.4,4066.6,19430
2025-11-17T07:00:00,4066.1,4090.0,4065.6,4088.6,16301
2025-11-17T08:00:00,4088.7,4096.9,4073.0,4078.7,21297
2025-11-17T09:00:00,4078.5,4089.9,4073.4,4083.6,13641
2025-11-17T10:00:00,4083.3,4091.1,4069.6,4072.0,14662
2025-11-17T11:00:00,4072.0,4087.5,4062.2,4079.9,19767
2025-11-17T12:00:00,4080.0,4087.2,4075.7,4078.4,11766
2025-11-17T13:00:00,4078.4,4093.7,4060.0,4066.3,28813
2025-11-17T14:00:00,4066.1,4083.7,4060.9,4077.8,31024
2025-11-17T15:00:00,4077.8,4079.1,4061.4,4065.4,30785
2025-11-17T16:00:00,4065.3,4074.7,4053.2,4071.1,27718
2025-11-17T17:00:00,4071.3,4082.4,4070.5,4074.6,15928
2025-11-17T18:00:00,4074.7,4077.1,4063.5,4063.9,13558
2025-11-17T19:00:00,4063.8,4066.7,4010.4,4011.3,44266
2025-11-17T20:00:00,4011.2,4044.5,4006.7,4041.2,30110
2025-11-17T21:00:00,4041.1,4046.8,4038.9,4045.5,7783
2025-11-17T23:00:00,4045.4,4056.1,4028.0,4036.8,18841
2025-11-18T00:00:00,4036.8,4041.1,4026.8,4039.7,16625
2025-11-18T01:00:00,4039.8,4044.7,4021.6,4024.4,19174
2025-11-18T02:00:00,4024.3,4035.9,4015.7,4018.3,19619
2025-11-18T03:00:00,4018.1,4026.0,4008.2,4012.5,22879
2025-11-18T04:00:00,4012.3,4017.6,4002.6,4010.0,19921
2025-11-18T05:00:00,4010.1,4024.6,4007.5,4018.7,16025
2025-11-18T06:00:00,4018.7,4020.3,4007.0,4008.3,13880
2025-11-18T07:00:00,4008.5,4017.5,3997.4,4013.4,22858
2025-11-18T08:00:00,4013.6,4042.6,4010.2,4036.3,23360
2025-11-18T09:00:00,4036.0,4047.1,4029.5,4039.8,14937
2025-11-18T10:00:00,4039.5,4050.2,4036.8,4043.9,13562
2025-11-18T11:00:00,4043.5,4049.8,4036.3,4038.8,10555
2025-11-18T12:00:00,4039.0,4044.9,4028.2,4031.7,17422
2025-11-18T13:00:00,4031.9,4071.0,4030.4,4065.3,34468
2025-11-18T14:00:00,4065.5,4082.5,4057.8,4065.1,43851
2025-11-18T15:00:00,4065.7,4072.9,4048.7,4053.3,42661
2025-11-18T16:00:00,4052.9,4069.8,4040.0,4067.5,34323
2025-11-18T17:00:00,4067.3,4076.3,4059.2,4072.1,17521
2025-11-18T18:00:00,4072.0,4075.5,4063.4,4073.1,13457
2025-11-18T19:00:00,4073.4,4083.7,4073.1,4082.1,14304
2025-11-18T20:00:00,4082.3,4083.7,4067.3,4069.7,11267
2025-11-18T21:00:00,4069.9,4072.6,4064.9,4067.6,4495
2025-11-18T23:00:00,4067.6,4077.7,4065.4,4076.3,9277
2025-11-19T00:00:00,4076.2,4078.0,4067.1,4068.9,11930
2025-11-19T01:00:00,4068.9,4070.7,4056.5,4059.5,17243
2025-11-19T02:00:00,4059.6,4081.4,4056.2,4075.6,18772
2025-11-19T03:00:00,4075.4,4079.3,4065.8,4066.6,14138
2025-11-19T04:00:00,4066.7,4077.1,4064.2,4075.1,9500
2025-11-19T05:00:00,4075.0,4098.5,4074.0,4096.5,21774
2025-11-19T06:00:00,4096.5,4100.0,4089.9,4091.7,12933
2025-11-19T07:00:00,4091.4,4097.9,4084.9,4087.2,12640
2025-11-19T08:00:00,4087.2,4089.5,4078.1,4083.6,14574
2025-11-19T09:00:00,4083.8,4117.2,4081.2,4114.3,20139
2025-11-19T10:00:00,4114.3,4120.0,4107.4,4109.8,16295
2025-11-19T11:00:00,4110.0,4118.6,4107.1,4113.7,12071
2025-11-19T12:00:00,4113.6,4120.9,4112.8,4115.1,11092
2025-11-19T13:00:00,4115.0,4118.8,4101.0,4111.7,28299
2025-11-19T14:00:00,4111.7,4130.6,4102.4,4129.3,35138
2025-11-19T15:00:00,4129.1,4134.3,4090.4,4097.3,47615
2025-11-19T16:00:00,4097.1,4099.3,4068.2,4075.3,44237
2025-11-19T17:00:00,4075.0,4082.0,4055.6,4079.7,35829
2025-11-19T18:00:00,4079.5,4092.4,4076.3,4087.5,21539
2025-11-19T19:00:00,4087.5,4088.2,4069.1,4073.8,20767
2025-11-19T20:00:00,4073.7,4082.7,4072.1,4076.4,11371
2025-11-19T21:00:00,4076.5,4085.5,4065.4,4078.1,8660
2025-11-19T23:00:00,4078.8,4108.0,4076.5,4104.2,17217
2025-11-20T00:00:00,4104.0,4109.8,4099.0,4101.8,13226
2025-11-20T01:00:00,4101.7,4107.9,4080.8,4081.5,22812
2025-11-20T02:00:00,4081.1,4081.8,4035.0,4065.5,46152
2025-11-20T03:00:00,4065.3,4083.8,4061.7,4070.6,24597
2025-11-20T04:00:00,4070.5,4079.2,4066.4,4074.1,12151
2025-11-20T05:00:00,4074.1,4074.5,4063.4,4065.0,14402
2025-11-20T06:00:00,4064.9,4076.7,4057.6,4067.0,17433
2025-11-20T07:00:00,4066.8,4075.3,4052.6,4058.8,18517
2025-11-20T08:00:00,4058.6,4068.6,4037.5,4062.6,29073
2025-11-20T09:00:00,4062.5,4071.6,4054.2,4062.5,18735
2025-11-20T10:00:00,4062.8,4066.7,4056.6,4058.5,9728
2025-11-20T11:00:00,4058.4,4066.9,4049.7,4059.6,13960
2025-11-20T12:00:00,4059.6,4081.7,4059.0,4081.4,17170
2025-11-20T13:00:00,4081.3,4096.4,4066.1,4079.8,48044
2025-11-20T14:00:00,4080.0,4106.9,4071.6,4092.9,43740
2025-11-20T15:00:00,4092.6,4098.4,4068.7,4069.2,39984
2025-11-20T16:00:00,4069.2,4082.4,4043.4,4047.6,40012
2025-11-20T17:00:00,4047.3,4067.4,4042.7,4065.0,30446
2025-11-20T18:00:00,4064.7,4071.7,4055.5,4059.9,19347
2025-11-20T19:00:00,4059.9,4087.2,4058.5,4084.2,20155
2025-11-20T20:00:00,4084.2,4084.9,4072.7,4077.7,14000
2025-11-20T21:00:00,4077.7,4080.4,4074.0,4076.9,4302
2025-11-20T23:00:00,4075.0,4089.3,4071.7,4079.7,13204
2025-11-21T00:00:00,4079.5,4081.2,4070.5,4073.6,9667
2025-11-21T01:00:00,4073.5,4074.0,4060.1,4067.5,15331
2025-11-21T02:00:00,4067.7,4079.1,4054.4,4055.7,17624
2025-11-21T03:00:00,4055.3,4058.1,4048.1,4054.4,16554
2025-11-21T04:00:00,4054.2,4060.6,4045.4,4050.4,12001
2025-11-21T05:00:00,4050.6,4057.3,4037.3,4056.1,18402
2025-11-21T06:00:00,4056.2,4063.4,4026.1,4030.3,24748
2025-11-21T07:00:00,4030.4,4037.0,4021.0,4028.9,20163
2025-11-21T08:00:00,4028.6,4045.3,4019.0,4037.9,21374
2025-11-21T09:00:00,4037.6,4060.5,4037.0,4047.9,18089
2025-11-21T10:00:00,4047.5,4050.0,4028.9,4034.2,21608
2025-11-21T11:00:00,4034.3,4044.1,4028.0,4034.1,11663
2025-11-21T12:00:00,4034.1,4070.5,4032.4,4064.2,27491
2025-11-21T13:00:00,4064.5,4080.2,4057.2,4078.3,25320
2025-11-21T14:00:00,4078.2,4083.0,4060.0,4070.4,32798
2025-11-21T15:00:00,4070.0,4076.1,4053.2,4068.6,35939
2025-11-21T16:00:00,4068.5,4100.6,4061.7,4099.9,31712
2025-11-21T17:00:00,4099.6,4101.1,4078.7,4085.0,23225
2025-11-21T18:00:00,4084.8,4087.6,4075.5,4081.8,16508
2025-11-21T19:00:00,4082.0,4091.9,4081.8,4087.2,10764
2025-11-21T20:00:00,4086.9,4088.2,4053.5,4064.5,23081
2025-11-21T21:00:00,4064.6,4066.2,4052.2,4062.8,8076
2025-11-23T23:00:00,4101.0,4110.7,4098.9,4108.0,2034
2025-11-24T00:00:00,4108.1,4109.1,4091.2,4100.8,1355
2025-11-24T01:00:00,4101.6,4106.9,4075.7,4077.2,2049
2025-11-24T02:00:00,4077.2,4084.7,4073.8,4076.8,1663
2025-11-24T03:00:00,4077.0,4091.0,4076.9,4083.1,1397
2025-11-24T04:00:00,4084.4,4094.6,4074.7,4076.3,1266
2025-11-24T05:00:00,4077.3,4082.0,4072.3,4079.2,1218
2025-11-24T06:00:00,4078.8,4090.8,4078.0,4085.8,1204
2025-11-24T07:00:00,4086.0,4100.7,4084.1,4093.0,2146
2025-11-24T08:00:00,4093.1,4099.9,4092.7,4096.3,3185
2025-11-24T09:00:00,4096.1,4107.5,4096.0,4104.3,1454
2025-11-24T10:00:00,4104.6,4109.9,4096.4,4097.2,1440
2025-11-24T11:00:00,4097.3,4104.4,4096.3,4102.9,535
2025-11-24T12:00:00,4102.3,4117.9,4098.8,4114.4,2099
2025-11-24T13:00:00,4113.2,4120.1,4107.0,4111.9,2242
2025-11-24T14:00:00,4111.4,4121.0,4102.6,4116.7,3242
2025-11-24T15:00:00,4115.9,4129.0,4115.7,4126.4,3109
2025-11-24T16:00:00,4127.0,4134.0,4124.5,4132.7,2419
2025-11-24T17:00:00,4133.8,4136.5,4124.2,4128.5,1833
2025-11-24T18:00:00,4128.4,4162.5,4123.2,4155.9,3585
2025-11-24T19:00:00,4156.0,4159.7,4149.5,4154.3,2251
2025-11-24T20:00:00,4154.1,4169.4,4153.4,4167.1,2201
2025-11-24T21:00:00,4167.2,4175.2,4165.0,4170.0,1457
2025-11-24T23:00:00,4170.5,4179.3,4160.3,4178.5,11518
2025-11-25T00:00:00,4178.6,4179.6,4161.5,4163.2,10542
2025-11-25T01:00:00,4163.5,4173.8,4157.2,4168.8,18453
2025-11-25T02:00:00,4168.7,4189.1,4166.9,4184.2,17572
2025-11-25T03:00:00,4184.0,4184.3,4173.0,4176.8,12175
2025-11-25T04:00:00,4176.8,4182.6,4173.4,4175.3,8645
2025-11-25T05:00:00,4175.3,4186.1,4175.3,4185.1,9595
2025-11-25T06:00:00,4184.9,4186.4,4173.0,4175.1,12423
2025-11-25T07:00:00,4175.3,4179.7,4162.8,4165.9,18341
2025-11-25T08:00:00,4166.0,4173.2,4142.8,4149.7,22522
2025-11-25T09:00:00,4149.9,4165.0,4147.7,4162.0,16523
2025-11-25T10:00:00,4161.9,4173.0,4160.8,4165.4,13530
2025-11-25T11:00:00,4165.4,4171.8,4161.1,4167.3,10746
2025-11-25T12:00:00,4167.6,4173.1,4149.1,4164.1,24051
2025-11-25T13:00:00,4164.0,4185.6,4163.2,4182.0,29934
2025-11-25T14:00:00,4181.9,4182.9,4143.9,4158.4,49013
2025-11-25T15:00:00,4159.4,4167.8,4151.1,4156.5,33595
2025-11-25T16:00:00,4156.2,4175.5,4155.2,4169.8,17257
2025-11-25T17:00:00,4169.8,4194.3,4169.5,4180.3,32025
2025-11-25T18:00:00,4180.4,4185.6,4165.2,4168.7,14543
2025-11-25T19:00:00,4168.5,4174.7,4162.6,4168.7,11348
2025-11-25T20:00:00,4168.9,4173.6,4165.0,4166.4,8812
2025-11-25T21:00:00,4166.7,4166.9,4161.6,4165.1,3882
2025-11-25T23:00:00,4166.7,4172.2,4163.7,4167.6,6350
2025-11-26T00:00:00,4167.8,4179.0,4166.5,4177.3,10226
2025-11-26T01:00:00,4177.6,4187.6,4173.1,4183.0,12362
2025-11-26T02:00:00,4183.0,4202.0,4181.7,4196.9,21664
2025-11-26T03:00:00,4196.9,4205.0,4195.3,4201.3,11698
2025-11-26T04:00:00,4201.3,4202.2,4191.8,4197.2,10663
2025-11-26T05:00:00,4197.5,4204.0,4195.0,4197.2,10407
2025-11-26T06:00:00,4197.0,4197.6,4181.3,4185.2,15393
2025-11-26T07:00:00,4185.2,4195.9,4183.9,4191.9,11356
2025-11-26T08:00:00,4191.9,4203.1,4189.0,4195.3,16129
2025-11-26T09:00:00,4195.1,4198.7,4190.8,4197.0,9100
2025-11-26T10:00:00,4197.1,4199.4,4190.6,4194.7,9600
2025-11-26T11:00:00,4195.0,4208.6,4192.2,4206.6,14651
2025-11-26T12:00:00,4206.8,4208.9,4183.0,4190.3,21332
2025-11-26T13:00:00,4190.1,4201.4,4183.4,4188.2,22898
2025-11-26T14:00:00,4188.1,4192.0,4174.0,4176.6,33564
2025-11-26T15:00:00,4176.5,4200.7,4170.7,4200.2,38184
2025-11-26T16:00:00,4200.5,4203.0,4194.8,4201.6,19206
2025-11-26T17:00:00,4201.6,4204.8,4199.2,4201.9,12753
2025-11-26T18:00:00,4201.8,4207.0,4191.9,4198.8,17856
2025-11-26T19:00:00,4198.8,4204.0,4195.9,4197.0,10119
2025-11-26T20:00:00,4196.8,4201.4,4194.6,4196.9,9044
2025-11-26T21:00:00,4197.0,4200.9,4195.3,4196.3,4764
2025-11-26T23:00:00,4198.0,4200.7,4193.8,4196.4,5175
2025-11-27T00:00:00,4196.4,4199.4,4194.1,4197.2,4691
2025-11-27T01:00:00,4196.8,4197.9,4181.5,4187.6,16096
2025-11-27T02:00:00,4187.8,4189.5,4176.7,4177.6,10960
2025-11-27T03:00:00,4177.5,4182.9,4176.5,4179.6,7331
2025-11-27T04:00:00,4179.4,4186.9,4174.6,4182.8,9681
2025-11-27T05:00:00,4182.7,4186.6,4177.0,4179.7,6691
2025-11-27T06:00:00,4179.7,4191.6,4179.5,4189.7,9343
2025-11-27T07:00:00,4189.7,4195.3,4187.6,4193.2,8797
2025-11-27T08:00:00,4193.4,4199.7,4192.5,4197.9,7888
2025-11-27T09:00:00,4197.5,4198.0,4180.5,4190.5,14624
2025-11-27T10:00:00,4190.6,4192.6,4184.3,4188.8,6609
2025-11-27T11:00:00,4188.6,4194.9,4188.0,4189.6,5435
2025-11-27T12:00:00,4189.8,4191.8,4186.0,4186.4,4256
2025-11-27T13:00:00,4186.5,4190.8,4181.6,4187.1,10462
2025-11-27T14:00:00,4187.1,4193.3,4185.0,4185.6,9224
2025-11-27T15:00:00,4185.6,4193.8,4185.2,4190.2,6359
2025-11-27T16:00:00,4190.3,4191.0,4183.4,4188.3,7202
2025-11-27T17:00:00,4188.5,4191.7,4187.0,4190.0,3270
2025-11-27T18:00:00,4190.4,4192.2,4188.0,4191.8,1546
2025-11-27T19:00:00,4191.4,4192.9,4189.9,4189.9,1235
2025-11-27T23:00:00,4190.1,4196.4,4189.5,4195.9,4171
2025-11-28T00:00:00,4195.6,4218.1,4195.4,4213.7,15866
2025-11-28T01:00:00,4213.9,4229.1,4213.5,4224.5,14443
2025-11-28T02:00:00,4224.7,4226.6,4216.2,4220.7,4804
2025-11-30T23:00:00,4258.6,4268.5,4241.0,4257.3,23103
2025-12-01T00:00:00,4257.4,4269.8,4253.5,4266.9,18771
2025-12-01T01:00:00,4266.7,4291.4,4255.0,4290.4,31331
2025-12-01T02:00:00,4290.7,4292.4,4269.2,4277.6,25140
2025-12-01T03:00:00,4277.6,4279.0,4267.0,4274.1,17300
2025-12-01T04:00:00,4274.1,4282.0,4270.8,4280.4,8891
2025-12-01T05:00:00,4280.6,4281.3,4248.7,4263.6,33440
2025-12-01T06:00:00,4263.3,4273.7,4259.1,4270.1,14268
2025-12-01T07:00:00,4270.1,4280.0,4264.0,4278.8,13589
2025-12-01T08:00:00,4278.8,4288.7,4272.6,4279.0,15772
2025-12-01T09:00:00,4279.3,4287.2,4277.8,4284.5,11397
2025-12-01T10:00:00,4284.5,4297.9,4283.4,4290.9,16339
2025-12-01T11:00:00,4291.0,4294.0,4283.3,4290.0,9607
2025-12-01T12:00:00,4289.8,4292.2,4278.6,4280.9,13699
2025-12-01T13:00:00,4280.6,4299.5,4279.8,4281.7,23954
2025-12-01T14:00:00,4281.8,4283.7,4252.8,4273.8,43253
2025-12-01T15:00:00,4274.4,4279.9,4252.3,4265.3,39155
2025-12-01T16:00:00,4265.3,4275.4,4257.6,4259.0,29529
2025-12-01T17:00:00,4259.0,4273.4,4255.9,4265.5,17065
2025-12-01T18:00:00,4265.4,4278.8,4265.4,4274.6,14029
2025-12-01T19:00:00,4274.4,4278.1,4262.9,4270.9,11583
2025-12-01T20:00:00,4270.9,4276.0,4268.2,4270.9,10007
2025-12-01T21:00:00,4271.1,4274.5,4263.7,4264.8,5084
2025-12-01T23:00:00,4265.1,4269.2,4257.2,4260.6,8546
2025-12-02T00:00:00,4260.7,4262.8,4254.5,4259.4,10259
2025-12-02T01:00:00,4259.5,4260.2,4216.0,4251.2,36447
2025-12-02T02:00:00,4250.9,4255.8,4245.3,4253.1,13501
2025-12-02T03:00:00,4252.9,4257.4,4246.7,4247.7,10948
2025-12-02T04:00:00,4247.7,4251.8,4244.2,4249.7,7351
2025-12-02T05:00:00,4249.6,4256.8,4246.5,4256.4,8530
2025-12-02T06:00:00,4256.3,4258.2,4234.7,4243.9,18172
2025-12-02T07:00:00,4244.1,4251.2,4240.6,4244.4,10193
2025-12-02T08:00:00,4244.7,4248.8,4238.0,4241.5,9935
2025-12-02T09:00:00,4241.2,4244.4,4211.0,4223.3,26369
2025-12-02T10:00:00,4223.2,4223.6,4212.9,4216.5,12579
2025-12-02T11:00:00,4216.3,4236.5,4215.4,4235.7,13696
2025-12-02T12:00:00,4235.9,4240.5,4231.8,4239.8,11964
2025-12-02T13:00:00,4239.9,4246.6,4232.5,4243.2,19736
2025-12-02T14:00:00,4243.1,4262.4,4242.9,4251.1,40140
2025-12-02T15:00:00,4251.0,4252.0,4193.5,4200.9,62124
2025-12-02T16:00:00,4200.8,4220.9,4197.7,4215.6,32789
2025-12-02T17:00:00,4215.6,4228.0,4215.2,4224.7,16489
2025-12-02T18:00:00,4224.6,4227.9,4214.0,4222.2,14536
2025-12-02T19:00:00,4222.3,4231.9,4222.3,4227.4,12914
2025-12-02T20:00:00,4227.5,4244.0,4225.7,4241.6,13009
2025-12-02T21:00:00,4241.6,4243.4,4237.0,4238.5,4354
2025-12-02T23:00:00,4239.0,4247.8,4234.1,4244.2,10138
2025-12-03T00:00:00,4244.3,4244.4,4235.8,4243.0,10591
2025-12-03T01:00:00,4243.2,4252.6,4242.8,4245.3,16350
2025-12-03T02:00:00,4245.3,4260.0,4245.0,4258.3,14886
2025-12-03T03:00:00,4258.2,4259.0,4251.0,4252.5,8990
2025-12-03T04:00:00,4252.5,4256.3,4248.4,4253.4,7712
2025-12-03T05:00:00,4253.2,4254.6,4233.7,4238.6,17880
2025-12-03T06:00:00,4238.6,4243.3,4235.2,4238.8,11033
2025-12-03T07:00:00,4239.1,4241.0,4231.0,4236.3,12433
2025-12-03T08:00:00,4236.5,4241.3,4233.6,4236.5,8590
2025-12-03T09:00:00,4237.5,4238.1,4227.3,4232.9,9084
2025-12-03T10:00:00,4233.0,4235.9,4225.0,4230.9,9487
2025-12-03T11:00:00,4231.0,4239.7,4227.2,4239.1,8808
2025-12-03T12:00:00,4239.1,4245.0,4235.2,4244.5,9817
2025-12-03T13:00:00,4244.6,4270.3,4242.1,4268.5,27074
2025-12-03T14:00:00,4268.5,4273.3,4236.4,4245.0,55722
2025-12-03T15:00:00,4244.2,4261.5,4237.6,4247.5,32436
2025-12-03T16:00:00,4247.7,4257.0,4226.4,4231.6,26580
2025-12-03T17:00:00,4231.6,4246.9,4231.0,4243.0,16734
2025-12-03T18:00:00,4243.0,4243.5,4226.0,4228.3,16549
2025-12-03T19:00:00,4228.4,4241.8,4228.0,4239.1,9914
2025-12-03T20:00:00,4239.2,4244.5,4234.8,4237.3,7248
2025-12-03T21:00:00,4237.4,4241.5,4233.9,4234.9,4063
2025-12-03T23:00:00,4234.6,4238.9,4232.4,4236.9,5361
2025-12-04T00:00:00,4236.9,4245.8,4234.2,4241.3,9596
2025-12-04T01:00:00,4241.2,4247.0,4235.5,4238.5,14906
2025-12-04T02:00:00,4238.4,4238.4,4227.7,4229.7,14468
2025-12-04T03:00:00,4229.6,4231.0,4216.1,4224.4,17563
2025-12-04T04:00:00,4224.3,4227.9,4221.4,4225.6,6184
2025-12-04T05:00:00,4225.4,4227.7,4203.4,4210.4,21369
2025-12-04T06:00:00,4210.6,4219.5,4207.7,4219.0,14468
2025-12-04T07:00:00,4219.1,4224.0,4215.4,4222.7,9951
2025-12-04T08:00:00,4222.5,4225.8,4213.5,4213.8,11229
2025-12-04T09:00:00,4213.5,4231.8,4212.1,4229.5,11165
2025-12-04T10:00:00,4229.6,4232.4,4226.3,4227.3,6693
2025-12-04T11:00:00,4227.1,4236.5,4226.7,4228.4,8844
2025-12-04T12:00:00,4228.2,4231.5,4217.9,4220.0,11184
2025-12-04T13:00:00,4219.9,4228.4,4214.5,4228.2,20508
2025-12-04T14:00:00,4228.0,4243.9,4223.0,4231.1,39201
2025-12-04T15:00:00,4231.0,4240.7,4220.4,4237.7,28916
2025-12-04T16:00:00,4237.8,4250.7,4236.6,4246.1,25279
2025-12-04T17:00:00,4246.1,4248.2,4239.0,4246.8,11065
2025-12-04T18:00:00,4246.8,4247.8,4237.7,4238.6,9938
2025-12-04T19:00:00,4238.5,4240.8,4229.9,4239.7,12200
2025-12-04T20:00:00,4239.6,4240.7,4235.8,4239.9,5336
2025-12-04T21:00:00,4240.1,4240.9,4237.7,4238.0,2735
2025-12-04T23:00:00,4238.0,4240.3,4233.8,4235.9,5350
2025-12-05T00:00:00,4236.0,4240.7,4231.0,4231.6,7858
2025-12-05T01:00:00,4231.8,4234.8,4224.4,4232.8,14438
2025-12-05T02:00:00,4232.8,4237.9,4226.0,4236.7,12314
2025-12-05T03:00:00,4237.2,4240.3,4231.2,4238.8,9048
2025-12-05T04:00:00,4238.6,4247.0,4237.1,4246.2,8819
2025-12-05T05:00:00,4246.2,4252.7,4243.6,4250.5,11690
2025-12-05T06:00:00,4250.7,4259.5,4248.8,4254.6,13948
2025-12-05T07:00:00,4254.9,4261.3,4252.4,4254.6,8269
2025-12-05T08:00:00,4254.6,4257.1,4250.5,4250.6,6334
2025-12-05T09:00:00,4250.5,4255.3,4245.7,4253.6,8888
2025-12-05T10:00:00,4253.4,4257.9,4252.5,4252.8,4552
2025-12-05T11:00:00,4252.9,4255.7,4250.0,4253.6,5035
2025-12-05T12:00:00,4253.7,4260.0,4252.9,4258.9,9073
2025-12-05T13:00:00,4259.0,4269.5,4251.4,4264.9,26226
2025-12-05T14:00:00,4264.9,4277.0,4258.3,4272.5,29950
2025-12-05T15:00:00,4272.5,4290.6,4264.1,4274.9,43860
2025-12-05T16:00:00,4275.0,4277.0,4227.6,4244.0,61630
2025-12-05T17:00:00,4244.0,4250.9,4236.1,4248.5,18007
2025-12-05T18:00:00,4248.3,4250.4,4236.9,4239.0,12050
2025-12-05T19:00:00,4239.2,4241.1,4232.0,4237.4,11666
2025-12-05T20:00:00,4237.5,4237.6,4229.0,4231.4,10281
2025-12-05T21:00:00,4231.4,4231.9,4221.4,4227.1,7092
2025-12-07T23:00:00,4228.5,4235.2,4225.2,4230.6,11252
2025-12-08T00:00:00,4230.9,4241.2,4228.2,4240.2,9361
2025-12-08T01:00:00,4240.2,4241.3,4226.0,4229.6,18223
2025-12-08T02:00:00,4229.7,4241.2,4227.0,4237.0,11747
2025-12-08T03:00:00,4237.0,4241.9,4235.2,4238.7,8462
2025-12-08T04:00:00,4238.7,4241.9,4235.5,4237.2,5605
2025-12-08T05:00:00,4237.2,4246.7,4233.0,4246.4,10012
2025-12-08T06:00:00,4246.4,4247.9,4241.2,4245.3,7181
2025-12-08T07:00:00,4245.5,4245.7,4234.6,4235.7,8139
2025-12-08T08:00:00,4235.8,4245.9,4231.7,4239.0,11341
2025-12-08T09:00:00,4238.9,4241.9,4232.8,4237.4,7454
2025-12-08T10:00:00,4237.2,4239.9,4230.0,4233.0,6190
2025-12-08T11:00:00,4233.0,4243.4,4228.8,4237.7,9779
2025-12-08T12:00:00,4237.4,4245.2,4237.3,4243.4,6179
2025-12-08T13:00:00,4243.3,4244.5,4226.7,4230.6,19271
2025-12-08T14:00:00,4230.7,4240.9,4223.1,4225.6,33556
2025-12-08T15:00:00,4225.5,4226.0,4204.0,4211.7,46317
2025-12-08T16:00:00,4211.6,4227.1,4205.2,4220.8,24935
2025-12-08T17:00:00,4220.8,4224.8,4214.4,4224.2,11661
2025-12-08T18:00:00,4224.4,4225.0,4213.2,4216.0,10747
2025-12-08T19:00:00,4216.2,4218.3,4213.1,4216.1,6647
2025-12-08T20:00:00,4216.1,4224.9,4213.9,4221.2,8701
2025-12-08T21:00:00,4221.2,4222.8,4217.9,4219.7,3124
2025-12-08T23:00:00,4219.8,4224.4,4218.5,4223.8,4788
2025-12-09T00:00:00,4223.8,4225.0,4219.0,4219.5,5233
2025-12-09T01:00:00,4219.6,4227.0,4217.7,4224.9,9373
2025-12-09T02:00:00,4224.9,4226.2,4214.4,4218.5,11331
2025-12-09T03:00:00,4218.3,4227.5,4218.3,4223.9,9714
2025-12-09T04:00:00,4223.7,4224.6,4213.5,4216.1,7774
2025-12-09T05:00:00,4216.0,4216.5,4206.5,4208.2,10988
2025-12-09T06:00:00,4208.1,4211.9,4197.4,4209.8,16257
2025-12-09T07:00:00,4209.8,4213.6,4203.2,4209.8,9653
2025-12-09T08:00:00,4210.1,4220.2,4210.0,4220.2,10523
2025-12-09T09:00:00,4220.1,4242.0,4219.4,4232.0,21597
2025-12-09T10:00:00,4232.4,4237.5,4230.4,4233.2,7288
2025-12-09T11:00:00,4233.4,4235.8,4230.2,4232.3,4562
2025-12-09T12:00:00,4232.4,4236.8,4227.5,4233.5,7082
2025-12-09T13:00:00,4233.5,4238.0,4223.9,4230.3,17982
2025-12-09T14:00:00,4230.5,4239.9,4218.1,4233.8,35597
2025-12-09T15:00:00,4234.3,4246.0,4218.6,4242.2,40002
2025-12-09T16:00:00,4242.3,4251.5,4239.4,4242.2,29186
2025-12-09T17:00:00,4242.1,4246.0,4230.7,4231.9,15348
2025-12-09T18:00:00,4232.1,4239.0,4230.2,4238.1,9557
2025-12-09T19:00:00,4237.9,4243.2,4235.6,4241.3,8871
2025-12-09T20:00:00,4241.0,4245.0,4238.2,4240.9,6338
2025-12-09T21:00:00,4240.8,4241.7,4235.7,4236.3,3479
2025-12-09T23:00:00,4236.7,4241.2,4235.8,4238.8,4257
2025-12-10T00:00:00,4238.9,4240.5,4235.2,4236.9,5234
2025-12-10T01:00:00,4236.7,4247.0,4235.4,4242.8,12920
2025-12-10T02:00:00,4242.7,4247.8,4240.1,4246.2,7600
2025-12-10T03:00:00,4246.0,4246.3,4232.2,4235.0,11392
2025-12-10T04:00:00,4234.9,4237.9,4233.8,4235.6,4831
2025-12-10T05:00:00,4235.6,4242.7,4230.0,4239.1,9136
2025-12-10T06:00:00,4239.4,4239.9,4231.0,4235.2,7374
2025-12-10T07:00:00,4235.2,4237.3,4231.1,4231.1,5796
2025-12-10T08:00:00,4231.1,4234.8,4224.7,4225.6,10443
2025-12-10T09:00:00,4225.6,4228.5,4220.2,4222.3,8760
2025-12-10T10:00:00,4222.3,4224.7,4215.3,4221.1,9337
2025-12-10T11:00:00,4221.1,4226.0,4220.3,4225.4,5447
2025-12-10T12:00:00,4225.3,4230.3,4223.2,4224.3,7637
2025-12-10T13:00:00,4224.5,4233.2,4220.8,4228.9,15708
2025-12-10T14:00:00,4228.8,4235.4,4219.5,4221.1,25520
2025-12-10T15:00:00,4221.1,4229.9,4216.7,4222.2,21863
2025-12-10T16:00:00,4222.1,4233.7,4220.5,4233.1,12330
2025-12-10T17:00:00,4233.1,4233.2,4224.8,4228.0,8933
2025-12-10T18:00:00,4228.0,4229.0,4219.9,4222.0,7115
2025-12-10T19:00:00,4221.8,4249.0,4208.0,4245.8,63272
2025-12-10T20:00:00,4245.5,4268.9,4240.3,4259.1,35326
2025-12-10T21:00:00,4259.2,4262.4,4251.2,4258.3,8349
2025-12-10T23:00:00,4258.4,4263.9,4253.5,4261.7,7773
2025-12-11T00:00:00,4261.4,4274.6,4260.4,4266.5,14353
2025-12-11T01:00:00,4266.4,4277.7,4262.3,4267.5,19169
2025-12-11T02:00:00,4267.5,4270.6,4248.4,4250.2,18052
2025-12-11T03:00:00,4250.1,4253.2,4236.6,4244.3,18658
2025-12-11T04:00:00,4244.2,4246.3,4235.8,4240.7,9246
2025-12-11T05:00:00,4240.7,4243.6,4233.3,4234.9,9514
2025-12-11T06:00:00,4235.2,4242.4,4231.4,4241.4,9015
2025-12-11T07:00:00,4241.3,4246.0,4237.3,4243.5,6590
2025-12-11T08:00:00,4243.5,4247.4,4240.1,4244.0,6735
2025-12-11T09:00:00,4244.0,4248.7,4237.7,4245.6,7824
2025-12-11T10:00:00,4245.7,4253.8,4239.0,4244.5,10029
2025-12-11T11:00:00,4244.3,4246.8,4236.2,4238.2,6515
2025-12-11T12:00:00,4238.0,4247.9,4235.7,4247.8,9358
2025-12-11T13:00:00,4248.0,4250.9,4232.0,4248.6,23033
2025-12-11T14:00:00,4248.5,4273.3,4245.2,4258.0,43569
2025-12-11T15:00:00,4258.0,4291.4,4254.0,4285.4,47586
2025-12-11T16:00:00,4285.4,4309.5,4278.7,4304.4,36986
2025-12-11T17:00:00,4304.1,4312.2,4302.2,4309.1,23117
2025-12-11T18:00:00,4309.1,4317.0,4296.9,4298.4,20614
2025-12-11T19:00:00,4298.3,4307.1,4292.5,4302.6,18700
2025-12-11T20:00:00,4302.5,4305.1,4293.0,4304.7,13347
2025-12-11T21:00:00,4304.8,4313.5,4301.6,4309.4,6955
2025-12-11T23:00:00,4309.4,4313.0,4302.7,4305.8,9508
2025-12-12T00:00:00,4305.7,4310.0,4298.8,4299.5,8496
2025-12-12T01:00:00,4299.7,4307.0,4295.5,4302.0,15817
2025-12-12T02:00:00,4301.8,4307.7,4300.0,4301.2,9277
2025-12-12T03:00:00,4301.1,4305.5,4299.0,4301.4,6193
2025-12-12T04:00:00,4301.2,4301.7,4297.0,4297.5,3995
2025-12-12T05:00:00,4297.5,4311.3,4296.8,4309.7,8720
2025-12-12T06:00:00,4310.0,4313.9,4306.8,4313.5,8764
2025-12-12T07:00:00,4313.3,4321.1,4311.5,4317.6,12343
2025-12-12T08:00:00,4317.6,4340.9,4317.4,4339.2,17930
2025-12-12T09:00:00,4339.3,4352.4,4337.9,4350.6,20748
2025-12-12T10:00:00,4350.6,4368.0,4347.3,4364.9,19134
2025-12-12T11:00:00,4365.1,4376.5,4361.5,4374.1,19475
2025-12-12T12:00:00,4374.6,4376.8,4360.7,4361.2,16418
2025-12-12T13:00:00,4361.4,4381.3,4356.3,4376.1,31180
2025-12-12T14:00:00,4375.8,4387.5,4363.1,4381.3,39165
2025-12-12T15:00:00,4381.2,4384.3,4313.0,4320.1,91393
2025-12-12T16:00:00,4320.1,4326.5,4286.3,4312.8,72937
2025-12-12T17:00:00,4312.9,4330.0,4301.8,4326.0,32352
2025-12-12T18:00:00,4326.1,4336.1,4322.7,4327.2,20857
2025-12-12T19:00:00,4327.5,4332.4,4321.8,4328.5,10328
2025-12-12T20:00:00,4328.3,4334.7,4319.1,4329.9,14913
2025-12-12T21:00:00,4329.8,4335.3,4328.7,4330.1,4730
2025-12-14T23:00:00,4330.2,4339.3,4324.5,4334.0,11130
2025-12-15T00:00:00,4333.9,4340.0,4331.7,4339.4,8362
2025-12-15T01:00:00,4339.5,4357.8,4337.5,4354.6,17653
2025-12-15T02:00:00,4354.4,4361.6,4353.6,4358.3,10920
2025-12-15T03:00:00,4358.1,4361.9,4351.8,4359.9,10191
2025-12-15T04:00:00,4359.7,4363.2,4356.3,4359.0,7119
2025-12-15T05:00:00,4359.1,4377.9,4357.8,4377.3,12104
2025-12-15T06:00:00,4377.2,4380.3,4372.1,4376.2,9536
2025-12-15T07:00:00,4376.1,4377.9,4366.9,4372.4,10397
2025-12-15T08:00:00,4372.3,4382.8,4372.0,4380.8,7491
2025-12-15T09:00:00,4380.5,4384.2,4375.7,4376.1,8320
2025-12-15T10:00:00,4376.3,4382.6,4372.0,4374.1,8030
2025-12-15T11:00:00,4374.1,4377.8,4369.6,4376.9,6593
2025-12-15T12:00:00,4377.0,4382.5,4376.7,4379.7,6277
2025-12-15T13:00:00,4379.9,4380.7,4364.4,4365.7,21598
2025-12-15T14:00:00,4365.8,4370.4,4348.5,4355.3,40547
2025-12-15T15:00:00,4355.3,4359.6,4342.6,4350.0,38175
2025-12-15T16:00:00,4350.2,4350.5,4315.6,4328.4,42951
2025-12-15T17:00:00,4328.1,4336.4,4321.2,4334.5,16716
2025-12-15T18:00:00,4334.1,4343.3,4329.4,4342.4,11542
2025-12-15T19:00:00,4342.6,4347.2,4336.5,4343.0,11790
2025-12-15T20:00:00,4342.8,4343.3,4327.9,4333.8,10118
2025-12-15T21:00:00,4333.9,4335.0,4329.6,4334.5,3742
2025-12-15T23:00:00,4335.3,4339.3,4332.2,4333.2,5098
2025-12-16T00:00:00,4333.2,4342.0,4331.8,4335.6,7910
2025-12-16T01:00:00,4335.9,4345.3,4326.5,4336.3,15146
2025-12-16T02:00:00,4336.2,4339.9,4313.0,4316.4,15557
2025-12-16T03:00:00,4316.3,4321.4,4307.2,4317.3,18934
2025-12-16T04:00:00,4317.3,4318.6,4313.0,4315.7,4600
2025-12-16T05:00:00,4315.8,4319.1,4297.3,4310.2,15342
2025-12-16T06:00:00,4310.2,4318.3,4308.5,4315.3,7011
2025-12-16T07:00:00,4315.4,4316.1,4305.0,4313.6,8432
2025-12-16T08:00:00,4313.3,4315.4,4300.6,4311.3,9661
2025-12-16T09:00:00,4311.4,4312.7,4303.1,4307.1,5161
2025-12-16T10:00:00,4307.0,4311.5,4301.7,4304.7,8061
2025-12-16T11:00:00,4304.9,4307.6,4301.3,4306.8,4820
2025-12-16T12:00:00,4306.7,4323.5,4304.9,4323.0,12547
2025-12-16T13:00:00,4323.1,4343.0,4319.2,4342.7,27271
2025-12-16T14:00:00,4342.8,4364.0,4340.9,4355.9,39491
2025-12-16T15:00:00,4356.0,4367.7,4344.1,4351.8,37329
2025-12-16T16:00:00,4351.9,4355.5,4322.9,4331.9,31070
2025-12-16T17:00:00,4332.1,4342.2,4330.5,4333.8,15174
2025-12-16T18:00:00,4333.9,4344.2,4328.1,4341.8,13372
2025-12-16T19:00:00,4341.8,4346.2,4326.5,4341.2,15703
2025-12-16T20:00:00,4341.2,4344.8,4332.5,4334.1,8542
2025-12-16T21:00:00,4333.9,4335.1,4329.5,4332.5,3370
2025-12-16T23:00:00,4332.8,4337.8,4330.8,4336.7,5045
2025-12-17T00:00:00,4336.8,4343.6,4336.2,4342.0,6671
2025-12-17T01:00:00,4341.8,4355.5,4339.7,4355.2,17809
2025-12-17T02:00:00,4355.2,4356.4,4340.0,4343.3,15953
2025-12-17T03:00:00,4343.5,4354.3,4341.5,4353.3,12625
2025-12-17T04:00:00,4353.4,4361.5,4349.8,4359.3,10991
2025-12-17T05:00:00,4359.5,4373.6,4357.5,4364.9,16786
2025-12-17T06:00:00,4364.8,4368.7,4355.2,4359.9,12279
2025-12-17T07:00:00,4359.6,4359.7,4345.6,4348.0,11960
2025-12-17T08:00:00,4347.8,4351.1,4337.9,4348.4,12471
2025-12-17T09:00:00,4348.3,4352.4,4344.5,4345.0,7404
2025-12-17T10:00:00,4345.3,4351.6,4335.3,4346.3,9623
2025-12-17T11:00:00,4346.5,4349.7,4343.9,4346.0,5108
2025-12-17T12:00:00,4346.1,4353.8,4344.7,4347.6,8714
2025-12-17T13:00:00,4347.9,4375.7,4345.1,4373.6,27853
2025-12-17T14:00:00,4373.9,4378.2,4354.2,4369.1,42921
2025-12-17T15:00:00,4369.0,4383.1,4355.6,4361.6,46406
2025-12-17T16:00:00,4361.7,4369.7,4350.8,4365.1,27260
2025-12-17T17:00:00,4365.3,4373.6,4360.2,4373.4,15086
2025-12-17T18:00:00,4373.6,4378.6,4360.6,4367.6,18130
2025-12-17T19:00:00,4367.6,4373.7,4362.5,4369.3,10220
2025-12-17T20:00:00,4369.1,4378.9,4367.1,4373.3,10076
2025-12-17T21:00:00,4373.4,4379.2,4370.6,4371.1,5428
2025-12-17T23:00:00,4371.6,4374.4,4366.8,4370.8,6092
2025-12-18T00:00:00,4371.2,4375.0,4365.0,4367.2,7251
2025-12-18T01:00:00,4366.9,4369.3,4355.2,4363.4,14865
2025-12-18T02:00:00,4363.4,4369.6,4361.1,4364.7,10873
2025-12-18T03:00:00,4364.4,4367.9,4361.5,4363.5,5762
2025-12-18T04:00:00,4363.4,4364.1,4358.5,4361.8,4956
2025-12-18T05:00:00,4361.7,4368.1,4360.7,4363.4,7341
2025-12-18T06:00:00,4363.2,4366.7,4361.0,4364.0,4489
2025-12-18T07:00:00,4364.0,4368.7,4360.0,4362.6,6024
2025-12-18T08:00:00,4362.5,4363.7,4352.3,4357.1,8174
2025-12-18T09:00:00,4357.1,4359.4,4351.0,4353.8,6532
2025-12-18T10:00:00,4353.8,4359.3,4353.1,4357.2,5501
2025-12-18T11:00:00,4357.4,4360.8,4356.6,4357.7,4758
2025-12-18T12:00:00,4357.6,4358.7,4348.7,4353.0,8713
2025-12-18T13:00:00,4352.7,4375.9,4346.7,4368.5,29749
2025-12-18T14:00:00,4368.4,4373.8,4338.0,4360.0,48738
2025-12-18T15:00:00,4360.0,4373.8,4356.7,4370.1,33733
2025-12-18T16:00:00,4369.8,4409.5,4369.6,4394.6,50433
2025-12-18T17:00:00,4394.6,4397.9,4351.9,4365.5,47126
2025-12-18T18:00:00,4365.7,4374.0,4357.6,4363.4,15920
2025-12-18T19:00:00,4363.4,4367.3,4354.7,4357.2,10085
2025-12-18T20:00:00,4357.4,4370.3,4356.8,4366.0,9469
2025-12-18T21:00:00,4365.8,4365.8,4359.7,4363.8,3144
2025-12-18T23:00:00,4364.3,4368.2,4363.0,4366.5,4546
2025-12-19T00:00:00,4366.6,4367.3,4355.6,4356.0,7143
2025-12-19T01:00:00,4356.2,4357.5,4336.3,4350.4,21196
2025-12-19T02:00:00,4350.7,4355.2,4341.1,4344.5,12284
2025-12-19T03:00:00,4344.2,4350.5,4340.0,4345.9,10800
2025-12-19T04:00:00,4346.0,4351.1,4344.3,4350.8,4640
2025-12-19T05:00:00,4351.0,4357.3,4345.1,4354.6,8742
2025-12-19T06:00:00,4354.5,4358.0,4349.6,4355.1,6970
2025-12-19T07:00:00,4355.1,4357.2,4349.0,4350.5,7282
2025-12-19T08:00:00,4350.5,4359.7,4349.2,4354.8,6768
2025-12-19T09:00:00,4354.6,4362.4,4352.9,4358.7,5400
2025-12-19T10:00:00,4358.4,4361.0,4351.2,4357.9,6799
2025-12-19T11:00:00,4358.0,4359.5,4354.7,4357.1,4276
2025-12-19T12:00:00,4357.3,4358.1,4349.8,4356.0,8401
2025-12-19T13:00:00,4356.2,4367.4,4355.5,4359.9,17272
2025-12-19T14:00:00,4359.6,4369.8,4350.6,4364.2,29374
2025-12-19T15:00:00,4364.2,4382.5,4362.9,4381.2,36950
2025-12-19T16:00:00,4381.1,4388.0,4374.7,4383.5,23669
2025-12-19T17:00:00,4383.4,4389.0,4380.9,4385.8,13680
2025-12-19T18:00:00,4386.1,4388.9,4375.3,4380.0,14428
2025-12-19T19:00:00,4380.1,4382.0,4376.1,4376.2,6585
2025-12-19T20:00:00,4376.2,4377.7,4368.0,4370.4,12322
2025-12-19T21:00:00,4370.6,4371.3,4367.8,4368.7,4557
2025-12-21T23:00:00,4369.2,4386.0,4368.1,4385.3,13165
2025-12-22T00:00:00,4385.2,4397.4,4385.0,4396.7,18000
2025-12-22T01:00:00,4396.8,4417.5,4391.8,4415.4,31560
2025-12-22T02:00:00,4415.4,4421.0,4410.8,4417.6,15665
2025-12-22T03:00:00,4417.6,4427.4,4415.8,4425.3,12468
2025-12-22T04:00:00,4425.2,4433.7,4423.8,4431.0,10294
2025-12-22T05:00:00,4431.0,4442.8,4429.6,4433.5,22082
2025-12-22T06:00:00,4433.3,4452.9,4432.1,4452.0,17322
2025-12-22T07:00:00,4451.9,4453.0,4442.6,4447.0,11343
2025-12-22T08:00:00,4447.0,4448.1,4439.1,4441.3,9976
2025-12-22T09:00:00,4441.5,4448.6,4441.0,4444.7,5702
2025-12-22T10:00:00,4444.6,4449.7,4439.6,4442.2,6615
2025-12-22T11:00:00,4442.4,4445.9,4439.7,4444.1,4812
2025-12-22T12:00:00,4443.8,4450.0,4439.5,4449.5,9265
2025-12-22T13:00:00,4449.5,4462.3,4445.9,4458.2,27673
2025-12-22T14:00:00,4458.4,4465.2,4449.6,4454.6,32042
2025-12-22T15:00:00,4454.8,4471.2,4447.5,4467.1,29549
2025-12-22T16:00:00,4467.3,4477.5,4463.4,4474.0,24281
2025-12-22T17:00:00,4473.8,4477.2,4467.1,4473.4,11301
2025-12-22T18:00:00,4473.5,4474.0,4464.6,4470.6,9860
2025-12-22T19:00:00,4470.6,4471.2,4463.9,4468.9,7430
2025-12-22T20:00:00,4468.9,4473.9,4467.0,4472.5,9031
2025-12-22T21:00:00,4472.5,4484.5,4472.3,4480.8,9495
2025-12-22T23:00:00,4481.0,4494.2,4480.3,4492.2,15495
2025-12-23T00:00:00,4492.3,4504.8,4490.4,4504.7,15759
2025-12-23T01:00:00,4504.5,4523.2,4502.3,4519.5,40512
2025-12-23T02:00:00,4519.3,4530.6,4513.1,4525.5,23303
2025-12-23T03:00:00,4525.3,4528.6,4515.6,4519.8,14237
2025-12-23T04:00:00,4519.7,4521.8,4510.6,4514.4,9452
2025-12-23T05:00:00,4514.4,4518.4,4507.1,4507.6,13919
2025-12-23T06:00:00,4507.4,4513.8,4502.7,4513.8,12786
2025-12-23T07:00:00,4513.6,4522.2,4510.3,4519.0,8477
2025-12-23T08:00:00,4519.0,4524.5,4515.4,4521.0,7922
2025-12-23T09:00:00,4520.8,4522.1,4510.0,4512.1,9512
2025-12-23T10:00:00,4512.0,4518.7,4511.0,4516.7,5709
2025-12-23T11:00:00,4516.8,4526.3,4514.3,4525.6,7365
2025-12-23T12:00:00,4525.6,4525.8,4515.3,4518.7,8746
2025-12-23T13:00:00,4518.5,4529.2,4503.4,4510.0,32496
2025-12-23T14:00:00,4510.1,4510.8,4471.0,4475.7,61107
2025-12-23T15:00:00,4476.9,4486.6,4458.7,4485.8,51174
2025-12-23T16:00:00,4485.8,4504.0,4482.6,4501.4,26386
2025-12-23T17:00:00,4501.6,4507.6,4496.4,4499.7,23525
2025-12-23T18:00:00,4499.9,4512.9,4499.9,4512.1,17339
2025-12-23T19:00:00,4512.1,4524.4,4511.5,4519.1,18219
2025-12-23T20:00:00,4519.0,4526.3,4516.3,4523.7,10631
2025-12-23T21:00:00,4523.7,4524.9,4512.2,4515.3,5854
2025-12-23T23:00:00,4517.6,4540.5,4512.1,4533.9,20360
2025-12-24T00:00:00,4534.1,4547.0,4530.9,4539.6,19888
2025-12-24T01:00:00,4539.6,4555.0,4534.6,4547.1,26529
2025-12-24T02:00:00,4547.0,4548.1,4505.8,4508.5,29053
2025-12-24T03:00:00,4509.0,4526.3,4496.4,4521.3,24080
2025-12-24T04:00:00,4521.1,4528.6,4518.0,4526.1,8184
2025-12-24T05:00:00,4526.2,4527.3,4511.3,4515.6,13351
2025-12-24T06:00:00,4515.6,4525.5,4512.2,4520.4,10334
2025-12-24T07:00:00,4520.7,4521.9,4510.3,4510.7,7580
2025-12-24T08:00:00,4510.8,4519.5,4505.1,4509.3,12842
2025-12-24T09:00:00,4509.4,4522.9,4508.8,4521.6,8271
2025-12-24T10:00:00,4521.4,4526.5,4509.7,4516.6,10213
2025-12-24T11:00:00,4516.8,4520.0,4511.2,4519.6,5628
2025-12-24T12:00:00,4519.6,4524.4,4517.6,4518.6,6739
2025-12-24T13:00:00,4518.6,4521.1,4501.7,4516.0,20872
2025-12-24T14:00:00,4515.9,4518.2,4487.5,4492.0,35853
2025-12-24T15:00:00,4491.8,4504.0,4474.0,4484.9,38789
2025-12-24T16:00:00,4484.5,4504.9,4482.2,4502.8,21094
2025-12-24T17:00:00,4502.9,4513.3,4501.2,4505.3,17038
2025-12-24T18:00:00,4505.5,4509.0,4502.5,4505.6,3387
2025-12-25T23:00:00,4517.6,4541.0,4517.6,4527.7,20590
2025-12-26T00:00:00,4527.2,4548.0,4523.8,4547.7,15717
2025-12-26T01:00:00,4547.9,4561.7,4528.2,4534.0,35661
2025-12-26T02:00:00,4533.8,4540.0,4521.1,4538.4,19107
2025-12-26T03:00:00,4538.4,4543.2,4526.9,4530.2,15314
2025-12-26T04:00:00,4530.0,4542.1,4528.7,4539.2,10696
2025-12-26T05:00:00,4539.1,4544.6,4535.4,4540.4,9994
2025-12-26T06:00:00,4540.3,4549.7,4537.9,4541.5,12290
2025-12-26T07:00:00,4541.4,4545.5,4536.3,4540.3,7592
2025-12-26T08:00:00,4540.0,4550.4,4539.0,4549.1,7762
2025-12-26T09:00:00,4549.2,4551.4,4541.6,4542.6,6302
2025-12-26T10:00:00,4542.6,4553.9,4540.8,4544.1,9642
2025-12-26T11:00:00,4544.1,4545.3,4531.2,4538.1,13861
2025-12-26T12:00:00,4538.0,4544.7,4535.4,4538.8,8872
2025-12-26T13:00:00,4538.7,4562.7,4533.2,4557.3,24672
2025-12-26T14:00:00,4557.5,4568.4,4543.9,4552.7,37880
2025-12-26T15:00:00,4552.8,4581.0,4551.3,4580.1,38751
2025-12-26T16:00:00,4580.2,4584.0,4565.0,4570.0,30977
2025-12-26T17:00:00,4570.1,4571.5,4543.4,4552.4,34198
2025-12-26T18:00:00,4552.3,4564.0,4547.3,4562.3,20694
2025-12-26T19:00:00,4562.2,4567.7,4551.2,4554.9,17367
2025-12-26T20:00:00,4554.8,4566.4,4552.5,4560.5,19244
2025-12-26T21:00:00,4560.5,4566.0,4558.0,4562.1,6854
2025-12-28T23:00:00,4567.6,4581.2,4549.4,4550.7,36316
2025-12-29T00:00:00,4551.0,4551.7,4490.0,4516.5,57785
2025-12-29T01:00:00,4516.7,4538.1,4511.1,4520.2,40885
2025-12-29T02:00:00,4519.6,4539.6,4519.0,4536.7,19720
2025-12-29T03:00:00,4536.4,4545.0,4533.9,4541.1,17449
2025-12-29T04:00:00,4540.9,4542.5,4531.2,4537.9,11288
2025-12-29T05:00:00,4537.7,4541.6,4525.9,4527.7,13063
2025-12-29T06:00:00,4527.9,4531.2,4492.2,4496.0,32688
2025-12-29T07:00:00,4495.8,4501.0,4463.5,4496.0,32169
2025-12-29T08:00:00,4495.9,4510.4,4472.4,4480.9,22943
2025-12-29T09:00:00,4481.2,4496.8,4479.4,4493.0,12629
2025-12-29T10:00:00,4493.0,4496.0,4479.1,4483.0,9014
2025-12-29T11:00:00,4482.8,4489.8,4454.4,4466.3,18420
2025-12-29T12:00:00,4466.3,4485.0,4464.8,4484.4,12050
2025-12-29T13:00:00,4484.3,4488.7,4426.2,4440.7,49649
2025-12-29T14:00:00,4440.0,4440.4,4375.3,4379.2,79496
2025-12-29T15:00:00,4379.2,4379.7,4319.4,4343.1,80002
2025-12-29T16:00:00,4343.0,4365.7,4341.4,4359.7,34780
2025-12-29T17:00:00,4360.1,4361.3,4332.7,4346.2,26355
2025-12-29T18:00:00,4346.4,4352.9,4340.0,4349.7,20531
2025-12-29T19:00:00,4350.0,4355.6,4346.2,4354.5,11149
2025-12-29T20:00:00,4354.5,4362.3,4344.2,4354.3,15169
2025-12-29T21:00:00,4354.1,4358.0,4345.7,4349.9,6649
2025-12-29T23:00:00,4349.9,4363.4,4338.5,4361.1,17365
2025-12-30T00:00:00,4361.0,4366.5,4349.7,4354.9,15580
2025-12-30T01:00:00,4354.7,4374.8,4339.0,4374.5,24105
2025-12-30T02:00:00,4374.7,4378.5,4362.6,4376.5,16958
2025-12-30T03:00:00,4376.3,4383.0,4370.5,4373.7,12779
2025-12-30T04:00:00,4373.8,4384.0,4371.7,4378.2,7039
2025-12-30T05:00:00,4378.2,4394.5,4373.3,4392.2,12873
2025-12-30T06:00:00,4392.2,4392.7,4375.0,4379.8,11785
2025-12-30T07:00:00,4379.9,4398.5,4374.0,4388.2,13070
2025-12-30T08:00:00,4388.4,4390.0,4366.0,4380.7,14206
2025-12-30T09:00:00,4380.9,4392.8,4379.7,4387.6,8727
2025-12-30T10:00:00,4387.5,4407.5,4383.4,4400.5,12606
2025-12-30T11:00:00,4400.7,4406.0,4396.6,4399.7,7404
2025-12-30T12:00:00,4399.6,4418.8,4398.7,4417.0,15645
2025-12-30T13:00:00,4417.5,4420.5,4391.0,4403.7,29488
2025-12-30T14:00:00,4403.8,4407.8,4370.7,4381.4,39917
2025-12-30T15:00:00,4381.3,4394.2,4375.4,4382.0,32625
2025-12-30T16:00:00,4381.8,4396.1,4371.4,4393.6,24108
2025-12-30T17:00:00,4393.8,4397.8,4379.7,4385.6,19167
2025-12-30T18:00:00,4385.5,4394.3,4377.9,4380.3,15242
2025-12-30T19:00:00,4380.1,4383.5,4352.5,4364.0,18698
2025-12-30T20:00:00,4364.0,4370.5,4353.0,4357.7,21041
2025-12-30T21:00:00,4357.9,4366.2,4349.4,4353.0,7369
2025-12-30T23:00:00,4352.4,4359.5,4339.0,4351.0,17398
2025-12-31T00:00:00,4351.0,4358.7,4344.7,4354.8,16380
2025-12-31T01:00:00,4354.5,4385.0,4348.6,4378.0,26073
2025-12-31T02:00:00,4378.1,4383.4,4357.7,4360.3,25551
2025-12-31T03:00:00,4360.2,4371.7,4352.5,4360.6,23041
2025-12-31T04:00:00,4360.5,4363.5,4342.6,4345.3,12391
2025-12-31T05:00:00,4345.2,4354.4,4286.0,4296.7,38936
2025-12-31T06:00:00,4297.0,4341.0,4284.5,4339.5,33327
2025-12-31T07:00:00,4339.4,4346.5,4334.3,4342.9,15173
2025-12-31T08:00:00,4342.9,4344.6,4315.6,4319.3,15268
2025-12-31T09:00:00,4319.3,4349.1,4318.9,4338.5,14995
2025-12-31T10:00:00,4338.6,4344.4,4315.7,4318.7,14656
2025-12-31T11:00:00,4318.7,4329.6,4315.9,4323.9,11713
2025-12-31T12:00:00,4323.9,4330.7,4314.6,4326.2,12611
2025-12-31T13:00:00,4326.6,4361.5,4320.2,4358.9,22807
2025-12-31T14:00:00,4358.7,4367.8,4346.1,4360.2,36593
2025-12-31T15:00:00,4360.2,4360.5,4340.5,4350.8,28834
2025-12-31T16:00:00,4351.2,4353.3,4330.7,4336.8,21744
2025-12-31T17:00:00,4337.0,4343.3,4331.5,4335.5,14214
2025-12-31T18:00:00,4335.5,4345.9,4329.5,4333.5,14529
2025-12-31T19:00:00,4333.7,4337.0,4320.4,4324.0,12612
2025-12-31T20:00:00,4324.2,4337.8,4316.8,4326.4,15336
2025-12-31T21:00:00,4326.7,4334.2,4320.6,4332.7,5025
2026-01-01T23:00:00,4338.1,4364.7,4335.5,4361.6,15738
2026-01-02T00:00:00,4361.6,4369.4,4354.2,4367.6,13806
2026-01-02T01:00:00,4367.4,4369.3,4357.9,4361.4,12976
2026-01-02T02:00:00,4361.6,4376.6,4358.2,4376.2,12530
2026-01-02T03:00:00,4376.3,4388.3,4375.4,4387.7,14800
2026-01-02T04:00:00,4387.6,4390.9,4383.2,4385.9,10827
2026-01-02T05:00:00,4385.9,4394.8,4383.5,4393.7,9689
2026-01-02T06:00:00,4393.6,4394.0,4386.2,4387.4,9764
2026-01-02T07:00:00,4387.5,4395.6,4384.1,4394.7,9825
2026-01-02T08:00:00,4394.6,4409.4,4392.6,4399.3,11346
2026-01-02T09:00:00,4399.1,4404.0,4395.1,4397.6,7446
2026-01-02T10:00:00,4397.8,4411.0,4396.6,4408.2,7504
2026-01-02T11:00:00,4408.2,4412.0,4402.9,4405.3,6411
2026-01-02T12:00:00,4405.1,4410.6,4397.3,4406.9,9247
2026-01-02T13:00:00,4406.9,4415.0,4373.5,4377.6,35347
2026-01-02T14:00:00,4377.8,4385.9,4359.3,4364.8,34964
2026-01-02T15:00:00,4364.6,4369.0,4341.4,4346.7,39815
2026-01-02T16:00:00,4346.6,4348.7,4325.4,4337.1,31963
2026-01-02T17:00:00,4336.9,4344.5,4332.6,4333.4,16773
2026-01-02T18:00:00,4333.0,4334.2,4319.5,4325.5,19456
2026-01-02T19:00:00,4325.5,4336.3,4325.5,4328.2,12614
2026-01-02T20:00:00,4328.1,4341.4,4327.3,4341.4,9463
2026-01-02T21:00:00,4341.1,4342.7,4336.5,4341.9,4254
2026-01-04T23:00:00,4367.1,4385.6,4354.8,4381.8,33371
2026-01-05T00:00:00,4381.9,4406.4,4378.8,4404.5,27386
2026-01-05T01:00:00,4404.4,4430.9,4400.5,4411.3,45045
2026-01-05T02:00:00,4411.2,4419.0,4397.1,4414.8,22063
2026-01-05T03:00:00,4414.5,4423.5,4408.3,4408.7,14086
2026-01-05T04:00:00,4408.6,4417.7,4406.1,4414.0,9120
2026-01-05T05:00:00,4413.5,4423.6,4410.1,4421.3,10767
2026-01-05T06:00:00,4421.3,4435.9,4420.3,4429.6,18882
2026-01-05T07:00:00,4429.7,4434.8,4426.4,4431.5,10707
2026-01-05T08:00:00,4431.7,4444.1,4429.0,4439.8,13721
2026-01-05T09:00:00,4439.8,4449.3,4436.7,4445.9,9580
2026-01-05T10:00:00,4446.0,4451.6,4441.4,4447.5,9110
2026-01-05T11:00:00,4447.7,4448.8,4422.0,4430.7,16493
2026-01-05T12:00:00,4430.1,4433.0,4416.8,4421.3,12404
2026-01-05T13:00:00,4421.5,4430.7,4406.7,4428.6,29071
2026-01-05T14:00:00,4428.7,4454.3,4428.6,4447.5,39065
2026-01-05T15:00:00,4448.3,4467.5,4445.6,4459.1,40517
2026-01-05T16:00:00,4458.9,4465.9,4448.7,4452.8,19749
2026-01-05T17:00:00,4452.9,4459.8,4443.2,4453.9,20373
2026-01-05T18:00:00,4453.9,4459.8,4450.5,4459.8,10021
2026-01-05T19:00:00,4459.8,4460.7,4445.6,4451.1,11734
2026-01-05T20:00:00,4450.8,4457.9,4448.3,4455.0,8946
2026-01-05T21:00:00,4455.0,4460.6,4453.8,4459.6,4411
2026-01-05T23:00:00,4460.7,4471.3,4446.8,4450.7,14101
2026-01-06T00:00:00,4450.7,4455.7,4440.9,4447.3,15050
2026-01-06T01:00:00,4447.3,4462.0,4437.5,4460.4,24989
2026-01-06T02:00:00,4460.2,4472.0,4458.2,4464.9,23975
2026-01-06T03:00:00,4464.9,4479.0,4464.0,4478.3,15984
2026-01-06T04:00:00,4478.3,4479.7,4471.5,4477.9,8516
2026-01-06T05:00:00,4477.8,4485.2,4460.0,4463.4,18624
2026-01-06T06:00:00,4463.5,4477.0,4462.2,4475.6,16634
2026-01-06T07:00:00,4475.6,4480.6,4466.8,4469.1,12093
2026-01-06T08:00:00,4468.6,4486.2,4466.9,4478.8,14975
2026-01-06T09:00:00,4478.9,4479.2,4454.7,4456.3,15691
2026-01-06T10:00:00,4456.4,4466.0,4452.3,4461.7,10203
2026-01-06T11:00:00,4461.8,4475.3,4458.5,4473.9,9168
2026-01-06T12:00:00,4473.9,4477.1,4469.3,4474.4,9066
2026-01-06T13:00:00,4474.2,4481.4,4464.0,4478.4,24945
2026-01-06T14:00:00,4478.4,4500.6,4474.6,4498.1,41194
2026-01-06T15:00:00,4498.0,4501.8,4473.0,4488.4,45047
2026-01-06T16:00:00,4488.4,4499.5,4481.7,4498.6,21199
2026-01-06T17:00:00,4498.7,4502.4,4491.4,4499.8,17562
2026-01-06T18:00:00,4499.8,4504.5,4492.3,4499.5,17626
2026-01-06T19:00:00,4499.3,4500.3,4487.9,4491.9,14094
2026-01-06T20:00:00,4491.8,4507.3,4490.8,4504.3,11431
2026-01-06T21:00:00,4504.1,4508.2,4502.0,4505.9,7215
2026-01-06T23:00:00,4505.1,4512.2,4503.3,4504.6,13376
2026-01-07T00:00:00,4504.6,4506.3,4493.3,4503.0,15523
2026-01-07T01:00:00,4503.0,4507.1,4472.0,4476.7,44499
2026-01-07T02:00:00,4476.6,4490.3,4470.2,4486.0,22380
2026-01-07T03:00:00,4486.0,4491.4,4482.6,4485.5,13025
2026-01-07T04:00:00,4485.4,4487.1,4473.2,4474.9,16615
2026-01-07T05:00:00,4474.7,4480.5,4453.4,4464.3,28046
2026-01-07T06:00:00,4464.2,4470.1,4451.4,4454.7,22704
2026-01-07T07:00:00,4454.6,4475.1,4452.0,4470.6,15254
2026-01-07T08:00:00,4470.6,4484.9,4468.7,4478.1,14835
2026-01-07T09:00:00,4477.9,4478.5,4469.3,4473.3,11611
2026-01-07T10:00:00,4473.2,4478.0,4468.2,4474.2,7774
2026-01-07T11:00:00,4474.3,4474.8,4456.1,4457.2,13152
2026-01-07T12:00:00,4457.1,4464.5,4448.5,4454.3,20493
2026-01-07T13:00:00,4454.3,4462.9,4436.6,4462.8,44076
2026-01-07T14:00:00,4462.8,4464.2,4445.5,4455.3,41557
2026-01-07T15:00:00,4454.2,4462.4,4433.0,4456.6,46632
2026-01-07T16:00:00,4456.4,4478.3,4453.9,4474.3,30569
2026-01-07T17:00:00,4474.2,4475.6,4459.5,4461.8,18578
2026-01-07T18:00:00,4461.6,4469.1,4457.1,4461.7,18842
2026-01-07T19:00:00,4461.5,4467.9,4454.8,4466.6,13498
2026-01-07T20:00:00,4466.6,4471.5,4460.7,4462.6,12375
2026-01-07T21:00:00,4462.5,4467.4,4459.7,4466.5,4052
2026-01-07T23:00:00,4467.4,4472.9,4466.0,4472.4,7800
2026-01-08T00:00:00,4472.3,4475.3,4455.2,4458.9,15251
2026-01-08T01:00:00,4458.6,4469.4,4450.3,4456.9,26783
2026-01-08T02:00:00,4457.0,4458.3,4441.9,4449.9,22490
2026-01-08T03:00:00,4449.9,4455.3,4445.4,4448.2,11301
2026-01-08T04:00:00,4448.4,4448.9,4438.4,4439.9,9576
2026-01-08T05:00:00,4439.9,4440.9,4423.7,4433.4,30348
2026-01-08T06:00:00,4433.6,4445.7,4423.8,4441.4,24345
2026-01-08T07:00:00,4441.6,4448.0,4436.4,4438.4,13225
2026-01-08T08:00:00,4438.4,4441.4,4427.5,4439.5,14614
2026-01-08T09:00:00,4439.2,4443.3,4433.6,4440.3,9948
2026-01-08T10:00:00,4440.4,4443.0,4430.3,4441.7,9238
2026-01-08T11:00:00,4441.5,4441.5,4429.7,4430.9,7933
2026-01-08T12:00:00,4430.8,4439.1,4415.2,4435.2,23906
2026-01-08T13:00:00,4435.3,4444.5,4425.0,4432.2,31649
2026-01-08T14:00:00,4432.2,4448.2,4427.1,4441.6,41212
2026-01-08T15:00:00,4441.4,4465.7,4436.4,4463.5,46782
2026-01-08T16:00:00,4463.4,4474.5,4456.2,4472.5,24334
2026-01-08T17:00:00,4472.6,4475.5,4466.7,4472.9,13236
2026-01-08T18:00:00,4472.8,4472.8,4457.0,4459.0,17961
2026-01-08T19:00:00,4458.8,4461.9,4453.7,4461.0,9637
2026-01-08T20:00:00,4460.8,4487.7,4460.2,4485.1,22565
2026-01-08T21:00:00,4485.2,4489.1,4482.0,4487.5,7635
2026-01-08T23:00:00,4489.4,4493.7,4482.2,4485.4,10424
2026-01-09T00:00:00,4485.3,4486.8,4469.3,4472.2,13908
2026-01-09T01:00:00,4472.4,4479.0,4461.8,4477.6,26704
2026-01-09T02:00:00,4477.8,4485.5,4474.3,4478.8,18700
2026-01-09T03:00:00,4479.0,4479.5,4469.3,4473.3,12250
2026-01-09T04:00:00,4473.2,4475.8,4469.5,4473.4,6984
2026-01-09T05:00:00,4473.4,4480.6,4466.8,4477.0,12949
2026-01-09T06:00:00,4477.2,4486.3,4474.4,4483.0,11559
2026-01-09T07:00:00,4483.0,4484.5,4477.1,4479.1,7235
2026-01-09T08:00:00,4478.5,4485.9,4472.6,4477.1,10667
2026-01-09T09:00:00,4477.1,4486.4,4477.0,4479.7,7503
2026-01-09T10:00:00,4479.6,4482.8,4475.8,4481.4,5887
2026-01-09T11:00:00,4481.4,4485.2,4477.2,4484.4,5647
2026-01-09T12:00:00,4484.3,4489.6,4469.4,4474.7,16112
2026-01-09T13:00:00,4474.7,4500.9,4466.9,4492.1,43649
2026-01-09T14:00:00,4492.0,4507.9,4488.0,4503.1,53633
2026-01-09T15:00:00,4504.4,4526.9,4499.3,4521.7,45234
2026-01-09T16:00:00,4521.7,4523.9,4509.5,4516.6,23256
2026-01-09T17:00:00,4516.7,4521.8,4491.3,4493.8,27325
2026-01-09T18:00:00,4493.7,4514.3,4492.2,4505.8,24789
2026-01-09T19:00:00,4505.8,4511.3,4502.3,4508.3,11054
2026-01-09T20:00:00,4507.7,4518.8,4506.6,4516.1,14174
2026-01-09T21:00:00,4516.1,4520.2,4513.6,4518.1,6219
2026-01-11T23:00:00,4528.0,4554.8,4521.0,4550.3,29150
2026-01-12T00:00:00,4550.2,4612.5,4546.2,4600.1,54141
2026-01-12T01:00:00,4600.1,4606.0,4581.5,4581.6,45430
2026-01-12T02:00:00,4581.6,4594.0,4573.3,4589.3,30319
2026-01-12T03:00:00,4589.5,4593.6,4579.4,4582.6,14210
2026-01-12T04:00:00,4582.8,4584.1,4574.6,4580.0,10689
2026-01-12T05:00:00,4580.0,4595.6,4577.0,4591.6,15715
2026-01-12T06:00:00,4591.4,4591.5,4580.8,4589.5,12661
2026-01-12T07:00:00,4589.6,4599.9,4585.2,4597.6,18531
2026-01-12T08:00:00,4597.7,4608.4,4589.7,4606.9,19462
2026-01-12T09:00:00,4607.0,4609.6,4597.8,4599.4,13359
2026-01-12T10:00:00,4599.6,4605.8,4596.1,4604.5,12137
2026-01-12T11:00:00,4604.7,4605.4,4591.3,4595.2,11373
2026-01-12T12:00:00,4595.0,4600.4,4588.1,4600.1,14977
2026-01-12T13:00:00,4600.4,4630.8,4598.4,4626.5,44434
2026-01-12T14:00:00,4626.5,4628.0,4595.1,4611.9,73463
2026-01-12T15:00:00,4611.8,4638.3,4611.5,4630.9,49596
2026-01-12T16:00:00,4630.8,4640.5,4617.4,4627.0,35202
2026-01-12T17:00:00,4627.0,4630.7,4620.0,4626.9,19725
2026-01-12T18:00:00,4626.8,4629.2,4609.8,4620.5,26512
2026-01-12T19:00:00,4620.6,4628.9,4618.2,4620.6,13018
2026-01-12T20:00:00,4620.5,4621.1,4600.9,4603.3,20645
2026-01-12T21:00:00,4603.3,4608.5,4598.8,4608.2,9173
2026-01-12T23:00:00,4610.5,4616.8,4586.3,4607.4,19947
2026-01-13T00:00:00,4607.4,4607.5,4593.3,4595.8,13353
2026-01-13T01:00:00,4596.1,4604.6,4584.0,4586.5,24961
2026-01-13T02:00:00,4586.2,4604.0,4585.0,4603.1,16623
2026-01-13T03:00:00,4603.0,4608.8,4601.4,4603.0,11153
2026-01-13T04:00:00,4603.2,4608.8,4603.1,4605.7,7842
2026-01-13T05:00:00,4605.6,4611.3,4593.9,4601.0,14834
2026-01-13T06:00:00,4600.7,4601.0,4582.1,4590.7,16347
2026-01-13T07:00:00,4590.7,4595.2,4585.6,4589.3,11986
2026-01-13T08:00:00,4588.9,4605.4,4587.8,4601.3,13323
2026-01-13T09:00:00,4601.1,4604.5,4594.5,4595.2,8665
2026-01-13T10:00:00,4595.2,4597.4,4589.3,4595.0,8395
2026-01-13T11:00:00,4595.2,4600.9,4590.8,4597.0,8187
2026-01-13T12:00:00,4596.9,4604.0,4586.1,4601.8,13189
2026-01-13T13:00:00,4601.7,4629.4,4598.8,4619.9,42099
2026-01-13T14:00:00,4619.7,4644.0,4616.7,4639.2,47625
2026-01-13T15:00:00,4638.7,4639.7,4608.7,4627.9,51713
2026-01-13T16:00:00,4627.6,4629.4,4601.6,4622.2,29068
2026-01-13T17:00:00,4622.1,4624.9,4595.0,4599.0,22348
2026-01-13T18:00:00,4598.8,4610.4,4589.3,4602.3,28086
2026-01-13T19:00:00,4602.5,4606.9,4592.4,4605.2,18240
2026-01-13T20:00:00,4605.1,4605.6,4576.6,4593.9,24301
2026-01-13T21:00:00,4594.2,4597.8,4590.6,4594.5,6794
2026-01-13T23:00:00,4594.8,4606.4,4594.6,4604.2,10863
2026-01-14T00:00:00,4604.3,4618.8,4604.3,4616.9,17072
2026-01-14T01:00:00,4617.0,4627.7,4613.8,4626.7,23472
2026-01-14T02:00:00,4626.8,4632.0,4621.9,4629.0,16517
2026-01-14T03:00:00,4628.8,4638.5,4621.6,4636.6,18918
2026-01-14T04:00:00,4636.5,4638.7,4632.6,4636.8,13411
2026-01-14T05:00:00,4636.7,4647.5,4624.5,4626.6,30387
2026-01-14T06:00:00,4626.5,4644.8,4625.1,4644.5,22034
2026-01-14T07:00:00,4644.6,4647.2,4638.8,4639.7,12121
2026-01-14T08:00:00,4639.8,4645.0,4628.4,4641.8,20274
2026-01-14T09:00:00,4641.6,4646.8,4634.6,4637.9,11489
2026-01-14T10:00:00,4637.9,4646.3,4635.4,4641.1,9932
2026-01-14T11:00:00,4641.1,4645.3,4634.0,4638.5,10436
2026-01-14T12:00:00,4638.6,4650.0,4638.3,4646.9,15609
2026-01-14T13:00:00,4647.0,4649.8,4631.6,4643.7,31379
2026-01-14T14:00:00,4643.7,4646.7,4613.8,4624.7,45502
2026-01-14T15:00:00,4624.5,4633.6,4605.8,4624.8,54859
2026-01-14T16:00:00,4624.9,4631.7,4615.3,4624.0,27055
2026-01-14T17:00:00,4624.1,4626.2,4607.7,4621.4,27272
2026-01-14T18:00:00,4621.3,4645.0,4619.6,4642.5,28106
2026-01-14T19:00:00,4642.6,4651.6,4640.8,4646.6,23452
2026-01-14T20:00:00,4646.7,4649.2,4632.7,4639.2,30286
2026-01-14T21:00:00,4639.3,4639.7,4624.0,4634.3,11769
2026-01-14T23:00:00,4635.5,4639.3,4607.0,4619.4,21024
2026-01-15T00:00:00,4619.7,4623.0,4614.5,4619.4,12070
2026-01-15T01:00:00,4619.5,4622.2,4587.4,4604.2,42308
2026-01-15T02:00:00,4603.7,4619.0,4599.2,4606.7,26710
2026-01-15T03:00:00,4606.7,4608.1,4584.2,4596.0,29382
2026-01-15T04:00:00,4595.6,4601.3,4590.6,4595.6,13992
2026-01-15T05:00:00,4595.8,4602.5,4584.8,4599.0,18211
2026-01-15T06:00:00,4598.9,4616.3,4597.4,4614.3,17242
2026-01-15T07:00:00,4614.7,4618.0,4603.4,4606.3,11999
2026-01-15T08:00:00,4606.5,4611.7,4602.2,4608.3,10817
2026-01-15T09:00:00,4608.3,4617.1,4604.8,4616.8,8212
2026-01-15T10:00:00,4616.6,4625.0,4613.4,4624.2,9553
2026-01-15T11:00:00,4624.3,4627.2,4619.5,4623.4,8982
2026-01-15T12:00:00,4623.2,4624.9,4615.6,4618.2,9561
2026-01-15T13:00:00,4618.2,4620.4,4584.5,4591.5,41412
2026-01-15T14:00:00,4591.6,4618.9,4586.3,4615.1,41030
2026-01-15T15:00:00,4614.8,4622.3,4608.1,4619.8,30817
2026-01-15T16:00:00,4619.9,4630.0,4605.8,4610.3,33171
2026-01-15T17:00:00,4610.4,4621.8,4610.3,4621.5,13857
2026-01-15T18:00:00,4621.4,4626.2,4617.8,4622.0,15486
2026-01-15T19:00:00,4622.1,4626.9,4616.8,4620.1,10190
2026-01-15T20:00:00,4620.3,4620.5,4604.5,4609.6,16853
2026-01-15T21:00:00,4609.6,4620.9,4608.3,4620.5,6103
2026-01-15T23:00:00,4620.0,4625.3,4610.5,4614.6,10925
2026-01-16T00:00:00,4614.4,4615.3,4602.1,4604.1,11888
2026-01-16T01:00:00,4603.8,4612.5,4597.9,4604.8,18814
2026-01-16T02:00:00,4604.6,4607.7,4594.5,4598.3,17926
2026-01-16T03:00:00,4598.3,4603.3,4595.9,4599.7,7449
2026-01-16T04:00:00,4599.5,4605.7,4599.2,4604.6,4861
2026-01-16T05:00:00,4604.5,4620.2,4598.6,4615.3,14258
2026-01-16T06:00:00,4615.4,4616.3,4597.1,4601.5,15627
2026-01-16T07:00:00,4601.6,4616.1,4600.3,4611.5,15783
2026-01-16T08:00:00,4611.3,4614.7,4605.3,4607.1,8873
2026-01-16T09:00:00,4606.9,4612.4,4602.7,4604.2,6377
2026-01-16T10:00:00,4604.1,4615.1,4603.6,4604.1,8610
2026-01-16T11:00:00,4604.0,4620.5,4602.2,4616.5,12221
2026-01-16T12:00:00,4616.6,4617.3,4601.4,4605.6,13083
2026-01-16T13:00:00,4605.8,4610.0,4586.0,4605.5,46698
2026-01-16T14:00:00,4605.6,4618.8,4599.7,4611.5,37385
2026-01-16T15:00:00,4611.4,4624.7,4539.3,4574.8,106523
2026-01-16T16:00:00,4574.6,4604.0,4570.6,4595.9,51159
2026-01-16T17:00:00,4596.1,4597.9,4581.1,4586.1,21045
2026-01-16T18:00:00,4586.1,4601.2,4584.6,4588.0,18467
2026-01-16T19:00:00,4587.8,4597.2,4586.0,4595.2,10847
2026-01-16T20:00:00,4595.1,4600.3,4585.0,4587.3,13240
2026-01-16T21:00:00,4587.4,4602.1,4587.1,4601.2,7496
2026-01-18T23:00:00,4627.0,4698.0,4623.9,4680.8,54168
2026-01-19T00:00:00,4680.6,4688.5,4667.6,4682.4,23943
2026-01-19T01:00:00,4682.2,4685.2,4663.1,4664.3,27461
2026-01-19T02:00:00,4664.2,4672.1,4659.9,4669.1,14880
2026-01-19T03:00:00,4669.0,4676.3,4665.0,4665.4,12007
2026-01-19T04:00:00,4665.4,4672.4,4665.0,4669.5,7499
2026-01-19T05:00:00,4669.6,4680.3,4669.3,4675.6,11304
2026-01-19T06:00:00,4675.6,4684.5,4672.5,4683.3,8328
2026-01-19T07:00:00,4682.9,4683.8,4666.7,4669.9,12578
2026-01-19T08:00:00,4669.7,4678.9,4666.4,4668.5,10177
2026-01-19T09:00:00,4668.4,4677.5,4666.8,4673.2,6898
2026-01-19T10:00:00,4672.9,4676.0,4666.1,4668.6,5761
2026-01-19T11:00:00,4668.8,4672.5,4664.6,4665.8,8108
2026-01-19T12:00:00,4665.5,4678.4,4665.0,4677.0,9361
2026-01-19T13:00:00,4677.0,4678.9,4669.3,4671.0,9639
2026-01-19T14:00:00,4671.2,4675.7,4666.5,4671.5,11671
2026-01-19T15:00:00,4671.5,4681.4,4669.5,4679.5,12681
2026-01-19T16:00:00,4679.6,4680.7,4675.4,4677.5,6488
2026-01-19T17:00:00,4677.5,4684.4,4674.4,4681.9,7492
2026-01-19T18:00:00,4681.6,4686.1,4679.0,4682.5,6335
2026-01-19T19:00:00,4682.1,4682.7,4673.2,4676.8,3945
2026-01-19T23:00:00,4678.2,4682.2,4670.2,4671.2,9506
2026-01-20T00:00:00,4671.3,4674.2,4665.6,4666.7,9476
2026-01-20T01:00:00,4666.7,4681.0,4666.1,4674.4,15274
2026-01-20T02:00:00,4674.4,4679.5,4670.0,4673.0,10997
2026-01-20T03:00:00,4673.1,4686.0,4670.5,4684.7,10794
2026-01-20T04:00:00,4684.8,4703.0,4684.2,4701.2,18581
2026-01-20T05:00:00,4701.0,4722.9,4700.1,4720.7,23702
2026-01-20T06:00:00,4720.9,4723.4,4711.2,4718.5,19366
2026-01-20T07:00:00,4718.3,4728.4,4717.4,4721.3,14114
2026-01-20T08:00:00,4721.4,4737.9,4720.3,4735.5,16670
2026-01-20T09:00:00,4735.5,4742.7,4727.2,4737.8,15351
2026-01-20T10:00:00,4737.6,4740.5,4728.6,4732.4,10666
2026-01-20T11:00:00,4732.4,4740.9,4727.3,4738.6,8794
2026-01-20T12:00:00,4738.4,4738.4,4729.5,4733.1,10594
2026-01-20T13:00:00,4733.3,4744.9,4719.8,4742.3,36574
2026-01-20T14:00:00,4742.4,4756.7,4732.8,4746.1,56363
2026-01-20T15:00:00,4746.0,4753.7,4726.7,4742.2,46844
2026-01-20T16:00:00,4742.5,4761.8,4733.0,4758.0,28787
2026-01-20T17:00:00,4757.8,4766.9,4750.3,4763.7,20369
2026-01-20T18:00:00,4763.7,4771.2,4757.5,4764.3,19030
2026-01-20T19:00:00,4764.5,4772.1,4760.5,4765.7,11751
2026-01-20T20:00:00,4765.6,4766.6,4752.6,4761.5,15184
2026-01-20T21:00:00,4761.5,4769.3,4761.0,4768.7,6226
2026-01-20T23:00:00,4769.1,4785.0,4761.3,4779.7,14965
2026-01-21T00:00:00,4779.5,4792.9,4774.3,4789.6,17182
2026-01-21T01:00:00,4789.6,4847.4,4788.5,4838.3,61769
2026-01-21T02:00:00,4838.5,4845.3,4820.5,4839.8,35047
2026-01-21T03:00:00,4839.3,4852.5,4829.6,4847.6,32781
2026-01-21T04:00:00,4847.4,4873.8,4840.1,4868.5,27158
2026-01-21T05:00:00,4868.4,4880.9,4861.5,4872.3,28418
2026-01-21T06:00:00,4872.2,4890.9,4847.8,4850.0,42843
2026-01-21T07:00:00,4850.2,4860.0,4835.2,4857.5,35169
2026-01-21T08:00:00,4857.1,4871.7,4853.6,4856.7,19411
2026-01-21T09:00:00,4856.9,4879.3,4854.5,4862.5,18803
2026-01-21T10:00:00,4862.5,4869.2,4861.5,4864.3,10747
2026-01-21T11:00:00,4864.4,4874.0,4857.3,4869.2,12377
2026-01-21T12:00:00,4869.3,4873.4,4858.2,4867.9,15789
2026-01-21T13:00:00,4868.2,4883.4,4861.0,4882.4,31758
2026-01-21T14:00:00,4882.5,4884.3,4840.9,4854.1,83239
2026-01-21T15:00:00,4853.9,4871.1,4814.1,4849.9,81517
2026-01-21T16:00:00,4849.9,4858.2,4821.8,4836.1,46067
2026-01-21T17:00:00,4836.3,4837.3,4804.5,4828.9,40105
2026-01-21T18:00:00,4828.6,4853.6,4822.6,4852.8,26783
2026-01-21T19:00:00,4852.8,4857.3,4756.7,4783.3,76013
2026-01-21T20:00:00,4783.4,4830.8,4774.5,4829.9,46120
2026-01-21T21:00:00,4829.5,4842.9,4816.0,4836.0,14371
2026-01-21T23:00:00,4837.0,4837.5,4779.1,4779.6,29213
2026-01-22T00:00:00,4779.9,4799.8,4779.6,4798.9,21926
2026-01-22T01:00:00,4798.2,4811.0,4772.6,4799.0,33845
2026-01-22T02:00:00,4798.8,4799.7,4775.5,4790.2,23870
2026-01-22T03:00:00,4790.2,4798.2,4785.1,4797.7,11824
2026-01-22T04:00:00,4797.7,4801.5,4794.7,4798.0,8591
2026-01-22T05:00:00,4798.1,4822.0,4794.5,4821.5,13332
2026-01-22T06:00:00,4821.7,4829.8,4816.6,4827.2,14451
2026-01-22T07:00:00,4827.4,4840.9,4826.2,4833.5,13783
2026-01-22T08:00:00,4833.7,4836.9,4823.3,4832.2,12186
2026-01-22T09:00:00,4832.1,4839.6,4815.2,4824.6,13931
2026-01-22T10:00:00,4824.5,4833.7,4820.5,4830.8,8697
2026-01-22T11:00:00,4831.1,4838.5,4826.2,4833.0,8605
2026-01-22T12:00:00,4833.1,4834.8,4820.7,4821.5,11231
2026-01-22T13:00:00,4821.6,4837.5,4811.0,4823.8,30632
2026-01-22T14:00:00,4823.6,4849.5,4821.7,4837.0,40606
2026-01-22T15:00:00,4837.0,4876.8,4824.4,4873.8,49146
2026-01-22T16:00:00,4874.0,4888.0,4870.2,4880.6,36232
2026-01-22T17:00:00,4880.8,4909.6,4871.9,4907.9,46816
2026-01-22T18:00:00,4907.8,4922.5,4904.6,4918.9,31467
2026-01-22T19:00:00,4918.6,4927.4,4909.1,4915.2,26273
2026-01-22T20:00:00,4915.3,4932.2,4914.7,4920.5,20853
2026-01-22T21:00:00,4920.6,4944.2,4918.2,4938.6,13499
2026-01-22T23:00:00,4940.4,4963.8,4932.7,4961.1,36778
2026-01-23T00:00:00,4961.0,4968.5,4949.3,4967.9,27960
2026-01-23T01:00:00,4967.7,4970.0,4938.2,4956.5,42949
2026-01-23T02:00:00,4956.3,4964.4,4948.4,4957.8,20537
2026-01-23T03:00:00,4957.4,4961.1,4939.6,4953.0,23135
2026-01-23T04:00:00,4952.8,4960.0,4950.9,4957.8,9038
2026-01-23T05:00:00,4957.5,4969.0,4955.7,4962.0,12990
2026-01-23T06:00:00,4962.0,4964.3,4946.2,4954.0,23204
2026-01-23T07:00:00,4954.2,4961.1,4944.4,4945.3,16372
2026-01-23T08:00:00,4945.3,4948.6,4902.2,4915.1,39701
2026-01-23T09:00:00,4915.1,4922.7,4901.2,4919.6,23726
2026-01-23T10:00:00,4919.5,4933.3,4916.3,4931.0,14551
2026-01-23T11:00:00,4931.0,4931.5,4912.7,4923.4,14521
2026-01-23T12:00:00,4923.7,4943.4,4918.9,4940.2,18283
2026-01-23T13:00:00,4940.2,4948.8,4924.5,4940.2,39651
2026-01-23T14:00:00,4940.1,4957.2,4933.3,4943.3,40503
2026-01-23T15:00:00,4944.7,4964.2,4938.9,4961.7,46107
2026-01-23T16:00:00,4961.8,4989.8,4960.0,4981.4,43180
2026-01-23T17:00:00,4981.7,4989.0,4963.0,4966.8,29965
2026-01-23T18:00:00,4967.1,4985.4,4959.3,4968.0,32789
2026-01-23T19:00:00,4968.4,4991.6,4968.3,4985.2,22289
2026-01-23T20:00:00,4985.1,4986.8,4971.5,4981.1,20972
2026-01-23T21:00:00,4981.4,4990.0,4978.3,4983.0,10213
2026-01-25T23:00:00,5042.2,5077.5,5039.6,5076.5,5998
2026-01-26T00:00:00,5077.0,5089.3,5066.9,5079.2,3446
2026-01-26T01:00:00,5078.8,5120.8,5065.2,5106.6,6254
2026-01-26T02:00:00,5106.9,5129.0,5102.2,5116.6,3822
2026-01-26T03:00:00,5115.8,5124.3,5105.4,5111.9,2261
2026-01-26T04:00:00,5111.7,5113.2,5093.0,5105.4,1955
2026-01-26T05:00:00,5105.2,5111.7,5087.2,5110.0,2269
2026-01-26T06:00:00,5109.4,5145.0,5101.0,5112.5,3858
2026-01-26T07:00:00,5111.9,5130.4,5108.0,5125.0,1674
2026-01-26T08:00:00,5123.3,5134.5,5115.7,5119.3,1524
2026-01-26T09:00:00,5118.1,5135.3,5111.6,5120.0,1668
2026-01-26T10:00:00,5120.7,5131.0,5115.0,5128.0,868
2026-01-26T11:00:00,5127.0,5129.4,5115.0,5128.4,1065
2026-01-26T12:00:00,5127.4,5133.7,5113.0,5114.6,1951
2026-01-26T13:00:00,5115.7,5119.2,5090.1,5103.2,3334
2026-01-26T14:00:00,5104.1,5133.7,5093.9,5133.2,4177
2026-01-26T15:00:00,5133.2,5134.6,5110.6,5128.4,3476
2026-01-26T16:00:00,5128.2,5142.0,5101.5,5125.9,4218
2026-01-26T17:00:00,5126.1,5141.2,5116.1,5137.2,2608
2026-01-26T18:00:00,5137.2,5139.7,5092.9,5104.9,4485
2026-01-26T19:00:00,5104.2,5105.4,5041.9,5063.0,9337
2026-01-26T20:00:00,5063.2,5098.0,5061.0,5088.0,4560
2026-01-26T21:00:00,5089.8,5093.5,5022.8,5043.3,4460
2026-01-26T23:00:00,5038.4,5094.9,5029.0,5076.5,6034
2026-01-27T00:00:00,5076.5,5087.8,5047.0,5065.6,5938
2026-01-27T01:00:00,5065.1,5110.9,5052.1,5094.8,8723
2026-01-27T02:00:00,5093.8,5113.7,5082.5,5106.9,6163
2026-01-27T03:00:00,5107.0,5113.8,5093.7,5111.1,3823
2026-01-27T04:00:00,5111.0,5113.0,5095.4,5101.6,2794
2026-01-27T05:00:00,5101.1,5119.2,5090.9,5116.6,4173
2026-01-27T06:00:00,5116.9,5128.5,5110.2,5120.3,3734
2026-01-27T07:00:00,5120.8,5136.0,5116.2,5120.9,4055
2026-01-27T08:00:00,5120.7,5123.4,5108.4,5115.0,3291
2026-01-27T09:00:00,5114.5,5135.9,5113.1,5134.8,2670
2026-01-27T10:00:00,5134.0,5134.5,5117.5,5122.0,2262
2026-01-27T11:00:00,5122.4,5126.4,5101.7,5112.1,3322
2026-01-27T12:00:00,5112.3,5126.3,5108.6,5120.3,3755
2026-01-27T13:00:00,5120.0,5128.2,5104.8,5112.7,5187
2026-01-27T14:00:00,5112.6,5117.2,5080.7,5086.9,14603
2026-01-27T15:00:00,5085.5,5127.3,5081.2,5126.7,10962
2026-01-27T16:00:00,5126.9,5139.5,5119.0,5123.7,8674
2026-01-27T17:00:00,5123.6,5130.6,5113.1,5117.7,6190
2026-01-27T18:00:00,5117.7,5131.6,5112.4,5123.2,4808
2026-01-27T19:00:00,5123.2,5137.3,5116.6,5135.4,3581
2026-01-27T20:00:00,5135.4,5221.0,5134.5,5213.5,18251
2026-01-27T21:00:00,5213.4,5229.9,5207.3,5218.2,7300
2026-01-27T23:00:00,5219.1,5224.2,5195.7,5208.9,23491
2026-01-28T00:00:00,5208.8,5216.2,5193.5,5207.8,19404
2026-01-28T01:00:00,5207.6,5260.3,5203.8,5238.6,49658
2026-01-28T02:00:00,5238.9,5267.1,5234.5,5264.6,33037
2026-01-28T03:00:00,5264.5,5280.4,5257.1,5267.5,33080
2026-01-28T04:00:00,5267.6,5283.2,5265.5,5279.8,16888
2026-01-28T05:00:00,5279.6,5298.2,5275.6,5292.7,31111
2026-01-28T06:00:00,5292.6,5303.2,5283.7,5301.6,23510
2026-01-28T07:00:00,5301.8,5327.1,5294.5,5323.5,28344
2026-01-28T08:00:00,5323.7,5345.0,5313.3,5326.8,32946
2026-01-28T09:00:00,5327.0,5330.9,5296.9,5311.8,24622
2026-01-28T10:00:00,5311.8,5319.7,5302.5,5303.9,14854
2026-01-28T11:00:00,5304.3,5305.0,5271.0,5294.3,26031
2026-01-28T12:00:00,5294.3,5312.0,5283.2,5311.7,21122
2026-01-28T13:00:00,5311.5,5322.1,5289.0,5298.8,38825
2026-01-28T14:00:00,5298.8,5321.4,5280.8,5318.7,53781
2026-01-28T15:00:00,5318.7,5330.9,5266.0,5311.3,96302
2026-01-28T16:00:00,5311.7,5334.4,5307.2,5333.7,40071
2026-01-28T17:00:00,5334.1,5341.5,5316.0,5332.2,33505
2026-01-28T18:00:00,5332.3,5360.7,5301.2,5317.8,56152
2026-01-28T19:00:00,5315.0,5365.8,5299.8,5359.0,53274
2026-01-28T20:00:00,5358.7,5425.0,5353.7,5409.5,67262
2026-01-28T21:00:00,5409.6,5452.9,5409.6,5447.6,28159
2026-01-28T23:00:00,5449.3,5626.7,5447.6,5538.7,126829
2026-01-29T00:00:00,5539.6,5555.7,5482.6,5548.6,61730
2026-01-29T01:00:00,5548.5,5580.3,5472.0,5574.3,75508
2026-01-29T02:00:00,5574.0,5578.6,5532.6,5565.7,51706
2026-01-29T03:00:00,5565.7,5579.2,5538.4,5575.8,37336
2026-01-29T04:00:00,5576.0,5595.1,5563.6,5588.8,31089
2026-01-29T05:00:00,5588.2,5593.3,5544.3,5591.0,39150
2026-01-29T06:00:00,5591.0,5625.9,5583.3,5590.5,45460
2026-01-29T07:00:00,5591.0,5604.2,5565.7,5578.6,36824
2026-01-29T08:00:00,5578.6,5584.8,5504.1,5540.3,58053
2026-01-29T09:00:00,5540.1,5560.2,5528.2,5544.5,31457
2026-01-29T10:00:00,5544.5,5556.4,5513.1,5514.5,26808
2026-01-29T11:00:00,5514.4,5559.9,5501.0,5553.2,29142
2026-01-29T12:00:00,5553.2,5573.4,5549.1,5564.5,29127
2026-01-29T13:00:00,5564.8,5571.5,5529.1,5540.4,51592
2026-01-29T14:00:00,5540.6,5581.4,5519.1,5526.0,95140
2026-01-29T15:00:00,5525.4,5525.4,5130.0,5212.7,279574
2026-01-29T16:00:00,5211.8,5338.7,5201.4,5292.6,123616
2026-01-29T17:00:00,5292.7,5404.4,5292.3,5364.8,96655
2026-01-29T18:00:00,5364.4,5392.6,5335.9,5367.4,59576
2026-01-29T19:00:00,5368.5,5374.3,5317.7,5334.2,53693
2026-01-29T20:00:00,5335.2,5438.2,5309.0,5423.6,50810
2026-01-29T21:00:00,5423.2,5456.9,5397.6,5411.7,36454
2026-01-29T23:00:00,5410.2,5479.7,5406.7,5467.9,48116
2026-01-30T00:00:00,5467.8,5480.7,5418.5,5435.9,39941
2026-01-30T01:00:00,5436.1,5439.1,5320.4,5331.2,86242
2026-01-30T02:00:00,5331.0,5345.0,5146.0,5254.4,132485
2026-01-30T03:00:00,5254.4,5259.4,5177.6,5224.5,62984
2026-01-30T04:00:00,5224.7,5260.0,5222.0,5242.7,37332
2026-01-30T05:00:00,5242.4,5269.6,5207.3,5213.1,35040
2026-01-30T06:00:00,5212.6,5233.8,5172.1,5184.4,43527
2026-01-30T07:00:00,5184.4,5214.0,5142.9,5208.7,49264
2026-01-30T08:00:00,5209.2,5209.3,5079.7,5144.1,54037
2026-01-30T09:00:00,5144.0,5163.0,4963.4,5040.1,86593
2026-01-30T10:00:00,5040.0,5150.5,5028.0,5146.7,51205
2026-01-30T11:00:00,5146.3,5174.0,5114.1,5165.5,40711
2026-01-30T12:00:00,5165.3,5175.6,5081.0,5091.9,45515
2026-01-30T13:00:00,5092.8,5128.2,5018.5,5045.5,69192
2026-01-30T14:00:00,5046.8,5142.2,5040.0,5060.2,74271
2026-01-30T15:00:00,5060.1,5103.8,5006.2,5079.0,76014
2026-01-30T16:00:00,5079.3,5080.7,4964.0,5012.2,81763
2026-01-30T17:00:00,5011.5,5012.8,4825.3,4875.2,112421
2026-01-30T18:00:00,4874.3,4916.2,4700.0,4899.6,158070
2026-01-30T19:00:00,4899.5,4972.4,4860.0,4955.8,67288
2026-01-30T20:00:00,4955.5,4957.4,4828.1,4870.4,57162
2026-01-30T21:00:00,4870.7,4916.6,4854.7,4914.9,30632
2026-02-01T23:00:00,4835.1,4880.0,4707.9,4765.1,81325
2026-02-02T00:00:00,4764.9,4906.3,4761.9,4790.8,85727
2026-02-02T01:00:00,4791.1,4809.6,4603.8,4760.8,129830
2026-02-02T02:00:00,4760.6,4796.9,4718.9,4732.7,64196
2026-02-02T03:00:00,4732.7,4752.9,4649.6,4666.5,72195
2026-02-02T04:00:00,4667.2,4735.0,4622.0,4698.7,58273
2026-02-02T05:00:00,4698.4,4716.6,4515.2,4572.3,68843
2026-02-02T06:00:00,4572.2,4597.3,4424.0,4526.2,78911
2026-02-02T07:00:00,4526.6,4641.0,4502.0,4609.1,50312
2026-02-02T08:00:00,4609.5,4674.4,4580.0,4663.5,39065
2026-02-02T09:00:00,4662.1,4754.0,4623.3,4742.7,38768
2026-02-02T10:00:00,4741.9,4757.3,4678.0,4727.7,34309
2026-02-02T11:00:00,4727.8,4804.9,4725.0,4790.2,35244
2026-02-02T12:00:00,4790.5,4837.4,4766.7,4817.3,36871
2026-02-02T13:00:00,4816.8,4827.7,4692.6,4729.5,77635
2026-02-02T14:00:00,4729.7,4817.6,4703.2,4744.9,70981
2026-02-02T15:00:00,4742.1,4768.8,4638.3,4641.6,89303
2026-02-02T16:00:00,4642.3,4733.2,4618.5,4687.7,72557
2026-02-02T17:00:00,4688.0,4737.8,4677.8,4695.7,48469
2026-02-02T18:00:00,4695.8,4696.4,4639.0,4680.0,49947
2026-02-02T19:00:00,4680.2,4735.9,4652.4,4708.1,39431
2026-02-02T20:00:00,4707.2,4723.9,4670.4,4677.6,35493
2026-02-02T21:00:00,4677.3,4712.0,4666.6,4683.4,18014
2026-02-02T23:00:00,4685.3,4800.0,4685.2,4797.4,46061
2026-02-03T00:00:00,4798.1,4854.9,4788.0,4802.7,44882
2026-02-03T01:00:00,4803.2,4881.4,4788.2,4863.0,57705
2026-02-03T02:00:00,4863.0,4864.4,4768.3,4805.4,61635
2026-02-03T03:00:00,4805.6,4835.6,4773.3,4831.1,36584
2026-02-03T04:00:00,4831.0,4848.5,4823.1,4832.5,23163
2026-02-03T05:00:00,4832.5,4864.6,4831.2,4847.5,26108
2026-02-03T06:00:00,4847.6,4916.7,4837.2,4902.7,40233
2026-02-03T07:00:00,4902.0,4956.2,4892.7,4939.8,38800
2026-02-03T08:00:00,4940.1,4974.4,4920.9,4935.7,34891
2026-02-03T09:00:00,4935.6,4950.1,4908.4,4940.1,33170
2026-02-03T10:00:00,4939.9,4953.2,4922.9,4924.3,19687
2026-02-03T11:00:00,4924.5,4942.2,4904.6,4939.0,22701
2026-02-03T12:00:00,4939.3,4959.9,4915.0,4937.9,28347
2026-02-03T13:00:00,4938.4,4977.7,4926.2,4958.2,46409
2026-02-03T14:00:00,4958.9,4963.3,4916.8,4939.3,57325
2026-02-03T15:00:00,4939.2,4971.9,4926.1,4957.9,50895
2026-02-03T16:00:00,4957.9,5018.3,4952.0,4978.4,60116
2026-02-03T17:00:00,4978.3,4993.5,4929.6,4951.3,62855
2026-02-03T18:00:00,4951.2,4977.5,4907.0,4930.8,51761
2026-02-03T19:00:00,4930.8,4971.8,4901.6,4949.5,41773
2026-02-03T20:00:00,4949.5,4980.4,4924.0,4967.5,32651
2026-02-03T21:00:00,4967.3,4987.7,4956.7,4969.1,12429
2026-02-03T23:00:00,4969.7,4995.6,4931.1,4969.1,33645
2026-02-04T00:00:00,4968.8,5039.4,4967.6,5037.8,41410
2026-02-04T01:00:00,5038.2,5075.5,5006.7,5067.6,51260
2026-02-04T02:00:00,5067.0,5086.6,5055.7,5060.4,30643
2026-02-04T03:00:00,5060.2,5094.1,5056.1,5090.1,24956
2026-02-04T04:00:00,5090.3,5101.9,5076.4,5100.4,14773
2026-02-04T05:00:00,5100.4,5109.5,5088.3,5098.9,19324
2026-02-04T06:00:00,5099.0,5102.4,5070.6,5097.8,24342
2026-02-04T07:00:00,5098.0,5113.6,5082.6,5106.8,23920
2026-02-04T08:00:00,5106.4,5114.0,5091.1,5106.0,19601
2026-02-04T09:00:00,5106.1,5109.6,5065.9,5082.5,26761
2026-02-04T10:00:00,5082.8,5087.4,5064.1,5072.0,21603
2026-02-04T11:00:00,5071.6,5076.9,5036.4,5070.7,25400
2026-02-04T12:00:00,5070.7,5086.6,5058.0,5063.8,21870
2026-02-04T13:00:00,5064.2,5087.3,5045.4,5077.4,35620
2026-02-04T14:00:00,5077.5,5082.3,4988.0,5009.1,81215
2026-02-04T15:00:00,5007.8,5030.5,4909.0,4943.3,101522
2026-02-04T16:00:00,4943.2,4964.9,4868.4,4926.4,72132
2026-02-04T17:00:00,4926.3,4953.2,4909.0,4920.1,50301
2026-02-04T18:00:00,4919.8,4957.3,4893.8,4949.5,38612
2026-02-04T19:00:00,4949.5,4979.6,4936.2,4963.7,26891
2026-02-04T20:00:00,4963.7,4975.0,4935.4,4961.8,18950
2026-02-04T21:00:00,4960.8,4994.0,4960.2,4987.1,7593
2026-02-04T23:00:00,4987.0,5045.0,4986.2,5032.7,31938
2026-02-05T00:00:00,5032.9,5042.2,5017.2,5027.9,27602
2026-02-05T01:00:00,5028.3,5033.9,4957.3,4979.8,67082
2026-02-05T02:00:00,4979.7,4982.9,4822.0,4831.6,103668
2026-02-05T03:00:00,4830.6,4907.3,4808.5,4898.4,73001
2026-02-05T04:00:00,4898.0,4911.4,4880.9,4882.7,31007
2026-02-05T05:00:00,4882.2,4924.4,4843.1,4913.5,40912
2026-02-05T06:00:00,4913.6,4951.7,4894.0,4937.4,32435
2026-02-05T07:00:00,4938.2,4959.5,4914.2,4933.8,30795
2026-02-05T08:00:00,4933.5,4962.4,4921.3,4933.6,21721
2026-02-05T09:00:00,4934.3,4937.0,4870.7,4875.9,29745
2026-02-05T10:00:00,4876.1,4907.3,4867.9,4897.0,17590
2026-02-05T11:00:00,4897.1,4915.3,4884.3,4890.3,14080
2026-02-05T12:00:00,4889.6,4900.7,4831.0,4876.3,39316
2026-02-05T13:00:00,4876.3,4892.5,4821.4,4857.4,50772
2026-02-05T14:00:00,4858.0,4891.6,4826.9,4868.5,55908
2026-02-05T15:00:00,4866.7,4888.1,4820.2,4837.8,54975
2026-02-05T16:00:00,4837.7,4930.6,4832.7,4911.4,42964
2026-02-05T17:00:00,4911.4,4913.9,4881.5,4891.9,27685
2026-02-05T18:00:00,4891.5,4898.5,4872.8,4880.9,22538
2026-02-05T19:00:00,4880.5,4888.5,4845.9,4851.9,20606
2026-02-05T20:00:00,4852.6,4866.5,4814.3,4833.6,24568
2026-02-05T21:00:00,4833.4,4848.8,4778.5,4797.8,21455
2026-02-05T23:00:00,4804.2,4815.9,4720.8,4722.1,38995
2026-02-06T00:00:00,4721.9,4782.5,4670.1,4779.5,71568
2026-02-06T01:00:00,4779.5,4803.4,4710.0,4792.4,64997
2026-02-06T02:00:00,4792.0,4864.0,4778.0,4833.7,51619
2026-02-06T03:00:00,4833.2,4856.5,4817.5,4841.2,28948
2026-02-06T04:00:00,4841.2,4849.3,4823.9,4831.3,14573
2026-02-06T05:00:00,4830.8,4916.1,4824.9,4915.4,29171
2026-02-06T06:00:00,4915.3,4921.6,4843.1,4865.3,32050
2026-02-06T07:00:00,4865.4,4882.2,4857.4,4861.9,16649
2026-02-06T08:00:00,4861.7,4904.7,4849.5,4884.8,19407
2026-02-06T09:00:00,4884.2,4895.9,4860.9,4888.8,13888
2026-02-06T10:00:00,4889.0,4902.5,4872.6,4899.7,10538
2026-02-06T11:00:00,4899.6,4918.5,4885.1,4909.4,13210
2026-02-06T12:00:00,4909.4,4926.8,4891.3,4921.6,21735
2026-02-06T13:00:00,4921.9,4960.8,4918.1,4951.1,37301
2026-02-06T14:00:00,4951.4,4974.0,4916.1,4971.9,33249
2026-02-06T15:00:00,4970.4,4988.5,4951.6,4967.2,36952
2026-02-06T16:00:00,4966.9,4977.2,4945.1,4975.7,31246
2026-02-06T17:00:00,4975.6,4993.0,4972.0,4984.4,19677
2026-02-06T18:00:00,4984.8,4995.9,4967.3,4986.1,17511
2026-02-06T19:00:00,4986.1,4986.8,4972.1,4980.8,10098
2026-02-06T20:00:00,4980.7,4983.1,4960.2,4977.0,15562
2026-02-06T21:00:00,4977.2,4992.5,4968.8,4988.0,7799
2026-02-08T23:00:00,5001.4,5068.7,4987.9,5057.2,40536
2026-02-09T00:00:00,5057.5,5066.7,5033.2,5041.1,27903
2026-02-09T01:00:00,5041.7,5064.3,4996.8,5003.3,34730
2026-02-09T02:00:00,5003.4,5037.7,4989.3,5026.9,23603
2026-02-09T03:00:00,5026.6,5051.6,5025.0,5036.6,14531
2026-02-09T04:00:00,5036.6,5045.6,5028.1,5033.3,10764
2026-02-09T05:00:00,5033.7,5062.5,5031.9,5057.8,15301
2026-02-09T06:00:00,5057.9,5067.5,5035.5,5053.0,20575
2026-02-09T07:00:00,5052.9,5052.9,5016.4,5027.2,22153
2026-02-09T08:00:00,5027.4,5057.0,5023.4,5048.5,15120
2026-02-09T09:00:00,5048.4,5062.2,5023.4,5028.5,15717
2026-02-09T10:00:00,5029.0,5037.1,5002.7,5012.0,21847
2026-02-09T11:00:00,5011.7,5039.7,5009.3,5032.2,12856
2026-02-09T12:00:00,5032.3,5043.4,5028.3,5035.4,13355
2026-02-09T13:00:00,5035.6,5047.0,5016.6,5028.6,26379
2026-02-09T14:00:00,5028.6,5063.4,5023.8,5059.8,34375
2026-02-09T15:00:00,5059.6,5084.3,5045.5,5082.2,35801
2026-02-09T16:00:00,5082.3,5105.9,5080.0,5097.2,28635
2026-02-09T17:00:00,5097.5,5099.9,5064.7,5070.1,21521
2026-02-09T18:00:00,5070.3,5088.4,5068.3,5086.7,16677
2026-02-09T19:00:00,5086.8,5104.4,5086.5,5098.5,11792
2026-02-09T20:00:00,5098.4,5111.8,5096.0,5103.6,15098
2026-02-09T21:00:00,5103.7,5107.4,5072.4,5081.7,11378
2026-02-09T23:00:00,5085.2,5100.0,5011.0,5055.0,30468
2026-02-10T00:00:00,5055.8,5073.0,5031.3,5042.3,19475
2026-02-10T01:00:00,5042.3,5061.8,5035.6,5055.4,30484
2026-02-10T02:00:00,5055.4,5078.9,5052.6,5060.3,25726
2026-02-10T03:00:00,5060.0,5060.7,5036.6,5051.6,20170
2026-02-10T04:00:00,5051.9,5056.4,5039.4,5053.6,10180
2026-02-10T05:00:00,5053.4,5063.0,5032.5,5061.4,17442
2026-02-10T06:00:00,5061.3,5068.0,5040.6,5046.0,17443
2026-02-10T07:00:00,5045.8,5057.6,5039.9,5055.5,15666
2026-02-10T08:00:00,5055.0,5077.2,5049.5,5063.7,17186
2026-02-10T09:00:00,5063.6,5085.4,5062.4,5068.7,15327
2026-02-10T10:00:00,5068.7,5081.2,5059.5,5070.0,15090
2026-02-10T11:00:00,5070.0,5080.9,5067.2,5079.4,9436
2026-02-10T12:00:00,5079.6,5080.7,5042.2,5054.3,21885
2026-02-10T13:00:00,5054.2,5081.7,5048.4,5073.5,24901
2026-02-10T14:00:00,5074.0,5102.7,5043.2,5062.6,46335
2026-02-10T15:00:00,5062.1,5070.6,5021.7,5042.0,45710
2026-02-10T16:00:00,5042.4,5049.6,5027.4,5046.5,27407
2026-02-10T17:00:00,5046.7,5063.5,5043.6,5049.4,16705
2026-02-10T18:00:00,5049.2,5051.1,5026.6,5035.7,19908
2026-02-10T19:00:00,5035.8,5053.2,5031.2,5050.8,12241
2026-02-10T20:00:00,5050.7,5069.0,5042.7,5052.5,14748
2026-02-10T21:00:00,5052.3,5055.1,5042.9,5047.8,6296
2026-02-10T23:00:00,5048.9,5077.3,5046.3,5064.9,12947
2026-02-11T00:00:00,5064.9,5072.3,5050.6,5060.8,16008
2026-02-11T01:00:00,5060.9,5076.0,5053.6,5075.3,18074
2026-02-11T02:00:00,5075.1,5081.7,5055.5,5079.2,18107
2026-02-11T03:00:00,5079.0,5085.2,5068.4,5078.4,12821
2026-02-11T04:00:00,5078.4,5083.8,5070.0,5070.9,8296
2026-02-11T05:00:00,5071.1,5088.2,5067.6,5076.8,15545
2026-02-11T06:00:00,5076.9,5088.6,5073.2,5088.0,12277
2026-02-11T07:00:00,5088.1,5093.3,5072.5,5079.1,20713
2026-02-11T08:00:00,5079.0,5084.0,5068.4,5076.8,10837
2026-02-11T09:00:00,5077.3,5096.0,5070.5,5086.4,12614
2026-02-11T10:00:00,5086.7,5129.7,5086.2,5118.2,26947
2026-02-11T11:00:00,5118.5,5141.6,5107.6,5137.0,20412
2026-02-11T12:00:00,5136.9,5144.4,5070.7,5107.0,38990
2026-02-11T13:00:00,5106.9,5114.9,5039.6,5088.4,61622
2026-02-11T14:00:00,5088.5,5107.3,5058.7,5082.5,51779
2026-02-11T15:00:00,5082.1,5105.2,5062.0,5083.9,55970
2026-02-11T16:00:00,5083.5,5101.9,5065.2,5098.8,32259
2026-02-11T17:00:00,5098.9,5123.3,5091.5,5116.1,26468
2026-02-11T18:00:00,5116.4,5118.0,5090.0,5107.0,20241
2026-02-11T19:00:00,5106.7,5119.5,5101.2,5106.3,13794
2026-02-11T20:00:00,5106.4,5114.7,5102.3,5111.3,9645
2026-02-11T21:00:00,5111.4,5118.0,5094.0,5107.3,8464
2026-02-11T23:00:00,5109.3,5123.5,5075.0,5082.7,17668
2026-02-12T00:00:00,5082.9,5090.0,5070.8,5084.8,18026
2026-02-12T01:00:00,5084.4,5085.6,5065.6,5084.5,21323
2026-02-12T02:00:00,5084.4,5093.7,5075.6,5086.9,15527
2026-02-12T03:00:00,5086.6,5095.9,5075.9,5078.5,12925
2026-02-12T04:00:00,5078.2,5090.9,5072.0,5090.0,8647
2026-02-12T05:00:00,5090.0,5099.7,5085.8,5096.7,12340
2026-02-12T06:00:00,5096.9,5097.8,5068.5,5081.0,17081
2026-02-12T07:00:00,5081.0,5087.6,5073.3,5085.4,12305
2026-02-12T08:00:00,5085.5,5094.9,5073.5,5089.9,14525
2026-02-12T09:00:00,5089.6,5102.5,5087.3,5094.9,11130
2026-02-12T10:00:00,5095.1,5099.2,5077.5,5083.5,12042
2026-02-12T11:00:00,5083.5,5090.2,5080.7,5085.7,6712
2026-02-12T12:00:00,5086.0,5090.6,5070.5,5074.9,12548
2026-02-12T13:00:00,5074.6,5106.6,5073.1,5098.3,23287
2026-02-12T14:00:00,5098.4,5101.3,5061.4,5067.1,41495
2026-02-12T15:00:00,5067.0,5098.0,5062.1,5083.9,33604
2026-02-12T16:00:00,5083.8,5091.5,4899.7,4976.1,140784
2026-02-12T17:00:00,4975.7,5003.9,4959.6,4961.2,47112
2026-02-12T18:00:00,4961.2,4972.6,4926.5,4955.8,45066
2026-02-12T19:00:00,4955.6,4978.6,4946.6,4965.9,22698
2026-02-12T20:00:00,4965.4,4968.7,4931.3,4935.0,21139
2026-02-12T21:00:00,4935.6,4947.2,4931.6,4940.8,8069
2026-02-12T23:00:00,4947.4,4952.1,4907.2,4938.9,19207
2026-02-13T00:00:00,4938.9,4968.0,4932.5,4946.7,20374
2026-02-13T01:00:00,4947.0,5007.9,4945.6,4999.7,29790
2026-02-13T02:00:00,4999.4,5010.7,4991.1,5007.5,16398
2026-02-13T03:00:00,5007.2,5008.0,4991.8,5000.4,9553
2026-02-13T04:00:00,5000.2,5016.3,4991.7,4995.7,10109
2026-02-13T05:00:00,4996.0,5005.5,4963.6,4965.2,17475
2026-02-13T06:00:00,4965.4,4988.0,4964.3,4986.3,14614
2026-02-13T07:00:00,4986.1,5001.9,4970.1,4994.4,16057
2026-02-13T08:00:00,4994.6,5009.3,4990.0,5002.4,11752
2026-02-13T09:00:00,5002.4,5002.6,4981.2,4990.3,9462
2026-02-13T10:00:00,4990.3,5001.2,4967.4,4970.1,9913
2026-02-13T11:00:00,4970.2,4975.5,4952.7,4973.6,14910
2026-02-13T12:00:00,4973.3,4994.6,4971.8,4989.4,12952
2026-02-13T13:00:00,4990.0,5023.2,4977.5,5008.0,26145
2026-02-13T14:00:00,5007.7,5035.0,4985.2,5018.2,44047
2026-02-13T15:00:00,5018.8,5043.6,4995.4,4998.7,40702
2026-02-13T16:00:00,4998.7,5056.8,4997.4,5029.9,32854
2026-02-13T17:00:00,5029.9,5051.8,5027.7,5043.5,16298
2026-02-13T18:00:00,5043.5,5059.2,5037.4,5053.7,14056
2026-02-13T19:00:00,5054.0,5069.4,5046.0,5046.0,13088
2026-02-13T20:00:00,5046.4,5057.0,5043.1,5054.0,12693
2026-02-13T21:00:00,5054.0,5067.6,5050.6,5064.0,5415
2026-02-15T23:00:00,5053.8,5079.0,5025.3,5038.9,18063
2026-02-16T00:00:00,5039.5,5043.4,5017.6,5034.7,10195
2026-02-16T01:00:00,5034.5,5052.0,5025.9,5047.8,10647
2026-02-16T02:00:00,5047.9,5051.0,5011.3,5014.3,14942
2026-02-16T03:00:00,5014.1,5019.9,4988.9,5006.3,15199
2026-02-16T04:00:00,5006.3,5011.7,4988.8,4996.6,10526
2026-02-16T05:00:00,4996.3,5010.4,4981.8,5009.2,9613
2026-02-16T06:00:00,5009.2,5022.1,5003.6,5013.6,7647
2026-02-16T07:00:00,5013.5,5029.8,5007.2,5026.6,9400
2026-02-16T08:00:00,5027.0,5033.0,5015.1,5028.1,9296
2026-02-16T09:00:00,5028.0,5037.6,5027.7,5033.8,6534
2026-02-16T10:00:00,5033.3,5037.6,5020.3,5026.6,7648
2026-02-16T11:00:00,5026.9,5029.0,5019.2,5025.0,5706
2026-02-16T12:00:00,5024.8,5028.6,5013.3,5022.8,7892
2026-02-16T13:00:00,5023.0,5024.7,5009.9,5017.6,7814
2026-02-16T14:00:00,5017.6,5020.4,5001.5,5008.5,9718
2026-02-16T15:00:00,5008.5,5008.5,4988.9,4999.9,12448
2026-02-16T16:00:00,4999.9,5010.6,4993.2,5008.7,9475
2026-02-16T17:00:00,5008.8,5016.7,5008.3,5013.0,5209
2026-02-16T18:00:00,5013.0,5019.0,5008.5,5015.0,2985
2026-02-16T19:00:00,5015.7,5017.7,5010.7,5014.6,1192
2026-02-16T23:00:00,5015.0,5022.2,5004.8,5010.0,9095
2026-02-17T00:00:00,5010.0,5011.9,4949.6,4954.3,21515
2026-02-17T01:00:00,4954.7,4983.4,4940.7,4976.5,22721
2026-02-17T02:00:00,4976.1,4990.8,4973.3,4985.8,10570
2026-02-17T03:00:00,4985.9,4989.1,4968.0,4975.4,10356
2026-02-17T04:00:00,4975.4,4978.8,4964.6,4971.0,7957
2026-02-17T05:00:00,4970.8,4972.3,4874.0,4906.7,38827
2026-02-17T06:00:00,4907.6,4933.0,4905.0,4928.9,16081
2026-02-17T07:00:00,4929.0,4941.2,4922.1,4935.6,12936
2026-02-17T08:00:00,4935.8,4949.2,4934.7,4939.5,11295
2026-02-17T09:00:00,4939.4,4951.9,4929.2,4945.0,10689
2026-02-17T10:00:00,4944.7,4959.1,4926.4,4932.4,11930
2026-02-17T11:00:00,4932.6,4950.7,4932.2,4949.0,8479
2026-02-17T12:00:00,4948.6,4963.9,4947.4,4951.5,12105
2026-02-17T13:00:00,4951.3,4953.1,4888.0,4889.2,27109
2026-02-17T14:00:00,4888.9,4926.2,4854.9,4881.8,52824
2026-02-17T15:00:00,4881.3,4901.8,4867.3,4897.3,36692
2026-02-17T16:00:00,4897.5,4913.0,4886.7,4888.0,23848
2026-02-17T17:00:00,4887.6,4890.1,4868.3,4884.3,19851
2026-02-17T18:00:00,4884.1,4931.0,4881.1,4917.6,21251
2026-02-17T19:00:00,4918.0,4921.0,4894.7,4899.3,12197
2026-02-17T20:00:00,4898.6,4903.4,4891.7,4896.7,9363
2026-02-17T21:00:00,4896.4,4905.7,4893.3,4897.3,4696
2026-02-17T23:00:00,4897.5,4902.8,4868.9,4875.8,15043
2026-02-18T00:00:00,4875.8,4901.5,4874.9,4892.2,12420
2026-02-18T01:00:00,4891.8,4911.8,4891.6,4907.8,12594
2026-02-18T02:00:00,4907.9,4925.7,4904.2,4923.4,10352
2026-02-18T03:00:00,4923.7,4940.8,4922.3,4939.1,9449
2026-02-18T04:00:00,4939.3,4960.3,4937.0,4953.1,10639
2026-02-18T05:00:00,4953.4,4959.4,4948.8,4952.5,7198
2026-02-18T06:00:00,4952.4,4955.5,4944.1,4950.0,8366
2026-02-18T07:00:00,4949.9,4962.0,4948.6,4950.1,8406
2026-02-18T08:00:00,4949.8,4953.3,4936.0,4937.4,9627
2026-02-18T09:00:00,4937.4,4943.7,4933.1,4937.7,9250
2026-02-18T10:00:00,4937.6,4945.4,4929.3,4934.8,10407
2026-02-18T11:00:00,4934.8,4938.9,4926.2,4932.9,7059
2026-02-18T12:00:00,4933.1,4967.7,4932.0,4963.4,14757
2026-02-18T13:00:00,4963.1,4989.6,4963.0,4974.6,23144
2026-02-18T14:00:00,4974.9,5015.6,4972.5,5012.5,30114
2026-02-18T15:00:00,5012.3,5029.7,5012.0,5018.6,27350
2026-02-18T16:00:00,5018.7,5032.3,5011.8,5021.3,18668
2026-02-18T17:00:00,5021.4,5022.9,5014.1,5020.2,10179
2026-02-18T18:00:00,5020.3,5024.5,5000.8,5008.3,14817
2026-02-18T19:00:00,5008.3,5016.5,4993.6,5001.1,16377
2026-02-18T20:00:00,5000.8,5008.5,4996.0,5005.3,10551
2026-02-18T21:00:00,5005.0,5007.0,4995.8,4996.2,4196
2026-02-18T23:00:00,4994.2,5007.9,4970.0,4994.8,13731
2026-02-19T00:00:00,4994.4,4995.2,4977.6,4980.0,12069
2026-02-19T01:00:00,4979.9,4995.0,4979.0,4992.4,9588
2026-02-19T02:00:00,4992.3,4996.7,4984.8,4986.9,8453
2026-02-19T03:00:00,4987.0,5002.6,4985.1,5000.7,8224
2026-02-19T04:00:00,5000.5,5004.6,4995.1,5002.9,7069
2026-02-19T05:00:00,5002.8,5017.2,5002.7,5014.8,8721
2026-02-19T06:00:00,5014.8,5038.1,5014.5,5035.9,11114
2026-02-19T07:00:00,5036.2,5039.8,5026.3,5028.4,10066
2026-02-19T08:00:00,5028.2,5040.9,5024.1,5035.4,9007
2026-02-19T09:00:00,5035.6,5039.2,5011.9,5014.6,12393
2026-02-19T10:00:00,5014.8,5015.4,5000.5,5012.8,12218
2026-02-19T11:00:00,5013.0,5016.3,4996.8,5003.3,10526
2026-02-19T12:00:00,5003.6,5012.2,4999.3,5004.3,9980
2026-02-19T13:00:00,5004.7,5018.9,4988.4,5016.7,18279
2026-02-19T14:00:00,5016.5,5029.8,4982.1,5025.0,32285
2026-02-19T15:00:00,5025.5,5042.9,5014.9,5033.8,28690
2026-02-19T16:00:00,5033.9,5034.3,5009.0,5014.4,23203
2026-02-19T17:00:00,5014.4,5021.0,5001.6,5004.4,15101
2026-02-19T18:00:00,5004.5,5008.8,4994.1,5000.8,14188
2026-02-19T19:00:00,5000.7,5009.7,4996.9,5006.7,10095
2026-02-19T20:00:00,5006.5,5022.2,5006.4,5020.5,8601
2026-02-19T21:00:00,5020.6,5023.0,5010.4,5013.2,5723
2026-02-19T23:00:00,5018.5,5026.5,5003.4,5006.1,9186
2026-02-20T00:00:00,5006.3,5025.5,5003.6,5024.7,8531
2026-02-20T01:00:00,5024.7,5033.8,5012.6,5015.4,14700
2026-02-20T02:00:00,5015.2,5025.8,5010.5,5014.1,10857
2026-02-20T03:00:00,5013.8,5017.6,4999.1,5006.0,11898
2026-02-20T04:00:00,5006.1,5021.0,5004.0,5017.6,5677
2026-02-20T05:00:00,5017.8,5030.1,5015.7,5029.8,8357
2026-02-20T06:00:00,5030.2,5048.9,5029.7,5039.2,14513
2026-02-20T07:00:00,5038.9,5047.2,5024.6,5025.3,11871
2026-02-20T08:00:00,5025.7,5050.7,5023.7,5048.2,13230
2026-02-20T09:00:00,5048.4,5062.6,5046.7,5047.3,13637
2026-02-20T10:00:00,5047.7,5058.1,5039.0,5054.6,12227
2026-02-20T11:00:00,5054.5,5054.8,5034.6,5036.6,10281
2026-02-20T12:00:00,5036.7,5046.1,5025.9,5044.2,13561
2026-02-20T13:00:00,5044.3,5068.8,5037.4,5063.5,20021
2026-02-20T14:00:00,5063.4,5081.5,5057.0,5074.8,30055
2026-02-20T15:00:00,5073.6,5084.7,5005.0,5062.6,73530
2026-02-20T16:00:00,5062.4,5089.8,5058.2,5087.0,26322
2026-02-20T17:00:00,5087.3,5097.5,5075.2,5093.9,20315
2026-02-20T18:00:00,5093.7,5097.0,5075.4,5093.8,18336
2026-02-20T19:00:00,5093.9,5103.6,5091.0,5102.4,10037
2026-02-20T20:00:00,5102.2,5120.7,5099.6,5119.5,12744
2026-02-20T21:00:00,5119.4,5131.1,5114.3,5130.0,8818
2026-02-22T23:00:00,5128.9,5194.0,5121.6,5187.3,32751
2026-02-23T00:00:00,5186.9,5188.8,5150.8,5165.9,31613
2026-02-23T01:00:00,5166.3,5190.0,5161.5,5179.5,19555
2026-02-23T02:00:00,5179.2,5198.8,5178.5,5195.5,14449
2026-02-23T03:00:00,5195.6,5197.8,5173.2,5188.1,14029
2026-02-23T04:00:00,5188.1,5190.4,5177.0,5182.1,7572
2026-02-23T05:00:00,5182.2,5183.4,5173.0,5179.9,7131
2026-02-23T06:00:00,5180.0,5183.5,5166.3,5166.9,9512
2026-02-23T07:00:00,5167.0,5176.1,5146.1,5157.7,15964
2026-02-23T08:00:00,5157.7,5163.0,5142.1,5160.8,12752
2026-02-23T09:00:00,5160.7,5170.9,5159.6,5170.2,8923
2026-02-23T10:00:00,5170.1,5184.7,5165.4,5184.3,11737
2026-02-23T11:00:00,5184.0,5184.4,5167.2,5170.4,8771
2026-02-23T12:00:00,5170.2,5186.4,5165.8,5185.2,11016
2026-02-23T13:00:00,5184.7,5186.5,5164.1,5166.0,14882
2026-02-23T14:00:00,5166.1,5221.9,5161.0,5214.0,40923
2026-02-23T15:00:00,5213.4,5226.9,5201.6,5216.6,35519
2026-02-23T16:00:00,5216.4,5240.8,5196.1,5231.1,33119
2026-02-23T17:00:00,5231.2,5234.4,5211.3,5227.7,19081
2026-02-23T18:00:00,5227.9,5235.9,5220.9,5229.4,13242
2026-02-23T19:00:00,5229.5,5238.4,5226.5,5235.1,8967
2026-02-23T20:00:00,5234.9,5257.2,5234.5,5255.7,13693
2026-02-23T21:00:00,5255.3,5257.0,5245.7,5248.3,7067
2026-02-23T23:00:00,5247.8,5269.3,5240.9,5254.6,16006
2026-02-24T00:00:00,5254.3,5257.8,5236.3,5242.4,19513
2026-02-24T01:00:00,5242.6,5242.7,5163.9,5196.2,55713
2026-02-24T02:00:00,5196.3,5211.1,5184.8,5209.9,17102
2026-02-24T03:00:00,5209.6,5212.4,5190.6,5192.0,11890
2026-02-24T04:00:00,5191.6,5195.3,5180.7,5188.3,10612
2026-02-24T05:00:00,5188.0,5205.6,5183.7,5203.0,11705
2026-02-24T06:00:00,5202.7,5204.9,5175.7,5193.3,14005
2026-02-24T07:00:00,5193.0,5203.4,5183.8,5198.8,13029
2026-02-24T08:00:00,5198.6,5201.4,5183.5,5193.1,11584
2026-02-24T09:00:00,5192.5,5199.4,5185.4,5190.6,6406
2026-02-24T10:00:00,5190.2,5200.7,5181.9,5192.2,9090
2026-02-24T11:00:00,5192.4,5198.1,5190.1,5192.1,5309
2026-02-24T12:00:00,5191.9,5192.7,5161.1,5168.9,20566
2026-02-24T13:00:00,5169.2,5179.9,5127.6,5132.5,36937
2026-02-24T14:00:00,5132.5,5157.0,5110.6,5145.3,51538
2026-02-24T15:00:00,5146.3,5173.3,5135.7,5168.3,33802
2026-02-24T16:00:00,5168.4,5171.0,5148.2,5159.5,23872
2026-02-24T17:00:00,5159.7,5182.3,5159.3,5182.0,15644
2026-02-24T18:00:00,5181.8,5188.3,5171.9,5178.2,16452
2026-02-24T19:00:00,5178.1,5178.9,5164.2,5171.8,11924
2026-02-24T20:00:00,5171.8,5191.5,5164.0,5181.7,14773
2026-02-24T21:00:00,5181.8,5184.1,5157.7,5161.4,7898
2026-02-24T23:00:00,5161.5,5170.6,5138.2,5164.5,13998
2026-02-25T00:00:00,5164.9,5175.7,5154.4,5170.7,13956
2026-02-25T01:00:00,5170.6,5207.9,5162.7,5194.8,29943
2026-02-25T02:00:00,5194.6,5212.1,5184.2,5199.3,18643
2026-02-25T03:00:00,5199.2,5208.6,5196.0,5200.7,12506
2026-02-25T04:00:00,5200.6,5204.1,5190.0,5201.5,7460
2026-02-25T05:00:00,5201.8,5229.8,5201.5,5221.2,16384
2026-02-25T06:00:00,5221.2,5221.2,5201.6,5213.9,13058
2026-02-25T07:00:00,5214.0,5214.3,5199.2,5203.7,9373
2026-02-25T08:00:00,5203.6,5216.5,5202.7,5204.4,7997
2026-02-25T09:00:00,5204.3,5213.6,5195.0,5212.2,10484
2026-02-25T10:00:00,5212.6,5214.6,5188.1,5193.6,12620
2026-02-25T11:00:00,5193.7,5200.6,5173.4,5199.6,15581
2026-02-25T12:00:00,5199.4,5205.1,5195.0,5200.8,11907
2026-02-25T13:00:00,5201.0,5209.9,5198.7,5203.7,15554
2026-02-25T14:00:00,5203.5,5211.9,5177.1,5209.9,39591
2026-02-25T15:00:00,5209.4,5221.8,5190.6,5214.5,40130
2026-02-25T16:00:00,5214.1,5233.7,5209.2,5231.7,23903
2026-02-25T17:00:00,5231.6,5237.2,5223.0,5226.5,17743
2026-02-25T18:00:00,5226.6,5226.8,5226.2,5226.7,38
2026-02-25T19:00:00,5226.0,5228.9,5220.0,5224.3,5128
2026-02-25T20:00:00,5224.2,5225.8,5163.0,5170.5,28120
2026-02-25T21:00:00,5170.9,5191.7,5168.5,5184.0,14879
2026-02-25T23:00:00,5175.1,5198.6,5174.4,5178.6,17653
2026-02-26T00:00:00,5179.0,5207.4,5170.7,5203.3,20083
2026-02-26T01:00:00,5203.4,5214.0,5194.2,5206.9,20660
2026-02-26T02:00:00,5206.7,5211.3,5189.1,5199.7,14793
2026-02-26T03:00:00,5200.0,5209.2,5198.3,5208.3,8836
2026-02-26T04:00:00,5208.1,5215.2,5206.4,5208.7,7016
2026-02-26T05:00:00,5208.8,5221.7,5205.7,5214.6,11025
2026-02-26T06:00:00,5214.5,5216.0,5206.8,5209.8,7280
2026-02-26T07:00:00,5210.2,5211.5,5196.2,5202.6,11361
2026-02-26T08:00:00,5202.9,5207.7,5183.1,5195.5,16788
2026-02-26T09:00:00,5195.4,5205.7,5190.1,5202.7,7118
2026-02-26T10:00:00,5202.7,5206.4,5181.0,5187.0,10776
2026-02-26T11:00:00,5186.8,5194.2,5176.6,5180.6,9159
2026-02-26T12:00:00,5180.9,5204.1,5173.1,5200.2,15947
2026-02-26T13:00:00,5199.8,5202.0,5180.4,5182.2,19742
2026-02-26T14:00:00,5182.2,5192.5,5155.1,5181.0,39307
2026-02-26T15:00:00,5180.8,5210.3,5145.2,5202.7,51416
2026-02-26T16:00:00,5202.9,5204.4,5189.4,5196.5,21283
2026-02-26T17:00:00,5196.5,5207.3,5178.6,5183.6,17765
2026-02-26T18:00:00,5184.2,5202.9,5176.4,5196.9,18271
2026-02-26T19:00:00,5196.9,5211.4,5196.2,5204.1,11660
2026-02-26T20:00:00,5204.0,5218.3,5203.8,5213.5,12567
2026-02-26T21:00:00,5213.7,5218.0,5200.0,5201.5,6632
2026-02-26T23:00:00,5202.4,5207.7,5192.1,5201.1,7917
2026-02-27T00:00:00,5201.3,5211.5,5186.4,5191.5,14106
2026-02-27T01:00:00,5191.8,5210.6,5182.7,5210.0,15374
2026-02-27T02:00:00,5210.1,5215.9,5190.3,5200.6,16875
2026-02-27T03:00:00,5200.3,5207.4,5197.7,5200.8,8997
2026-02-27T04:00:00,5200.7,5205.5,5197.2,5198.2,4821
2026-02-27T05:00:00,5198.1,5217.4,5197.6,5215.0,8947
2026-02-27T06:00:00,5214.7,5216.0,5202.0,5202.8,9348
2026-02-27T07:00:00,5203.0,5206.6,5192.5,5193.1,12896
2026-02-27T08:00:00,5193.2,5199.3,5191.0,5195.2,7483
2026-02-27T09:00:00,5195.3,5199.5,5188.6,5192.0,8061
2026-02-27T10:00:00,5192.5,5197.2,5184.0,5193.8,10308
2026-02-27T11:00:00,5193.5,5202.0,5188.4,5201.9,6266
2026-02-27T12:00:00,5202.0,5207.1,5199.5,5204.4,9241
2026-02-27T13:00:00,5204.5,5259.3,5203.4,5240.7,52235
2026-02-27T14:00:00,5240.7,5254.1,5230.7,5241.1,32380
2026-02-27T15:00:00,5240.8,5265.0,5232.4,5257.7,40525
2026-02-27T16:00:00,5257.9,5276.6,5240.4,5246.8,38608
2026-02-27T17:00:00,5247.0,5254.5,5237.4,5252.5,18922
2026-02-27T18:00:00,5252.4,5264.7,5240.0,5262.9,18094
2026-02-27T19:00:00,5263.1,5270.8,5258.5,5268.2,13490
2026-02-27T20:00:00,5268.0,5283.9,5266.9,5281.5,15141
2026-02-27T21:00:00,5281.6,5298.8,5275.5,5296.9,11194
2026-03-01T23:00:00,5346.4,5409.5,5322.6,5400.0,57043
2026-03-02T00:00:00,5400.8,5402.1,5353.5,5360.6,32667
2026-03-02T01:00:00,5360.9,5361.0,5313.7,5337.4,39553
2026-03-02T02:00:00,5337.2,5364.6,5329.0,5360.2,18498
2026-03-02T03:00:00,5360.0,5379.4,5357.4,5378.9,13600
2026-03-02T04:00:00,5378.6,5380.1,5358.0,5368.7,11407
2026-03-02T05:00:00,5368.8,5380.0,5353.6,5379.0,10950
2026-03-02T06:00:00,5379.1,5403.9,5376.6,5401.6,13911
2026-03-02T07:00:00,5401.5,5434.4,5398.8,5423.0,24830
2026-03-02T08:00:00,5422.9,5432.0,5405.8,5409.5,17470
2026-03-02T09:00:00,5408.8,5418.3,5400.5,5407.2,13327
2026-03-02T10:00:00,5407.7,5416.5,5393.3,5403.9,15070
2026-03-02T11:00:00,5404.0,5414.8,5387.0,5399.8,11657
2026-03-02T12:00:00,5399.8,5413.7,5393.5,5412.2,12263
2026-03-02T13:00:00,5412.5,5432.2,5396.0,5409.2,29496
2026-03-02T14:00:00,5409.1,5410.8,5319.0,5346.3,70600
2026-03-02T15:00:00,5344.9,5363.9,5322.0,5329.4,45198
2026-03-02T16:00:00,5329.0,5330.5,5273.1,5303.8,57890
2026-03-02T17:00:00,5304.1,5334.7,5300.7,5321.4,26534
2026-03-02T18:00:00,5321.2,5330.8,5303.0,5329.5,22816
2026-03-02T19:00:00,5329.5,5348.3,5327.7,5344.1,18306
2026-03-02T20:00:00,5344.2,5361.2,5342.0,5346.6,22055
2026-03-02T21:00:00,5346.4,5354.6,5335.4,5335.9,8613
2026-03-02T23:00:00,5335.0,5361.6,5335.0,5359.4,10783
2026-03-03T00:00:00,5359.7,5376.9,5350.4,5364.7,16772
2026-03-03T01:00:00,5364.5,5394.5,5351.4,5352.9,31903
2026-03-03T02:00:00,5353.3,5381.5,5346.3,5380.2,22236
2026-03-03T03:00:00,5380.4,5387.3,5372.3,5381.0,10342
2026-03-03T04:00:00,5381.0,5389.2,5372.7,5375.6,10533
2026-03-03T05:00:00,5375.1,5381.3,5317.8,5332.1,25166
2026-03-03T06:00:00,5332.1,5337.0,5291.8,5323.2,30546
2026-03-03T07:00:00,5322.8,5345.2,5318.4,5341.0,14864
2026-03-03T08:00:00,5340.7,5349.0,5302.7,5308.5,20039
2026-03-03T09:00:00,5308.4,5317.4,5236.0,5287.1,37287
2026-03-03T10:00:00,5286.9,5299.8,5248.2,5259.2,23676
2026-03-03T11:00:00,5258.7,5275.0,5081.9,5154.4,74211
2026-03-03T12:00:00,5154.3,5236.8,5148.0,5234.3,43244
2026-03-03T13:00:00,5234.0,5234.5,5137.1,5166.8,55387
2026-03-03T14:00:00,5167.0,5186.0,5025.1,5047.7,74095
2026-03-03T15:00:00,5048.3,5107.2,5005.0,5105.3,66948
2026-03-03T16:00:00,5105.3,5145.7,5099.7,5118.0,42647
2026-03-03T17:00:00,5118.1,5121.0,5075.1,5089.8,33473
2026-03-03T18:00:00,5089.5,5150.0,5089.2,5146.8,27950
2026-03-03T19:00:00,5146.8,5161.4,5108.7,5123.2,27692
2026-03-03T20:00:00,5123.6,5141.1,5092.3,5108.7,22287
2026-03-03T21:00:00,5109.2,5122.2,5093.9,5099.2,10097
2026-03-03T23:00:00,5105.0,5139.3,5093.4,5133.5,16385
2026-03-04T00:00:00,5133.4,5149.3,5114.4,5147.5,17705
2026-03-04T01:00:00,5147.9,5188.0,5147.9,5184.1,33512
2026-03-04T02:00:00,5183.9,5200.5,5162.5,5164.9,25045
2026-03-04T03:00:00,5164.9,5186.1,5150.0,5183.1,20001
2026-03-04T04:00:00,5183.3,5189.8,5160.4,5165.4,12414
2026-03-04T05:00:00,5165.5,5177.3,5160.3,5169.5,12624
2026-03-04T06:00:00,5168.8,5170.9,5128.5,5170.5,22259
2026-03-04T07:00:00,5170.7,5186.1,5168.3,5178.0,14476
2026-03-04T08:00:00,5178.1,5192.9,5157.7,5178.3,15804
2026-03-04T09:00:00,5178.0,5196.2,5170.2,5193.5,12937
2026-03-04T10:00:00,5193.7,5214.6,5191.1,5202.0,16544
2026-03-04T11:00:00,5201.5,5213.1,5199.3,5204.3,8664
2026-03-04T12:00:00,5204.1,5218.2,5167.9,5182.4,19808
2026-03-04T13:00:00,5182.3,5207.5,5177.7,5178.2,24605
2026-03-04T14:00:00,5178.5,5195.0,5148.0,5158.2,41904
2026-03-04T15:00:00,5156.9,5177.4,5140.1,5161.4,44264
2026-03-04T16:00:00,5161.5,5172.9,5148.6,5161.3,24757
2026-03-04T17:00:00,5161.2,5165.0,5131.5,5153.5,23430
2026-03-04T18:00:00,5153.1,5155.6,5118.7,5144.7,25098
2026-03-04T19:00:00,5144.7,5150.6,5133.3,5148.8,10346
2026-03-04T20:00:00,5148.6,5158.7,5134.7,5147.0,11374
2026-03-04T21:00:00,5146.8,5156.3,5141.7,5152.5,6154
2026-03-04T23:00:00,5158.8,5177.7,5155.3,5176.6,10363
2026-03-05T00:00:00,5176.5,5191.2,5170.6,5183.6,13653
2026-03-05T01:00:00,5184.0,5197.9,5175.4,5181.6,19756
2026-03-05T02:00:00,5181.4,5202.0,5180.7,5201.6,14711
2026-03-05T03:00:00,5201.6,5204.5,5187.1,5188.9,9956
2026-03-05T04:00:00,5189.1,5195.6,5175.0,5180.8,8813
2026-03-05T05:00:00,5180.9,5186.0,5156.7,5157.6,12990
2026-03-05T06:00:00,5157.7,5177.7,5129.4,5176.3,23543
2026-03-05T07:00:00,5175.9,5181.6,5167.2,5171.5,10960
2026-03-05T08:00:00,5171.4,5180.3,5146.3,5175.6,15354
2026-03-05T09:00:00,5175.7,5192.3,5162.8,5172.0,16747
2026-03-05T10:00:00,5171.5,5178.4,5156.6,5175.0,11210
2026-03-05T11:00:00,5175.2,5178.6,5166.8,5174.7,7385
2026-03-05T12:00:00,5174.7,5182.6,5171.6,5173.2,9775
2026-03-05T13:00:00,5173.3,5174.9,5085.6,5126.8,47582
2026-03-05T14:00:00,5127.2,5139.1,5098.6,5111.0,42301
2026-03-05T15:00:00,5110.7,5129.0,5066.8,5111.5,46507
2026-03-05T16:00:00,5111.5,5113.9,5061.8,5086.3,34522
2026-03-05T17:00:00,5086.7,5098.4,5063.2,5071.4,25145
2026-03-05T18:00:00,5071.0,5094.6,5057.1,5078.1,23975
2026-03-05T19:00:00,5078.0,5090.4,5063.5,5074.5,15580
2026-03-05T20:00:00,5074.4,5104.4,5070.8,5086.4,19795
2026-03-05T21:00:00,5086.3,5094.6,5081.5,5092.3,6786
2026-03-05T23:00:00,5096.4,5117.0,5091.2,5096.1,12283
2026-03-06T00:00:00,5095.7,5101.5,5077.4,5093.1,13138
2026-03-06T01:00:00,5093.0,5151.6,5074.1,5142.4,28610
2026-03-06T02:00:00,5141.9,5146.4,5129.4,5134.1,13531
2026-03-06T03:00:00,5133.8,5149.8,5132.0,5139.9,10426
2026-03-06T04:00:00,5139.9,5145.4,5134.8,5136.0,6060
2026-03-06T05:00:00,5136.0,5139.2,5122.4,5126.5,10644
2026-03-06T06:00:00,5126.6,5131.9,5118.0,5124.4,9036
2026-03-06T07:00:00,5124.4,5129.5,5114.0,5128.3,10766
2026-03-06T08:00:00,5128.5,5132.4,5104.4,5116.5,11300
2026-03-06T09:00:00,5117.1,5117.7,5090.8,5094.0,14165
2026-03-06T10:00:00,5094.3,5102.2,5084.1,5100.0,11833
2026-03-06T11:00:00,5100.8,5109.4,5070.5,5085.5,13838
2026-03-06T12:00:00,5086.2,5105.9,5084.8,5092.0,13872
2026-03-06T13:00:00,5091.7,5140.2,5073.2,5093.7,40783
2026-03-06T14:00:00,5093.5,5141.8,5089.3,5139.7,39718
2026-03-06T15:00:00,5140.0,5181.9,5137.4,5151.6,50620
2026-03-06T16:00:00,5151.7,5163.2,5135.1,5149.5,24183
2026-03-06T17:00:00,5149.9,5161.9,5138.3,5150.0,16553
2026-03-06T18:00:00,5149.9,5176.8,5147.8,5170.4,15332
2026-03-06T19:00:00,5170.6,5184.3,5165.2,5168.5,13894
2026-03-06T20:00:00,5168.3,5171.3,5157.5,5161.4,13207
2026-03-06T21:00:00,5161.3,5184.4,5159.1,5179.0,7366
2026-03-08T22:00:00,5186.2,5209.6,5112.8,5139.5,35074
2026-03-08T23:00:00,5139.7,5146.0,5050.1,5083.9,36065
2026-03-09T00:00:00,5083.4,5089.5,5035.1,5057.0,33514
2026-03-09T01:00:00,5056.7,5093.9,5020.8,5076.5,36819
2026-03-09T02:00:00,5076.5,5106.1,5061.3,5101.1,24016
2026-03-09T03:00:00,5101.0,5109.3,5087.6,5097.6,12500
2026-03-09T04:00:00,5097.2,5103.7,5091.3,5096.1,6257
2026-03-09T05:00:00,5096.5,5147.7,5087.1,5131.3,21845
2026-03-09T06:00:00,5130.9,5141.7,5103.9,5104.9,15813
2026-03-09T07:00:00,5105.1,5115.2,5095.0,5106.6,12834
2026-03-09T08:00:00,5106.8,5118.5,5094.6,5104.2,11595
2026-03-09T09:00:00,5104.1,5140.8,5103.0,5113.8,16100
2026-03-09T10:00:00,5113.9,5119.6,5090.4,5094.7,11449
2026-03-09T11:00:00,5094.9,5104.8,5086.2,5095.4,10862
2026-03-09T12:00:00,5096.4,5120.4,5096.3,5103.0,13430
2026-03-09T13:00:00,5103.5,5119.7,5074.6,5081.6,26536
2026-03-09T14:00:00,5081.3,5124.7,5067.4,5102.6,34456
2026-03-09T15:00:00,5102.5,5112.1,5087.6,5108.5,22825
2026-03-09T16:00:00,5108.3,5119.7,5103.0,5113.2,14551
2026-03-09T17:00:00,5113.3,5115.6,5097.7,5105.0,11099
2026-03-09T18:00:00,5104.9,5136.3,5101.3,5132.9,12342
2026-03-09T19:00:00,5133.2,5154.4,5128.0,5150.8,20822
2026-03-09T20:00:00,5150.9,5157.8,5143.7,5148.3,8354
2026-03-09T22:00:00,5150.1,5163.0,5126.0,5162.1,11321
2026-03-09T23:00:00,5162.4,5166.0,5145.0,5149.1,12261
2026-03-10T00:00:00,5149.2,5151.5,5134.6,5140.2,11601
2026-03-10T01:00:00,5140.4,5195.0,5133.6,5192.7,23120
2026-03-10T02:00:00,5193.1,5196.0,5172.0,5174.3,14781
2026-03-10T03:00:00,5174.2,5181.9,5163.2,5165.9,10530
2026-03-10T04:00:00,5165.8,5175.2,5162.6,5172.4,6002
2026-03-10T05:00:00,5172.4,5188.4,5172.4,5186.9,6932
2026-03-10T06:00:00,5187.0,5190.0,5180.7,5184.4,6988
2026-03-10T07:00:00,5184.3,5191.8,5167.4,5190.2,12085
2026-03-10T08:00:00,5190.4,5203.9,5184.4,5192.3,13721
2026-03-10T09:00:00,5192.7,5198.6,5189.2,5191.8,7062
2026-03-10T10:00:00,5191.6,5193.0,5165.7,5186.6,13216
2026-03-10T11:00:00,5186.6,5201.2,5180.6,5184.0,14255
2026-03-10T12:00:00,5184.3,5199.0,5171.2,5196.2,15650
2026-03-10T13:00:00,5196.4,5238.7,5195.0,5214.5,41782
2026-03-10T14:00:00,5215.3,5224.2,5193.7,5216.3,28673
2026-03-10T15:00:00,5216.2,5248.7,5212.3,5237.7,26950
2026-03-10T16:00:00,5238.1,5245.2,5232.2,5236.8,13860
2026-03-10T17:00:00,5236.8,5244.6,5232.6,5237.0,12792
2026-03-10T18:00:00,5237.2,5237.3,5169.1,5200.2,29599
2026-03-10T19:00:00,5200.4,5216.4,5188.1,5206.8,16278
2026-03-10T20:00:00,5206.8,5207.8,5197.8,5198.0,5473
2026-03-10T22:00:00,5199.0,5206.9,5191.3,5197.0,6847
2026-03-10T23:00:00,5197.2,5205.6,5195.0,5204.5,5890
2026-03-11T00:00:00,5204.5,5227.0,5193.7,5223.0,13463
2026-03-11T01:00:00,5222.9,5231.2,5215.8,5216.0,13627
2026-03-11T02:00:00,5216.0,5228.4,5201.8,5225.5,13936
2026-03-11T03:00:00,5225.4,5228.9,5207.5,5211.7,9485
2026-03-11T04:00:00,5211.7,5217.1,5207.6,5212.8,5285
2026-03-11T05:00:00,5212.6,5216.7,5198.0,5207.5,9045
2026-03-11T06:00:00,5207.3,5218.4,5199.2,5205.0,8735
2026-03-11T07:00:00,5205.1,5209.8,5192.2,5203.6,10680
2026-03-11T08:00:00,5203.3,5206.7,5182.6,5195.2,11568
2026-03-11T09:00:00,5194.9,5204.9,5187.1,5195.4,8531
2026-03-11T10:00:00,5195.7,5203.1,5184.8,5194.2,9270
2026-03-11T11:00:00,5194.2,5201.3,5183.0,5188.8,9242
2026-03-11T12:00:00,5188.9,5208.5,5173.2,5174.9,21029
2026-03-11T13:00:00,5175.0,5191.1,5156.0,5184.2,32395
2026-03-11T14:00:00,5184.1,5204.2,5181.9,5191.1,28585
2026-03-11T15:00:00,5190.8,5193.8,5171.2,5173.5,20192
2026-03-11T16:00:00,5173.5,5185.9,5170.5,5183.3,12738
2026-03-11T17:00:00,5183.3,5188.6,5161.1,5176.3,17187
2026-03-11T18:00:00,5176.9,5186.3,5176.0,5180.2,8117
2026-03-11T19:00:00,5180.0,5191.2,5176.6,5191.1,6868
2026-03-11T20:00:00,5190.9,5191.5,5182.9,5183.9,4085
2026-03-11T22:00:00,5183.9,5189.8,5135.6,5144.9,13599
2026-03-11T23:00:00,5144.7,5164.1,5138.6,5140.7,12839
2026-03-12T00:00:00,5140.3,5167.5,5130.1,5158.1,17501
2026-03-12T01:00:00,5158.0,5178.4,5156.3,5174.1,16626
2026-03-12T02:00:00,5173.8,5180.7,5150.6,5155.6,15635
2026-03-12T03:00:00,5155.8,5160.5,5151.8,5158.3,8825
2026-03-12T04:00:00,5158.5,5159.4,5145.3,5147.1,6086
2026-03-12T05:00:00,5147.3,5162.6,5142.0,5159.5,9864
2026-03-12T06:00:00,5159.3,5176.5,5152.5,5172.3,9568
2026-03-12T07:00:00,5171.9,5190.9,5169.9,5188.3,9398
2026-03-12T08:00:00,5188.2,5195.7,5182.0,5184.0,9093
2026-03-12T09:00:00,5184.4,5196.3,5180.0,5194.2,8385
2026-03-12T10:00:00,5194.0,5197.9,5181.8,5188.1,8842
2026-03-12T11:00:00,5188.1,5189.6,5178.6,5184.7,6387
2026-03-12T12:00:00,5185.1,5192.4,5169.1,5187.8,17691
2026-03-12T13:00:00,5187.6,5192.6,5152.0,5157.2,32722
2026-03-12T14:00:00,5157.1,5170.2,5144.1,5149.2,26933
2026-03-12T15:00:00,5148.7,5151.2,5115.2,5138.1,31661
2026-03-12T16:00:00,5138.1,5144.1,5126.9,5130.2,16467
2026-03-12T17:00:00,5130.1,5136.7,5109.0,5112.2,17866
2026-03-12T18:00:00,5112.0,5120.0,5095.4,5100.4,15290
2026-03-12T19:00:00,5100.2,5103.0,5084.8,5091.8,16692
2026-03-12T20:00:00,5092.0,5097.7,5058.1,5084.0,17382
2026-03-12T22:00:00,5084.0,5099.4,5074.0,5099.3,8779
2026-03-12T23:00:00,5099.3,5104.7,5092.7,5101.2,8821
2026-03-13T00:00:00,5101.0,5118.0,5100.3,5116.4,10688
2026-03-13T01:00:00,5116.5,5128.1,5111.5,5128.0,17337
2026-03-13T02:00:00,5127.7,5132.4,5113.8,5115.3,11253
2026-03-13T03:00:00,5115.7,5119.9,5109.0,5118.9,8522
2026-03-13T04:00:00,5118.8,5121.4,5105.4,5107.2,5408
2026-03-13T05:00:00,5107.3,5114.8,5100.4,5106.2,9382
2026-03-13T06:00:00,5106.4,5111.3,5089.0,5092.2,13119
2026-03-13T07:00:00,5092.2,5098.4,5075.6,5089.6,13484
2026-03-13T08:00:00,5089.7,5093.5,5066.0,5092.1,14631
2026-03-13T09:00:00,5092.3,5101.9,5088.0,5094.2,9072
2026-03-13T10:00:00,5094.0,5103.5,5085.0,5099.7,8161
2026-03-13T11:00:00,5099.9,5113.0,5090.7,5112.8,8749
2026-03-13T12:00:00,5112.8,5128.4,5109.8,5124.4,17437
2026-03-13T13:00:00,5124.5,5128.0,5102.4,5107.8,21642
2026-03-13T14:00:00,5107.5,5114.4,5039.3,5045.9,40179
2026-03-13T15:00:00,5046.0,5076.4,5033.5,5039.1,34505
2026-03-13T16:00:00,5038.8,5056.9,5023.2,5050.4,24612
2026-03-13T17:00:00,5050.2,5068.5,5047.3,5051.0,15459
2026-03-13T18:00:00,5050.9,5056.2,5040.2,5050.8,10070
2026-03-13T19:00:00,5050.9,5054.5,5014.3,5022.0,18760
2026-03-13T20:00:00,5022.2,5030.1,5017.0,5023.0,8923
2026-03-15T22:00:00,5010.0,5035.2,5000.0,5028.6,16777
2026-03-15T23:00:00,5028.5,5030.0,4970.4,5000.8,29120
2026-03-16T00:00:00,5001.1,5035.6,5000.1,5030.7,25424
2026-03-16T01:00:00,5031.0,5031.5,4986.4,5019.9,35675
2026-03-16T02:00:00,5019.9,5022.7,5001.1,5006.8,17688
2026-03-16T03:00:00,5006.6,5024.3,5001.1,5022.8,12126
2026-03-16T04:00:00,5022.9,5030.0,5016.1,5016.6,8365
2026-03-16T05:00:00,5016.4,5024.0,5006.6,5021.1,10608
2026-03-16T06:00:00,5021.1,5040.0,5008.8,5016.0,16613
2026-03-16T07:00:00,5015.9,5020.0,4994.6,4998.8,17594
2026-03-16T08:00:00,4998.7,5007.9,4988.2,4994.4,18847
2026-03-16T09:00:00,4994.4,4995.6,4976.5,4979.2,17539
2026-03-16T10:00:00,4979.2,5005.0,4973.5,5004.1,17592
2026-03-16T11:00:00,5004.3,5028.1,4997.0,5001.7,18210
2026-03-16T12:00:00,5002.0,5032.6,4999.3,5025.1,20103
2026-03-16T13:00:00,5025.1,5041.3,5018.5,5036.0,27888
2026-03-16T14:00:00,5035.8,5044.5,4992.7,5001.3,33517
2026-03-16T15:00:00,5000.6,5010.9,4988.6,4991.7,24796
2026-03-16T16:00:00,4991.6,5004.2,4978.5,4995.9,19373
2026-03-16T17:00:00,4996.0,5009.5,4989.3,4997.0,16150
2026-03-16T18:00:00,4997.1,5024.0,4995.7,5019.0,12905
2026-03-16T19:00:00,5019.0,5026.5,5013.9,5019.0,10633
2026-03-16T20:00:00,5018.9,5028.0,5010.7,5012.0,7074
2026-03-16T22:00:00,5014.7,5022.8,5003.3,5007.1,8632
2026-03-16T23:00:00,5007.3,5020.9,5006.8,5017.9,7847
2026-03-17T00:00:00,5017.9,5019.4,5002.2,5006.8,12102
2026-03-17T01:00:00,5007.1,5032.8,4998.4,5032.0,17731
2026-03-17T02:00:00,5032.0,5034.0,5024.2,5026.4,9919
2026-03-17T03:00:00,5026.0,5037.5,5024.4,5031.5,7207
2026-03-17T04:00:00,5031.2,5047.3,5030.1,5042.7,8892
2026-03-17T05:00:00,5042.7,5049.4,5023.7,5024.6,13700
2026-03-17T06:00:00,5025.1,5027.0,5009.2,5013.9,15254
2026-03-17T07:00:00,5013.5,5031.9,5013.1,5024.8,11011
2026-03-17T08:00:00,5025.1,5033.5,5022.2,5029.0,10353
2026-03-17T09:00:00,5028.9,5030.4,5014.1,5014.9,9060
2026-03-17T10:00:00,5014.7,5021.0,4995.0,5004.3,14156
2026-03-17T11:00:00,5004.0,5015.9,5000.7,5007.2,8218
2026-03-17T12:00:00,5007.3,5028.9,5003.2,5016.4,15666
2026-03-17T13:00:00,5016.7,5036.8,5010.4,5021.9,26989
2026-03-17T14:00:00,5021.8,5026.3,5007.2,5011.9,26145
2026-03-17T15:00:00,5011.9,5022.3,4977.3,5002.1,36044
2026-03-17T16:00:00,5002.2,5010.4,4995.6,5006.5,15835
2026-03-17T17:00:00,5006.4,5013.8,5000.8,5006.9,11976
2026-03-17T18:00:00,5007.2,5013.6,5003.7,5007.6,7882
2026-03-17T19:00:00,5007.4,5009.5,5000.4,5005.0,7381
2026-03-17T20:00:00,5005.2,5012.8,5004.6,5011.7,3793
2026-03-17T22:00:00,5010.5,5012.2,4996.7,5003.3,6146
2026-03-17T23:00:00,5003.5,5008.1,5002.4,5006.8,3691
2026-03-18T00:00:00,5006.8,5017.8,5004.1,5008.5,12713
2026-03-18T01:00:00,5008.4,5021.3,4994.2,5002.0,19192
2026-03-18T02:00:00,5002.1,5010.6,4992.9,4994.8,11402
2026-03-18T03:00:00,4994.6,5000.8,4988.7,4994.3,9311
2026-03-18T04:00:00,4994.2,4996.6,4984.6,4989.9,9118
2026-03-18T05:00:00,4990.1,5005.9,4987.7,5000.4,12294
2026-03-18T06:00:00,5000.4,5020.6,4999.5,5013.7,12312
2026-03-18T07:00:00,5013.9,5019.2,4994.6,4999.3,10808
2026-03-18T08:00:00,4999.0,5001.6,4981.2,4990.8,13829
2026-03-18T09:00:00,4991.2,4999.9,4988.6,4996.5,7091
2026-03-18T10:00:00,4996.4,4996.4,4960.0,4971.7,20711
2026-03-18T11:00:00,4971.4,4977.5,4928.6,4933.5,40327
2026-03-18T12:00:00,4933.8,4936.1,4873.6,4884.3,59111
2026-03-18T13:00:00,4884.3,4888.8,4836.5,4880.4,65573
2026-03-18T14:00:00,4880.6,4898.7,4859.0,4873.2,37691
2026-03-18T15:00:00,4873.1,4883.4,4864.6,4866.2,21815
2026-03-18T16:00:00,4866.4,4894.8,4864.5,4891.4,17821
2026-03-18T17:00:00,4891.4,4904.0,4888.0,4895.2,15431
2026-03-18T18:00:00,4894.4,4904.4,4856.3,4857.1,28013
2026-03-18T19:00:00,4857.3,4868.9,4838.6,4846.6,31102
2026-03-18T20:00:00,4846.6,4852.4,4809.4,4823.9,21202
2026-03-18T22:00:00,4828.4,4841.8,4805.6,4837.3,19737
2026-03-18T23:00:00,4837.0,4845.1,4830.3,4839.3,11512
2026-03-19T00:00:00,4839.3,4850.4,4837.7,4842.5,13256
2026-03-19T01:00:00,4842.5,4868.5,4833.7,4851.3,22042
2026-03-19T02:00:00,4851.4,4863.5,4842.3,4859.5,12724
2026-03-19T03:00:00,4859.9,4867.1,4852.1,4852.2,8145
2026-03-19T04:00:00,4852.3,4855.3,4846.5,4851.4,5980
2026-03-19T05:00:00,4851.5,4855.6,4828.4,4829.0,12202
2026-03-19T06:00:00,4829.2,4844.1,4748.6,4765.4,38540
2026-03-19T07:00:00,4765.6,4785.9,4727.7,4729.1,34883
2026-03-19T08:00:00,4729.3,4742.6,4687.8,4710.5,45323
2026-03-19T09:00:00,4710.8,4728.1,4690.1,4701.1,37549
2026-03-19T10:00:00,4700.9,4722.4,4669.2,4681.6,38835
2026-03-19T11:00:00,4682.0,4702.5,4652.9,4654.5,34495
2026-03-19T12:00:00,4655.0,4657.2,4533.4,4576.7,84193
2026-03-19T13:00:00,4576.8,4625.0,4504.4,4624.4,101778
2026-03-19T14:00:00,4623.7,4652.1,4583.1,4603.6,70970
2026-03-19T15:00:00,4603.4,4641.8,4567.2,4598.6,48282
2026-03-19T16:00:00,4598.2,4628.6,4579.1,4587.7,36309
2026-03-19T17:00:00,4587.8,4633.6,4576.8,4619.2,30336
2026-03-19T18:00:00,4619.3,4626.2,4598.3,4625.9,19928
2026-03-19T19:00:00,4625.9,4667.0,4625.8,4647.4,34529
2026-03-19T20:00:00,4647.5,4664.7,4646.0,4651.9,9952
2026-03-19T22:00:00,4653.5,4679.7,4637.7,4637.9,16309
2026-03-19T23:00:00,4638.0,4650.0,4635.7,4645.9,10319
2026-03-20T00:00:00,4645.3,4666.6,4643.8,4650.1,17395
2026-03-20T01:00:00,4650.0,4701.6,4640.2,4679.5,36916
2026-03-20T02:00:00,4679.8,4704.5,4671.9,4699.3,21704
2026-03-20T03:00:00,4698.9,4738.2,4693.9,4726.0,25067
2026-03-20T04:00:00,4726.2,4728.1,4715.4,4721.8,10255
2026-03-20T05:00:00,4721.9,4724.2,4686.5,4689.4,20817
2026-03-20T06:00:00,4689.8,4702.4,4662.1,4670.3,23176
2026-03-20T07:00:00,4669.8,4708.9,4668.8,4707.2,16801
2026-03-20T08:00:00,4707.5,4736.6,4685.1,4695.0,27173
2026-03-20T09:00:00,4694.6,4701.9,4660.5,4668.2,20189
2026-03-20T10:00:00,4668.4,4671.0,4639.1,4647.1,26853
2026-03-20T11:00:00,4646.8,4676.2,4638.3,4672.9,21415
2026-03-20T12:00:00,4673.4,4696.8,4662.9,4679.0,28943
2026-03-20T13:00:00,4678.9,4680.6,4612.4,4617.0,49120
2026-03-20T14:00:00,4616.5,4623.4,4548.0,4564.9,65751
2026-03-20T15:00:00,4564.8,4582.1,4541.5,4555.3,43087
2026-03-20T16:00:00,4555.0,4615.8,4553.6,4585.3,38499
2026-03-20T17:00:00,4585.5,4602.9,4556.5,4575.6,28086
2026-03-20T18:00:00,4575.9,4581.1,4478.0,4501.1,41409
2026-03-20T19:00:00,4500.8,4518.6,4486.9,4503.9,34582
2026-03-20T20:00:00,4503.7,4517.0,4489.4,4490.4,12296
2026-03-22T22:00:00,4462.6,4537.1,4435.4,4498.6,29581
2026-03-22T23:00:00,4498.5,4511.2,4453.3,4466.5,30168
2026-03-23T00:00:00,4466.6,4474.9,4321.5,4357.1,72369
2026-03-23T01:00:00,4356.9,4455.2,4331.1,4389.0,62594
2026-03-23T02:00:00,4389.1,4423.8,4356.0,4362.4,40764
2026-03-23T03:00:00,4362.7,4379.5,4337.2,4355.6,32385
2026-03-23T04:00:00,4355.6,4385.0,4353.0,4370.9,23589
2026-03-23T05:00:00,4370.6,4383.6,4305.5,4314.0,39239
2026-03-23T06:00:00,4314.0,4316.9,4166.0,4225.1,87192
2026-03-23T07:00:00,4224.7,4234.0,4100.0,4206.0,106175
2026-03-23T08:00:00,4206.5,4272.6,4203.8,4252.1,55623
2026-03-23T09:00:00,4252.3,4310.1,4223.9,4254.2,45514
2026-03-23T10:00:00,4254.6,4283.3,4241.7,4270.5,26468
2026-03-23T11:00:00,4270.4,4465.9,4270.0,4381.0,75320
2026-03-23T12:00:00,4380.0,4495.6,4338.5,4481.2,57010
2026-03-23T13:00:00,4482.0,4489.0,4403.7,4457.3,67873
2026-03-23T14:00:00,4457.5,4516.0,4455.3,4463.7,59456
2026-03-23T15:00:00,4464.2,4488.9,4351.0,4364.9,56804
2026-03-23T16:00:00,4364.6,4394.3,4354.0,4377.2,38432
2026-03-23T17:00:00,4377.7,4441.3,4372.6,4428.2,29582
2026-03-23T18:00:00,4428.3,4469.8,4403.0,4451.0,23546
2026-03-23T19:00:00,4450.8,4453.0,4393.9,4400.2,24031
2026-03-23T20:00:00,4400.4,4416.5,4385.4,4409.6,8905
2026-03-23T22:00:00,4409.9,4433.7,4363.5,4428.8,19197
2026-03-23T23:00:00,4428.8,4450.7,4423.8,4443.1,16139
2026-03-24T00:00:00,4442.6,4448.3,4333.2,4366.7,33930
2026-03-24T01:00:00,4366.7,4377.0,4309.1,4323.7,44192
2026-03-24T02:00:00,4323.3,4380.1,4306.0,4366.7,37965
2026-03-24T03:00:00,4366.3,4369.6,4335.4,4347.9,20507
2026-03-24T04:00:00,4347.9,4357.8,4326.8,4334.0,15746
2026-03-24T05:00:00,4333.9,4375.4,4319.9,4349.8,27496
2026-03-24T06:00:00,4349.2,4406.9,4345.2,4403.7,29541
2026-03-24T07:00:00,4403.3,4436.9,4400.7,4419.7,29291
2026-03-24T08:00:00,4419.8,4423.5,4392.6,4413.8,22701
2026-03-24T09:00:00,4414.4,4432.4,4397.0,4427.6,17353
2026-03-24T10:00:00,4428.0,4442.9,4415.3,4439.9,19711
2026-03-24T11:00:00,4439.7,4443.3,4373.7,4408.3,35480
2026-03-24T12:00:00,4408.6,4428.1,4362.0,4379.4,36786
2026-03-24T13:00:00,4379.4,4390.8,4350.5,4381.4,46498
2026-03-24T14:00:00,4380.6,4434.7,4380.3,4416.1,47142
2026-03-24T15:00:00,4416.1,4431.7,4396.1,4412.7,30275
2026-03-24T16:00:00,4412.8,4428.8,4402.8,4422.2,20948
2026-03-24T17:00:00,4422.5,4427.7,4371.4,4389.0,31955
2026-03-24T18:00:00,4388.7,4424.4,4383.6,4390.4,24145
2026-03-24T19:00:00,4390.1,4412.0,4389.3,4400.7,13708
2026-03-24T20:00:00,4400.8,4485.8,4397.7,4478.5,28054
2026-03-24T22:00:00,4476.0,4489.7,4458.2,4487.6,18014
2026-03-24T23:00:00,4486.9,4555.0,4474.6,4549.7,33965
2026-03-25T00:00:00,4549.8,4572.9,4540.0,4564.3,30476
2026-03-25T01:00:00,4564.8,4600.3,4553.3,4593.4,33216
2026-03-25T02:00:00,4593.5,4601.6,4577.5,4581.7,25064
2026-03-25T03:00:00,4582.0,4584.5,4565.9,4568.8,16031
2026-03-25T04:00:00,4568.8,4573.6,4564.0,4571.1,8088
2026-03-25T05:00:00,4571.2,4572.0,4548.0,4554.5,15712
2026-03-25T06:00:00,4554.6,4556.3,4532.1,4544.0,18392
2026-03-25T07:00:00,4543.9,4562.1,4536.5,4539.1,17619
2026-03-25T08:00:00,4539.2,4568.1,4535.6,4555.7,19281
2026-03-25T09:00:00,4555.7,4567.0,4525.9,4550.2,17193
2026-03-25T10:00:00,4550.5,4561.3,4549.5,4557.0,10994
2026-03-25T11:00:00,4557.5,4585.7,4554.5,4577.5,16238
2026-03-25T12:00:00,4577.7,4582.8,4520.0,4542.2,34478
2026-03-25T13:00:00,4542.5,4576.3,4539.2,4543.2,37811
2026-03-25T14:00:00,4543.5,4577.8,4531.2,4565.4,33358
2026-03-25T15:00:00,4565.3,4567.7,4522.5,4557.2,33244
2026-03-25T16:00:00,4557.2,4563.3,4543.3,4553.4,18751
2026-03-25T17:00:00,4553.4,4562.0,4540.5,4548.2,18501
2026-03-25T18:00:00,4548.1,4566.8,4528.4,4536.2,20553
2026-03-25T19:00:00,4535.6,4537.3,4484.4,4528.4,31993
2026-03-25T20:00:00,4528.5,4539.8,4492.6,4503.9,15823
2026-03-25T22:00:00,4499.9,4531.7,4496.6,4514.1,14948
2026-03-25T23:00:00,4514.1,4515.6,4484.5,4495.4,15808
2026-03-26T00:00:00,4495.4,4536.5,4495.1,4532.9,20745
2026-03-26T01:00:00,4532.7,4541.6,4518.4,4532.0,16998
2026-03-26T02:00:00,4532.4,4532.4,4501.6,4505.1,13663
2026-03-26T03:00:00,4505.0,4514.9,4495.7,4512.4,12688
2026-03-26T04:00:00,4513.0,4520.8,4507.6,4516.9,6696
2026-03-26T05:00:00,4517.0,4518.9,4434.7,4435.1,27659
2026-03-26T06:00:00,4434.9,4455.7,4411.8,4452.6,33453
2026-03-26T07:00:00,4452.4,4461.8,4434.3,4449.2,21285
2026-03-26T08:00:00,4448.9,4455.7,4409.2,4424.8,29920
2026-03-26T09:00:00,4424.4,4434.5,4411.7,4421.0,19318
2026-03-26T10:00:00,4421.5,4445.4,4414.5,4440.6,20647
2026-03-26T11:00:00,4440.3,4453.4,4415.6,4420.0,18906
2026-03-26T12:00:00,4420.0,4442.6,4413.2,4426.4,25013
2026-03-26T13:00:00,4426.3,4458.0,4417.5,4450.0,38047
2026-03-26T14:00:00,4449.9,4477.0,4433.8,4461.9,41253
2026-03-26T15:00:00,4461.7,4466.8,4429.7,4434.1,28470
2026-03-26T16:00:00,4434.1,4439.4,4362.2,4385.2,42855
2026-03-26T17:00:00,4384.9,4398.5,4372.6,4377.8,26574
2026-03-26T18:00:00,4377.5,4394.6,4364.0,4390.6,15282
2026-03-26T19:00:00,4391.3,4396.4,4356.2,4361.4,14398
2026-03-26T20:00:00,4361.4,4416.9,4348.4,4374.6,28667
2026-03-26T22:00:00,4375.0,4410.0,4370.5,4405.2,3750
2026-03-26T23:00:00,4405.2,4408.7,4383.8,4400.2,3009
2026-03-27T00:00:00,4399.1,4406.0,4369.4,4372.6,3300
2026-03-27T01:00:00,4372.6,4414.7,4371.9,4410.8,3145
2026-03-27T02:00:00,4412.1,4435.4,4411.6,4426.1,3214
2026-03-27T03:00:00,4425.8,4440.5,4415.1,4431.6,2394
2026-03-27T04:00:00,4432.3,4444.3,4426.1,4440.0,1092
2026-03-27T05:00:00,4439.5,4469.2,4434.8,4447.6,2343
2026-03-27T06:00:00,4448.2,4466.6,4445.8,4453.5,1631
2026-03-27T07:00:00,4452.8,4456.5,4437.3,4442.1,1287
2026-03-27T08:00:00,4440.9,4445.7,4419.3,4419.3,1556
2026-03-27T09:00:00,4419.6,4433.3,4416.3,4424.5,1549
2026-03-27T10:00:00,4424.8,4428.8,4406.0,4410.1,1117
2026-03-27T11:00:00,4409.4,4420.8,4399.0,4414.9,1342
2026-03-27T12:00:00,4414.3,4439.3,4407.6,4432.6,2223
2026-03-27T13:00:00,4433.0,4438.2,4408.2,4426.9,5737
2026-03-27T14:00:00,4426.2,4511.6,4426.2,4506.9,6286
2026-03-27T15:00:00,4507.8,4552.5,4488.2,4521.3,5501
2026-03-27T16:00:00,4522.1,4531.3,4504.2,4515.5,2765
2026-03-27T17:00:00,4515.1,4521.0,4484.1,4485.8,1999
2026-03-27T18:00:00,4486.4,4526.2,4486.2,4513.6,1699
2026-03-27T19:00:00,4514.0,4523.2,4497.9,4510.1,1656
2026-03-27T20:00:00,4511.8,4516.5,4487.1,4488.9,870
