datetime,open,high,low,close,volume
2026-03-08T22:00:00,1.3346,1.3346,1.3318,1.3326,13
2026-03-08T22:30:00,1.3326,1.3326,1.3315,1.3315,9
2026-03-08T23:00:00,1.3314,1.3321,1.331,1.331,3
2026-03-08T23:30:00,1.33,1.33,1.33,1.33,2
2026-03-09T00:00:00,1.3308,1.3308,1.3294,1.3294,16
2026-03-09T00:30:00,1.33,1.33,1.33,1.33,1
2026-03-09T01:00:00,1.3294,1.3294,1.3283,1.3283,29
2026-03-09T01:30:00,1.3297,1.3297,1.3291,1.3291,2
2026-03-09T02:00:00,1.3299,1.3299,1.3291,1.3291,2
2026-03-09T03:30:00,1.3291,1.3291,1.3289,1.3289,8
2026-03-09T05:00:00,1.3296,1.3328,1.3296,1.3323,33
2026-03-09T05:30:00,1.3326,1.3335,1.3318,1.3335,9
2026-03-09T06:00:00,1.332,1.332,1.332,1.332,1
2026-03-09T06:30:00,1.3322,1.3322,1.3322,1.3322,1
2026-03-09T07:00:00,1.331,1.3323,1.3307,1.3323,11
2026-03-09T07:30:00,1.3327,1.3346,1.3327,1.3346,23
2026-03-09T08:00:00,1.3338,1.3338,1.3326,1.3326,7
2026-03-09T08:30:00,1.3309,1.3309,1.3303,1.3303,5
2026-03-09T09:00:00,1.3322,1.334,1.3322,1.334,7
2026-03-09T09:30:00,1.3335,1.3358,1.3335,1.3341,30
2026-03-09T10:00:00,1.3344,1.3344,1.3329,1.3329,3
2026-03-09T10:30:00,1.3337,1.3342,1.3334,1.3342,9
2026-03-09T11:00:00,1.3347,1.3347,1.3347,1.3347,1
2026-03-09T11:30:00,1.3344,1.3346,1.3342,1.3346,5
2026-03-09T12:00:00,1.3347,1.3357,1.3347,1.335,12
2026-03-09T12:30:00,1.3354,1.3355,1.3349,1.3349,9
2026-03-09T13:00:00,1.3352,1.3373,1.3352,1.3373,9
2026-03-09T13:30:00,1.3377,1.338,1.3367,1.3375,11
2026-03-09T14:00:00,1.3368,1.3368,1.336,1.336,5
2026-03-09T14:30:00,1.3364,1.3378,1.3364,1.3378,18
2026-03-09T15:00:00,1.339,1.34,1.339,1.339,21
2026-03-09T15:30:00,1.3384,1.34,1.3384,1.34,6
2026-03-09T16:00:00,1.3396,1.34,1.3389,1.3396,26
2026-03-09T16:30:00,1.34,1.3405,1.339,1.339,40
2026-03-09T17:00:00,1.3385,1.3385,1.3385,1.3385,1
2026-03-09T17:30:00,1.3385,1.3385,1.3385,1.3385,4
2026-03-09T18:00:00,1.3384,1.3394,1.3384,1.3394,51
2026-03-09T18:30:00,1.3388,1.3388,1.3388,1.3388,1
2026-03-09T19:00:00,1.3386,1.3432,1.3386,1.3421,61
2026-03-09T19:30:00,1.3432,1.3448,1.343,1.3437,34
2026-03-09T20:00:00,1.3428,1.3435,1.3428,1.3435,12
2026-03-09T20:30:00,1.3429,1.3443,1.3429,1.3443,20
2026-03-09T22:00:00,1.3438,1.3444,1.343,1.343,8
2026-03-09T22:30:00,1.3434,1.3434,1.3434,1.3434,1
2026-03-09T23:30:00,1.343,1.343,1.3424,1.3424,3
2026-03-10T00:00:00,1.342,1.3435,1.342,1.3435,11
2026-03-10T00:30:00,1.3439,1.344,1.3437,1.3437,9
2026-03-10T01:00:00,1.3437,1.3437,1.3432,1.3432,3
2026-03-10T01:30:00,1.3425,1.3425,1.3422,1.3422,11
2026-03-10T02:00:00,1.3427,1.3435,1.3427,1.3435,23
2026-03-10T02:30:00,1.3427,1.3427,1.3419,1.3419,6
2026-03-10T03:00:00,1.3421,1.3421,1.3418,1.3418,3
2026-03-10T03:30:00,1.3417,1.3418,1.3414,1.3417,14
2026-03-10T04:00:00,1.3415,1.3415,1.3415,1.3415,5
2026-03-10T04:30:00,1.342,1.3426,1.342,1.3424,9
2026-03-10T05:00:00,1.3432,1.3432,1.3431,1.3431,21
2026-03-10T05:30:00,1.3431,1.3431,1.3431,1.3431,1
2026-03-10T06:00:00,1.3436,1.3447,1.3434,1.3445,15
2026-03-10T06:30:00,1.3448,1.3456,1.3446,1.3456,24
2026-03-10T07:00:00,1.3451,1.3471,1.3451,1.3471,30
2026-03-10T07:30:00,1.3465,1.348,1.3464,1.3477,19
2026-03-10T08:00:00,1.3474,1.3475,1.3471,1.3471,3
2026-03-10T08:30:00,1.3473,1.3473,1.3456,1.3458,15
2026-03-10T09:00:00,1.346,1.346,1.346,1.346,1
2026-03-10T09:30:00,1.3463,1.3464,1.3458,1.3458,7
2026-03-10T10:00:00,1.3458,1.3458,1.3449,1.3457,20
2026-03-10T10:30:00,1.3447,1.3447,1.3441,1.3446,7
2026-03-10T11:00:00,1.3451,1.3465,1.3447,1.3447,24
2026-03-10T11:30:00,1.3446,1.3446,1.3444,1.3444,4
2026-03-10T12:00:00,1.3443,1.3443,1.3432,1.3441,5
2026-03-10T12:30:00,1.343,1.3446,1.343,1.3446,8
2026-03-10T13:00:00,1.345,1.3465,1.345,1.3464,8
2026-03-10T13:30:00,1.3465,1.3467,1.3448,1.3448,16
2026-03-10T14:00:00,1.3449,1.3455,1.3439,1.3455,11
2026-03-10T14:30:00,1.3456,1.3471,1.3456,1.3471,23
2026-03-10T15:00:00,1.3468,1.3468,1.3457,1.3457,26
2026-03-10T15:30:00,1.3464,1.3464,1.3456,1.3456,4
2026-03-10T16:00:00,1.3458,1.3458,1.3449,1.3456,18
2026-03-10T16:30:00,1.346,1.346,1.3457,1.346,16
2026-03-10T17:00:00,1.3473,1.348,1.3473,1.348,16
2026-03-10T17:30:00,1.3472,1.3472,1.3458,1.3458,18
2026-03-10T18:00:00,1.3451,1.3451,1.3451,1.3451,1
2026-03-10T18:30:00,1.3441,1.3441,1.3428,1.3433,99
2026-03-10T19:00:00,1.3429,1.3429,1.3429,1.3429,1
2026-03-10T19:30:00,1.3416,1.3429,1.3416,1.342,12
2026-03-10T20:00:00,1.3422,1.3423,1.3422,1.3423,9
2026-03-10T20:30:00,1.3416,1.3416,1.341,1.341,2
2026-03-10T23:00:00,1.3417,1.3417,1.3417,1.3417,1
2026-03-10T23:30:00,1.3418,1.3422,1.3418,1.3422,5
2026-03-11T00:00:00,1.3422,1.3431,1.3415,1.3431,10
2026-03-11T00:30:00,1.3436,1.3436,1.343,1.3432,4
2026-03-11T01:30:00,1.3446,1.3449,1.3446,1.3449,9
2026-03-11T02:00:00,1.3442,1.3442,1.344,1.344,5
2026-03-11T02:30:00,1.344,1.3447,1.344,1.3447,5
2026-03-11T03:00:00,1.3445,1.3445,1.3443,1.3443,4
2026-03-11T03:30:00,1.3445,1.3455,1.3444,1.3455,9
2026-03-11T04:00:00,1.3451,1.3453,1.3448,1.3453,5
2026-03-11T05:00:00,1.345,1.345,1.3448,1.3448,3
2026-03-11T06:00:00,1.3448,1.3448,1.3448,1.3448,5
2026-03-11T06:30:00,1.345,1.3457,1.3444,1.3444,12
2026-03-11T07:00:00,1.3443,1.3451,1.3437,1.3439,11
2026-03-11T07:30:00,1.3438,1.3438,1.343,1.3431,9
2026-03-11T08:00:00,1.3435,1.3436,1.3425,1.3435,11
2026-03-11T08:30:00,1.3427,1.3428,1.341,1.3413,19
2026-03-11T09:00:00,1.3428,1.343,1.3407,1.3414,34
2026-03-11T09:30:00,1.3414,1.342,1.3406,1.3416,26
2026-03-11T10:00:00,1.3427,1.3441,1.3427,1.3441,10
2026-03-11T10:30:00,1.3445,1.3447,1.3442,1.3446,27
2026-03-11T11:00:00,1.3448,1.3448,1.3441,1.3445,20
2026-03-11T11:30:00,1.3435,1.3441,1.343,1.3437,37
2026-03-11T12:00:00,1.3427,1.3428,1.3425,1.3425,4
2026-03-11T12:30:00,1.3425,1.3425,1.3396,1.3396,39
2026-03-11T13:00:00,1.3401,1.3422,1.3401,1.3422,5
2026-03-11T13:30:00,1.3402,1.3413,1.34,1.3413,8
2026-03-11T14:00:00,1.342,1.3433,1.342,1.3423,12
2026-03-11T14:30:00,1.3424,1.3437,1.3423,1.3428,13
2026-03-11T15:00:00,1.3418,1.3418,1.3418,1.3418,4
2026-03-11T15:30:00,1.3404,1.3404,1.3393,1.3398,18
2026-03-11T16:00:00,1.3396,1.3407,1.3396,1.3403,27
2026-03-11T16:30:00,1.3401,1.3409,1.3401,1.3409,3
2026-03-11T17:30:00,1.3414,1.3414,1.3399,1.3399,2
2026-03-11T18:00:00,1.3413,1.3413,1.3413,1.3413,1
2026-03-11T18:30:00,1.3414,1.3417,1.3414,1.3414,9
2026-03-11T19:00:00,1.3412,1.3413,1.3412,1.3413,73
2026-03-11T19:30:00,1.3416,1.3416,1.3416,1.3416,18
2026-03-11T20:00:00,1.3414,1.3416,1.3413,1.3413,14
2026-03-11T20:30:00,1.3415,1.3415,1.3413,1.3413,3
2026-03-11T22:00:00,1.3402,1.3402,1.3397,1.3397,17
2026-03-11T22:30:00,1.3391,1.3393,1.339,1.3393,11
2026-03-11T23:00:00,1.3389,1.3389,1.3386,1.3386,6
2026-03-11T23:30:00,1.3383,1.3383,1.3374,1.3382,25
2026-03-12T00:00:00,1.3383,1.3385,1.337,1.3375,46
2026-03-12T00:30:00,1.3377,1.3391,1.3377,1.3383,15
2026-03-12T01:00:00,1.3387,1.3392,1.3382,1.3391,27
2026-03-12T01:30:00,1.3393,1.3395,1.3393,1.3395,6
2026-03-12T02:00:00,1.3393,1.3393,1.3385,1.3385,8
2026-03-12T02:30:00,1.3375,1.3375,1.3366,1.3366,12
2026-03-12T03:00:00,1.3366,1.3368,1.3366,1.3368,8
2026-03-12T03:30:00,1.3369,1.3369,1.3369,1.3369,2
2026-03-12T04:00:00,1.3369,1.337,1.3367,1.337,4
2026-03-12T04:30:00,1.3368,1.3368,1.3361,1.3361,13
2026-03-12T05:00:00,1.3364,1.3371,1.3364,1.3371,10
2026-03-12T05:30:00,1.3377,1.3378,1.3367,1.3367,3
2026-03-12T06:00:00,1.3368,1.3371,1.3365,1.3368,11
2026-03-12T06:30:00,1.3377,1.3377,1.3375,1.3375,10
2026-03-12T07:00:00,1.3385,1.3387,1.3384,1.3387,12
2026-03-12T07:30:00,1.3382,1.3386,1.338,1.338,15
2026-03-12T08:00:00,1.3395,1.3395,1.3383,1.3387,15
2026-03-12T08:30:00,1.3382,1.3382,1.338,1.338,2
2026-03-12T09:00:00,1.3373,1.3375,1.3372,1.3375,9
2026-03-12T09:30:00,1.3387,1.3395,1.3384,1.3395,10
2026-03-12T10:00:00,1.3396,1.3396,1.3385,1.3385,2
2026-03-12T10:30:00,1.3389,1.3391,1.3386,1.3391,32
2026-03-12T11:00:00,1.3392,1.3398,1.3392,1.3394,8
2026-03-12T11:30:00,1.3401,1.341,1.3401,1.3404,11
2026-03-12T12:00:00,1.3396,1.3396,1.3372,1.3372,21
2026-03-12T12:30:00,1.3369,1.3378,1.3369,1.3378,28
2026-03-12T13:00:00,1.3387,1.3389,1.3364,1.3385,32
2026-03-12T13:30:00,1.3375,1.3383,1.3359,1.3369,62
2026-03-12T14:00:00,1.3373,1.3378,1.3356,1.3357,76
2026-03-12T14:30:00,1.3355,1.3368,1.3347,1.3363,45
2026-03-12T15:00:00,1.335,1.3351,1.3337,1.3351,74
2026-03-12T15:30:00,1.3346,1.3355,1.3346,1.3348,24
2026-03-12T16:00:00,1.3348,1.3355,1.3336,1.3352,33
2026-03-12T16:30:00,1.3347,1.3352,1.3344,1.3344,4
2026-03-12T17:00:00,1.3351,1.3361,1.3347,1.3361,22
2026-03-12T17:30:00,1.3351,1.336,1.3351,1.336,2
2026-03-12T18:00:00,1.335,1.3361,1.335,1.3359,3
2026-03-12T18:30:00,1.3349,1.3349,1.3339,1.334,13
2026-03-12T19:00:00,1.334,1.3342,1.334,1.3341,6
2026-03-12T19:30:00,1.3345,1.3347,1.3344,1.3346,9
2026-03-12T20:00:00,1.3347,1.3348,1.3342,1.3344,21
2026-03-12T20:30:00,1.3341,1.3348,1.334,1.3345,14
2026-03-12T22:00:00,1.3352,1.3353,1.3342,1.3346,19
2026-03-12T22:30:00,1.3346,1.335,1.3346,1.3348,38
2026-03-12T23:00:00,1.3349,1.335,1.3345,1.3346,30
2026-03-12T23:30:00,1.3349,1.3353,1.3348,1.3351,17
2026-03-13T00:00:00,1.3352,1.3362,1.3352,1.3362,19
2026-03-13T00:30:00,1.336,1.3364,1.3355,1.3362,50
2026-03-13T01:00:00,1.3363,1.3368,1.3363,1.3365,30
2026-03-13T01:30:00,1.3366,1.3366,1.3354,1.3354,34
2026-03-13T02:00:00,1.3355,1.3357,1.3354,1.3354,29
2026-03-13T02:30:00,1.3351,1.3352,1.3346,1.3352,14
2026-03-13T03:00:00,1.3351,1.3351,1.3342,1.3343,53
2026-03-13T03:30:00,1.3342,1.3346,1.3339,1.3346,29
2026-03-13T04:00:00,1.3344,1.3344,1.3338,1.3339,9
2026-03-13T04:30:00,1.3337,1.3337,1.3328,1.3331,32
2026-03-13T05:00:00,1.3331,1.3332,1.3327,1.3332,54
2026-03-13T05:30:00,1.3336,1.3336,1.333,1.3331,27
2026-03-13T06:00:00,1.3333,1.3333,1.3321,1.3321,30
2026-03-13T06:30:00,1.3322,1.3323,1.3315,1.3315,48
2026-03-13T07:00:00,1.3314,1.3314,1.3284,1.3294,169
2026-03-13T07:30:00,1.3291,1.3293,1.3275,1.328,69
2026-03-13T08:00:00,1.3273,1.3273,1.3255,1.3256,146
2026-03-13T08:30:00,1.3255,1.3273,1.3255,1.3261,118
2026-03-13T09:00:00,1.3261,1.3278,1.3261,1.3278,147
2026-03-13T09:30:00,1.3279,1.3279,1.3259,1.3262,58
2026-03-13T10:00:00,1.3264,1.3273,1.3255,1.3255,81
2026-03-13T10:30:00,1.3259,1.3274,1.3252,1.3261,106
2026-03-13T11:00:00,1.3258,1.3265,1.3245,1.3258,162
2026-03-13T11:30:00,1.3261,1.3266,1.3253,1.3256,54
2026-03-13T12:00:00,1.3254,1.3269,1.325,1.3263,110
2026-03-13T12:30:00,1.3273,1.3285,1.3265,1.3269,117
2026-03-13T13:00:00,1.3275,1.3276,1.3262,1.3268,208
2026-03-13T13:30:00,1.327,1.3288,1.3269,1.328,136
2026-03-13T14:00:00,1.3277,1.3278,1.3262,1.3271,132
2026-03-13T14:30:00,1.3273,1.3282,1.3255,1.3255,259
2026-03-13T15:00:00,1.3256,1.326,1.324,1.3246,194
2026-03-13T15:30:00,1.3243,1.325,1.323,1.3238,308
2026-03-13T16:00:00,1.3236,1.3245,1.3233,1.3235,92
2026-03-13T16:30:00,1.3235,1.3246,1.3232,1.3242,76
2026-03-13T17:00:00,1.3244,1.325,1.3238,1.325,69
2026-03-13T17:30:00,1.3246,1.3251,1.3242,1.3244,95
2026-03-13T18:00:00,1.3245,1.3246,1.3236,1.3238,42
2026-03-13T18:30:00,1.324,1.3247,1.324,1.3241,29
2026-03-13T19:00:00,1.3241,1.3241,1.323,1.3233,98
2026-03-13T19:30:00,1.3231,1.3231,1.3224,1.3226,63
2026-03-13T20:00:00,1.3227,1.3227,1.3219,1.3221,72
2026-03-13T20:30:00,1.3221,1.3223,1.3217,1.3222,96
2026-03-15T22:00:00,1.3225,1.3243,1.3224,1.3227,176
2026-03-15T22:30:00,1.323,1.3239,1.3226,1.3238,87
2026-03-15T23:00:00,1.3237,1.3243,1.3235,1.3239,92
2026-03-15T23:30:00,1.3237,1.3247,1.3237,1.3246,59
2026-03-16T00:00:00,1.3249,1.3258,1.3249,1.3257,62
2026-03-16T00:30:00,1.3256,1.3263,1.3256,1.3263,13
2026-03-16T01:00:00,1.3264,1.3264,1.3251,1.3251,28
2026-03-16T01:30:00,1.3249,1.3255,1.3247,1.3255,25
2026-03-16T02:00:00,1.3258,1.3258,1.3253,1.3253,22
2026-03-16T02:30:00,1.3254,1.3257,1.3252,1.3253,32
2026-03-16T03:00:00,1.3253,1.3258,1.3251,1.3257,23
2026-03-16T03:30:00,1.326,1.3264,1.326,1.3262,26
2026-03-16T04:00:00,1.3259,1.3259,1.3253,1.3253,11
2026-03-16T04:30:00,1.3251,1.3252,1.3251,1.3251,20
2026-03-16T05:00:00,1.3252,1.3253,1.3251,1.3252,17
2026-03-16T05:30:00,1.3251,1.3251,1.3247,1.3249,31
2026-03-16T06:00:00,1.325,1.3254,1.3241,1.3242,79
2026-03-16T06:30:00,1.3244,1.3246,1.3241,1.3245,33
2026-03-16T07:00:00,1.3249,1.3252,1.3243,1.3247,47
2026-03-16T07:30:00,1.3241,1.3243,1.3231,1.3241,57
2026-03-16T08:00:00,1.3245,1.3253,1.3235,1.325,58
2026-03-16T08:30:00,1.3252,1.3252,1.3243,1.3251,54
2026-03-16T09:00:00,1.3252,1.3252,1.3247,1.3247,24
2026-03-16T09:30:00,1.3245,1.3256,1.3243,1.3246,90
2026-03-16T10:00:00,1.3247,1.3268,1.3247,1.3268,107
2026-03-16T10:30:00,1.3268,1.3273,1.3264,1.3272,68
2026-03-16T11:00:00,1.3269,1.3275,1.3267,1.3269,26
2026-03-16T11:30:00,1.3267,1.3282,1.3266,1.3277,122
2026-03-16T12:00:00,1.3281,1.3288,1.3278,1.3282,63
2026-03-16T12:30:00,1.3282,1.3288,1.3276,1.3278,75
2026-03-16T13:00:00,1.3279,1.3288,1.3279,1.3287,15
2026-03-16T13:30:00,1.3287,1.3309,1.3287,1.3309,208
2026-03-16T14:00:00,1.3303,1.3311,1.3302,1.3304,103
2026-03-16T14:30:00,1.3303,1.3303,1.3292,1.3296,116
2026-03-16T15:00:00,1.3299,1.331,1.3295,1.3306,103
2026-03-16T15:30:00,1.3305,1.3316,1.3295,1.33,137
2026-03-16T16:00:00,1.33,1.3308,1.329,1.329,113
2026-03-16T16:30:00,1.3291,1.3307,1.329,1.3304,59
2026-03-16T17:00:00,1.3304,1.3315,1.3304,1.3307,149
2026-03-16T17:30:00,1.3307,1.331,1.33,1.3302,44
2026-03-16T18:00:00,1.3305,1.3333,1.3304,1.3331,194
2026-03-16T18:30:00,1.3332,1.3335,1.3329,1.3331,70
2026-03-16T19:00:00,1.3332,1.3339,1.3329,1.333,160
2026-03-16T19:30:00,1.3332,1.3335,1.3324,1.3324,101
2026-03-16T20:00:00,1.3325,1.3326,1.3318,1.3321,39
2026-03-16T20:30:00,1.3323,1.3324,1.3317,1.3319,58
2026-03-16T22:00:00,1.3328,1.3328,1.3315,1.3316,43
2026-03-16T22:30:00,1.3315,1.3315,1.3312,1.3312,18
2026-03-16T23:00:00,1.3313,1.3313,1.3308,1.3308,17
2026-03-16T23:30:00,1.331,1.3314,1.3309,1.3312,24
2026-03-17T00:00:00,1.3312,1.3312,1.3302,1.3304,69
2026-03-17T00:30:00,1.3304,1.3307,1.3299,1.3303,57
2026-03-17T01:00:00,1.33,1.3302,1.3295,1.3295,37
2026-03-17T01:30:00,1.3297,1.3308,1.3297,1.3308,50
2026-03-17T02:00:00,1.3306,1.3307,1.3304,1.3305,10
2026-03-17T02:30:00,1.3307,1.3309,1.3306,1.3306,22
2026-03-17T03:00:00,1.3304,1.3313,1.3304,1.331,57
2026-03-17T03:30:00,1.3313,1.3313,1.3308,1.331,10
2026-03-17T04:00:00,1.3304,1.3304,1.33,1.33,2
2026-03-17T04:30:00,1.3305,1.3311,1.3305,1.3311,16
2026-03-17T05:00:00,1.331,1.3311,1.3308,1.3308,5
2026-03-17T05:30:00,1.3302,1.3302,1.3285,1.3285,30
2026-03-17T06:00:00,1.3285,1.3285,1.3273,1.328,74
2026-03-17T06:30:00,1.3284,1.3289,1.3283,1.3289,58
2026-03-17T07:00:00,1.3288,1.3306,1.3288,1.3305,52
2026-03-17T07:30:00,1.331,1.3312,1.3303,1.3303,31
2026-03-17T08:00:00,1.3309,1.3314,1.3302,1.3314,13
2026-03-17T08:30:00,1.3314,1.333,1.3309,1.3325,110
2026-03-17T09:00:00,1.3329,1.3337,1.3324,1.3336,108
2026-03-17T09:30:00,1.3335,1.3337,1.3327,1.3333,61
2026-03-17T10:00:00,1.3334,1.3336,1.3323,1.3331,67
2026-03-17T10:30:00,1.3325,1.333,1.3324,1.3324,29
2026-03-17T11:00:00,1.3323,1.3339,1.3323,1.3334,56
2026-03-17T11:30:00,1.3333,1.3337,1.3316,1.3318,87
2026-03-17T12:00:00,1.3316,1.3334,1.3311,1.3322,204
2026-03-17T12:30:00,1.3326,1.3335,1.3326,1.3331,79
2026-03-17T13:00:00,1.3334,1.3354,1.3334,1.335,291
2026-03-17T13:30:00,1.3348,1.336,1.3343,1.3345,114
2026-03-17T14:00:00,1.3345,1.3351,1.334,1.3343,81
2026-03-17T14:30:00,1.3346,1.3357,1.3343,1.3347,116
2026-03-17T15:00:00,1.335,1.3354,1.3339,1.3341,123
2026-03-17T15:30:00,1.3344,1.3344,1.3335,1.3342,153
2026-03-17T16:00:00,1.334,1.3351,1.3334,1.3344,300
2026-03-17T16:30:00,1.3342,1.3348,1.3341,1.3348,30
2026-03-17T17:00:00,1.3346,1.335,1.3345,1.335,17
2026-03-17T17:30:00,1.335,1.3357,1.335,1.3357,26
2026-03-17T18:00:00,1.3359,1.3364,1.3357,1.3358,118
2026-03-17T18:30:00,1.3358,1.336,1.3355,1.3356,57
2026-03-17T19:00:00,1.3356,1.3362,1.3355,1.3356,40
2026-03-17T19:30:00,1.3356,1.3356,1.3355,1.3355,7
2026-03-17T20:00:00,1.3353,1.3357,1.3352,1.3353,24
2026-03-17T20:30:00,1.3352,1.3359,1.3352,1.3357,56
2026-03-17T22:00:00,1.3362,1.3363,1.3355,1.3359,114
2026-03-17T22:30:00,1.336,1.336,1.3358,1.3358,10
2026-03-17T23:00:00,1.3358,1.3358,1.3356,1.3357,34
2026-03-17T23:30:00,1.3358,1.3359,1.3358,1.3359,16
2026-03-18T00:00:00,1.3357,1.3363,1.3354,1.3355,79
2026-03-18T00:30:00,1.3355,1.3355,1.3351,1.3352,28
2026-03-18T01:00:00,1.3355,1.3362,1.3354,1.3355,25
2026-03-18T01:30:00,1.3356,1.3357,1.3351,1.3352,13
2026-03-18T02:00:00,1.3352,1.3354,1.335,1.3354,29
2026-03-18T02:30:00,1.3355,1.3355,1.3353,1.3353,20
2026-03-18T03:00:00,1.3351,1.3352,1.3351,1.3352,6
2026-03-18T03:30:00,1.3352,1.336,1.3352,1.336,19
2026-03-18T04:00:00,1.336,1.3363,1.336,1.336,29
2026-03-18T04:30:00,1.3361,1.3364,1.336,1.3361,36
2026-03-18T05:00:00,1.3365,1.337,1.3365,1.3368,90
2026-03-18T05:30:00,1.3367,1.3372,1.3367,1.3371,50
2026-03-18T06:00:00,1.3371,1.3374,1.3367,1.3374,46
2026-03-18T06:30:00,1.3374,1.3374,1.3363,1.3364,27
2026-03-18T07:00:00,1.3364,1.3368,1.3359,1.3359,37
2026-03-18T07:30:00,1.3357,1.3359,1.3349,1.3354,53
2026-03-18T08:00:00,1.3353,1.3359,1.3341,1.3341,55
2026-03-18T08:30:00,1.3344,1.335,1.3342,1.335,67
2026-03-18T09:00:00,1.3346,1.3352,1.3346,1.3352,37
2026-03-18T09:30:00,1.3352,1.336,1.3352,1.3359,45
2026-03-18T10:00:00,1.3358,1.3362,1.3352,1.3352,38
2026-03-18T10:30:00,1.3351,1.3357,1.3349,1.3355,77
2026-03-18T11:00:00,1.3357,1.337,1.3347,1.3349,204
2026-03-18T11:30:00,1.3346,1.3364,1.3345,1.336,109
2026-03-18T12:00:00,1.3358,1.3361,1.3333,1.3334,182
2026-03-18T12:30:00,1.3331,1.3355,1.3313,1.3314,286
2026-03-18T13:00:00,1.3315,1.332,1.3305,1.3317,144
2026-03-18T13:30:00,1.3319,1.3325,1.3312,1.3325,141
2026-03-18T14:00:00,1.3326,1.3335,1.33,1.3304,246
2026-03-18T14:30:00,1.3307,1.3326,1.3307,1.3326,148
2026-03-18T15:00:00,1.3326,1.3332,1.332,1.3324,89
2026-03-18T15:30:00,1.3323,1.3327,1.332,1.3322,18
2026-03-18T16:00:00,1.3321,1.3336,1.332,1.3332,39
2026-03-18T16:30:00,1.3333,1.3336,1.3324,1.3334,50
2026-03-18T17:00:00,1.3335,1.3335,1.3323,1.333,62
2026-03-18T17:30:00,1.3331,1.3344,1.333,1.3344,103
2026-03-18T18:00:00,1.334,1.3351,1.3296,1.333,166
2026-03-18T18:30:00,1.3328,1.333,1.3289,1.3289,167
2026-03-18T19:00:00,1.3288,1.3294,1.3282,1.3282,98
2026-03-18T19:30:00,1.3283,1.3291,1.3273,1.3277,97
2026-03-18T20:00:00,1.3277,1.3278,1.3255,1.3256,124
2026-03-18T20:30:00,1.3257,1.3259,1.3252,1.3257,71
2026-03-18T22:00:00,1.3261,1.3267,1.325,1.3255,84
2026-03-18T22:30:00,1.3254,1.3259,1.3252,1.3259,14
2026-03-18T23:00:00,1.326,1.3264,1.3258,1.3262,24
2026-03-18T23:30:00,1.3262,1.3266,1.3258,1.3264,90
2026-03-19T00:00:00,1.3263,1.3272,1.3263,1.327,54
2026-03-19T00:30:00,1.3271,1.3284,1.3269,1.3284,95
2026-03-19T01:00:00,1.3283,1.3289,1.3282,1.3287,76
2026-03-19T01:30:00,1.3288,1.329,1.3284,1.3284,35
2026-03-19T02:00:00,1.328,1.3296,1.3277,1.3294,92
2026-03-19T02:30:00,1.3294,1.3294,1.3286,1.3287,20
2026-03-19T03:00:00,1.3288,1.3291,1.3285,1.3287,21
2026-03-19T03:30:00,1.3286,1.3286,1.3281,1.3283,16
2026-03-19T04:00:00,1.328,1.328,1.3271,1.3273,123
2026-03-19T04:30:00,1.3273,1.3274,1.327,1.3274,13
2026-03-19T05:00:00,1.327,1.3271,1.327,1.327,4
2026-03-19T05:30:00,1.327,1.327,1.3262,1.3263,44
2026-03-19T06:00:00,1.3261,1.3276,1.326,1.3269,52
2026-03-19T06:30:00,1.3268,1.327,1.3262,1.3264,49
2026-03-19T07:00:00,1.3265,1.327,1.3251,1.3264,211
2026-03-19T07:30:00,1.3267,1.327,1.3262,1.3263,41
2026-03-19T08:00:00,1.3263,1.3266,1.3251,1.3258,48
2026-03-19T08:30:00,1.3256,1.326,1.3246,1.325,77
2026-03-19T09:00:00,1.3255,1.3282,1.3255,1.326,151
2026-03-19T09:30:00,1.3261,1.329,1.3261,1.3284,269
2026-03-19T10:00:00,1.3283,1.3285,1.3272,1.3274,109
2026-03-19T10:30:00,1.3273,1.3283,1.3272,1.3282,45
2026-03-19T11:00:00,1.3282,1.3285,1.3271,1.3271,46
2026-03-19T11:30:00,1.3277,1.3292,1.3277,1.3287,52
2026-03-19T12:00:00,1.3293,1.3318,1.328,1.3283,377
2026-03-19T12:30:00,1.3279,1.3302,1.3279,1.3294,101
2026-03-19T13:00:00,1.3293,1.3317,1.3291,1.3302,204
2026-03-19T13:30:00,1.3298,1.3357,1.3283,1.3346,544
2026-03-19T14:00:00,1.3349,1.3371,1.3336,1.3338,733
2026-03-19T14:30:00,1.3339,1.3368,1.3336,1.3362,335
2026-03-19T15:00:00,1.3361,1.3388,1.3356,1.3358,249
2026-03-19T15:30:00,1.3355,1.336,1.3343,1.3357,187
2026-03-19T16:00:00,1.3357,1.3374,1.3357,1.337,240
2026-03-19T16:30:00,1.337,1.337,1.3351,1.3363,104
2026-03-19T17:00:00,1.3366,1.3398,1.3366,1.3394,199
2026-03-19T17:30:00,1.3396,1.3408,1.3393,1.3403,422
2026-03-19T18:00:00,1.3398,1.3403,1.3396,1.3401,66
2026-03-19T18:30:00,1.34,1.3418,1.3392,1.3417,194
2026-03-19T19:00:00,1.3417,1.3464,1.3417,1.3436,817
2026-03-19T19:30:00,1.3436,1.3437,1.3422,1.3428,169
2026-03-19T20:00:00,1.3427,1.3432,1.3425,1.343,98
2026-03-19T20:30:00,1.3428,1.3432,1.3423,1.3428,60
2026-03-19T22:00:00,1.3431,1.344,1.3428,1.343,112
2026-03-19T22:30:00,1.3428,1.3428,1.3422,1.3424,66
2026-03-19T23:00:00,1.3426,1.3427,1.3422,1.3422,57
2026-03-19T23:30:00,1.3423,1.3424,1.3418,1.3422,45
2026-03-20T00:00:00,1.3422,1.3423,1.3418,1.3419,42
2026-03-20T00:30:00,1.3417,1.342,1.3417,1.342,25
2026-03-20T01:00:00,1.3421,1.3426,1.3418,1.3418,65
2026-03-20T01:30:00,1.3421,1.3421,1.341,1.3412,32
2026-03-20T02:00:00,1.3413,1.3414,1.341,1.3411,18
2026-03-20T02:30:00,1.341,1.3412,1.3407,1.341,54
2026-03-20T03:00:00,1.3409,1.3409,1.3405,1.3405,15
2026-03-20T03:30:00,1.3404,1.3405,1.3401,1.3402,55
2026-03-20T04:00:00,1.3402,1.3404,1.3402,1.3404,16
2026-03-20T04:30:00,1.3403,1.3404,1.34,1.34,19
2026-03-20T05:00:00,1.3406,1.3406,1.3403,1.3403,9
2026-03-20T05:30:00,1.3403,1.3403,1.3398,1.3399,18
2026-03-20T06:00:00,1.3406,1.341,1.3404,1.3406,29
2026-03-20T06:30:00,1.341,1.341,1.34,1.3401,28
2026-03-20T07:00:00,1.34,1.3422,1.3397,1.342,59
2026-03-20T07:30:00,1.3418,1.3426,1.3415,1.3424,75
2026-03-20T08:00:00,1.3428,1.3433,1.3424,1.3432,83
2026-03-20T08:30:00,1.3427,1.3429,1.3417,1.3417,38
2026-03-20T09:00:00,1.3414,1.3416,1.3401,1.3401,55
2026-03-20T09:30:00,1.3401,1.3402,1.3378,1.3378,246
2026-03-20T10:00:00,1.3376,1.3376,1.3361,1.337,219
2026-03-20T10:30:00,1.337,1.338,1.3365,1.3377,73
2026-03-20T11:00:00,1.3376,1.3388,1.3373,1.3388,55
2026-03-20T11:30:00,1.339,1.3397,1.338,1.3393,103
2026-03-20T12:00:00,1.3392,1.3406,1.339,1.3396,113
2026-03-20T12:30:00,1.3397,1.3397,1.3374,1.3378,227
2026-03-20T13:00:00,1.3377,1.3379,1.336,1.3361,139
2026-03-20T13:30:00,1.3362,1.3369,1.3345,1.3349,322
2026-03-20T14:00:00,1.3347,1.3348,1.3303,1.3303,399
2026-03-20T14:30:00,1.3304,1.3317,1.3302,1.3305,107
2026-03-20T15:00:00,1.3307,1.3345,1.3304,1.3323,454
2026-03-20T15:30:00,1.3323,1.3328,1.3297,1.3301,173
2026-03-20T16:00:00,1.33,1.3328,1.3298,1.3322,161
2026-03-20T16:30:00,1.3318,1.3328,1.3312,1.3325,64
2026-03-20T17:00:00,1.3321,1.3335,1.3317,1.3332,182
2026-03-20T17:30:00,1.3337,1.3338,1.3331,1.3337,113
2026-03-20T18:00:00,1.3335,1.335,1.333,1.3343,219
2026-03-20T18:30:00,1.3343,1.3345,1.3322,1.3323,119
2026-03-20T19:00:00,1.3327,1.3332,1.332,1.3325,87
2026-03-20T19:30:00,1.3325,1.3341,1.3317,1.3331,146
2026-03-20T20:00:00,1.3331,1.3337,1.3331,1.3334,54
2026-03-20T20:30:00,1.3335,1.3341,1.3333,1.334,101
2026-03-22T22:00:00,1.3316,1.3324,1.3303,1.3319,183
2026-03-22T22:30:00,1.3322,1.3326,1.3311,1.3319,179
2026-03-22T23:00:00,1.332,1.333,1.332,1.3329,54
2026-03-22T23:30:00,1.3329,1.3333,1.3325,1.333,45
2026-03-23T00:00:00,1.3331,1.3337,1.3323,1.3327,106
2026-03-23T00:30:00,1.3324,1.3324,1.3307,1.3317,144
2026-03-23T01:00:00,1.3318,1.3337,1.3318,1.3331,68
2026-03-23T01:30:00,1.3331,1.3338,1.3329,1.3329,36
2026-03-23T02:00:00,1.333,1.3335,1.3327,1.3328,39
2026-03-23T02:30:00,1.3324,1.3324,1.331,1.3317,82
2026-03-23T03:00:00,1.3318,1.3318,1.3312,1.3317,18
2026-03-23T03:30:00,1.3316,1.3319,1.3311,1.3312,21
2026-03-23T04:00:00,1.3315,1.3319,1.3314,1.3316,26
2026-03-23T04:30:00,1.3315,1.3321,1.3314,1.332,24
2026-03-23T05:00:00,1.3322,1.3323,1.3311,1.3311,19
2026-03-23T05:30:00,1.3305,1.3307,1.3298,1.3298,79
2026-03-23T06:00:00,1.3298,1.3298,1.3283,1.3289,138
2026-03-23T06:30:00,1.3288,1.3291,1.3279,1.3285,57
2026-03-23T07:00:00,1.3288,1.3295,1.3281,1.3281,72
2026-03-23T07:30:00,1.3282,1.3304,1.3282,1.3283,64
2026-03-23T08:00:00,1.3287,1.3327,1.3287,1.3325,142
2026-03-23T08:30:00,1.3322,1.3327,1.3302,1.3308,107
2026-03-23T09:00:00,1.3307,1.3309,1.329,1.3291,68
2026-03-23T09:30:00,1.329,1.3292,1.326,1.3267,145
2026-03-23T10:00:00,1.3268,1.3269,1.3255,1.3257,103
2026-03-23T10:30:00,1.326,1.3277,1.3255,1.326,215
2026-03-23T11:00:00,1.326,1.3432,1.3259,1.3363,5720
2026-03-23T11:30:00,1.3362,1.3392,1.3343,1.3351,1198
2026-03-23T12:00:00,1.3352,1.3381,1.334,1.3376,427
2026-03-23T12:30:00,1.3375,1.3428,1.336,1.3427,624
2026-03-23T13:00:00,1.3429,1.3432,1.339,1.3393,379
2026-03-23T13:30:00,1.3394,1.3421,1.3388,1.3409,792
2026-03-23T14:00:00,1.3413,1.3465,1.3408,1.3463,723
2026-03-23T14:30:00,1.3462,1.3476,1.3438,1.3442,615
2026-03-23T15:00:00,1.344,1.3457,1.3421,1.3423,566
2026-03-23T15:30:00,1.3423,1.3427,1.3381,1.3383,971
2026-03-23T16:00:00,1.3382,1.339,1.3376,1.3384,317
2026-03-23T16:30:00,1.3385,1.3412,1.3383,1.3398,297
2026-03-23T17:00:00,1.3403,1.3409,1.3392,1.3404,101
2026-03-23T17:30:00,1.3406,1.3428,1.3406,1.3424,181
2026-03-23T18:00:00,1.3423,1.3428,1.3408,1.3425,360
2026-03-23T18:30:00,1.343,1.3455,1.343,1.3451,327
2026-03-23T19:00:00,1.345,1.345,1.3435,1.3438,132
2026-03-23T19:30:00,1.3436,1.3436,1.3426,1.3428,151
2026-03-23T20:00:00,1.3426,1.3431,1.3424,1.3425,77
2026-03-23T20:30:00,1.3422,1.3428,1.342,1.3424,131
2026-03-23T22:00:00,1.3425,1.3432,1.3425,1.3427,74
2026-03-23T22:30:00,1.343,1.3434,1.3427,1.343,38
2026-03-23T23:00:00,1.3427,1.343,1.3427,1.343,6
2026-03-23T23:30:00,1.3426,1.3427,1.342,1.3422,42
2026-03-24T00:00:00,1.3423,1.3423,1.3402,1.3409,95
2026-03-24T00:30:00,1.3409,1.341,1.3392,1.3398,277
2026-03-24T01:00:00,1.3396,1.34,1.3391,1.3391,79
2026-03-24T01:30:00,1.3391,1.3392,1.3383,1.3392,120
2026-03-24T02:00:00,1.3392,1.3401,1.3387,1.3401,86
2026-03-24T02:30:00,1.34,1.3404,1.3394,1.3398,40
2026-03-24T03:00:00,1.3397,1.3404,1.3396,1.3399,47
2026-03-24T03:30:00,1.3397,1.3398,1.3392,1.3395,55
2026-03-24T04:00:00,1.3393,1.3393,1.3387,1.3387,27
2026-03-24T04:30:00,1.3384,1.3391,1.3384,1.339,45
2026-03-24T05:00:00,1.3391,1.3391,1.3383,1.3386,82
2026-03-24T05:30:00,1.3386,1.3398,1.3386,1.3395,24
2026-03-24T06:00:00,1.3396,1.3412,1.3394,1.3399,158
2026-03-24T06:30:00,1.3401,1.3409,1.3395,1.3409,103
2026-03-24T07:00:00,1.3407,1.3442,1.3407,1.3424,346
2026-03-24T07:30:00,1.3422,1.3427,1.3414,1.3426,124
2026-03-24T08:00:00,1.3427,1.3427,1.34,1.3402,140
2026-03-24T08:30:00,1.3401,1.3408,1.3384,1.3389,291
2026-03-24T09:00:00,1.3388,1.3392,1.3381,1.3386,263
2026-03-24T09:30:00,1.3376,1.34,1.3376,1.34,91
2026-03-24T10:00:00,1.3398,1.3404,1.3393,1.3394,72
2026-03-24T10:30:00,1.3395,1.3403,1.339,1.3403,94
2026-03-24T11:00:00,1.3401,1.3411,1.3397,1.3408,65
2026-03-24T11:30:00,1.3407,1.3408,1.3386,1.3393,193
2026-03-24T12:00:00,1.3395,1.3399,1.3387,1.3399,79
2026-03-24T12:30:00,1.339,1.3401,1.3389,1.3389,76
2026-03-24T13:00:00,1.3386,1.339,1.3362,1.3366,321
2026-03-24T13:30:00,1.3362,1.3379,1.3362,1.337,118
2026-03-24T14:00:00,1.3376,1.3405,1.3375,1.3401,279
2026-03-24T14:30:00,1.3402,1.3422,1.3386,1.3396,684
2026-03-24T15:00:00,1.3397,1.3402,1.3387,1.3397,154
2026-03-24T15:30:00,1.3396,1.3396,1.3374,1.3379,190
2026-03-24T16:00:00,1.3377,1.3393,1.337,1.3389,176
2026-03-24T16:30:00,1.3388,1.3389,1.3373,1.3381,95
2026-03-24T17:00:00,1.3381,1.3381,1.335,1.3368,444
2026-03-24T17:30:00,1.3369,1.3379,1.3357,1.3373,441
2026-03-24T18:00:00,1.3375,1.3379,1.336,1.3373,238
2026-03-24T18:30:00,1.3372,1.3391,1.3372,1.338,131
2026-03-24T19:00:00,1.338,1.3389,1.338,1.3385,33
2026-03-24T19:30:00,1.338,1.3381,1.3377,1.3379,24
2026-03-24T20:00:00,1.3379,1.3428,1.3377,1.3404,697
2026-03-24T20:30:00,1.3405,1.3416,1.3399,1.3409,301
2026-03-24T22:00:00,1.3417,1.3417,1.3401,1.3409,101
2026-03-24T22:30:00,1.3411,1.3414,1.341,1.3412,45
2026-03-24T23:00:00,1.3414,1.3419,1.3409,1.3418,106
2026-03-24T23:30:00,1.3417,1.3417,1.3409,1.3412,81
2026-03-25T00:00:00,1.341,1.3427,1.3409,1.342,89
2026-03-25T00:30:00,1.3418,1.3432,1.3412,1.343,158
2026-03-25T01:00:00,1.3424,1.3429,1.3419,1.3424,67
2026-03-25T01:30:00,1.3424,1.343,1.3413,1.3414,74
2026-03-25T02:00:00,1.3412,1.3412,1.3402,1.3404,42
2026-03-25T02:30:00,1.3403,1.3404,1.3396,1.3403,60
2026-03-25T03:00:00,1.3399,1.3404,1.3395,1.3399,103
2026-03-25T03:30:00,1.3397,1.34,1.3394,1.3395,43
2026-03-25T04:00:00,1.3395,1.3396,1.3391,1.3396,33
2026-03-25T04:30:00,1.3396,1.3396,1.339,1.339,45
2026-03-25T05:00:00,1.3385,1.3388,1.3379,1.3379,23
2026-03-25T05:30:00,1.3381,1.3382,1.3371,1.3372,54
2026-03-25T06:00:00,1.3375,1.3384,1.3371,1.3376,240
2026-03-25T06:30:00,1.338,1.3386,1.3379,1.3386,150
2026-03-25T07:00:00,1.3385,1.3393,1.3382,1.3382,79
2026-03-25T07:30:00,1.3382,1.3393,1.3369,1.3385,127
2026-03-25T08:00:00,1.3388,1.342,1.3386,1.342,161
2026-03-25T08:30:00,1.3416,1.342,1.3405,1.3405,201
2026-03-25T09:00:00,1.3406,1.3409,1.339,1.3392,174
2026-03-25T09:30:00,1.3394,1.3398,1.3388,1.3397,152
2026-03-25T10:00:00,1.3398,1.3402,1.3395,1.3397,66
2026-03-25T10:30:00,1.3398,1.3406,1.3397,1.3404,51
2026-03-25T11:00:00,1.3408,1.3418,1.3407,1.341,65
2026-03-25T11:30:00,1.3412,1.3415,1.3404,1.3411,155
2026-03-25T12:00:00,1.3415,1.3423,1.339,1.3397,432
2026-03-25T12:30:00,1.3396,1.3399,1.3388,1.3392,162
2026-03-25T13:00:00,1.3393,1.3397,1.3384,1.3386,127
2026-03-25T13:30:00,1.3385,1.3389,1.3367,1.3368,239
2026-03-25T14:00:00,1.3368,1.3376,1.3357,1.337,262
2026-03-25T14:30:00,1.3372,1.3386,1.3366,1.3382,227
2026-03-25T15:00:00,1.3382,1.339,1.336,1.3372,111
2026-03-25T15:30:00,1.3375,1.3377,1.3362,1.3369,87
2026-03-25T16:00:00,1.3369,1.338,1.3359,1.3376,183
2026-03-25T16:30:00,1.3378,1.338,1.3374,1.338,43
2026-03-25T17:00:00,1.3377,1.3381,1.337,1.3381,69
2026-03-25T17:30:00,1.3381,1.3389,1.3378,1.3383,156
2026-03-25T18:00:00,1.3381,1.3382,1.3376,1.3378,31
2026-03-25T18:30:00,1.3378,1.3378,1.3356,1.3364,157
2026-03-25T19:00:00,1.3361,1.3364,1.3358,1.3363,34
2026-03-25T19:30:00,1.3361,1.3362,1.336,1.336,8
2026-03-25T20:00:00,1.3362,1.3363,1.3355,1.3356,11
2026-03-25T20:30:00,1.3356,1.3362,1.3356,1.3362,57
2026-03-25T22:00:00,1.336,1.336,1.3357,1.3359,38
2026-03-25T22:30:00,1.3358,1.3362,1.3358,1.3358,45
2026-03-25T23:00:00,1.336,1.3361,1.3358,1.3358,22
2026-03-25T23:30:00,1.336,1.336,1.3358,1.3358,7
2026-03-26T00:00:00,1.336,1.3362,1.3358,1.3358,39
2026-03-26T00:30:00,1.3358,1.3358,1.3352,1.3357,51
2026-03-26T01:00:00,1.3359,1.3363,1.3353,1.3358,68
2026-03-26T01:30:00,1.3359,1.3361,1.3359,1.3361,12
2026-03-26T02:00:00,1.336,1.336,1.3356,1.3357,8
2026-03-26T02:30:00,1.3353,1.3353,1.3345,1.3348,62
2026-03-26T03:00:00,1.3348,1.3358,1.3347,1.3358,34
2026-03-26T03:30:00,1.336,1.3363,1.3359,1.3361,33
2026-03-26T04:00:00,1.3362,1.3364,1.336,1.3364,5
2026-03-26T04:30:00,1.3364,1.3365,1.3363,1.3363,4
2026-03-26T05:00:00,1.3362,1.3363,1.3355,1.3357,10
2026-03-26T05:30:00,1.3355,1.336,1.3353,1.3353,18
2026-03-26T06:00:00,1.3351,1.3361,1.3349,1.3361,38
2026-03-26T06:30:00,1.3358,1.3363,1.3352,1.3363,25
2026-03-26T07:00:00,1.3362,1.3363,1.3343,1.3352,50
2026-03-26T07:30:00,1.3354,1.3355,1.3347,1.3348,60
2026-03-26T08:00:00,1.3345,1.3347,1.3335,1.3339,56
2026-03-26T08:30:00,1.3335,1.335,1.3335,1.335,43
2026-03-26T09:00:00,1.3349,1.3357,1.3343,1.3343,48
2026-03-26T09:30:00,1.3342,1.3349,1.3342,1.3349,38
2026-03-26T10:00:00,1.335,1.3357,1.3349,1.3356,93
2026-03-26T10:30:00,1.3355,1.3358,1.3348,1.3351,69
2026-03-26T11:00:00,1.3346,1.3348,1.3343,1.3343,25
2026-03-26T11:30:00,1.3345,1.3345,1.3324,1.3324,78
2026-03-26T12:00:00,1.3323,1.3336,1.3321,1.3335,124
2026-03-26T12:30:00,1.3331,1.3331,1.332,1.3328,95
2026-03-26T13:00:00,1.3328,1.3349,1.3328,1.3344,89
2026-03-26T13:30:00,1.3347,1.3364,1.3343,1.3351,271
2026-03-26T14:00:00,1.3353,1.3367,1.3347,1.3364,227
2026-03-26T14:30:00,1.3366,1.3375,1.3349,1.3357,288
2026-03-26T15:00:00,1.336,1.3364,1.3349,1.3353,170
2026-03-26T15:30:00,1.3347,1.3348,1.3335,1.3347,288
2026-03-26T16:00:00,1.3348,1.335,1.3332,1.3336,87
2026-03-26T16:30:00,1.3335,1.3339,1.3334,1.3335,27
2026-03-26T17:00:00,1.3335,1.3341,1.3333,1.3336,119
2026-03-26T17:30:00,1.3337,1.3343,1.3317,1.3318,255
2026-03-26T18:00:00,1.3315,1.3323,1.3315,1.3318,76
2026-03-26T18:30:00,1.3317,1.3326,1.3317,1.3325,47
2026-03-26T19:00:00,1.3325,1.3325,1.3314,1.3314,23
2026-03-26T19:30:00,1.3317,1.332,1.3309,1.3311,59
2026-03-26T20:00:00,1.3309,1.3365,1.3307,1.333,1053
2026-03-26T20:30:00,1.3332,1.3335,1.3324,1.3327,63
2026-03-26T22:00:00,1.3335,1.3337,1.3329,1.3329,16
2026-03-26T22:30:00,1.3331,1.3334,1.3331,1.3334,13
2026-03-26T23:00:00,1.3335,1.3335,1.3332,1.3333,24
2026-03-26T23:30:00,1.3334,1.3334,1.3331,1.3331,23
2026-03-27T00:00:00,1.3332,1.3336,1.332,1.3323,66
2026-03-27T00:30:00,1.3323,1.333,1.3321,1.333,47
2026-03-27T01:00:00,1.333,1.3337,1.3329,1.3334,46
2026-03-27T01:30:00,1.3338,1.3341,1.3335,1.334,32
2026-03-27T02:00:00,1.3344,1.3344,1.3336,1.3337,18
2026-03-27T02:30:00,1.3339,1.3339,1.3339,1.3339,5
2026-03-27T03:00:00,1.3338,1.3338,1.3331,1.3333,25
2026-03-27T03:30:00,1.3337,1.3341,1.3337,1.3337,9
2026-03-27T04:00:00,1.3338,1.334,1.3338,1.334,4
2026-03-27T04:30:00,1.3338,1.334,1.3338,1.334,4
2026-03-27T05:00:00,1.3343,1.3343,1.3342,1.3342,2
2026-03-27T05:30:00,1.3335,1.3343,1.3334,1.3339,13
2026-03-27T06:00:00,1.3337,1.3342,1.3336,1.3342,7
2026-03-27T06:30:00,1.3335,1.3336,1.3332,1.3332,7
2026-03-27T07:00:00,1.3331,1.3331,1.332,1.332,38
2026-03-27T07:30:00,1.3318,1.3319,1.3309,1.3309,48
2026-03-27T08:00:00,1.3308,1.3316,1.3307,1.3316,60
2026-03-27T08:30:00,1.3315,1.3317,1.3307,1.3311,27
2026-03-27T09:00:00,1.331,1.3313,1.3301,1.331,64
2026-03-27T09:30:00,1.3305,1.3311,1.33,1.3303,86
2026-03-27T10:00:00,1.3303,1.3313,1.3303,1.331,52
2026-03-27T10:30:00,1.3309,1.331,1.3297,1.33,62
2026-03-27T11:00:00,1.3299,1.3301,1.3297,1.33,17
2026-03-27T11:30:00,1.3299,1.3299,1.3281,1.3281,299
2026-03-27T12:00:00,1.3281,1.3282,1.3273,1.3277,118
2026-03-27T12:30:00,1.3278,1.3284,1.3269,1.328,208
2026-03-27T13:00:00,1.328,1.3288,1.3273,1.3285,185
2026-03-27T13:30:00,1.3284,1.3302,1.3283,1.3292,182
2026-03-27T14:00:00,1.3295,1.3315,1.3295,1.331,250
2026-03-27T14:30:00,1.3307,1.3313,1.3305,1.3309,110
2026-03-27T15:00:00,1.3314,1.3324,1.3305,1.3317,218
2026-03-27T15:30:00,1.332,1.3328,1.3285,1.3289,182
2026-03-27T16:00:00,1.3289,1.3294,1.3283,1.3286,168
2026-03-27T16:30:00,1.3286,1.3286,1.3272,1.3273,46
2026-03-27T17:00:00,1.3272,1.3285,1.3261,1.3262,149
2026-03-27T17:30:00,1.3262,1.3264,1.3258,1.3262,54
2026-03-27T18:00:00,1.3265,1.3268,1.3262,1.3266,88
2026-03-27T18:30:00,1.3267,1.3273,1.3266,1.3267,39
2026-03-27T19:00:00,1.3267,1.3267,1.3262,1.3264,28
2026-03-27T19:30:00,1.3266,1.3269,1.3261,1.3269,63
2026-03-27T20:00:00,1.3269,1.3273,1.3265,1.3265,139
2026-03-27T20:30:00,1.3266,1.3269,1.3259,1.3259,70
2026-03-29T22:00:00,1.3252,1.3256,1.3233,1.324,276
2026-03-29T22:30:00,1.324,1.3242,1.3234,1.3234,79
2026-03-29T23:00:00,1.3238,1.3243,1.3236,1.3241,23
2026-03-29T23:30:00,1.324,1.324,1.3231,1.3233,142
2026-03-30T00:00:00,1.3236,1.3257,1.3231,1.325,124
2026-03-30T00:30:00,1.325,1.3258,1.3245,1.3249,104
2026-03-30T01:00:00,1.3251,1.3255,1.3246,1.3248,48
2026-03-30T01:30:00,1.3248,1.3251,1.3246,1.3248,16
2026-03-30T02:00:00,1.3245,1.3249,1.3242,1.3247,54
2026-03-30T02:30:00,1.3249,1.3258,1.3249,1.3255,41
2026-03-30T03:00:00,1.3259,1.3267,1.3259,1.3266,113
2026-03-30T03:30:00,1.3265,1.3269,1.3265,1.3269,25
2026-03-30T04:00:00,1.327,1.3275,1.3267,1.3274,36
2026-03-30T04:30:00,1.3272,1.3272,1.3267,1.3267,11
2026-03-30T05:00:00,1.3265,1.3273,1.3265,1.3269,21
2026-03-30T05:30:00,1.3272,1.3273,1.3269,1.327,20
2026-03-30T06:00:00,1.3271,1.3278,1.327,1.327,90
2026-03-30T06:30:00,1.3268,1.3275,1.3264,1.3264,50
2026-03-30T07:00:00,1.3258,1.3258,1.3246,1.3246,70
2026-03-30T07:30:00,1.3243,1.3248,1.3239,1.3243,49
2026-03-30T08:00:00,1.3242,1.3244,1.3231,1.3235,149
2026-03-30T08:30:00,1.3234,1.3241,1.3231,1.3233,129
2026-03-30T09:00:00,1.3232,1.3238,1.322,1.3232,288
2026-03-30T09:30:00,1.3231,1.3238,1.3228,1.3235,57
2026-03-30T10:00:00,1.3233,1.3241,1.3233,1.3235,24
2026-03-30T10:30:00,1.3234,1.3234,1.3227,1.3227,74
2026-03-30T11:00:00,1.3228,1.3251,1.3226,1.3242,278
2026-03-30T11:30:00,1.324,1.324,1.3229,1.3229,70
2026-03-30T12:00:00,1.3226,1.3233,1.3219,1.3228,232
2026-03-30T12:30:00,1.3226,1.3234,1.3225,1.3226,134
2026-03-30T13:00:00,1.3228,1.3231,1.3219,1.3221,68
2026-03-30T13:30:00,1.3218,1.3218,1.3179,1.3182,498
2026-03-30T14:00:00,1.3182,1.3187,1.3172,1.3176,231
2026-03-30T14:30:00,1.3179,1.3201,1.3179,1.3194,318
2026-03-30T15:00:00,1.3196,1.3197,1.3172,1.3186,191
2026-03-30T15:30:00,1.3185,1.3195,1.3185,1.3188,119
2026-03-30T16:00:00,1.3187,1.3187,1.3183,1.3183,111
2026-03-30T16:30:00,1.3182,1.3187,1.3179,1.3187,32
2026-03-30T17:00:00,1.3187,1.3192,1.318,1.3187,133
2026-03-30T17:30:00,1.3187,1.3194,1.3183,1.3183,62
2026-03-30T18:00:00,1.3184,1.3189,1.3184,1.3189,18
2026-03-30T18:30:00,1.3189,1.3191,1.318,1.3182,63
2026-03-30T19:00:00,1.3182,1.3183,1.3172,1.3175,61
2026-03-30T19:30:00,1.3176,1.3182,1.3176,1.3182,30
2026-03-30T20:00:00,1.3182,1.3183,1.3177,1.3177,17
2026-03-30T20:30:00,1.3176,1.3183,1.3176,1.3181,73
2026-03-30T22:00:00,1.3182,1.3184,1.3179,1.3179,26
2026-03-30T22:30:00,1.3179,1.318,1.3178,1.3178,15
2026-03-30T23:00:00,1.3171,1.3171,1.3167,1.317,33
2026-03-30T23:30:00,1.3169,1.317,1.3167,1.3169,33
2026-03-31T00:00:00,1.317,1.3171,1.3157,1.3163,87
2026-03-31T00:30:00,1.3164,1.3199,1.3161,1.3194,474
2026-03-31T01:00:00,1.3199,1.3215,1.3195,1.3215,141
2026-03-31T01:30:00,1.3216,1.3221,1.3205,1.3207,337
2026-03-31T02:00:00,1.3206,1.321,1.3203,1.3209,40
2026-03-31T02:30:00,1.3207,1.321,1.3203,1.3207,30
2026-03-31T03:00:00,1.3204,1.3209,1.3202,1.3204,25
2026-03-31T03:30:00,1.3203,1.3203,1.3196,1.3197,36
2026-03-31T04:00:00,1.3198,1.32,1.3198,1.3198,77
2026-03-31T04:30:00,1.32,1.32,1.3194,1.3195,29
2026-03-31T05:00:00,1.3194,1.32,1.319,1.3198,77
2026-03-31T05:30:00,1.3199,1.3209,1.3197,1.3198,95
2026-03-31T06:00:00,1.3199,1.3203,1.3191,1.3203,150
2026-03-31T06:30:00,1.3204,1.3206,1.3193,1.3203,46
2026-03-31T07:00:00,1.3203,1.3205,1.3188,1.3194,85
2026-03-31T07:30:00,1.3195,1.3206,1.3195,1.3202,129
2026-03-31T08:00:00,1.3204,1.3208,1.3197,1.3201,80
2026-03-31T08:30:00,1.3206,1.3216,1.3206,1.3211,69
2026-03-31T09:00:00,1.321,1.3211,1.3206,1.3209,40
2026-03-31T09:30:00,1.321,1.3217,1.3207,1.3212,78
2026-03-31T10:00:00,1.3214,1.3214,1.3206,1.3207,20
2026-03-31T10:30:00,1.3207,1.3207,1.3195,1.3198,106
2026-03-31T11:00:00,1.3198,1.3219,1.3191,1.3208,356
2026-03-31T11:30:00,1.3207,1.3232,1.3205,1.323,337
2026-03-31T12:00:00,1.3233,1.3242,1.3227,1.3237,444
2026-03-31T12:30:00,1.3237,1.3246,1.3232,1.3235,103
2026-03-31T13:00:00,1.3235,1.3252,1.3228,1.3247,124
2026-03-31T13:30:00,1.3246,1.3261,1.3238,1.3257,238
2026-03-31T14:00:00,1.326,1.3263,1.3246,1.3253,105
2026-03-31T14:30:00,1.3253,1.326,1.3169,1.3186,1486
2026-03-31T15:00:00,1.3186,1.3215,1.3181,1.3202,689
2026-03-31T15:30:00,1.3199,1.3201,1.3177,1.3182,132
2026-03-31T16:00:00,1.3181,1.3194,1.3173,1.3186,302
2026-03-31T16:30:00,1.3184,1.3231,1.3183,1.3211,768
2026-03-31T17:00:00,1.3213,1.3241,1.3213,1.3234,230
2026-03-31T17:30:00,1.3235,1.3245,1.3228,1.3228,193
2026-03-31T18:00:00,1.323,1.3243,1.3227,1.3239,75
2026-03-31T18:30:00,1.3237,1.3237,1.3226,1.3227,101
2026-03-31T19:00:00,1.3228,1.3229,1.3219,1.3225,234
2026-03-31T19:30:00,1.3229,1.3236,1.3228,1.3234,91
2026-03-31T20:00:00,1.3233,1.3238,1.3226,1.3226,74
2026-03-31T20:30:00,1.3226,1.3227,1.3223,1.3224,46
2026-03-31T22:00:00,1.3225,1.3229,1.3221,1.3224,41
2026-03-31T22:30:00,1.3226,1.323,1.3226,1.323,54
2026-03-31T23:00:00,1.3229,1.3236,1.3228,1.3236,39
2026-03-31T23:30:00,1.3236,1.3243,1.3236,1.3243,69
2026-04-01T00:00:00,1.3239,1.3251,1.3237,1.3251,87
2026-04-01T00:30:00,1.3253,1.3253,1.3243,1.3245,72
2026-04-01T01:00:00,1.3246,1.3246,1.3219,1.3234,289
2026-04-01T01:30:00,1.3233,1.3233,1.3219,1.3225,40
2026-04-01T02:00:00,1.3228,1.3237,1.3228,1.3234,62
2026-04-01T02:30:00,1.3231,1.3241,1.3229,1.324,41
2026-04-01T03:00:00,1.3237,1.3237,1.3234,1.3234,19
2026-04-01T03:30:00,1.3232,1.3234,1.3228,1.3231,19
2026-04-01T04:00:00,1.323,1.3237,1.323,1.3235,12
2026-04-01T04:30:00,1.3234,1.3242,1.3234,1.3239,16
2026-04-01T05:00:00,1.3241,1.3254,1.3241,1.3251,50
2026-04-01T05:30:00,1.3254,1.3263,1.3253,1.3255,105
2026-04-01T06:00:00,1.3256,1.3286,1.3253,1.3284,209
2026-04-01T06:30:00,1.3284,1.3291,1.3276,1.3286,119
2026-04-01T07:00:00,1.3288,1.3288,1.3274,1.3275,179
2026-04-01T07:30:00,1.3276,1.3283,1.3261,1.3264,119
2026-04-01T08:00:00,1.3262,1.3282,1.3261,1.328,98
2026-04-01T08:30:00,1.3287,1.3298,1.3285,1.3288,393
2026-04-01T09:00:00,1.3288,1.3294,1.3276,1.3279,200
2026-04-01T09:30:00,1.3278,1.3291,1.3276,1.3291,122
2026-04-01T10:00:00,1.3293,1.331,1.3292,1.3308,268
2026-04-01T10:30:00,1.3308,1.3315,1.3299,1.3299,113
2026-04-01T11:00:00,1.3299,1.3313,1.3297,1.3306,108
2026-04-01T11:30:00,1.3312,1.3321,1.331,1.3319,90
2026-04-01T12:00:00,1.332,1.3322,1.3294,1.3299,399
2026-04-01T12:30:00,1.3295,1.3324,1.3295,1.3302,759
2026-04-01T13:00:00,1.3303,1.3311,1.3292,1.3305,119
2026-04-01T13:30:00,1.3307,1.3322,1.3305,1.3312,211
2026-04-01T14:00:00,1.3304,1.3318,1.3303,1.3309,167
2026-04-01T14:30:00,1.331,1.3334,1.3302,1.3332,530
2026-04-01T15:00:00,1.3331,1.3336,1.3317,1.3318,193
2026-04-01T15:30:00,1.3316,1.3332,1.3315,1.3327,94
2026-04-01T16:00:00,1.3328,1.3329,1.3312,1.3318,70
2026-04-01T16:30:00,1.3317,1.3336,1.3316,1.3336,41
2026-04-01T17:00:00,1.3338,1.3344,1.3328,1.3328,104
2026-04-01T17:30:00,1.3329,1.3329,1.3313,1.3315,63
2026-04-01T18:00:00,1.3314,1.3315,1.3298,1.3298,95
2026-04-01T18:30:00,1.3298,1.3306,1.3294,1.3299,225
2026-04-01T19:00:00,1.3298,1.3299,1.3292,1.3295,179
2026-04-01T19:30:00,1.3297,1.3305,1.3297,1.3299,131
2026-04-01T20:00:00,1.3299,1.3302,1.3298,1.3299,30
2026-04-01T20:30:00,1.3302,1.3305,1.3302,1.3305,29
2026-04-01T22:00:00,1.3306,1.3308,1.3304,1.3305,29
2026-04-01T22:30:00,1.3308,1.3308,1.3304,1.3304,21
2026-04-01T23:00:00,1.3305,1.3309,1.3303,1.3303,27
2026-04-01T23:30:00,1.3304,1.3307,1.3299,1.3301,38
2026-04-02T00:00:00,1.3298,1.331,1.3297,1.3299,45
2026-04-02T00:30:00,1.3296,1.3313,1.3296,1.3311,60
2026-04-02T01:00:00,1.3309,1.3318,1.3263,1.3269,498
2026-04-02T01:30:00,1.3264,1.3266,1.3247,1.3252,384
2026-04-02T02:00:00,1.3253,1.3262,1.325,1.325,112
2026-04-02T02:30:00,1.3251,1.3251,1.3241,1.3244,97
2026-04-02T03:00:00,1.3244,1.3244,1.3239,1.3244,135
2026-04-02T03:30:00,1.3243,1.3246,1.323,1.3232,294
2026-04-02T04:00:00,1.3234,1.3236,1.3231,1.3232,94
2026-04-02T04:30:00,1.323,1.3232,1.3227,1.3232,36
2026-04-02T05:00:00,1.3232,1.3234,1.3225,1.3225,48
2026-04-02T05:30:00,1.3227,1.3227,1.3212,1.3215,100
2026-04-02T06:00:00,1.3213,1.3217,1.32,1.3206,263
2026-04-02T06:30:00,1.3205,1.3221,1.3205,1.3221,150
2026-04-02T07:00:00,1.3222,1.3223,1.3209,1.3213,185
2026-04-02T07:30:00,1.3214,1.3215,1.32,1.3214,100
2026-04-02T08:00:00,1.3216,1.3216,1.3201,1.3206,61
2026-04-02T08:30:00,1.3205,1.3206,1.3195,1.3199,111
2026-04-02T09:00:00,1.3201,1.3202,1.3193,1.3199,24
2026-04-02T09:30:00,1.3201,1.3206,1.3197,1.3197,58
2026-04-02T10:00:00,1.32,1.32,1.3187,1.3187,150
2026-04-02T10:30:00,1.3187,1.3192,1.3184,1.3184,72
2026-04-02T11:00:00,1.3184,1.319,1.318,1.3187,204
2026-04-02T11:30:00,1.319,1.32,1.3188,1.3198,93
2026-04-02T12:00:00,1.32,1.3217,1.3199,1.3205,228
2026-04-02T12:30:00,1.3217,1.3217,1.3207,1.3211,119
2026-04-02T13:00:00,1.3212,1.3215,1.3201,1.3211,94
2026-04-02T13:30:00,1.321,1.3218,1.3205,1.3218,137
2026-04-02T14:00:00,1.3218,1.322,1.3207,1.3209,179
2026-04-02T14:30:00,1.3208,1.3247,1.3208,1.3241,563
2026-04-02T15:00:00,1.3242,1.3249,1.3226,1.3239,229
2026-04-02T15:30:00,1.3237,1.3241,1.3231,1.3237,84
2026-04-02T16:00:00,1.3238,1.3239,1.3225,1.3231,53
2026-04-02T16:30:00,1.3231,1.3239,1.3229,1.3233,110
2026-04-02T17:00:00,1.3228,1.3241,1.3227,1.3232,86
2026-04-02T17:30:00,1.323,1.323,1.3221,1.3222,29
2026-04-02T18:00:00,1.3224,1.3226,1.3221,1.3221,26
2026-04-02T18:30:00,1.3221,1.3226,1.3219,1.3222,147
2026-04-02T19:00:00,1.3224,1.3229,1.3221,1.3229,55
2026-04-02T19:30:00,1.3225,1.3226,1.322,1.3221,195
2026-04-02T20:00:00,1.3221,1.3226,1.322,1.3225,36
2026-04-02T20:30:00,1.3225,1.3226,1.3223,1.3225,40
2026-04-02T22:00:00,1.3229,1.3229,1.3214,1.3224,32
2026-04-02T22:30:00,1.3223,1.3225,1.3223,1.3224,13
2026-04-02T23:00:00,1.3224,1.3225,1.3223,1.3225,12
2026-04-02T23:30:00,1.3227,1.3229,1.3226,1.3229,49
2026-04-03T00:00:00,1.3228,1.3234,1.3228,1.3231,55
2026-04-03T00:30:00,1.3233,1.3236,1.3231,1.3231,56
2026-04-03T01:00:00,1.3231,1.3233,1.3228,1.323,40
2026-04-03T01:30:00,1.3229,1.3229,1.3225,1.3225,30
2026-04-03T02:00:00,1.3226,1.3228,1.3219,1.3219,56
2026-04-03T02:30:00,1.322,1.3224,1.322,1.3224,16
2026-04-03T03:00:00,1.3225,1.3228,1.3225,1.3225,40
2026-04-03T03:30:00,1.3225,1.3228,1.3225,1.3228,28
2026-04-03T04:00:00,1.3227,1.3227,1.3226,1.3226,9
2026-04-03T04:30:00,1.3226,1.3227,1.3224,1.3225,29
2026-04-03T05:00:00,1.3223,1.3223,1.3219,1.3222,18
2026-04-03T05:30:00,1.3221,1.3231,1.3221,1.323,92
2026-04-03T06:00:00,1.3231,1.3235,1.3229,1.3229,82
2026-04-03T06:30:00,1.3229,1.3233,1.3228,1.3231,24
2026-04-03T07:00:00,1.3233,1.3238,1.3233,1.3238,45
2026-04-03T07:30:00,1.3238,1.3241,1.3237,1.3237,24
2026-04-03T08:00:00,1.3237,1.3238,1.323,1.323,17
2026-04-03T08:30:00,1.3235,1.3235,1.3235,1.3235,12
2026-04-03T09:00:00,1.3236,1.3237,1.3233,1.3237,16
2026-04-03T09:30:00,1.3235,1.3235,1.3232,1.3234,13
2026-04-03T10:00:00,1.3233,1.3235,1.3232,1.3233,13
2026-04-03T10:30:00,1.3228,1.3236,1.3228,1.3233,10
2026-04-03T11:00:00,1.3233,1.3236,1.3232,1.3232,47
2026-04-03T11:30:00,1.3233,1.3236,1.3231,1.3234,17
2026-04-03T12:00:00,1.3234,1.3234,1.3229,1.3229,39
2026-04-03T12:30:00,1.3228,1.3228,1.319,1.321,233
2026-04-03T13:00:00,1.3213,1.3217,1.3209,1.3209,53
2026-04-03T13:30:00,1.321,1.3215,1.3206,1.3214,60
2026-04-03T14:00:00,1.3216,1.3216,1.3205,1.3206,95
2026-04-03T14:30:00,1.3206,1.3207,1.32,1.3201,77
2026-04-03T15:00:00,1.3202,1.3205,1.3198,1.3205,26
2026-04-05T22:00:00,1.32,1.32,1.3174,1.3182,434
2026-04-05T22:30:00,1.3184,1.3192,1.3182,1.3192,37
2026-04-05T23:00:00,1.3189,1.3192,1.3185,1.3186,44
2026-04-05T23:30:00,1.3186,1.3186,1.3184,1.3184,8
2026-04-06T00:00:00,1.3188,1.3195,1.3187,1.3195,38
2026-04-06T00:30:00,1.3193,1.3198,1.3193,1.3197,25
2026-04-06T01:00:00,1.3196,1.3198,1.3191,1.3194,23
2026-04-06T01:30:00,1.3195,1.3196,1.3189,1.3189,12
2026-04-06T02:00:00,1.3192,1.3216,1.3191,1.3212,95
2026-04-06T02:30:00,1.3212,1.3213,1.321,1.3211,68
2026-04-06T03:00:00,1.3209,1.321,1.3205,1.3208,45
2026-04-06T03:30:00,1.3206,1.3208,1.3206,1.3206,38
2026-04-06T04:00:00,1.3207,1.3208,1.3206,1.3207,17
2026-04-06T04:30:00,1.3208,1.3211,1.3207,1.3211,23
2026-04-06T05:00:00,1.3212,1.3218,1.321,1.3218,25
2026-04-06T05:30:00,1.3214,1.3215,1.3213,1.3214,30
2026-04-06T06:00:00,1.3214,1.3217,1.3212,1.3213,30
2026-04-06T06:30:00,1.3211,1.3223,1.321,1.3218,117
2026-04-06T07:00:00,1.3217,1.3217,1.3209,1.3216,28
2026-04-06T07:30:00,1.3219,1.3256,1.3219,1.3251,201
2026-04-06T08:00:00,1.3252,1.3256,1.3245,1.325,67
2026-04-06T08:30:00,1.3253,1.3255,1.3246,1.3248,27
2026-04-06T09:00:00,1.3248,1.3251,1.3248,1.3251,38
2026-04-06T09:30:00,1.325,1.3253,1.3241,1.3245,116
2026-04-06T10:00:00,1.3244,1.3251,1.3244,1.3245,34
2026-04-06T10:30:00,1.3244,1.3248,1.3232,1.3243,257
2026-04-06T11:00:00,1.3242,1.3242,1.323,1.3233,59
2026-04-06T11:30:00,1.3234,1.3241,1.3234,1.3237,44
2026-04-06T12:00:00,1.3236,1.3238,1.3232,1.3235,30
2026-04-06T12:30:00,1.3238,1.3246,1.3238,1.3242,58
2026-04-06T13:00:00,1.3244,1.3252,1.324,1.3251,81
2026-04-06T13:30:00,1.3254,1.3261,1.3251,1.3261,129
2026-04-06T14:00:00,1.3261,1.3264,1.3243,1.3262,70
2026-04-06T14:30:00,1.3263,1.3267,1.3235,1.3237,281
2026-04-06T15:00:00,1.3236,1.3237,1.3224,1.3226,156
2026-04-06T15:30:00,1.3224,1.3231,1.3223,1.3231,69
2026-04-06T16:00:00,1.3233,1.3237,1.323,1.3232,56
2026-04-06T16:30:00,1.3232,1.3236,1.3231,1.3231,127
2026-04-06T17:00:00,1.3228,1.3228,1.3215,1.3228,136
2026-04-06T17:30:00,1.3229,1.3234,1.3224,1.3226,37
2026-04-06T18:00:00,1.3224,1.3242,1.3222,1.3242,152
2026-04-06T18:30:00,1.3237,1.3237,1.3232,1.3236,46
2026-04-06T19:00:00,1.3235,1.3237,1.3232,1.3233,22
2026-04-06T19:30:00,1.3234,1.3235,1.3233,1.3234,28
2026-04-06T20:00:00,1.3232,1.3234,1.323,1.3234,29
2026-04-06T20:30:00,1.3235,1.3236,1.3231,1.3231,23
2026-04-06T22:00:00,1.3233,1.3241,1.3233,1.3235,52
2026-04-06T22:30:00,1.3234,1.3234,1.3232,1.3232,3
2026-04-06T23:00:00,1.3233,1.3233,1.3231,1.3231,3
2026-04-06T23:30:00,1.3229,1.3232,1.3228,1.3231,41
2026-04-07T00:00:00,1.3231,1.3236,1.3228,1.3234,33
2026-04-07T00:30:00,1.3231,1.3232,1.323,1.323,7
2026-04-07T01:00:00,1.3227,1.3228,1.3225,1.3227,16
2026-04-07T01:30:00,1.3226,1.3226,1.3215,1.3215,104
2026-04-07T02:00:00,1.3216,1.3217,1.3209,1.3211,73
2026-04-07T02:30:00,1.3218,1.3218,1.3218,1.3218,5
2026-04-07T03:00:00,1.3216,1.3218,1.3215,1.3218,12
2026-04-07T03:30:00,1.322,1.3224,1.3219,1.3223,15
2026-04-07T04:00:00,1.3223,1.3227,1.3221,1.3222,49
2026-04-07T04:30:00,1.3227,1.3233,1.3227,1.323,88
2026-04-07T05:00:00,1.3231,1.3232,1.3227,1.3227,39
2026-04-07T05:30:00,1.3224,1.3229,1.3218,1.3228,36
2026-04-07T06:00:00,1.3229,1.3242,1.3226,1.324,85
2026-04-07T06:30:00,1.3238,1.3246,1.3237,1.3242,74
2026-04-07T07:00:00,1.3242,1.3243,1.323,1.323,60
2026-04-07T07:30:00,1.323,1.3232,1.3226,1.3231,46
2026-04-07T08:00:00,1.3233,1.3264,1.3233,1.3253,255
2026-04-07T08:30:00,1.326,1.3283,1.326,1.3283,502
2026-04-07T09:00:00,1.3281,1.3282,1.3268,1.3276,128
2026-04-07T09:30:00,1.3273,1.3275,1.3265,1.3267,68
2026-04-07T10:00:00,1.3263,1.3267,1.3238,1.3251,673
2026-04-07T10:30:00,1.325,1.3252,1.3235,1.3242,101
2026-04-07T11:00:00,1.3242,1.3244,1.3239,1.3243,29
2026-04-07T11:30:00,1.3237,1.3246,1.3237,1.3244,103
2026-04-07T12:00:00,1.3244,1.3256,1.3236,1.3248,468
2026-04-07T12:30:00,1.3249,1.3264,1.3245,1.3249,113
2026-04-07T13:00:00,1.325,1.3255,1.3242,1.3246,99
2026-04-07T13:30:00,1.3243,1.3247,1.3236,1.3238,168
2026-04-07T14:00:00,1.3238,1.3255,1.3235,1.3252,125
2026-04-07T14:30:00,1.3253,1.3265,1.3244,1.3246,211
2026-04-07T15:00:00,1.3243,1.3252,1.3238,1.3247,208
2026-04-07T15:30:00,1.3247,1.3247,1.3238,1.3238,100
2026-04-07T16:00:00,1.3238,1.3256,1.3238,1.3249,194
2026-04-07T16:30:00,1.3252,1.3254,1.3244,1.3247,58
2026-04-07T17:00:00,1.325,1.3254,1.3245,1.3247,22
2026-04-07T17:30:00,1.3251,1.3265,1.3251,1.326,38
2026-04-07T18:00:00,1.3263,1.3268,1.3262,1.3265,84
2026-04-07T18:30:00,1.3265,1.3267,1.3252,1.3255,71
2026-04-07T19:00:00,1.3255,1.3276,1.3254,1.3271,157
2026-04-07T19:30:00,1.3271,1.3291,1.3268,1.3288,309
2026-04-07T20:00:00,1.3285,1.3298,1.3285,1.3293,145
2026-04-07T20:30:00,1.3294,1.3295,1.3288,1.3289,124
2026-04-07T22:00:00,1.3295,1.3325,1.3295,1.3313,170
2026-04-07T22:30:00,1.3314,1.3373,1.3286,1.3372,2561
2026-04-07T23:00:00,1.3372,1.3408,1.3366,1.3385,707
2026-04-07T23:30:00,1.3385,1.3403,1.338,1.34,313
2026-04-08T00:00:00,1.34,1.3409,1.338,1.3386,251
2026-04-08T00:30:00,1.3387,1.3395,1.3378,1.3388,228
2026-04-08T01:00:00,1.3385,1.3415,1.3385,1.3413,312
2026-04-08T01:30:00,1.3411,1.3411,1.34,1.3404,92
2026-04-08T02:00:00,1.3404,1.341,1.3394,1.3398,165
2026-04-08T02:30:00,1.3398,1.3398,1.3391,1.3396,59
2026-04-08T03:00:00,1.3399,1.3403,1.3392,1.3393,49
2026-04-08T03:30:00,1.3394,1.3396,1.3391,1.3396,27
2026-04-08T04:00:00,1.3402,1.3413,1.3402,1.3409,66
2026-04-08T04:30:00,1.341,1.3415,1.341,1.3412,39
2026-04-08T05:00:00,1.3414,1.3425,1.3406,1.3422,108
2026-04-08T05:30:00,1.3423,1.3443,1.3423,1.3431,174
2026-04-08T06:00:00,1.3431,1.3441,1.3419,1.3441,173
2026-04-08T06:30:00,1.344,1.3441,1.3418,1.3429,170
2026-04-08T07:00:00,1.3427,1.3432,1.341,1.3422,116
2026-04-08T07:30:00,1.3419,1.3433,1.3419,1.3425,49
2026-04-08T08:00:00,1.342,1.3429,1.3415,1.3416,69
2026-04-08T08:30:00,1.3422,1.3429,1.3406,1.3425,287
2026-04-08T09:00:00,1.3426,1.3439,1.3423,1.343,148
2026-04-08T09:30:00,1.3431,1.3432,1.342,1.3423,120
2026-04-08T10:00:00,1.3424,1.3432,1.3422,1.3432,66
2026-04-08T10:30:00,1.3432,1.3443,1.3432,1.344,45
2026-04-08T11:00:00,1.3439,1.3468,1.3436,1.3465,153
2026-04-08T11:30:00,1.3462,1.3466,1.345,1.3464,92
2026-04-08T12:00:00,1.3465,1.3474,1.3455,1.3466,369
2026-04-08T12:30:00,1.3468,1.3489,1.3468,1.3473,563
2026-04-08T13:00:00,1.3472,1.3481,1.3463,1.3464,276
2026-04-08T13:30:00,1.3465,1.3465,1.3439,1.3448,453
2026-04-08T14:00:00,1.3445,1.3456,1.3444,1.3454,230
2026-04-08T14:30:00,1.345,1.3451,1.3434,1.3447,205
2026-04-08T15:00:00,1.3447,1.3447,1.3428,1.3435,212
2026-04-08T15:30:00,1.3441,1.3445,1.3433,1.3437,89
2026-04-08T16:00:00,1.3436,1.3436,1.342,1.3421,116
2026-04-08T16:30:00,1.3422,1.3425,1.3419,1.3423,37
2026-04-08T17:00:00,1.3422,1.3426,1.3412,1.3413,95
2026-04-08T17:30:00,1.3415,1.3416,1.3409,1.3411,88
2026-04-08T18:00:00,1.3416,1.3422,1.3401,1.3401,328
2026-04-08T18:30:00,1.3403,1.3403,1.3384,1.3384,192
2026-04-08T19:00:00,1.3383,1.3392,1.338,1.3391,103
2026-04-08T19:30:00,1.3392,1.3406,1.3392,1.3406,81
2026-04-08T20:00:00,1.3407,1.3407,1.3398,1.3398,57
2026-04-08T20:30:00,1.3398,1.3401,1.3392,1.3392,152
2026-04-08T22:00:00,1.3395,1.3402,1.3393,1.3395,74
2026-04-08T22:30:00,1.3396,1.3398,1.3395,1.3396,36
2026-04-08T23:00:00,1.3396,1.3398,1.3393,1.3395,27
2026-04-08T23:30:00,1.3394,1.3395,1.3389,1.3391,29
2026-04-09T00:00:00,1.339,1.3392,1.3384,1.339,44
2026-04-09T00:30:00,1.3391,1.3392,1.3389,1.339,40
2026-04-09T01:00:00,1.3387,1.339,1.338,1.338,19
2026-04-09T01:30:00,1.3383,1.3391,1.3383,1.3391,53
2026-04-09T02:00:00,1.3389,1.3397,1.3387,1.3397,105
2026-04-09T02:30:00,1.3397,1.3401,1.3394,1.3395,97
2026-04-09T03:00:00,1.3395,1.3397,1.3393,1.3393,22
2026-04-09T03:30:00,1.3395,1.3395,1.3389,1.3393,104
2026-04-09T04:00:00,1.3394,1.3405,1.3394,1.3403,44
2026-04-09T04:30:00,1.3401,1.3403,1.3398,1.3399,65
2026-04-09T05:00:00,1.3398,1.3398,1.3394,1.3396,20
2026-04-09T05:30:00,1.3395,1.3395,1.3388,1.339,19
2026-04-09T06:00:00,1.339,1.3392,1.3381,1.3381,70
2026-04-09T06:30:00,1.3387,1.3395,1.3385,1.3393,115
2026-04-09T07:00:00,1.3394,1.3399,1.338,1.3384,63
2026-04-09T07:30:00,1.3383,1.3394,1.3383,1.3393,64
2026-04-09T08:00:00,1.3389,1.3395,1.3383,1.3388,49
2026-04-09T08:30:00,1.339,1.3406,1.339,1.3403,85
2026-04-09T09:00:00,1.3402,1.3411,1.3399,1.3407,127
2026-04-09T09:30:00,1.3405,1.3408,1.3402,1.3402,53
2026-04-09T10:00:00,1.3406,1.3407,1.3401,1.3406,63
2026-04-09T10:30:00,1.3404,1.3405,1.3398,1.3398,51
2026-04-09T11:00:00,1.3399,1.3409,1.3398,1.3409,50
2026-04-09T11:30:00,1.3412,1.3428,1.3412,1.3428,319
2026-04-09T12:00:00,1.3427,1.3427,1.3412,1.3415,132
2026-04-09T12:30:00,1.3417,1.3419,1.3406,1.3413,136
2026-04-09T13:00:00,1.3415,1.3423,1.3412,1.3422,80
2026-04-09T13:30:00,1.3421,1.3428,1.3415,1.3418,78
2026-04-09T14:00:00,1.3418,1.3427,1.3416,1.3421,151
2026-04-09T14:30:00,1.342,1.342,1.3404,1.3415,194
2026-04-09T15:00:00,1.3413,1.3428,1.3401,1.3421,265
2026-04-09T15:30:00,1.3427,1.3443,1.3427,1.3439,247
2026-04-09T16:00:00,1.3439,1.3454,1.3439,1.3454,101
2026-04-09T16:30:00,1.3454,1.3454,1.3443,1.3445,125
2026-04-09T17:00:00,1.3444,1.3455,1.3443,1.3453,83
2026-04-09T17:30:00,1.3447,1.3457,1.3447,1.3449,86
2026-04-09T18:00:00,1.3444,1.3445,1.3429,1.3432,109
2026-04-09T18:30:00,1.343,1.3436,1.3429,1.3433,117
2026-04-09T19:00:00,1.343,1.3438,1.343,1.3438,41
2026-04-09T19:30:00,1.3438,1.3444,1.3434,1.3434,88
2026-04-09T20:00:00,1.3434,1.3435,1.3432,1.3434,72
2026-04-09T20:30:00,1.3433,1.3436,1.3429,1.3433,58
2026-04-09T22:00:00,1.3437,1.3437,1.343,1.343,123
2026-04-09T22:30:00,1.343,1.3431,1.3424,1.3425,65
2026-04-09T23:00:00,1.3426,1.343,1.3426,1.3429,40
2026-04-09T23:30:00,1.3431,1.3432,1.3428,1.3429,57
2026-04-10T00:00:00,1.3424,1.3425,1.342,1.342,53
2026-04-10T00:30:00,1.3421,1.3423,1.3421,1.3421,24
2026-04-10T01:00:00,1.3422,1.3422,1.342,1.3421,39
2026-04-10T01:30:00,1.3424,1.3431,1.3423,1.3429,42
2026-04-10T02:00:00,1.3426,1.3428,1.3423,1.3423,20
2026-04-10T02:30:00,1.342,1.3424,1.3419,1.3424,58
2026-04-10T03:00:00,1.3424,1.3425,1.3422,1.3423,73
2026-04-10T03:30:00,1.3425,1.3428,1.3422,1.3424,109
2026-04-10T04:00:00,1.3425,1.3425,1.3423,1.3424,19
2026-04-10T04:30:00,1.342,1.3422,1.3419,1.3422,5
2026-04-10T05:00:00,1.3419,1.3419,1.3415,1.3415,28
2026-04-10T05:30:00,1.3414,1.3418,1.3414,1.3417,26
2026-04-10T06:00:00,1.3419,1.3422,1.3412,1.3416,133
2026-04-10T06:30:00,1.3414,1.3422,1.3414,1.3416,42
2026-04-10T07:00:00,1.3415,1.3426,1.3415,1.3426,22
2026-04-10T07:30:00,1.3422,1.3423,1.341,1.3411,27
2026-04-10T08:00:00,1.3411,1.342,1.3411,1.342,38
2026-04-10T08:30:00,1.3425,1.3425,1.3416,1.3418,18
2026-04-10T09:00:00,1.3419,1.3435,1.3417,1.3426,213
2026-04-10T09:30:00,1.3426,1.3438,1.3426,1.3437,91
2026-04-10T10:00:00,1.3439,1.3443,1.3436,1.3439,62
2026-04-10T10:30:00,1.3439,1.3442,1.3436,1.3437,20
2026-04-10T11:00:00,1.3434,1.3442,1.3434,1.3438,27
2026-04-10T11:30:00,1.344,1.3445,1.3437,1.3443,35
2026-04-10T12:00:00,1.3444,1.3452,1.3442,1.3451,90
2026-04-10T12:30:00,1.3458,1.348,1.3453,1.3456,136
2026-04-10T13:00:00,1.3458,1.3474,1.3458,1.3473,87
2026-04-10T13:30:00,1.3475,1.3479,1.3446,1.3479,173
2026-04-10T14:00:00,1.346,1.3494,1.344,1.3475,364
2026-04-10T14:30:00,1.3473,1.3476,1.3451,1.3459,152
2026-04-10T15:00:00,1.346,1.3477,1.3459,1.347,86
2026-04-10T15:30:00,1.3472,1.3472,1.3457,1.3458,65
2026-04-10T16:00:00,1.3455,1.3459,1.3452,1.3456,89
2026-04-10T16:30:00,1.3456,1.3456,1.3447,1.3454,39
2026-04-10T17:00:00,1.3453,1.3458,1.3453,1.3457,20
2026-04-10T17:30:00,1.3458,1.3462,1.3455,1.3456,42
2026-04-10T18:00:00,1.3456,1.3459,1.3453,1.3459,18
2026-04-10T18:30:00,1.3465,1.3468,1.3465,1.3467,45
2026-04-10T19:00:00,1.3468,1.347,1.3466,1.3469,33
2026-04-10T19:30:00,1.3466,1.3468,1.3465,1.3467,93
2026-04-10T20:00:00,1.3467,1.3468,1.3465,1.3466,104
2026-04-10T20:30:00,1.3464,1.3467,1.3455,1.3459,69
2026-04-12T22:00:00,1.3415,1.3415,1.3388,1.3389,474
2026-04-12T22:30:00,1.339,1.3394,1.3385,1.3394,77
2026-04-12T23:00:00,1.3394,1.3394,1.338,1.3383,66
2026-04-12T23:30:00,1.3383,1.3393,1.3381,1.339,68
2026-04-13T00:00:00,1.3393,1.3397,1.3385,1.3397,45
2026-04-13T00:30:00,1.3397,1.3401,1.3395,1.3401,48
2026-04-13T01:00:00,1.3402,1.3408,1.3401,1.3401,28
2026-04-13T01:30:00,1.3401,1.3401,1.3401,1.3401,3
2026-04-13T02:00:00,1.34,1.3402,1.34,1.3401,19
2026-04-13T02:30:00,1.3403,1.3403,1.3401,1.3402,6
2026-04-13T03:00:00,1.3403,1.3403,1.3399,1.3401,17
2026-04-13T03:30:00,1.3399,1.34,1.3399,1.3399,6
2026-04-13T04:00:00,1.3405,1.3405,1.3405,1.3405,1
2026-04-13T04:30:00,1.3404,1.3404,1.3402,1.3404,23
2026-04-13T05:00:00,1.3404,1.3404,1.3401,1.3403,12
2026-04-13T05:30:00,1.3403,1.3406,1.3403,1.3404,12
2026-04-13T06:00:00,1.3405,1.3413,1.3405,1.341,47
2026-04-13T06:30:00,1.3411,1.3413,1.34,1.3407,67
2026-04-13T07:00:00,1.3416,1.3421,1.3414,1.3421,32
2026-04-13T07:30:00,1.3424,1.3432,1.3422,1.343,44
2026-04-13T08:00:00,1.343,1.343,1.3423,1.3427,35
2026-04-13T08:30:00,1.3429,1.3429,1.3421,1.3426,87
2026-04-13T09:00:00,1.3427,1.3431,1.3424,1.3426,44
2026-04-13T09:30:00,1.3429,1.3432,1.3425,1.3428,29
2026-04-13T10:00:00,1.3428,1.3428,1.3424,1.3424,31
2026-04-13T10:30:00,1.3427,1.3434,1.3425,1.3432,40
2026-04-13T11:00:00,1.3435,1.3439,1.3434,1.3436,53
2026-04-13T11:30:00,1.3438,1.3439,1.3418,1.3418,120
2026-04-13T12:00:00,1.3417,1.3423,1.3415,1.342,92
2026-04-13T12:30:00,1.3422,1.3438,1.3421,1.3436,75
2026-04-13T13:00:00,1.3434,1.3445,1.3433,1.3443,78
2026-04-13T13:30:00,1.3445,1.3464,1.3443,1.3449,212
2026-04-13T14:00:00,1.3452,1.3465,1.3443,1.346,226
2026-04-13T14:30:00,1.346,1.3462,1.3451,1.3461,125
2026-04-13T15:00:00,1.3457,1.346,1.3449,1.345,117
2026-04-13T15:30:00,1.345,1.3459,1.3447,1.3455,73
2026-04-13T16:00:00,1.3457,1.3465,1.3453,1.3464,123
2026-04-13T16:30:00,1.3467,1.3481,1.3464,1.3474,319
2026-04-13T17:00:00,1.3474,1.3488,1.3474,1.3484,81
2026-04-13T17:30:00,1.3485,1.349,1.3485,1.3487,61
2026-04-13T18:00:00,1.3487,1.3491,1.3484,1.3485,86
2026-04-13T18:30:00,1.3489,1.3507,1.3489,1.3506,268
2026-04-13T19:00:00,1.3503,1.3506,1.3499,1.3506,80
2026-04-13T19:30:00,1.3505,1.3505,1.3501,1.3503,33
2026-04-13T20:00:00,1.3504,1.3508,1.3503,1.3504,271
2026-04-13T20:30:00,1.3503,1.3506,1.3503,1.3506,58
2026-04-13T22:00:00,1.3505,1.3512,1.3504,1.3508,83
2026-04-13T22:30:00,1.3507,1.351,1.3507,1.3509,23
2026-04-13T23:00:00,1.351,1.3515,1.3509,1.3513,81
2026-04-13T23:30:00,1.3513,1.3514,1.3512,1.3513,13
2026-04-14T00:00:00,1.351,1.3515,1.3508,1.3511,48
2026-04-14T00:30:00,1.3513,1.3515,1.3509,1.3511,37
2026-04-14T01:00:00,1.3513,1.3514,1.3507,1.3509,133
2026-04-14T01:30:00,1.3507,1.3507,1.3504,1.3505,16
2026-04-14T02:00:00,1.3504,1.3507,1.3504,1.3504,8
2026-04-14T02:30:00,1.3503,1.3508,1.3502,1.3507,32
2026-04-14T03:00:00,1.3508,1.3508,1.3505,1.3507,30
2026-04-14T03:30:00,1.3508,1.3515,1.3508,1.3515,43
2026-04-14T04:00:00,1.3515,1.3518,1.3515,1.3517,17
2026-04-14T04:30:00,1.3516,1.3521,1.3515,1.352,26
2026-04-14T05:00:00,1.3518,1.352,1.351,1.3511,46
2026-04-14T05:30:00,1.351,1.3516,1.3509,1.3514,30
2026-04-14T06:00:00,1.3516,1.3524,1.3509,1.3515,144
2026-04-14T06:30:00,1.3514,1.3525,1.3513,1.3521,102
2026-04-14T07:00:00,1.3522,1.3537,1.3522,1.353,131
2026-04-14T07:30:00,1.3532,1.3538,1.3528,1.3531,47
2026-04-14T08:00:00,1.3532,1.3532,1.3526,1.3529,37
2026-04-14T08:30:00,1.3533,1.3537,1.3531,1.3536,34
2026-04-14T09:00:00,1.3538,1.3547,1.3536,1.3536,246
2026-04-14T09:30:00,1.3534,1.355,1.3534,1.3542,92
2026-04-14T10:00:00,1.354,1.355,1.354,1.3547,127
2026-04-14T10:30:00,1.3551,1.356,1.3548,1.3557,119
2026-04-14T11:00:00,1.3558,1.3571,1.3558,1.3571,249
2026-04-14T11:30:00,1.3571,1.3577,1.3565,1.3573,176
2026-04-14T12:00:00,1.3569,1.3582,1.3565,1.3582,152
2026-04-14T12:30:00,1.3588,1.3589,1.358,1.3586,133
2026-04-14T13:00:00,1.3585,1.3587,1.3571,1.3572,114
2026-04-14T13:30:00,1.357,1.3581,1.3568,1.358,62
2026-04-14T14:00:00,1.3583,1.3586,1.3572,1.3581,106
2026-04-14T14:30:00,1.3578,1.3588,1.3578,1.3586,91
2026-04-14T15:00:00,1.3586,1.3586,1.3568,1.3568,84
2026-04-14T15:30:00,1.357,1.3574,1.356,1.356,113
2026-04-14T16:00:00,1.356,1.3566,1.3557,1.3566,154
2026-04-14T16:30:00,1.3566,1.3567,1.3561,1.3566,49
2026-04-14T17:00:00,1.3565,1.3571,1.3563,1.3569,26
2026-04-14T17:30:00,1.357,1.3572,1.3567,1.357,33
2026-04-14T18:00:00,1.357,1.357,1.3563,1.3566,20
2026-04-14T18:30:00,1.3564,1.3564,1.3559,1.3563,21
2026-04-14T19:00:00,1.3562,1.3565,1.3562,1.3564,22
2026-04-14T19:30:00,1.3565,1.3566,1.3561,1.3562,69
2026-04-14T20:00:00,1.3562,1.3567,1.3562,1.3567,46
2026-04-14T20:30:00,1.3568,1.3568,1.3563,1.3566,93
2026-04-14T22:00:00,1.3566,1.3569,1.3563,1.3567,46
2026-04-14T22:30:00,1.3567,1.3567,1.3566,1.3566,20
2026-04-14T23:00:00,1.3567,1.3571,1.3566,1.3571,36
2026-04-14T23:30:00,1.3571,1.3577,1.3571,1.3573,74
2026-04-15T00:00:00,1.3574,1.3574,1.3568,1.3571,28
2026-04-15T00:30:00,1.357,1.3574,1.3566,1.3572,62
2026-04-15T01:00:00,1.3571,1.3576,1.3568,1.357,37
2026-04-15T01:30:00,1.357,1.357,1.3566,1.3568,35
2026-04-15T02:00:00,1.3567,1.3568,1.3561,1.3561,45
2026-04-15T02:30:00,1.356,1.356,1.3557,1.3557,29
2026-04-15T03:00:00,1.3559,1.3561,1.3558,1.3561,10
2026-04-15T03:30:00,1.3562,1.3564,1.3561,1.3564,24
2026-04-15T04:00:00,1.3565,1.3566,1.3564,1.3565,60
2026-04-15T04:30:00,1.3565,1.3567,1.3564,1.3566,11
2026-04-15T05:00:00,1.3568,1.3577,1.3567,1.3572,83
2026-04-15T05:30:00,1.357,1.357,1.3563,1.3565,82
2026-04-15T06:00:00,1.3568,1.3572,1.3564,1.3566,55
2026-04-15T06:30:00,1.3564,1.3564,1.3557,1.3562,64
2026-04-15T07:00:00,1.3558,1.3567,1.3558,1.3561,37
2026-04-15T07:30:00,1.356,1.3566,1.3555,1.3557,95
2026-04-15T08:00:00,1.3558,1.3567,1.3557,1.3562,44
2026-04-15T08:30:00,1.356,1.3564,1.3557,1.3563,74
2026-04-15T09:00:00,1.3565,1.3568,1.3549,1.3556,142
2026-04-15T09:30:00,1.3555,1.3557,1.355,1.3557,51
2026-04-15T10:00:00,1.3552,1.356,1.3547,1.3547,60
2026-04-15T10:30:00,1.3547,1.3554,1.3543,1.3549,99
2026-04-15T11:00:00,1.3548,1.3551,1.3543,1.3544,130
2026-04-15T11:30:00,1.3545,1.3555,1.3542,1.3554,146
2026-04-15T12:00:00,1.3553,1.3555,1.3547,1.355,55
2026-04-15T12:30:00,1.3555,1.3556,1.3545,1.3553,34
2026-04-15T13:00:00,1.3557,1.3564,1.3555,1.3564,54
2026-04-15T13:30:00,1.3565,1.3566,1.3553,1.3557,34
2026-04-15T14:00:00,1.3558,1.3576,1.3553,1.3575,119
2026-04-15T14:30:00,1.3575,1.3576,1.3566,1.3568,87
2026-04-15T15:00:00,1.3568,1.3578,1.3565,1.3576,137
2026-04-15T15:30:00,1.3576,1.3576,1.3566,1.3568,111
2026-04-15T16:00:00,1.3567,1.3573,1.3565,1.3572,43
2026-04-15T16:30:00,1.3571,1.3572,1.3568,1.3571,24
2026-04-15T17:00:00,1.3572,1.3573,1.3568,1.3569,11
2026-04-15T17:30:00,1.357,1.3571,1.3564,1.3568,69
2026-04-15T18:00:00,1.3567,1.3575,1.3567,1.3571,100
2026-04-15T18:30:00,1.3573,1.3575,1.357,1.3574,45
2026-04-15T19:00:00,1.3573,1.3575,1.3568,1.3572,49
2026-04-15T19:30:00,1.3571,1.3572,1.3571,1.3571,16
2026-04-15T20:00:00,1.3569,1.3569,1.3562,1.3562,52
2026-04-15T20:30:00,1.3562,1.3563,1.3558,1.3558,68
2026-04-15T22:00:00,1.3563,1.3566,1.3562,1.3562,35
2026-04-15T22:30:00,1.3564,1.3567,1.3564,1.3567,12
2026-04-15T23:00:00,1.3568,1.357,1.3568,1.3568,36
