datetime,open,high,low,close,volume
2026-01-20T16:00:00,48938.0,49057.0,48892.0,48977.0,5435
2026-01-20T16:30:00,48976.0,49035.0,48927.0,49021.0,5588
2026-01-20T17:00:00,49018.0,49055.0,48928.0,48949.0,4003
2026-01-20T17:30:00,48947.0,48952.0,48835.0,48863.0,5373
2026-01-20T18:00:00,48861.0,48915.0,48850.0,48861.0,2622
2026-01-20T18:30:00,48859.0,48872.0,48659.0,48698.0,5796
2026-01-20T19:00:00,48696.0,48735.0,48660.0,48694.0,4444
2026-01-20T19:30:00,48693.0,48705.0,48625.0,48655.0,5171
2026-01-20T20:00:00,48654.0,48721.0,48611.0,48697.0,7056
2026-01-20T20:30:00,48698.0,48714.0,48615.0,48685.0,10880
2026-01-20T21:00:00,48684.0,48745.0,48666.0,48736.0,2283
2026-01-20T21:30:00,48735.0,48737.0,48707.0,48730.0,595
2026-01-20T23:00:00,48727.0,48751.0,48719.0,48722.0,367
2026-01-20T23:30:00,48723.0,48735.0,48679.0,48688.0,419
2026-01-21T00:00:00,48692.0,48732.0,48692.0,48729.0,403
2026-01-21T00:30:00,48730.0,48747.0,48724.0,48736.0,350
2026-01-21T01:00:00,48739.0,48771.0,48730.0,48759.0,588
2026-01-21T01:30:00,48759.0,48779.0,48751.0,48764.0,339
2026-01-21T02:00:00,48765.0,48776.0,48747.0,48748.0,291
2026-01-21T02:30:00,48747.0,48753.0,48729.0,48737.0,288
2026-01-21T03:00:00,48736.0,48787.0,48736.0,48785.0,481
2026-01-21T03:30:00,48786.0,48787.0,48755.0,48757.0,310
2026-01-21T04:00:00,48762.0,48779.0,48752.0,48773.0,245
2026-01-21T04:30:00,48771.0,48772.0,48762.0,48762.0,106
2026-01-21T05:00:00,48761.0,48776.0,48732.0,48763.0,1089
2026-01-21T05:30:00,48763.0,48769.0,48750.0,48753.0,275
2026-01-21T06:00:00,48750.0,48760.0,48739.0,48742.0,284
2026-01-21T06:30:00,48747.0,48761.0,48716.0,48718.0,417
2026-01-21T07:00:00,48717.0,48777.0,48717.0,48775.0,602
2026-01-21T07:30:00,48774.0,48791.0,48761.0,48768.0,881
2026-01-21T08:00:00,48766.0,48792.0,48751.0,48776.0,655
2026-01-21T08:30:00,48777.0,48792.0,48765.0,48772.0,380
2026-01-21T09:00:00,48772.0,48784.0,48759.0,48762.0,521
2026-01-21T09:30:00,48759.0,48760.0,48680.0,48683.0,1122
2026-01-21T10:00:00,48685.0,48737.0,48671.0,48734.0,753
2026-01-21T10:30:00,48734.0,48752.0,48713.0,48715.0,543
2026-01-21T11:00:00,48715.0,48721.0,48676.0,48684.0,1501
2026-01-21T11:30:00,48688.0,48688.0,48554.0,48556.0,3041
2026-01-21T12:00:00,48555.0,48644.0,48555.0,48609.0,1916
2026-01-21T12:30:00,48607.0,48608.0,48527.0,48579.0,1341
2026-01-21T13:00:00,48579.0,48589.0,48518.0,48520.0,1337
2026-01-21T13:30:00,48517.0,48574.0,48488.0,48545.0,2712
2026-01-21T14:00:00,48542.0,48824.0,48530.0,48757.0,10179
2026-01-21T14:30:00,48756.0,48991.0,48744.0,48986.0,19821
2026-01-21T15:00:00,48985.0,49118.0,48973.0,49082.0,11706
2026-01-21T15:30:00,49080.0,49205.0,49072.0,49150.0,8655
2026-01-21T16:00:00,49149.0,49156.0,49083.0,49137.0,5195
2026-01-21T16:30:00,49138.0,49140.0,48944.0,48947.0,8000
2026-01-21T17:00:00,48947.0,48982.0,48771.0,48915.0,7597
2026-01-21T17:30:00,48912.0,48962.0,48841.0,48933.0,5015
2026-01-21T18:00:00,48932.0,48984.0,48803.0,48968.0,5314
2026-01-21T18:30:00,48968.0,49035.0,48919.0,48997.0,4686
2026-01-21T19:00:00,48999.0,49277.0,48907.0,49236.0,6165
2026-01-21T19:30:00,49239.0,49482.0,49222.0,49454.0,13276
2026-01-21T20:00:00,49454.0,49479.0,49249.0,49256.0,7934
2026-01-21T20:30:00,49252.0,49299.0,49223.0,49270.0,9258
2026-01-21T21:00:00,49269.0,49314.0,49263.0,49295.0,2466
2026-01-21T21:30:00,49297.0,49300.0,49261.0,49281.0,510
2026-01-21T23:00:00,49296.0,49350.0,49294.0,49345.0,374
2026-01-21T23:30:00,49340.0,49340.0,49303.0,49319.0,245
2026-01-22T00:00:00,49322.0,49345.0,49310.0,49335.0,419
2026-01-22T00:30:00,49338.0,49342.0,49314.0,49335.0,353
2026-01-22T01:00:00,49333.0,49362.0,49328.0,49357.0,457
2026-01-22T01:30:00,49355.0,49373.0,49340.0,49368.0,321
2026-01-22T02:00:00,49367.0,49393.0,49362.0,49366.0,332
2026-01-22T02:30:00,49365.0,49368.0,49351.0,49366.0,194
2026-01-22T03:00:00,49368.0,49388.0,49365.0,49375.0,192
2026-01-22T03:30:00,49376.0,49380.0,49367.0,49373.0,219
2026-01-22T04:00:00,49373.0,49374.0,49352.0,49362.0,206
2026-01-22T04:30:00,49363.0,49363.0,49348.0,49354.0,136
2026-01-22T05:00:00,49355.0,49363.0,49346.0,49349.0,146
2026-01-22T05:30:00,49348.0,49348.0,49305.0,49310.0,345
2026-01-22T06:00:00,49309.0,49323.0,49257.0,49260.0,514
2026-01-22T06:30:00,49260.0,49311.0,49259.0,49304.0,574
2026-01-22T07:00:00,49304.0,49318.0,49267.0,49298.0,603
2026-01-22T07:30:00,49298.0,49354.0,49298.0,49327.0,756
2026-01-22T08:00:00,49328.0,49403.0,49324.0,49390.0,1739
2026-01-22T08:30:00,49388.0,49440.0,49377.0,49417.0,1447
2026-01-22T09:00:00,49416.0,49469.0,49415.0,49441.0,967
2026-01-22T09:30:00,49443.0,49474.0,49439.0,49459.0,493
2026-01-22T10:00:00,49461.0,49465.0,49421.0,49441.0,1144
2026-01-22T10:30:00,49443.0,49468.0,49443.0,49465.0,403
2026-01-22T11:00:00,49465.0,49473.0,49400.0,49415.0,1041
2026-01-22T11:30:00,49415.0,49445.0,49386.0,49399.0,1135
2026-01-22T12:00:00,49399.0,49421.0,49370.0,49392.0,1675
2026-01-22T12:30:00,49394.0,49431.0,49385.0,49413.0,828
2026-01-22T13:00:00,49411.0,49456.0,49404.0,49454.0,1168
2026-01-22T13:30:00,49456.0,49517.0,49426.0,49515.0,1793
2026-01-22T14:00:00,49513.0,49541.0,49489.0,49535.0,2890
2026-01-22T14:30:00,49538.0,49764.0,49474.0,49523.0,24386
2026-01-22T15:00:00,49524.0,49584.0,49432.0,49569.0,9201
2026-01-22T15:30:00,49570.0,49650.0,49541.0,49611.0,5756
2026-01-22T16:00:00,49612.0,49688.0,49606.0,49670.0,4534
2026-01-22T16:30:00,49669.0,49727.0,49662.0,49665.0,3657
2026-01-22T17:00:00,49665.0,49742.0,49642.0,49720.0,5745
2026-01-22T17:30:00,49723.0,49795.0,49723.0,49774.0,3811
2026-01-22T18:00:00,49773.0,49780.0,49675.0,49682.0,4363
2026-01-22T18:30:00,49681.0,49724.0,49661.0,49681.0,2764
2026-01-22T19:00:00,49679.0,49758.0,49679.0,49721.0,3191
2026-01-22T19:30:00,49718.0,49730.0,49579.0,49580.0,3922
2026-01-22T20:00:00,49578.0,49644.0,49538.0,49540.0,3788
2026-01-22T20:30:00,49539.0,49572.0,49494.0,49563.0,8051
2026-01-22T21:00:00,49562.0,49573.0,49539.0,49555.0,2136
2026-01-22T21:30:00,49556.0,49556.0,49486.0,49507.0,633
2026-01-22T23:00:00,49506.0,49537.0,49488.0,49528.0,427
2026-01-22T23:30:00,49530.0,49541.0,49515.0,49527.0,202
2026-01-23T00:00:00,49526.0,49553.0,49510.0,49547.0,365
2026-01-23T00:30:00,49548.0,49574.0,49546.0,49572.0,244
2026-01-23T01:00:00,49572.0,49598.0,49565.0,49577.0,714
2026-01-23T01:30:00,49576.0,49608.0,49574.0,49607.0,332
2026-01-23T02:00:00,49607.0,49608.0,49586.0,49599.0,268
2026-01-23T02:30:00,49596.0,49597.0,49579.0,49582.0,176
2026-01-23T03:00:00,49582.0,49606.0,49582.0,49606.0,140
2026-01-23T03:30:00,49602.0,49607.0,49591.0,49603.0,150
2026-01-23T04:00:00,49600.0,49601.0,49580.0,49592.0,233
2026-01-23T04:30:00,49591.0,49601.0,49582.0,49598.0,164
2026-01-23T05:00:00,49598.0,49610.0,49591.0,49603.0,180
2026-01-23T05:30:00,49603.0,49610.0,49599.0,49608.0,192
2026-01-23T06:00:00,49608.0,49620.0,49606.0,49609.0,194
2026-01-23T06:30:00,49609.0,49614.0,49584.0,49590.0,213
2026-01-23T07:00:00,49590.0,49605.0,49578.0,49591.0,397
2026-01-23T07:30:00,49590.0,49594.0,49572.0,49584.0,589
2026-01-23T08:00:00,49581.0,49587.0,49539.0,49547.0,763
2026-01-23T08:30:00,49551.0,49554.0,49491.0,49510.0,971
2026-01-23T09:00:00,49507.0,49530.0,49493.0,49510.0,752
2026-01-23T09:30:00,49507.0,49509.0,49433.0,49458.0,1183
2026-01-23T10:00:00,49456.0,49457.0,49428.0,49434.0,634
2026-01-23T10:30:00,49434.0,49446.0,49422.0,49446.0,480
2026-01-23T11:00:00,49447.0,49486.0,49437.0,49471.0,1690
2026-01-23T11:30:00,49471.0,49484.0,49434.0,49443.0,810
2026-01-23T12:00:00,49444.0,49475.0,49442.0,49452.0,799
2026-01-23T12:30:00,49450.0,49477.0,49415.0,49463.0,779
2026-01-23T13:00:00,49462.0,49467.0,49345.0,49345.0,2143
2026-01-23T13:30:00,49347.0,49362.0,49307.0,49322.0,2236
2026-01-23T14:00:00,49323.0,49356.0,49288.0,49353.0,2826
2026-01-23T14:30:00,49353.0,49384.0,49170.0,49304.0,16986
2026-01-23T15:00:00,49303.0,49341.0,49203.0,49255.0,8545
2026-01-23T15:30:00,49254.0,49358.0,49251.0,49325.0,5008
2026-01-23T16:00:00,49325.0,49367.0,49289.0,49297.0,4887
2026-01-23T16:30:00,49301.0,49343.0,49246.0,49291.0,5801
2026-01-23T17:00:00,49284.0,49346.0,49273.0,49335.0,2594
2026-01-23T17:30:00,49337.0,49340.0,49131.0,49147.0,5082
2026-01-23T18:00:00,49148.0,49194.0,49119.0,49179.0,4178
2026-01-23T18:30:00,49181.0,49209.0,49146.0,49204.0,2670
2026-01-23T19:00:00,49205.0,49305.0,49199.0,49259.0,3680
2026-01-23T19:30:00,49259.0,49288.0,49200.0,49258.0,2722
2026-01-23T20:00:00,49258.0,49268.0,49209.0,49233.0,2571
2026-01-23T20:30:00,49236.0,49292.0,49219.0,49262.0,6825
2026-01-23T21:00:00,49262.0,49263.0,49169.0,49170.0,2058
2026-01-23T21:30:00,49168.0,49188.0,49167.0,49180.0,410
2026-01-25T23:00:00,49036.0,49074.0,48850.0,49063.0,1013
2026-01-25T23:30:00,49063.0,49113.0,49019.0,49095.0,715
2026-01-26T00:00:00,49098.0,49188.0,49093.0,49179.0,896
2026-01-26T00:30:00,49179.0,49182.0,49137.0,49151.0,561
2026-01-26T01:00:00,49152.0,49210.0,49142.0,49151.0,1355
2026-01-26T01:30:00,49149.0,49157.0,49123.0,49139.0,608
2026-01-26T02:00:00,49143.0,49168.0,49139.0,49159.0,393
2026-01-26T02:30:00,49157.0,49158.0,49111.0,49137.0,432
2026-01-26T03:00:00,49139.0,49172.0,49134.0,49141.0,343
2026-01-26T03:30:00,49143.0,49151.0,49131.0,49141.0,174
2026-01-26T04:00:00,49142.0,49158.0,49130.0,49158.0,194
2026-01-26T04:30:00,49159.0,49163.0,49123.0,49139.0,140
2026-01-26T05:00:00,49135.0,49166.0,49128.0,49158.0,249
2026-01-26T05:30:00,49154.0,49180.0,49153.0,49176.0,247
2026-01-26T06:00:00,49176.0,49210.0,49176.0,49200.0,288
2026-01-26T06:30:00,49201.0,49208.0,49174.0,49186.0,331
2026-01-26T07:00:00,49192.0,49220.0,49184.0,49218.0,309
2026-01-26T07:30:00,49217.0,49250.0,49206.0,49242.0,502
2026-01-26T08:00:00,49243.0,49279.0,49234.0,49267.0,669
2026-01-26T08:30:00,49264.0,49286.0,49258.0,49282.0,650
2026-01-26T09:00:00,49280.0,49301.0,49253.0,49291.0,1119
2026-01-26T09:30:00,49291.0,49292.0,49159.0,49195.0,1424
2026-01-26T10:00:00,49191.0,49230.0,49189.0,49222.0,564
2026-01-26T10:30:00,49221.0,49252.0,49215.0,49224.0,381
2026-01-26T11:00:00,49226.0,49260.0,49225.0,49251.0,436
2026-01-26T11:30:00,49251.0,49280.0,49220.0,49239.0,1201
2026-01-26T12:00:00,49235.0,49277.0,49234.0,49256.0,521
2026-01-26T12:30:00,49256.0,49272.0,49246.0,49264.0,386
2026-01-26T13:00:00,49265.0,49305.0,49246.0,49263.0,1389
2026-01-26T13:30:00,49262.0,49326.0,49237.0,49323.0,1301
2026-01-26T14:00:00,49321.0,49352.0,49308.0,49345.0,2137
2026-01-26T14:30:00,49346.0,49483.0,49303.0,49401.0,15410
2026-01-26T15:00:00,49401.0,49527.0,49388.0,49436.0,6954
2026-01-26T15:30:00,49434.0,49502.0,49411.0,49440.0,4414
2026-01-26T16:00:00,49438.0,49444.0,49355.0,49427.0,4611
2026-01-26T16:30:00,49428.0,49431.0,49379.0,49388.0,2593
2026-01-26T17:00:00,49389.0,49470.0,49382.0,49455.0,2373
2026-01-26T17:30:00,49455.0,49503.0,49442.0,49487.0,2703
2026-01-26T18:00:00,49488.0,49598.0,49473.0,49594.0,3119
2026-01-26T18:30:00,49594.0,49619.0,49510.0,49522.0,4016
2026-01-26T19:00:00,49521.0,49581.0,49514.0,49577.0,2351
2026-01-26T19:30:00,49578.0,49613.0,49570.0,49578.0,2623
2026-01-26T20:00:00,49579.0,49644.0,49563.0,49603.0,3386
2026-01-26T20:30:00,49602.0,49632.0,49552.0,49560.0,7344
2026-01-26T21:00:00,49560.0,49572.0,49377.0,49442.0,5513
2026-01-26T21:30:00,49439.0,49442.0,49373.0,49373.0,781
2026-01-26T23:00:00,49421.0,49425.0,49357.0,49385.0,673
2026-01-26T23:30:00,49386.0,49405.0,49381.0,49403.0,239
2026-01-27T00:00:00,49403.0,49410.0,49380.0,49404.0,282
2026-01-27T00:30:00,49402.0,49418.0,49397.0,49416.0,264
2026-01-27T01:00:00,49414.0,49427.0,49404.0,49425.0,353
2026-01-27T01:30:00,49423.0,49447.0,49420.0,49437.0,261
2026-01-27T02:00:00,49437.0,49476.0,49437.0,49471.0,492
2026-01-27T02:30:00,49471.0,49493.0,49463.0,49492.0,378
2026-01-27T03:00:00,49489.0,49499.0,49482.0,49494.0,249
2026-01-27T03:30:00,49494.0,49507.0,49494.0,49502.0,165
2026-01-27T04:00:00,49500.0,49535.0,49500.0,49518.0,244
2026-01-27T04:30:00,49521.0,49522.0,49517.0,49518.0,79
2026-01-27T05:00:00,49516.0,49517.0,49500.0,49510.0,160
2026-01-27T05:30:00,49513.0,49536.0,49510.0,49532.0,220
2026-01-27T06:00:00,49533.0,49554.0,49529.0,49538.0,307
2026-01-27T06:30:00,49534.0,49539.0,49513.0,49513.0,257
2026-01-27T07:00:00,49516.0,49537.0,49516.0,49536.0,439
2026-01-27T07:30:00,49535.0,49543.0,49513.0,49535.0,367
2026-01-27T08:00:00,49536.0,49544.0,49508.0,49511.0,588
2026-01-27T08:30:00,49513.0,49519.0,49484.0,49510.0,477
2026-01-27T09:00:00,49509.0,49529.0,49506.0,49510.0,618
2026-01-27T09:30:00,49512.0,49532.0,49506.0,49509.0,663
2026-01-27T10:00:00,49509.0,49538.0,49504.0,49520.0,401
2026-01-27T10:30:00,49521.0,49566.0,49473.0,49475.0,2324
2026-01-27T11:00:00,49476.0,49492.0,49444.0,49455.0,1550
2026-01-27T11:30:00,49456.0,49465.0,49407.0,49412.0,922
2026-01-27T12:00:00,49412.0,49436.0,49303.0,49308.0,2133
2026-01-27T12:30:00,49308.0,49369.0,49288.0,49300.0,3186
2026-01-27T13:00:00,49299.0,49333.0,49280.0,49296.0,1788
2026-01-27T13:30:00,49293.0,49309.0,49228.0,49233.0,2388
2026-01-27T14:00:00,49233.0,49248.0,49180.0,49218.0,3699
2026-01-27T14:30:00,49216.0,49270.0,49089.0,49156.0,17969
2026-01-27T15:00:00,49161.0,49178.0,49040.0,49052.0,8125
2026-01-27T15:30:00,49052.0,49180.0,49039.0,49176.0,7220
2026-01-27T16:00:00,49177.0,49267.0,49155.0,49253.0,6112
2026-01-27T16:30:00,49254.0,49318.0,49218.0,49225.0,4838
2026-01-27T17:00:00,49225.0,49227.0,49061.0,49122.0,5755
2026-01-27T17:30:00,49123.0,49130.0,49054.0,49069.0,3529
2026-01-27T18:00:00,49071.0,49085.0,49007.0,49080.0,4305
2026-01-27T18:30:00,49082.0,49136.0,49074.0,49119.0,2957
2026-01-27T19:00:00,49117.0,49148.0,49094.0,49142.0,2304
2026-01-27T19:30:00,49143.0,49158.0,49121.0,49135.0,1976
2026-01-27T20:00:00,49131.0,49171.0,49114.0,49122.0,2107
2026-01-27T20:30:00,49123.0,49170.0,49112.0,49164.0,7151
2026-01-27T21:00:00,49165.0,49167.0,49110.0,49128.0,2149
2026-01-27T21:30:00,49127.0,49154.0,49125.0,49130.0,631
2026-01-27T23:00:00,49150.0,49150.0,49109.0,49138.0,288
2026-01-27T23:30:00,49139.0,49140.0,49127.0,49133.0,106
2026-01-28T00:00:00,49134.0,49165.0,49132.0,49155.0,348
2026-01-28T00:30:00,49154.0,49190.0,49153.0,49170.0,572
2026-01-28T01:00:00,49171.0,49172.0,49147.0,49157.0,361
2026-01-28T01:30:00,49157.0,49158.0,49143.0,49153.0,166
2026-01-28T02:00:00,49151.0,49163.0,49141.0,49142.0,248
2026-01-28T02:30:00,49142.0,49165.0,49140.0,49155.0,168
2026-01-28T03:00:00,49154.0,49168.0,49154.0,49158.0,253
2026-01-28T03:30:00,49160.0,49174.0,49146.0,49147.0,256
2026-01-28T04:00:00,49146.0,49150.0,49132.0,49133.0,298
2026-01-28T04:30:00,49132.0,49147.0,49131.0,49145.0,144
2026-01-28T05:00:00,49147.0,49161.0,49145.0,49153.0,150
2026-01-28T05:30:00,49152.0,49179.0,49147.0,49173.0,218
2026-01-28T06:00:00,49173.0,49226.0,49150.0,49177.0,1625
2026-01-28T06:30:00,49175.0,49197.0,49170.0,49175.0,713
2026-01-28T07:00:00,49175.0,49185.0,49162.0,49180.0,596
2026-01-28T07:30:00,49180.0,49202.0,49166.0,49201.0,594
2026-01-28T08:00:00,49199.0,49213.0,49162.0,49176.0,640
2026-01-28T08:30:00,49176.0,49180.0,49124.0,49129.0,848
2026-01-28T09:00:00,49130.0,49159.0,49130.0,49146.0,801
2026-01-28T09:30:00,49147.0,49186.0,49146.0,49178.0,553
2026-01-28T10:00:00,49177.0,49189.0,49166.0,49180.0,400
2026-01-28T10:30:00,49179.0,49200.0,49174.0,49196.0,364
2026-01-28T11:00:00,49196.0,49197.0,49162.0,49182.0,563
2026-01-28T11:30:00,49182.0,49186.0,49171.0,49173.0,369
2026-01-28T12:00:00,49174.0,49193.0,49112.0,49120.0,1928
2026-01-28T12:30:00,49120.0,49144.0,49105.0,49116.0,766
2026-01-28T13:00:00,49116.0,49161.0,49115.0,49144.0,989
2026-01-28T13:30:00,49144.0,49153.0,49093.0,49116.0,914
2026-01-28T14:00:00,49115.0,49184.0,49088.0,49181.0,2511
2026-01-28T14:30:00,49182.0,49290.0,49113.0,49141.0,13283
2026-01-28T15:00:00,49143.0,49182.0,49054.0,49151.0,7170
2026-01-28T15:30:00,49154.0,49205.0,49133.0,49135.0,4326
2026-01-28T16:00:00,49135.0,49227.0,49133.0,49222.0,3259
2026-01-28T16:30:00,49223.0,49225.0,49140.0,49160.0,3472
2026-01-28T17:00:00,49158.0,49231.0,49156.0,49177.0,2621
2026-01-28T17:30:00,49176.0,49194.0,49121.0,49143.0,2225
2026-01-28T18:00:00,49143.0,49184.0,49132.0,49169.0,1269
2026-01-28T18:30:00,49171.0,49180.0,49087.0,49117.0,1457
2026-01-28T19:00:00,49110.0,49183.0,49055.0,49069.0,3261
2026-01-28T19:30:00,49066.0,49277.0,49039.0,49087.0,9962
2026-01-28T20:00:00,49087.0,49205.0,49080.0,49124.0,2754
2026-01-28T20:30:00,49123.0,49193.0,49075.0,49166.0,5797
2026-01-28T21:00:00,49166.0,49220.0,48990.0,49200.0,8363
2026-01-28T21:30:00,49200.0,49204.0,49098.0,49125.0,1479
2026-01-28T23:00:00,49134.0,49150.0,49013.0,49054.0,1120
2026-01-28T23:30:00,49053.0,49090.0,49015.0,49020.0,1000
2026-01-29T00:00:00,49020.0,49044.0,48981.0,49038.0,1126
2026-01-29T00:30:00,49039.0,49043.0,49009.0,49043.0,502
2026-01-29T01:00:00,49045.0,49046.0,49000.0,49024.0,666
2026-01-29T01:30:00,49023.0,49034.0,49006.0,49025.0,373
2026-01-29T02:00:00,49024.0,49089.0,49019.0,49085.0,578
2026-01-29T02:30:00,49084.0,49091.0,49062.0,49074.0,464
2026-01-29T03:00:00,49073.0,49098.0,49071.0,49089.0,293
2026-01-29T03:30:00,49089.0,49108.0,49085.0,49100.0,200
2026-01-29T04:00:00,49100.0,49113.0,49089.0,49098.0,178
2026-01-29T04:30:00,49103.0,49126.0,49103.0,49122.0,216
2026-01-29T05:00:00,49122.0,49133.0,49111.0,49131.0,256
2026-01-29T05:30:00,49133.0,49151.0,49127.0,49143.0,286
2026-01-29T06:00:00,49144.0,49178.0,49142.0,49163.0,283
2026-01-29T06:30:00,49162.0,49170.0,49142.0,49154.0,261
2026-01-29T07:00:00,49155.0,49169.0,49146.0,49169.0,380
2026-01-29T07:30:00,49169.0,49218.0,49166.0,49207.0,690
2026-01-29T08:00:00,49204.0,49227.0,49160.0,49215.0,1397
2026-01-29T08:30:00,49216.0,49228.0,49197.0,49211.0,634
2026-01-29T09:00:00,49212.0,49254.0,49212.0,49225.0,681
2026-01-29T09:30:00,49228.0,49275.0,49200.0,49203.0,1138
2026-01-29T10:00:00,49202.0,49228.0,49200.0,49216.0,724
2026-01-29T10:30:00,49216.0,49220.0,49150.0,49160.0,644
2026-01-29T11:00:00,49160.0,49207.0,49129.0,49169.0,1713
2026-01-29T11:30:00,49170.0,49429.0,49170.0,49223.0,9884
2026-01-29T12:00:00,49222.0,49241.0,49159.0,49237.0,2585
2026-01-29T12:30:00,49239.0,49246.0,49166.0,49197.0,1213
2026-01-29T13:00:00,49198.0,49219.0,49167.0,49197.0,1187
2026-01-29T13:30:00,49191.0,49216.0,49165.0,49175.0,1097
2026-01-29T14:00:00,49178.0,49181.0,49090.0,49152.0,3353
2026-01-29T14:30:00,49153.0,49442.0,49086.0,49099.0,26484
2026-01-29T15:00:00,49108.0,49140.0,48951.0,48958.0,13329
2026-01-29T15:30:00,48957.0,48983.0,48798.0,48858.0,12672
2026-01-29T16:00:00,48860.0,49039.0,48724.0,48969.0,11076
2026-01-29T16:30:00,48968.0,49076.0,48965.0,49041.0,5585
2026-01-29T17:00:00,49041.0,49204.0,49030.0,49145.0,5858
2026-01-29T17:30:00,49142.0,49172.0,48931.0,48936.0,5359
2026-01-29T18:00:00,48933.0,49097.0,48908.0,49055.0,4485
2026-01-29T18:30:00,49051.0,49090.0,48985.0,48995.0,3133
2026-01-29T19:00:00,48992.0,49139.0,48970.0,49133.0,3598
2026-01-29T19:30:00,49133.0,49156.0,49034.0,49041.0,3728
2026-01-29T20:00:00,49042.0,49124.0,49040.0,49065.0,3079
2026-01-29T20:30:00,49066.0,49203.0,49064.0,49158.0,8719
2026-01-29T21:00:00,49158.0,49191.0,49114.0,49129.0,2879
2026-01-29T21:30:00,49132.0,49171.0,49100.0,49107.0,1673
2026-01-29T23:00:00,49123.0,49127.0,48973.0,49061.0,1305
2026-01-29T23:30:00,49060.0,49117.0,49060.0,49095.0,560
2026-01-30T00:00:00,49094.0,49101.0,49044.0,49063.0,846
2026-01-30T00:30:00,49064.0,49133.0,49035.0,49045.0,1160
2026-01-30T01:00:00,49045.0,49055.0,48991.0,48999.0,764
2026-01-30T01:30:00,48999.0,49006.0,48916.0,48960.0,923
2026-01-30T02:00:00,48963.0,48970.0,48896.0,48922.0,1418
2026-01-30T02:30:00,48921.0,48944.0,48900.0,48940.0,665
2026-01-30T03:00:00,48945.0,48986.0,48942.0,48968.0,688
2026-01-30T03:30:00,48969.0,49004.0,48966.0,48979.0,476
2026-01-30T04:00:00,48976.0,49003.0,48972.0,48993.0,285
2026-01-30T04:30:00,48991.0,49003.0,48968.0,48974.0,319
2026-01-30T05:00:00,48980.0,48997.0,48962.0,48977.0,296
2026-01-30T05:30:00,48977.0,48979.0,48938.0,48938.0,408
2026-01-30T06:00:00,48937.0,48944.0,48831.0,48853.0,771
2026-01-30T06:30:00,48854.0,48876.0,48778.0,48787.0,1030
2026-01-30T07:00:00,48785.0,48857.0,48784.0,48822.0,1315
2026-01-30T07:30:00,48822.0,48837.0,48764.0,48771.0,1055
2026-01-30T08:00:00,48772.0,48834.0,48747.0,48808.0,1798
2026-01-30T08:30:00,48808.0,48851.0,48753.0,48823.0,1019
2026-01-30T09:00:00,48824.0,48863.0,48785.0,48804.0,1296
2026-01-30T09:30:00,48806.0,48811.0,48696.0,48751.0,1870
2026-01-30T10:00:00,48749.0,48798.0,48744.0,48793.0,879
2026-01-30T10:30:00,48790.0,48838.0,48790.0,48816.0,848
2026-01-30T11:00:00,48818.0,48916.0,48812.0,48912.0,1097
2026-01-30T11:30:00,48912.0,49047.0,48911.0,49038.0,1933
2026-01-30T12:00:00,49037.0,49081.0,48978.0,48984.0,2290
2026-01-30T12:30:00,48984.0,49002.0,48937.0,48966.0,1205
2026-01-30T13:00:00,48966.0,49014.0,48935.0,48959.0,1487
2026-01-30T13:30:00,48959.0,48962.0,48858.0,48904.0,2386
2026-01-30T14:00:00,48901.0,49044.0,48895.0,49034.0,3381
2026-01-30T14:30:00,49032.0,49169.0,48948.0,48987.0,19908
2026-01-30T15:00:00,48984.0,49105.0,48948.0,48969.0,9067
2026-01-30T15:30:00,48969.0,49085.0,48920.0,48923.0,7916
2026-01-30T16:00:00,48924.0,48931.0,48703.0,48740.0,8534
2026-01-30T16:30:00,48740.0,48822.0,48720.0,48776.0,5160
2026-01-30T17:00:00,48773.0,48788.0,48629.0,48775.0,6204
2026-01-30T17:30:00,48770.0,48815.0,48680.0,48683.0,4172
2026-01-30T18:00:00,48682.0,48781.0,48571.0,48731.0,6004
2026-01-30T18:30:00,48734.0,48946.0,48623.0,48898.0,7310
2026-01-30T19:00:00,48898.0,49025.0,48896.0,48913.0,6205
2026-01-30T19:30:00,48913.0,49018.0,48863.0,48905.0,5564
2026-01-30T20:00:00,48904.0,48975.0,48891.0,48947.0,4373
2026-01-30T20:30:00,48950.0,49090.0,48942.0,49025.0,10067
2026-01-30T21:00:00,49023.0,49054.0,48970.0,48999.0,2877
2026-01-30T21:30:00,48998.0,49000.0,48951.0,48980.0,1045
2026-02-01T23:00:00,48864.0,48920.0,48759.0,48898.0,1337
2026-02-01T23:30:00,48900.0,48993.0,48888.0,48972.0,1074
2026-02-02T00:00:00,48974.0,49008.0,48919.0,48987.0,1207
2026-02-02T00:30:00,48988.0,49040.0,48972.0,48997.0,646
2026-02-02T01:00:00,48998.0,49032.0,48920.0,48945.0,1923
2026-02-02T01:30:00,48944.0,48951.0,48816.0,48824.0,1555
2026-02-02T02:00:00,48823.0,48851.0,48796.0,48814.0,1149
2026-02-02T02:30:00,48822.0,48833.0,48761.0,48770.0,804
2026-02-02T03:00:00,48768.0,48792.0,48718.0,48730.0,916
2026-02-02T03:30:00,48732.0,48739.0,48629.0,48644.0,1341
2026-02-02T04:00:00,48642.0,48648.0,48555.0,48624.0,1700
2026-02-02T04:30:00,48623.0,48666.0,48622.0,48647.0,668
2026-02-02T05:00:00,48648.0,48664.0,48620.0,48621.0,654
2026-02-02T05:30:00,48625.0,48647.0,48599.0,48622.0,860
2026-02-02T06:00:00,48622.0,48639.0,48540.0,48572.0,1082
2026-02-02T06:30:00,48568.0,48577.0,48506.0,48555.0,1181
2026-02-02T07:00:00,48554.0,48606.0,48528.0,48604.0,1825
2026-02-02T07:30:00,48606.0,48647.0,48602.0,48640.0,1081
2026-02-02T08:00:00,48642.0,48735.0,48636.0,48697.0,1759
2026-02-02T08:30:00,48700.0,48821.0,48698.0,48815.0,1448
2026-02-02T09:00:00,48813.0,48882.0,48779.0,48852.0,1756
2026-02-02T09:30:00,48850.0,48881.0,48834.0,48867.0,898
2026-02-02T10:00:00,48868.0,48900.0,48865.0,48891.0,923
2026-02-02T10:30:00,48892.0,48909.0,48856.0,48871.0,723
2026-02-02T11:00:00,48873.0,48975.0,48872.0,48974.0,961
2026-02-02T11:30:00,48973.0,48996.0,48937.0,48971.0,1367
2026-02-02T12:00:00,48967.0,48991.0,48948.0,48958.0,1035
2026-02-02T12:30:00,48960.0,48991.0,48955.0,48961.0,795
2026-02-02T13:00:00,48958.0,48979.0,48907.0,48959.0,1074
2026-02-02T13:30:00,48958.0,49034.0,48952.0,49016.0,1328
2026-02-02T14:00:00,49017.0,49038.0,48987.0,49002.0,2684
2026-02-02T14:30:00,49001.0,49318.0,48813.0,49214.0,24054
2026-02-02T15:00:00,49186.0,49370.0,49136.0,49331.0,10177
2026-02-02T15:30:00,49329.0,49455.0,49320.0,49437.0,6198
2026-02-02T16:00:00,49436.0,49499.0,49391.0,49459.0,5394
2026-02-02T16:30:00,49459.0,49466.0,49397.0,49460.0,3108
2026-02-02T17:00:00,49458.0,49519.0,49454.0,49490.0,3759
2026-02-02T17:30:00,49494.0,49534.0,49471.0,49509.0,2900
2026-02-02T18:00:00,49512.0,49534.0,49439.0,49457.0,2498
2026-02-02T18:30:00,49456.0,49541.0,49451.0,49510.0,2434
2026-02-02T19:00:00,49509.0,49555.0,49497.0,49545.0,2317
2026-02-02T19:30:00,49544.0,49594.0,49505.0,49530.0,4009
2026-02-02T20:00:00,49534.0,49602.0,49489.0,49530.0,4560
2026-02-02T20:30:00,49530.0,49562.0,49498.0,49525.0,7141
2026-02-02T21:00:00,49525.0,49540.0,49498.0,49519.0,2624
2026-02-02T21:30:00,49518.0,49522.0,49481.0,49486.0,702
2026-02-02T23:00:00,49481.0,49562.0,49474.0,49541.0,597
2026-02-02T23:30:00,49542.0,49574.0,49529.0,49531.0,413
2026-02-03T00:00:00,49531.0,49567.0,49504.0,49555.0,730
2026-02-03T00:30:00,49555.0,49564.0,49544.0,49558.0,473
2026-02-03T01:00:00,49561.0,49562.0,49538.0,49543.0,594
2026-02-03T01:30:00,49542.0,49542.0,49521.0,49536.0,363
2026-02-03T02:00:00,49533.0,49539.0,49516.0,49518.0,347
2026-02-03T02:30:00,49517.0,49535.0,49513.0,49527.0,329
2026-02-03T03:00:00,49525.0,49553.0,49522.0,49547.0,259
2026-02-03T03:30:00,49544.0,49554.0,49539.0,49544.0,226
2026-02-03T04:00:00,49544.0,49561.0,49538.0,49544.0,175
2026-02-03T04:30:00,49544.0,49568.0,49544.0,49567.0,225
2026-02-03T05:00:00,49566.0,49566.0,49529.0,49541.0,276
2026-02-03T05:30:00,49542.0,49562.0,49537.0,49555.0,227
2026-02-03T06:00:00,49556.0,49580.0,49547.0,49561.0,351
2026-02-03T06:30:00,49560.0,49578.0,49554.0,49558.0,306
2026-02-03T07:00:00,49557.0,49574.0,49550.0,49555.0,440
2026-02-03T07:30:00,49556.0,49571.0,49549.0,49562.0,397
2026-02-03T08:00:00,49559.0,49595.0,49540.0,49568.0,940
2026-02-03T08:30:00,49568.0,49571.0,49536.0,49546.0,466
2026-02-03T09:00:00,49545.0,49555.0,49530.0,49530.0,477
2026-02-03T09:30:00,49529.0,49533.0,49487.0,49503.0,672
2026-02-03T10:00:00,49504.0,49531.0,49504.0,49519.0,348
2026-02-03T10:30:00,49516.0,49519.0,49489.0,49494.0,355
2026-02-03T11:00:00,49495.0,49497.0,49468.0,49485.0,479
2026-02-03T11:30:00,49483.0,49490.0,49453.0,49487.0,1151
2026-02-03T12:00:00,49487.0,49530.0,49475.0,49530.0,709
2026-02-03T12:30:00,49530.0,49556.0,49528.0,49540.0,583
2026-02-03T13:00:00,49538.0,49538.0,49498.0,49529.0,1197
2026-02-03T13:30:00,49529.0,49538.0,49490.0,49503.0,968
2026-02-03T14:00:00,49503.0,49505.0,49401.0,49425.0,3556
2026-02-03T14:30:00,49425.0,49767.0,49420.0,49538.0,25933
2026-02-03T15:00:00,49542.0,49657.0,49496.0,49591.0,12203
2026-02-03T15:30:00,49592.0,49627.0,49469.0,49562.0,8383
2026-02-03T16:00:00,49562.0,49590.0,49470.0,49473.0,5270
2026-02-03T16:30:00,49476.0,49495.0,49375.0,49411.0,6661
2026-02-03T17:00:00,49410.0,49429.0,49273.0,49284.0,7614
2026-02-03T17:30:00,49285.0,49288.0,49121.0,49125.0,8288
2026-02-03T18:00:00,49122.0,49199.0,49050.0,49055.0,9033
2026-02-03T18:30:00,49053.0,49092.0,48982.0,48988.0,6264
2026-02-03T19:00:00,48987.0,49131.0,48934.0,49067.0,9268
2026-02-03T19:30:00,49069.0,49169.0,49041.0,49158.0,6979
2026-02-03T20:00:00,49153.0,49255.0,49132.0,49249.0,5219
2026-02-03T20:30:00,49249.0,49388.0,49246.0,49343.0,9839
2026-02-03T21:00:00,49342.0,49417.0,49293.0,49371.0,7372
2026-02-03T21:30:00,49370.0,49388.0,49338.0,49366.0,1183
2026-02-03T23:00:00,49379.0,49412.0,49361.0,49366.0,764
2026-02-03T23:30:00,49370.0,49401.0,49359.0,49395.0,282
2026-02-04T00:00:00,49401.0,49404.0,49364.0,49370.0,461
2026-02-04T00:30:00,49376.0,49391.0,49363.0,49364.0,395
2026-02-04T01:00:00,49366.0,49398.0,49365.0,49386.0,643
2026-02-04T01:30:00,49384.0,49389.0,49356.0,49370.0,411
2026-02-04T02:00:00,49368.0,49405.0,49368.0,49383.0,559
2026-02-04T02:30:00,49380.0,49398.0,49371.0,49393.0,268
2026-02-04T03:00:00,49392.0,49410.0,49380.0,49397.0,344
2026-02-04T03:30:00,49400.0,49426.0,49390.0,49409.0,308
2026-02-04T04:00:00,49409.0,49419.0,49397.0,49402.0,153
2026-02-04T04:30:00,49402.0,49415.0,49399.0,49404.0,135
2026-02-04T05:00:00,49403.0,49411.0,49398.0,49406.0,95
2026-02-04T05:30:00,49406.0,49421.0,49389.0,49418.0,224
2026-02-04T06:00:00,49419.0,49445.0,49410.0,49429.0,467
2026-02-04T06:30:00,49427.0,49484.0,49423.0,49466.0,591
2026-02-04T07:00:00,49465.0,49486.0,49460.0,49476.0,572
2026-02-04T07:30:00,49473.0,49485.0,49459.0,49473.0,513
2026-02-04T08:00:00,49473.0,49507.0,49429.0,49431.0,1292
2026-02-04T08:30:00,49429.0,49465.0,49422.0,49443.0,820
2026-02-04T09:00:00,49441.0,49458.0,49391.0,49410.0,1195
2026-02-04T09:30:00,49408.0,49447.0,49397.0,49444.0,1251
2026-02-04T10:00:00,49442.0,49492.0,49424.0,49487.0,1042
2026-02-04T10:30:00,49490.0,49519.0,49476.0,49489.0,676
2026-02-04T11:00:00,49490.0,49498.0,49468.0,49489.0,460
2026-02-04T11:30:00,49489.0,49544.0,49474.0,49528.0,1381
2026-02-04T12:00:00,49531.0,49557.0,49440.0,49457.0,1513
2026-02-04T12:30:00,49458.0,49484.0,49434.0,49457.0,890
2026-02-04T13:00:00,49455.0,49497.0,49422.0,49481.0,1205
2026-02-04T13:30:00,49486.0,49532.0,49429.0,49430.0,2167
2026-02-04T14:00:00,49429.0,49504.0,49387.0,49501.0,3197
2026-02-04T14:30:00,49499.0,49731.0,49426.0,49456.0,21345
2026-02-04T15:00:00,49453.0,49747.0,49360.0,49714.0,11490
2026-02-04T15:30:00,49716.0,49758.0,49552.0,49704.0,8409
2026-02-04T16:00:00,49705.0,49749.0,49569.0,49741.0,7019
2026-02-04T16:30:00,49741.0,49748.0,49515.0,49643.0,6947
2026-02-04T17:00:00,49642.0,49682.0,49439.0,49475.0,6948
2026-02-04T17:30:00,49471.0,49537.0,49309.0,49387.0,7364
2026-02-04T18:00:00,49384.0,49396.0,49215.0,49372.0,5618
2026-02-04T18:30:00,49372.0,49460.0,49264.0,49392.0,6089
2026-02-04T19:00:00,49389.0,49459.0,49316.0,49450.0,4253
2026-02-04T19:30:00,49450.0,49690.0,49447.0,49679.0,7362
2026-02-04T20:00:00,49678.0,49710.0,49638.0,49652.0,3934
2026-02-04T20:30:00,49651.0,49714.0,49563.0,49593.0,5715
2026-02-04T21:00:00,49586.0,49712.0,49567.0,49615.0,3048
2026-02-04T21:30:00,49613.0,49622.0,49541.0,49547.0,1586
2026-02-04T23:00:00,49524.0,49626.0,49524.0,49599.0,686
2026-02-04T23:30:00,49602.0,49622.0,49548.0,49563.0,449
2026-02-05T00:00:00,49563.0,49600.0,49528.0,49597.0,611
2026-02-05T00:30:00,49597.0,49601.0,49570.0,49571.0,429
2026-02-05T01:00:00,49572.0,49614.0,49571.0,49608.0,627
2026-02-05T01:30:00,49610.0,49665.0,49605.0,49661.0,575
2026-02-05T02:00:00,49662.0,49669.0,49532.0,49591.0,1686
2026-02-05T02:30:00,49587.0,49616.0,49503.0,49512.0,1137
2026-02-05T03:00:00,49514.0,49565.0,49502.0,49555.0,715
2026-02-05T03:30:00,49554.0,49558.0,49467.0,49476.0,644
2026-02-05T04:00:00,49485.0,49511.0,49481.0,49504.0,509
2026-02-05T04:30:00,49509.0,49544.0,49498.0,49533.0,523
2026-02-05T05:00:00,49533.0,49536.0,49491.0,49516.0,474
2026-02-05T05:30:00,49516.0,49537.0,49503.0,49517.0,440
2026-02-05T06:00:00,49520.0,49545.0,49504.0,49526.0,366
2026-02-05T06:30:00,49521.0,49552.0,49515.0,49545.0,332
2026-02-05T07:00:00,49545.0,49574.0,49535.0,49568.0,641
2026-02-05T07:30:00,49567.0,49577.0,49529.0,49534.0,542
2026-02-05T08:00:00,49533.0,49588.0,49527.0,49551.0,1089
2026-02-05T08:30:00,49547.0,49569.0,49425.0,49448.0,1460
2026-02-05T09:00:00,49450.0,49499.0,49411.0,49498.0,1572
2026-02-05T09:30:00,49498.0,49532.0,49447.0,49495.0,882
2026-02-05T10:00:00,49488.0,49570.0,49468.0,49565.0,901
2026-02-05T10:30:00,49564.0,49569.0,49499.0,49516.0,699
2026-02-05T11:00:00,49516.0,49577.0,49504.0,49570.0,746
2026-02-05T11:30:00,49568.0,49643.0,49556.0,49628.0,1043
2026-02-05T12:00:00,49629.0,49690.0,49476.0,49481.0,2826
2026-02-05T12:30:00,49480.0,49496.0,49398.0,49449.0,5533
2026-02-05T13:00:00,49448.0,49458.0,49400.0,49447.0,2449
2026-02-05T13:30:00,49449.0,49480.0,49383.0,49384.0,3591
2026-02-05T14:00:00,49386.0,49451.0,49328.0,49355.0,5273
2026-02-05T14:30:00,49350.0,49443.0,49235.0,49302.0,20109
2026-02-05T15:00:00,49299.0,49355.0,48964.0,48987.0,13302
2026-02-05T15:30:00,48988.0,49044.0,48924.0,49005.0,9659
2026-02-05T16:00:00,49006.0,49146.0,48918.0,49104.0,8299
2026-02-05T16:30:00,49105.0,49249.0,49074.0,49244.0,8120
2026-02-05T17:00:00,49241.0,49324.0,49129.0,49309.0,5871
2026-02-05T17:30:00,49310.0,49357.0,49223.0,49235.0,5059
2026-02-05T18:00:00,49236.0,49275.0,49084.0,49103.0,3491
2026-02-05T18:30:00,49102.0,49159.0,49005.0,49040.0,2979
2026-02-05T19:00:00,49040.0,49241.0,49022.0,49199.0,3401
2026-02-05T19:30:00,49197.0,49197.0,49077.0,49117.0,2716
2026-02-05T20:00:00,49119.0,49190.0,49011.0,49032.0,3049
2026-02-05T20:30:00,49033.0,49054.0,48932.0,48986.0,8158
2026-02-05T21:00:00,48986.0,49020.0,48864.0,48894.0,5506
2026-02-05T21:30:00,48894.0,48901.0,48848.0,48878.0,2171
2026-02-05T23:00:00,48845.0,48902.0,48809.0,48855.0,1474
2026-02-05T23:30:00,48857.0,48863.0,48771.0,48803.0,1421
2026-02-06T00:00:00,48802.0,48818.0,48703.0,48803.0,2824
2026-02-06T00:30:00,48802.0,48859.0,48801.0,48858.0,1432
2026-02-06T01:00:00,48857.0,48881.0,48768.0,48799.0,1801
2026-02-06T01:30:00,48807.0,48922.0,48805.0,48919.0,1265
2026-02-06T02:00:00,48922.0,48964.0,48918.0,48963.0,1229
2026-02-06T02:30:00,48960.0,48966.0,48897.0,48943.0,650
2026-02-06T03:00:00,48938.0,48952.0,48895.0,48927.0,669
2026-02-06T03:30:00,48924.0,48953.0,48880.0,48935.0,589
2026-02-06T04:00:00,48930.0,48930.0,48898.0,48902.0,175
2026-02-06T04:30:00,48900.0,48900.0,48849.0,48874.0,543
2026-02-06T05:00:00,48876.0,48882.0,48841.0,48874.0,352
2026-02-06T05:30:00,48871.0,48967.0,48871.0,48952.0,863
2026-02-06T06:00:00,48953.0,48980.0,48950.0,48964.0,586
2026-02-06T06:30:00,48962.0,48984.0,48941.0,48951.0,547
2026-02-06T07:00:00,48950.0,48964.0,48919.0,48954.0,1106
2026-02-06T07:30:00,48957.0,48976.0,48943.0,48975.0,528
2026-02-06T08:00:00,48973.0,49019.0,48915.0,48955.0,1580
2026-02-06T08:30:00,48955.0,49019.0,48941.0,48998.0,1232
2026-02-06T09:00:00,48996.0,49053.0,48964.0,49036.0,2065
2026-02-06T09:30:00,49034.0,49124.0,49034.0,49077.0,2212
2026-02-06T10:00:00,49075.0,49092.0,49043.0,49057.0,871
2026-02-06T10:30:00,49057.0,49133.0,49054.0,49115.0,687
2026-02-06T11:00:00,49116.0,49217.0,49115.0,49199.0,1363
2026-02-06T11:30:00,49202.0,49281.0,49196.0,49270.0,1786
2026-02-06T12:00:00,49268.0,49295.0,49221.0,49245.0,2031
2026-02-06T12:30:00,49245.0,49270.0,49191.0,49205.0,1051
2026-02-06T13:00:00,49208.0,49291.0,49195.0,49263.0,1562
2026-02-06T13:30:00,49264.0,49287.0,49201.0,49258.0,2270
2026-02-06T14:00:00,49256.0,49322.0,49247.0,49322.0,2692
2026-02-06T14:30:00,49321.0,49743.0,49294.0,49721.0,26342
2026-02-06T15:00:00,49724.0,49867.0,49703.0,49797.0,16147
2026-02-06T15:30:00,49799.0,49906.0,49726.0,49813.0,11036
2026-02-06T16:00:00,49814.0,49914.0,49799.0,49859.0,7343
2026-02-06T16:30:00,49858.0,49975.0,49855.0,49948.0,6866
2026-02-06T17:00:00,49949.0,49997.0,49930.0,49965.0,5426
2026-02-06T17:30:00,49965.0,50069.0,49930.0,50036.0,4908
2026-02-06T18:00:00,50036.0,50065.0,50001.0,50027.0,4068
2026-02-06T18:30:00,50027.0,50086.0,50025.0,50035.0,3717
2026-02-06T19:00:00,50033.0,50104.0,50031.0,50100.0,3046
2026-02-06T19:30:00,50100.0,50118.0,50057.0,50094.0,3677
2026-02-06T20:00:00,50093.0,50137.0,50081.0,50112.0,3794
2026-02-06T20:30:00,50111.0,50263.0,50102.0,50189.0,13013
2026-02-06T21:00:00,50191.0,50211.0,50165.0,50187.0,3355
2026-02-06T21:30:00,50187.0,50210.0,50174.0,50201.0,960
2026-02-08T23:00:00,50240.0,50339.0,50240.0,50298.0,959
2026-02-08T23:30:00,50302.0,50338.0,50284.0,50304.0,733
2026-02-09T00:00:00,50300.0,50325.0,50268.0,50290.0,1284
2026-02-09T00:30:00,50289.0,50318.0,50272.0,50295.0,549
2026-02-09T01:00:00,50293.0,50310.0,50255.0,50291.0,1265
2026-02-09T01:30:00,50291.0,50313.0,50276.0,50287.0,576
2026-02-09T02:00:00,50286.0,50321.0,50262.0,50273.0,460
2026-02-09T02:30:00,50273.0,50309.0,50267.0,50270.0,412
2026-02-09T03:00:00,50274.0,50279.0,50253.0,50254.0,418
2026-02-09T03:30:00,50252.0,50278.0,50245.0,50251.0,436
2026-02-09T04:00:00,50250.0,50277.0,50250.0,50272.0,208
2026-02-09T04:30:00,50272.0,50287.0,50260.0,50283.0,216
2026-02-09T05:00:00,50282.0,50287.0,50266.0,50278.0,288
2026-02-09T05:30:00,50282.0,50293.0,50267.0,50282.0,347
2026-02-09T06:00:00,50280.0,50288.0,50234.0,50260.0,1200
2026-02-09T06:30:00,50261.0,50288.0,50252.0,50259.0,400
2026-02-09T07:00:00,50261.0,50264.0,50234.0,50238.0,718
2026-02-09T07:30:00,50236.0,50266.0,50226.0,50249.0,717
2026-02-09T08:00:00,50251.0,50323.0,50242.0,50290.0,1345
2026-02-09T08:30:00,50291.0,50306.0,50264.0,50276.0,516
2026-02-09T09:00:00,50277.0,50296.0,50259.0,50276.0,692
2026-02-09T09:30:00,50277.0,50280.0,50215.0,50228.0,770
2026-02-09T10:00:00,50231.0,50232.0,50167.0,50169.0,1114
2026-02-09T10:30:00,50171.0,50173.0,50097.0,50169.0,1762
2026-02-09T11:00:00,50168.0,50176.0,50138.0,50167.0,640
2026-02-09T11:30:00,50171.0,50173.0,50140.0,50141.0,517
2026-02-09T12:00:00,50143.0,50174.0,50110.0,50170.0,1102
2026-02-09T12:30:00,50168.0,50177.0,50134.0,50173.0,845
2026-02-09T13:00:00,50172.0,50199.0,50166.0,50170.0,1255
2026-02-09T13:30:00,50171.0,50176.0,50118.0,50127.0,1288
2026-02-09T14:00:00,50127.0,50132.0,50063.0,50092.0,2721
2026-02-09T14:30:00,50093.0,50150.0,49908.0,50013.0,21663
2026-02-09T15:00:00,50011.0,50191.0,49996.0,50167.0,8845
2026-02-09T15:30:00,50167.0,50300.0,50166.0,50256.0,6563
2026-02-09T16:00:00,50257.0,50267.0,50162.0,50175.0,4444
2026-02-09T16:30:00,50175.0,50226.0,50154.0,50213.0,4185
2026-02-09T17:00:00,50211.0,50234.0,50148.0,50188.0,3113
2026-02-09T17:30:00,50188.0,50220.0,50149.0,50150.0,2223
2026-02-09T18:00:00,50154.0,50193.0,50105.0,50164.0,3784
2026-02-09T18:30:00,50165.0,50229.0,50155.0,50199.0,2431
2026-02-09T19:00:00,50198.0,50266.0,50188.0,50246.0,2234
2026-02-09T19:30:00,50249.0,50262.0,50232.0,50257.0,2056
2026-02-09T20:00:00,50257.0,50283.0,50201.0,50219.0,3101
2026-02-09T20:30:00,50218.0,50261.0,50179.0,50204.0,7725
2026-02-09T21:00:00,50206.0,50216.0,50185.0,50196.0,1856
2026-02-09T21:30:00,50194.0,50213.0,50189.0,50197.0,268
2026-02-09T23:00:00,50197.0,50223.0,50182.0,50193.0,419
2026-02-09T23:30:00,50193.0,50206.0,50164.0,50177.0,432
2026-02-10T00:00:00,50177.0,50189.0,50165.0,50179.0,499
2026-02-10T00:30:00,50179.0,50199.0,50168.0,50190.0,356
2026-02-10T01:00:00,50191.0,50220.0,50187.0,50205.0,520
2026-02-10T01:30:00,50202.0,50231.0,50192.0,50222.0,417
2026-02-10T02:00:00,50222.0,50224.0,50205.0,50218.0,349
2026-02-10T02:30:00,50217.0,50220.0,50192.0,50209.0,365
2026-02-10T03:00:00,50210.0,50215.0,50190.0,50208.0,279
2026-02-10T03:30:00,50208.0,50231.0,50207.0,50225.0,188
2026-02-10T04:00:00,50224.0,50243.0,50224.0,50234.0,216
2026-02-10T04:30:00,50234.0,50240.0,50231.0,50238.0,181
2026-02-10T05:00:00,50239.0,50243.0,50207.0,50211.0,220
2026-02-10T05:30:00,50210.0,50244.0,50205.0,50227.0,346
2026-02-10T06:00:00,50228.0,50230.0,50192.0,50192.0,367
2026-02-10T06:30:00,50193.0,50196.0,50174.0,50189.0,327
2026-02-10T07:00:00,50193.0,50241.0,50191.0,50222.0,674
2026-02-10T07:30:00,50222.0,50230.0,50217.0,50227.0,299
2026-02-10T08:00:00,50227.0,50239.0,50196.0,50217.0,855
2026-02-10T08:30:00,50216.0,50256.0,50214.0,50245.0,640
2026-02-10T09:00:00,50245.0,50293.0,50233.0,50293.0,1023
2026-02-10T09:30:00,50289.0,50295.0,50248.0,50254.0,727
2026-02-10T10:00:00,50254.0,50276.0,50248.0,50263.0,1051
2026-02-10T10:30:00,50262.0,50275.0,50248.0,50254.0,805
2026-02-10T11:00:00,50256.0,50265.0,50235.0,50249.0,596
2026-02-10T11:30:00,50251.0,50258.0,50235.0,50244.0,576
2026-02-10T12:00:00,50243.0,50250.0,50214.0,50232.0,707
2026-02-10T12:30:00,50232.0,50239.0,50133.0,50135.0,1155
2026-02-10T13:00:00,50134.0,50184.0,50107.0,50184.0,1554
2026-02-10T13:30:00,50177.0,50215.0,50151.0,50202.0,1587
2026-02-10T14:00:00,50201.0,50315.0,50200.0,50315.0,2789
2026-02-10T14:30:00,50313.0,50611.0,50296.0,50596.0,21653
2026-02-10T15:00:00,50598.0,50598.0,50435.0,50504.0,9570
2026-02-10T15:30:00,50501.0,50543.0,50406.0,50455.0,5656
2026-02-10T16:00:00,50457.0,50461.0,50332.0,50427.0,6725
2026-02-10T16:30:00,50424.0,50519.0,50409.0,50503.0,4948
2026-02-10T17:00:00,50502.0,50536.0,50428.0,50486.0,3630
2026-02-10T17:30:00,50488.0,50490.0,50442.0,50451.0,1986
2026-02-10T18:00:00,50453.0,50464.0,50277.0,50284.0,4187
2026-02-10T18:30:00,50280.0,50312.0,50203.0,50273.0,5477
2026-02-10T19:00:00,50275.0,50324.0,50248.0,50323.0,3355
2026-02-10T19:30:00,50325.0,50348.0,50301.0,50347.0,2579
2026-02-10T20:00:00,50345.0,50376.0,50328.0,50333.0,2843
2026-02-10T20:30:00,50334.0,50347.0,50242.0,50273.0,7944
2026-02-10T21:00:00,50273.0,50322.0,50257.0,50303.0,1682
2026-02-10T21:30:00,50303.0,50334.0,50303.0,50332.0,588
2026-02-10T23:00:00,50325.0,50362.0,50325.0,50349.0,377
2026-02-10T23:30:00,50345.0,50356.0,50342.0,50355.0,209
2026-02-11T00:00:00,50355.0,50370.0,50353.0,50362.0,263
2026-02-11T00:30:00,50363.0,50383.0,50362.0,50380.0,226
2026-02-11T01:00:00,50380.0,50393.0,50378.0,50383.0,268
2026-02-11T01:30:00,50381.0,50406.0,50380.0,50394.0,266
2026-02-11T02:00:00,50393.0,50404.0,50378.0,50383.0,385
2026-02-11T02:30:00,50384.0,50394.0,50379.0,50391.0,199
2026-02-11T03:00:00,50390.0,50395.0,50377.0,50393.0,167
2026-02-11T03:30:00,50393.0,50405.0,50383.0,50399.0,223
2026-02-11T04:00:00,50401.0,50420.0,50400.0,50404.0,181
2026-02-11T04:30:00,50404.0,50404.0,50378.0,50395.0,182
2026-02-11T05:00:00,50394.0,50407.0,50384.0,50384.0,188
2026-02-11T05:30:00,50384.0,50388.0,50375.0,50375.0,190
2026-02-11T06:00:00,50376.0,50396.0,50366.0,50373.0,237
2026-02-11T06:30:00,50374.0,50387.0,50372.0,50377.0,197
2026-02-11T07:00:00,50378.0,50382.0,50354.0,50380.0,364
2026-02-11T07:30:00,50378.0,50380.0,50361.0,50368.0,248
2026-02-11T08:00:00,50369.0,50378.0,50321.0,50349.0,786
2026-02-11T08:30:00,50351.0,50387.0,50351.0,50365.0,447
2026-02-11T09:00:00,50362.0,50394.0,50353.0,50388.0,815
2026-02-11T09:30:00,50388.0,50391.0,50346.0,50347.0,887
2026-02-11T10:00:00,50347.0,50348.0,50270.0,50314.0,1320
2026-02-11T10:30:00,50316.0,50339.0,50301.0,50339.0,458
2026-02-11T11:00:00,50339.0,50361.0,50319.0,50361.0,815
2026-02-11T11:30:00,50360.0,50361.0,50303.0,50306.0,1079
2026-02-11T12:00:00,50304.0,50334.0,50300.0,50319.0,1070
2026-02-11T12:30:00,50319.0,50335.0,50298.0,50308.0,621
2026-02-11T13:00:00,50307.0,50362.0,50304.0,50356.0,815
2026-02-11T13:30:00,50362.0,50552.0,50347.0,50537.0,6658
2026-02-11T14:00:00,50536.0,50547.0,50474.0,50496.0,2970
2026-02-11T14:30:00,50496.0,50585.0,50364.0,50390.0,17742
2026-02-11T15:00:00,50394.0,50414.0,50028.0,50092.0,17525
2026-02-11T15:30:00,50094.0,50116.0,49977.0,50063.0,11902
2026-02-11T16:00:00,50062.0,50264.0,50029.0,50161.0,7587
2026-02-11T16:30:00,50161.0,50332.0,50139.0,50250.0,4580
2026-02-11T17:00:00,50248.0,50318.0,50194.0,50280.0,3541
2026-02-11T17:30:00,50281.0,50310.0,50200.0,50215.0,2588
2026-02-11T18:00:00,50211.0,50233.0,50098.0,50197.0,3466
2026-02-11T18:30:00,50193.0,50209.0,50106.0,50141.0,2630
2026-02-11T19:00:00,50139.0,50270.0,50129.0,50234.0,3241
2026-02-11T19:30:00,50234.0,50254.0,50182.0,50208.0,2119
2026-02-11T20:00:00,50202.0,50258.0,50199.0,50206.0,1937
2026-02-11T20:30:00,50205.0,50248.0,50171.0,50201.0,6420
2026-02-11T21:00:00,50201.0,50264.0,50185.0,50211.0,3136
2026-02-11T21:30:00,50208.0,50224.0,50197.0,50201.0,784
2026-02-11T23:00:00,50216.0,50236.0,50181.0,50190.0,446
2026-02-11T23:30:00,50190.0,50196.0,50161.0,50187.0,425
2026-02-12T00:00:00,50184.0,50204.0,50168.0,50186.0,421
2026-02-12T00:30:00,50190.0,50233.0,50189.0,50229.0,495
2026-02-12T01:00:00,50228.0,50268.0,50225.0,50266.0,552
2026-02-12T01:30:00,50263.0,50301.0,50254.0,50280.0,650
2026-02-12T02:00:00,50282.0,50289.0,50256.0,50259.0,292
2026-02-12T02:30:00,50259.0,50294.0,50257.0,50292.0,281
2026-02-12T03:00:00,50290.0,50316.0,50285.0,50316.0,351
2026-02-12T03:30:00,50316.0,50333.0,50315.0,50331.0,284
2026-02-12T04:00:00,50332.0,50376.0,50327.0,50372.0,555
2026-02-12T04:30:00,50370.0,50372.0,50347.0,50350.0,291
2026-02-12T05:00:00,50352.0,50369.0,50352.0,50355.0,162
2026-02-12T05:30:00,50353.0,50356.0,50336.0,50349.0,326
2026-02-12T06:00:00,50351.0,50355.0,50331.0,50339.0,271
2026-02-12T06:30:00,50343.0,50353.0,50298.0,50313.0,483
2026-02-12T07:00:00,50314.0,50351.0,50312.0,50344.0,567
2026-02-12T07:30:00,50344.0,50357.0,50332.0,50353.0,330
2026-02-12T08:00:00,50350.0,50364.0,50314.0,50322.0,793
2026-02-12T08:30:00,50320.0,50350.0,50299.0,50335.0,576
2026-02-12T09:00:00,50335.0,50360.0,50335.0,50355.0,587
2026-02-12T09:30:00,50355.0,50386.0,50351.0,50384.0,732
2026-02-12T10:00:00,50383.0,50396.0,50328.0,50338.0,603
2026-02-12T10:30:00,50339.0,50349.0,50328.0,50348.0,253
2026-02-12T11:00:00,50347.0,50371.0,50342.0,50365.0,542
2026-02-12T11:30:00,50361.0,50372.0,50341.0,50366.0,347
2026-02-12T12:00:00,50364.0,50366.0,50334.0,50346.0,514
2026-02-12T12:30:00,50345.0,50358.0,50317.0,50324.0,539
2026-02-12T13:00:00,50324.0,50324.0,50274.0,50316.0,1149
2026-02-12T13:30:00,50315.0,50400.0,50304.0,50370.0,1663
2026-02-12T14:00:00,50371.0,50382.0,50290.0,50382.0,2893
2026-02-12T14:30:00,50380.0,50521.0,50351.0,50399.0,20111
2026-02-12T15:00:00,50399.0,50472.0,50331.0,50367.0,8309
2026-02-12T15:30:00,50368.0,50391.0,50154.0,50161.0,7980
2026-02-12T16:00:00,50161.0,50172.0,49683.0,49683.0,14652
2026-02-12T16:30:00,49683.0,49783.0,49618.0,49689.0,11915
2026-02-12T17:00:00,49688.0,49698.0,49577.0,49596.0,8069
2026-02-12T17:30:00,49598.0,49698.0,49540.0,49546.0,5924
2026-02-12T18:00:00,49546.0,49620.0,49496.0,49553.0,6328
2026-02-12T18:30:00,49553.0,49738.0,49530.0,49680.0,5331
2026-02-12T19:00:00,49684.0,49784.0,49644.0,49711.0,4786
2026-02-12T19:30:00,49709.0,49847.0,49706.0,49815.0,5047
2026-02-12T20:00:00,49817.0,49868.0,49715.0,49718.0,4372
2026-02-12T20:30:00,49719.0,49729.0,49493.0,49523.0,10706
2026-02-12T21:00:00,49524.0,49548.0,49495.0,49548.0,2702
2026-02-12T21:30:00,49547.0,49576.0,49540.0,49557.0,929
2026-02-12T23:00:00,49553.0,49573.0,49511.0,49561.0,928
2026-02-12T23:30:00,49563.0,49569.0,49499.0,49546.0,1162
2026-02-13T00:00:00,49544.0,49586.0,49510.0,49519.0,1367
2026-02-13T00:30:00,49515.0,49522.0,49471.0,49497.0,1116
2026-02-13T01:00:00,49498.0,49558.0,49496.0,49548.0,1306
2026-02-13T01:30:00,49547.0,49563.0,49511.0,49525.0,788
2026-02-13T02:00:00,49528.0,49564.0,49528.0,49546.0,681
2026-02-13T02:30:00,49546.0,49568.0,49544.0,49547.0,382
2026-02-13T03:00:00,49548.0,49560.0,49527.0,49535.0,468
2026-02-13T03:30:00,49536.0,49556.0,49491.0,49497.0,445
2026-02-13T04:00:00,49498.0,49543.0,49489.0,49530.0,338
2026-02-13T04:30:00,49528.0,49530.0,49491.0,49497.0,215
2026-02-13T05:00:00,49495.0,49501.0,49419.0,49423.0,627
2026-02-13T05:30:00,49425.0,49444.0,49412.0,49428.0,709
2026-02-13T06:00:00,49432.0,49442.0,49374.0,49390.0,632
2026-02-13T06:30:00,49392.0,49437.0,49358.0,49427.0,884
2026-02-13T07:00:00,49429.0,49477.0,49429.0,49451.0,926
2026-02-13T07:30:00,49447.0,49456.0,49411.0,49447.0,744
2026-02-13T08:00:00,49448.0,49487.0,49358.0,49444.0,1870
2026-02-13T08:30:00,49443.0,49477.0,49415.0,49433.0,907
2026-02-13T09:00:00,49433.0,49482.0,49382.0,49462.0,1054
2026-02-13T09:30:00,49462.0,49470.0,49417.0,49425.0,725
2026-02-13T10:00:00,49421.0,49470.0,49414.0,49449.0,640
2026-02-13T10:30:00,49450.0,49454.0,49369.0,49372.0,1060
2026-02-13T11:00:00,49375.0,49382.0,49323.0,49346.0,1444
2026-02-13T11:30:00,49342.0,49383.0,49298.0,49383.0,1604
2026-02-13T12:00:00,49382.0,49420.0,49356.0,49410.0,1421
2026-02-13T12:30:00,49409.0,49461.0,49381.0,49411.0,1665
2026-02-13T13:00:00,49412.0,49462.0,49350.0,49455.0,3160
2026-02-13T13:30:00,49438.0,49592.0,49438.0,49543.0,6363
2026-02-13T14:00:00,49542.0,49582.0,49486.0,49546.0,3213
2026-02-13T14:30:00,49544.0,49552.0,49155.0,49397.0,27517
2026-02-13T15:00:00,49399.0,49606.0,49379.0,49573.0,12538
2026-02-13T15:30:00,49573.0,49685.0,49475.0,49562.0,8554
2026-02-13T16:00:00,49565.0,49698.0,49542.0,49667.0,6713
2026-02-13T16:30:00,49667.0,49766.0,49606.0,49712.0,5518
2026-02-13T17:00:00,49714.0,49793.0,49697.0,49716.0,4516
2026-02-13T17:30:00,49719.0,49778.0,49712.0,49732.0,3504
2026-02-13T18:00:00,49732.0,49817.0,49665.0,49745.0,4210
2026-02-13T18:30:00,49747.0,49779.0,49630.0,49652.0,3165
2026-02-13T19:00:00,49654.0,49740.0,49635.0,49660.0,2736
2026-02-13T19:30:00,49660.0,49696.0,49549.0,49556.0,3657
2026-02-13T20:00:00,49556.0,49636.0,49452.0,49472.0,4045
2026-02-13T20:30:00,49470.0,49586.0,49427.0,49563.0,8933
2026-02-13T21:00:00,49564.0,49588.0,49528.0,49538.0,1919
2026-02-13T21:30:00,49540.0,49548.0,49512.0,49526.0,483
2026-02-15T23:00:00,49549.0,49624.0,49506.0,49575.0,592
2026-02-15T23:30:00,49583.0,49596.0,49538.0,49594.0,404
2026-02-16T00:00:00,49588.0,49612.0,49569.0,49606.0,490
2026-02-16T00:30:00,49606.0,49621.0,49597.0,49614.0,232
2026-02-16T01:00:00,49616.0,49646.0,49609.0,49629.0,280
2026-02-16T01:30:00,49628.0,49675.0,49622.0,49673.0,159
2026-02-16T02:00:00,49670.0,49681.0,49637.0,49644.0,216
2026-02-16T02:30:00,49648.0,49656.0,49642.0,49645.0,101
2026-02-16T03:00:00,49649.0,49649.0,49622.0,49624.0,132
2026-02-16T03:30:00,49622.0,49637.0,49613.0,49636.0,136
2026-02-16T04:00:00,49635.0,49664.0,49635.0,49655.0,101
2026-02-16T04:30:00,49654.0,49658.0,49636.0,49640.0,86
2026-02-16T05:00:00,49639.0,49648.0,49629.0,49647.0,114
2026-02-16T05:30:00,49645.0,49645.0,49609.0,49616.0,140
2026-02-16T06:00:00,49614.0,49640.0,49611.0,49639.0,120
2026-02-16T06:30:00,49634.0,49655.0,49621.0,49650.0,123
2026-02-16T07:00:00,49648.0,49682.0,49644.0,49674.0,295
2026-02-16T07:30:00,49673.0,49705.0,49671.0,49703.0,242
2026-02-16T08:00:00,49704.0,49766.0,49677.0,49723.0,783
2026-02-16T08:30:00,49723.0,49764.0,49699.0,49756.0,372
2026-02-16T09:00:00,49756.0,49820.0,49749.0,49815.0,581
2026-02-16T09:30:00,49813.0,49817.0,49794.0,49800.0,319
2026-02-16T10:00:00,49800.0,49801.0,49763.0,49772.0,336
2026-02-16T10:30:00,49768.0,49792.0,49756.0,49770.0,417
2026-02-16T11:00:00,49772.0,49790.0,49740.0,49784.0,389
2026-02-16T11:30:00,49787.0,49788.0,49764.0,49774.0,178
2026-02-16T12:00:00,49774.0,49804.0,49757.0,49796.0,253
2026-02-16T12:30:00,49798.0,49798.0,49743.0,49752.0,251
2026-02-16T13:00:00,49750.0,49769.0,49725.0,49769.0,344
2026-02-16T13:30:00,49765.0,49783.0,49755.0,49769.0,296
2026-02-16T14:00:00,49766.0,49771.0,49684.0,49693.0,1224
2026-02-16T14:30:00,49692.0,49726.0,49623.0,49706.0,2885
2026-02-16T15:00:00,49705.0,49737.0,49632.0,49634.0,1501
2026-02-16T15:30:00,49631.0,49645.0,49571.0,49577.0,1909
2026-02-16T16:00:00,49577.0,49665.0,49556.0,49627.0,2189
2026-02-16T16:30:00,49627.0,49649.0,49579.0,49612.0,1751
2026-02-16T17:00:00,49613.0,49628.0,49592.0,49618.0,782
2026-02-16T17:30:00,49618.0,49642.0,49588.0,49606.0,922
2026-02-16T23:00:00,49606.0,49679.0,49605.0,49670.0,343
2026-02-16T23:30:00,49672.0,49691.0,49653.0,49661.0,313
2026-02-17T00:00:00,49664.0,49668.0,49619.0,49643.0,406
2026-02-17T00:30:00,49638.0,49645.0,49581.0,49586.0,385
2026-02-17T01:00:00,49591.0,49615.0,49549.0,49554.0,741
2026-02-17T01:30:00,49556.0,49574.0,49421.0,49443.0,1637
2026-02-17T02:00:00,49438.0,49477.0,49400.0,49470.0,1171
2026-02-17T02:30:00,49472.0,49492.0,49457.0,49477.0,517
2026-02-17T03:00:00,49474.0,49475.0,49416.0,49438.0,867
2026-02-17T03:30:00,49430.0,49432.0,49387.0,49419.0,744
2026-02-17T04:00:00,49419.0,49439.0,49413.0,49436.0,216
2026-02-17T04:30:00,49431.0,49431.0,49407.0,49427.0,173
2026-02-17T05:00:00,49427.0,49427.0,49370.0,49407.0,421
2026-02-17T05:30:00,49408.0,49410.0,49359.0,49378.0,581
2026-02-17T06:00:00,49378.0,49438.0,49378.0,49421.0,449
2026-02-17T06:30:00,49425.0,49439.0,49407.0,49431.0,316
2026-02-17T07:00:00,49429.0,49433.0,49371.0,49383.0,549
2026-02-17T07:30:00,49387.0,49477.0,49375.0,49470.0,905
2026-02-17T08:00:00,49473.0,49603.0,49468.0,49558.0,1623
2026-02-17T08:30:00,49556.0,49565.0,49508.0,49535.0,825
2026-02-17T09:00:00,49536.0,49559.0,49502.0,49538.0,896
2026-02-17T09:30:00,49542.0,49591.0,49541.0,49578.0,511
2026-02-17T10:00:00,49582.0,49594.0,49543.0,49548.0,370
2026-02-17T10:30:00,49548.0,49549.0,49474.0,49477.0,737
2026-02-17T11:00:00,49475.0,49511.0,49465.0,49511.0,712
2026-02-17T11:30:00,49510.0,49551.0,49490.0,49538.0,1056
2026-02-17T12:00:00,49536.0,49569.0,49491.0,49494.0,977
2026-02-17T12:30:00,49495.0,49495.0,49430.0,49446.0,1245
2026-02-17T13:00:00,49446.0,49517.0,49345.0,49499.0,2687
2026-02-17T13:30:00,49506.0,49590.0,49443.0,49480.0,3528
2026-02-17T14:00:00,49480.0,49569.0,49479.0,49569.0,2502
2026-02-17T14:30:00,49568.0,49794.0,49390.0,49400.0,23942
2026-02-17T15:00:00,49398.0,49485.0,49298.0,49345.0,11910
2026-02-17T15:30:00,49343.0,49407.0,49240.0,49406.0,7792
2026-02-17T16:00:00,49404.0,49722.0,49388.0,49614.0,8910
2026-02-17T16:30:00,49612.0,49695.0,49554.0,49648.0,5312
2026-02-17T17:00:00,49648.0,49658.0,49517.0,49617.0,3811
2026-02-17T17:30:00,49618.0,49635.0,49408.0,49536.0,5355
2026-02-17T18:00:00,49536.0,49602.0,49449.0,49591.0,4224
2026-02-17T18:30:00,49595.0,49761.0,49567.0,49720.0,4284
2026-02-17T19:00:00,49714.0,49733.0,49660.0,49681.0,3318
2026-02-17T19:30:00,49682.0,49723.0,49639.0,49660.0,2451
2026-02-17T20:00:00,49662.0,49685.0,49615.0,49628.0,2234
2026-02-17T20:30:00,49626.0,49652.0,49558.0,49624.0,6140
2026-02-17T21:00:00,49624.0,49647.0,49588.0,49635.0,2160
2026-02-17T21:30:00,49634.0,49635.0,49606.0,49624.0,546
2026-02-17T23:00:00,49619.0,49631.0,49563.0,49596.0,419
2026-02-17T23:30:00,49601.0,49606.0,49542.0,49543.0,410
2026-02-18T00:00:00,49543.0,49600.0,49542.0,49568.0,399
2026-02-18T00:30:00,49575.0,49587.0,49550.0,49561.0,484
2026-02-18T01:00:00,49559.0,49586.0,49551.0,49567.0,448
2026-02-18T01:30:00,49564.0,49588.0,49557.0,49586.0,257
2026-02-18T02:00:00,49588.0,49606.0,49572.0,49580.0,246
2026-02-18T02:30:00,49582.0,49601.0,49580.0,49583.0,192
2026-02-18T03:00:00,49586.0,49602.0,49570.0,49580.0,185
2026-02-18T03:30:00,49580.0,49634.0,49580.0,49629.0,289
2026-02-18T04:00:00,49624.0,49639.0,49617.0,49635.0,186
2026-02-18T04:30:00,49633.0,49655.0,49633.0,49650.0,283
2026-02-18T05:00:00,49649.0,49664.0,49641.0,49654.0,216
2026-02-18T05:30:00,49655.0,49669.0,49646.0,49653.0,104
2026-02-18T06:00:00,49653.0,49668.0,49643.0,49660.0,195
2026-02-18T06:30:00,49663.0,49683.0,49643.0,49657.0,159
2026-02-18T07:00:00,49656.0,49668.0,49644.0,49668.0,223
2026-02-18T07:30:00,49668.0,49692.0,49664.0,49679.0,285
2026-02-18T08:00:00,49680.0,49768.0,49678.0,49743.0,1153
2026-02-18T08:30:00,49741.0,49818.0,49741.0,49812.0,942
2026-02-18T09:00:00,49812.0,49849.0,49802.0,49839.0,1307
2026-02-18T09:30:00,49839.0,49873.0,49825.0,49827.0,1136
2026-02-18T10:00:00,49824.0,49874.0,49824.0,49868.0,544
2026-02-18T10:30:00,49868.0,49871.0,49841.0,49862.0,578
2026-02-18T11:00:00,49862.0,49865.0,49819.0,49820.0,577
2026-02-18T11:30:00,49820.0,49823.0,49773.0,49783.0,798
2026-02-18T12:00:00,49785.0,49805.0,49721.0,49724.0,2220
2026-02-18T12:30:00,49722.0,49724.0,49638.0,49705.0,1767
2026-02-18T13:00:00,49708.0,49750.0,49692.0,49745.0,1016
2026-02-18T13:30:00,49749.0,49768.0,49623.0,49640.0,1961
2026-02-18T14:00:00,49641.0,49718.0,49631.0,49712.0,2552
2026-02-18T14:30:00,49712.0,49872.0,49489.0,49818.0,18764
2026-02-18T15:00:00,49819.0,49967.0,49813.0,49882.0,7766
2026-02-18T15:30:00,49882.0,49952.0,49860.0,49923.0,4193
2026-02-18T16:00:00,49924.0,49954.0,49854.0,49881.0,2876
2026-02-18T16:30:00,49879.0,49901.0,49843.0,49860.0,2391
2026-02-18T17:00:00,49864.0,49951.0,49844.0,49907.0,2405
2026-02-18T17:30:00,49906.0,49920.0,49867.0,49898.0,1619
2026-02-18T18:00:00,49897.0,49930.0,49807.0,49838.0,2885
2026-02-18T18:30:00,49839.0,49864.0,49708.0,49763.0,4288
2026-02-18T19:00:00,49757.0,49805.0,49685.0,49741.0,3520
2026-02-18T19:30:00,49740.0,49754.0,49596.0,49644.0,5000
2026-02-18T20:00:00,49646.0,49689.0,49592.0,49609.0,3426
2026-02-18T20:30:00,49608.0,49790.0,49604.0,49724.0,7349
2026-02-18T21:00:00,49726.0,49735.0,49703.0,49714.0,1704
2026-02-18T21:30:00,49713.0,49720.0,49690.0,49710.0,638
2026-02-18T23:00:00,49697.0,49756.0,49681.0,49735.0,214
2026-02-18T23:30:00,49735.0,49744.0,49711.0,49715.0,209
2026-02-19T00:00:00,49717.0,49720.0,49679.0,49682.0,342
2026-02-19T00:30:00,49682.0,49700.0,49676.0,49683.0,446
2026-02-19T01:00:00,49681.0,49741.0,49675.0,49714.0,482
2026-02-19T01:30:00,49716.0,49726.0,49689.0,49723.0,404
2026-02-19T02:00:00,49726.0,49742.0,49712.0,49740.0,257
2026-02-19T02:30:00,49742.0,49751.0,49728.0,49736.0,203
2026-02-19T03:00:00,49737.0,49749.0,49730.0,49746.0,178
2026-02-19T03:30:00,49745.0,49751.0,49705.0,49723.0,307
2026-02-19T04:00:00,49724.0,49734.0,49710.0,49713.0,198
2026-02-19T04:30:00,49712.0,49722.0,49696.0,49698.0,186
2026-02-19T05:00:00,49697.0,49716.0,49678.0,49715.0,258
2026-02-19T05:30:00,49716.0,49747.0,49716.0,49737.0,284
2026-02-19T06:00:00,49737.0,49746.0,49723.0,49735.0,158
2026-02-19T06:30:00,49736.0,49766.0,49736.0,49765.0,381
2026-02-19T07:00:00,49768.0,49785.0,49747.0,49778.0,357
2026-02-19T07:30:00,49777.0,49788.0,49739.0,49743.0,364
2026-02-19T08:00:00,49743.0,49786.0,49728.0,49768.0,847
2026-02-19T08:30:00,49771.0,49781.0,49657.0,49666.0,745
2026-02-19T09:00:00,49676.0,49694.0,49652.0,49659.0,783
2026-02-19T09:30:00,49659.0,49673.0,49585.0,49630.0,1206
2026-02-19T10:00:00,49628.0,49628.0,49517.0,49531.0,2116
2026-02-19T10:30:00,49533.0,49560.0,49520.0,49540.0,712
2026-02-19T11:00:00,49543.0,49581.0,49524.0,49571.0,816
2026-02-19T11:30:00,49572.0,49588.0,49544.0,49583.0,545
2026-02-19T12:00:00,49582.0,49633.0,49522.0,49616.0,1544
2026-02-19T12:30:00,49615.0,49637.0,49593.0,49611.0,753
2026-02-19T13:00:00,49612.0,49616.0,49541.0,49556.0,1251
2026-02-19T13:30:00,49562.0,49602.0,49520.0,49551.0,1685
2026-02-19T14:00:00,49552.0,49579.0,49520.0,49577.0,1958
2026-02-19T14:30:00,49577.0,49624.0,49403.0,49545.0,18778
2026-02-19T15:00:00,49546.0,49625.0,49452.0,49530.0,9139
2026-02-19T15:30:00,49528.0,49673.0,49512.0,49591.0,6500
2026-02-19T16:00:00,49589.0,49602.0,49453.0,49460.0,3863
2026-02-19T16:30:00,49462.0,49542.0,49377.0,49439.0,4800
2026-02-19T17:00:00,49441.0,49526.0,49353.0,49470.0,4629
2026-02-19T17:30:00,49467.0,49489.0,49330.0,49354.0,3979
2026-02-19T18:00:00,49350.0,49384.0,49258.0,49302.0,4053
2026-02-19T18:30:00,49301.0,49415.0,49279.0,49405.0,2887
2026-02-19T19:00:00,49403.0,49453.0,49380.0,49398.0,2583
2026-02-19T19:30:00,49400.0,49408.0,49289.0,49334.0,3130
2026-02-19T20:00:00,49337.0,49429.0,49335.0,49392.0,2727
2026-02-19T20:30:00,49393.0,49465.0,49384.0,49462.0,5311
2026-02-19T21:00:00,49461.0,49494.0,49432.0,49467.0,1975
2026-02-19T21:30:00,49466.0,49466.0,49420.0,49421.0,391
2026-02-19T23:00:00,49432.0,49468.0,49427.0,49462.0,290
2026-02-19T23:30:00,49462.0,49482.0,49458.0,49466.0,221
2026-02-20T00:00:00,49467.0,49480.0,49442.0,49470.0,462
2026-02-20T00:30:00,49471.0,49496.0,49471.0,49491.0,333
2026-02-20T01:00:00,49492.0,49527.0,49489.0,49511.0,498
2026-02-20T01:30:00,49510.0,49510.0,49489.0,49498.0,369
2026-02-20T02:00:00,49499.0,49528.0,49488.0,49491.0,431
2026-02-20T02:30:00,49492.0,49512.0,49485.0,49512.0,251
2026-02-20T03:00:00,49512.0,49523.0,49508.0,49510.0,171
2026-02-20T03:30:00,49509.0,49513.0,49500.0,49506.0,173
2026-02-20T04:00:00,49503.0,49526.0,49502.0,49519.0,191
2026-02-20T04:30:00,49521.0,49524.0,49516.0,49518.0,127
2026-02-20T05:00:00,49520.0,49540.0,49518.0,49539.0,267
2026-02-20T05:30:00,49541.0,49553.0,49528.0,49549.0,253
2026-02-20T06:00:00,49551.0,49564.0,49543.0,49553.0,305
2026-02-20T06:30:00,49552.0,49557.0,49534.0,49546.0,204
2026-02-20T07:00:00,49545.0,49548.0,49529.0,49529.0,373
2026-02-20T07:30:00,49527.0,49539.0,49507.0,49526.0,316
2026-02-20T08:00:00,49526.0,49543.0,49507.0,49541.0,850
2026-02-20T08:30:00,49544.0,49568.0,49512.0,49560.0,562
2026-02-20T09:00:00,49559.0,49604.0,49558.0,49571.0,1030
2026-02-20T09:30:00,49570.0,49572.0,49517.0,49524.0,665
2026-02-20T10:00:00,49524.0,49538.0,49508.0,49513.0,391
2026-02-20T10:30:00,49516.0,49519.0,49461.0,49461.0,711
2026-02-20T11:00:00,49460.0,49462.0,49391.0,49434.0,1192
2026-02-20T11:30:00,49435.0,49453.0,49394.0,49402.0,634
2026-02-20T12:00:00,49405.0,49424.0,49364.0,49378.0,1085
2026-02-20T12:30:00,49377.0,49399.0,49353.0,49393.0,1191
2026-02-20T13:00:00,49393.0,49454.0,49385.0,49446.0,1025
2026-02-20T13:30:00,49453.0,49457.0,49312.0,49370.0,2834
2026-02-20T14:00:00,49369.0,49384.0,49287.0,49323.0,3148
2026-02-20T14:30:00,49322.0,49412.0,49204.0,49406.0,21036
2026-02-20T15:00:00,49416.0,49775.0,49368.0,49568.0,19651
2026-02-20T15:30:00,49568.0,49608.0,49449.0,49576.0,8550
2026-02-20T16:00:00,49573.0,49597.0,49425.0,49425.0,5271
2026-02-20T16:30:00,49424.0,49598.0,49403.0,49554.0,5460
2026-02-20T17:00:00,49555.0,49576.0,49265.0,49314.0,7907
2026-02-20T17:30:00,49315.0,49507.0,49299.0,49487.0,6225
2026-02-20T18:00:00,49485.0,49506.0,49358.0,49413.0,5814
2026-02-20T18:30:00,49416.0,49675.0,49370.0,49652.0,10680
2026-02-20T19:00:00,49650.0,49681.0,49558.0,49605.0,3006
2026-02-20T19:30:00,49605.0,49633.0,49544.0,49578.0,2444
2026-02-20T20:00:00,49578.0,49669.0,49575.0,49634.0,2780
2026-02-20T20:30:00,49631.0,49686.0,49605.0,49680.0,5739
2026-02-20T21:00:00,49678.0,49719.0,49661.0,49680.0,1989
2026-02-20T21:30:00,49678.0,49688.0,49666.0,49680.0,386
2026-02-22T23:00:00,49642.0,49671.0,49570.0,49581.0,599
2026-02-22T23:30:00,49579.0,49589.0,49538.0,49579.0,961
2026-02-23T00:00:00,49581.0,49581.0,49467.0,49483.0,958
2026-02-23T00:30:00,49484.0,49493.0,49420.0,49426.0,763
2026-02-23T01:00:00,49422.0,49445.0,49398.0,49428.0,1644
2026-02-23T01:30:00,49427.0,49434.0,49386.0,49390.0,659
2026-02-23T02:00:00,49390.0,49411.0,49363.0,49392.0,735
2026-02-23T02:30:00,49387.0,49393.0,49369.0,49374.0,349
2026-02-23T03:00:00,49374.0,49383.0,49343.0,49360.0,561
2026-02-23T03:30:00,49359.0,49362.0,49344.0,49349.0,332
2026-02-23T04:00:00,49347.0,49369.0,49341.0,49358.0,341
2026-02-23T04:30:00,49358.0,49362.0,49342.0,49356.0,267
2026-02-23T05:00:00,49356.0,49359.0,49341.0,49358.0,257
2026-02-23T05:30:00,49359.0,49380.0,49356.0,49379.0,313
2026-02-23T06:00:00,49377.0,49387.0,49371.0,49377.0,283
2026-02-23T06:30:00,49377.0,49408.0,49374.0,49403.0,376
2026-02-23T07:00:00,49404.0,49460.0,49401.0,49446.0,1033
2026-02-23T07:30:00,49446.0,49471.0,49433.0,49461.0,478
2026-02-23T08:00:00,49460.0,49479.0,49443.0,49456.0,757
2026-02-23T08:30:00,49457.0,49484.0,49424.0,49479.0,653
2026-02-23T09:00:00,49479.0,49541.0,49479.0,49529.0,1100
2026-02-23T09:30:00,49530.0,49555.0,49500.0,49542.0,1033
2026-02-23T10:00:00,49542.0,49573.0,49505.0,49543.0,1103
2026-02-23T10:30:00,49543.0,49566.0,49537.0,49545.0,377
2026-02-23T11:00:00,49548.0,49586.0,49536.0,49546.0,500
2026-02-23T11:30:00,49547.0,49553.0,49483.0,49505.0,659
2026-02-23T12:00:00,49505.0,49527.0,49437.0,49444.0,883
2026-02-23T12:30:00,49444.0,49447.0,49398.0,49406.0,1051
2026-02-23T13:00:00,49404.0,49460.0,49383.0,49447.0,998
2026-02-23T13:30:00,49448.0,49498.0,49436.0,49475.0,1195
2026-02-23T14:00:00,49474.0,49520.0,49472.0,49511.0,2227
2026-02-23T14:30:00,49510.0,49765.0,49261.0,49277.0,23415
2026-02-23T15:00:00,49276.0,49305.0,48963.0,49018.0,16950
2026-02-23T15:30:00,49014.0,49055.0,48942.0,48979.0,9351
2026-02-23T16:00:00,48977.0,48990.0,48825.0,48976.0,11255
2026-02-23T16:30:00,48976.0,49007.0,48921.0,48939.0,5370
2026-02-23T17:00:00,48938.0,48965.0,48866.0,48871.0,3372
2026-02-23T17:30:00,48868.0,48941.0,48813.0,48920.0,4555
2026-02-23T18:00:00,48920.0,49049.0,48914.0,49047.0,4542
2026-02-23T18:30:00,49046.0,49063.0,48919.0,48923.0,4728
2026-02-23T19:00:00,48923.0,48948.0,48821.0,48828.0,6061
2026-02-23T19:30:00,48830.0,48882.0,48800.0,48865.0,4821
2026-02-23T20:00:00,48862.0,48887.0,48801.0,48850.0,5594
2026-02-23T20:30:00,48851.0,48902.0,48775.0,48860.0,11184
2026-02-23T21:00:00,48862.0,48888.0,48836.0,48881.0,2629
2026-02-23T21:30:00,48883.0,48893.0,48873.0,48886.0,688
2026-02-23T23:00:00,48903.0,48921.0,48877.0,48898.0,607
2026-02-23T23:30:00,48899.0,48921.0,48888.0,48889.0,447
2026-02-24T00:00:00,48889.0,48907.0,48867.0,48875.0,648
2026-02-24T00:30:00,48879.0,48910.0,48867.0,48900.0,417
2026-02-24T01:00:00,48900.0,48904.0,48872.0,48891.0,516
2026-02-24T01:30:00,48891.0,48900.0,48870.0,48892.0,411
2026-02-24T02:00:00,48896.0,48932.0,48886.0,48929.0,483
2026-02-24T02:30:00,48927.0,48932.0,48913.0,48922.0,409
2026-02-24T03:00:00,48920.0,48931.0,48915.0,48922.0,306
2026-02-24T03:30:00,48919.0,48928.0,48914.0,48922.0,192
2026-02-24T04:00:00,48922.0,48933.0,48914.0,48926.0,329
2026-02-24T04:30:00,48926.0,48938.0,48913.0,48935.0,208
2026-02-24T05:00:00,48934.0,48951.0,48923.0,48931.0,274
2026-02-24T05:30:00,48926.0,48929.0,48895.0,48907.0,232
2026-02-24T06:00:00,48910.0,48914.0,48887.0,48899.0,353
2026-02-24T06:30:00,48899.0,48931.0,48888.0,48928.0,324
2026-02-24T07:00:00,48926.0,48957.0,48922.0,48947.0,680
2026-02-24T07:30:00,48947.0,48954.0,48916.0,48919.0,412
2026-02-24T08:00:00,48921.0,48922.0,48848.0,48889.0,2332
2026-02-24T08:30:00,48892.0,48912.0,48823.0,48857.0,1972
2026-02-24T09:00:00,48857.0,48931.0,48857.0,48898.0,1621
2026-02-24T09:30:00,48901.0,48937.0,48868.0,48934.0,854
2026-02-24T10:00:00,48933.0,48949.0,48913.0,48922.0,455
2026-02-24T10:30:00,48925.0,48927.0,48902.0,48917.0,342
2026-02-24T11:00:00,48920.0,49015.0,48920.0,48971.0,2693
2026-02-24T11:30:00,48972.0,48984.0,48958.0,48980.0,561
2026-02-24T12:00:00,48983.0,49009.0,48953.0,48953.0,1590
2026-02-24T12:30:00,48953.0,48963.0,48876.0,48907.0,1894
2026-02-24T13:00:00,48910.0,48949.0,48886.0,48949.0,1760
2026-02-24T13:30:00,48946.0,49022.0,48916.0,49008.0,1818
2026-02-24T14:00:00,49007.0,49009.0,48879.0,48897.0,3299
2026-02-24T14:30:00,48899.0,49311.0,48801.0,49097.0,31009
2026-02-24T15:00:00,49091.0,49298.0,49002.0,49292.0,11498
2026-02-24T15:30:00,49290.0,49299.0,49193.0,49212.0,5939
2026-02-24T16:00:00,49212.0,49289.0,49195.0,49215.0,4091
2026-02-24T16:30:00,49215.0,49215.0,49128.0,49200.0,3872
2026-02-24T17:00:00,49199.0,49288.0,49197.0,49268.0,3166
2026-02-24T17:30:00,49269.0,49282.0,49231.0,49271.0,2132
2026-02-24T18:00:00,49270.0,49320.0,49252.0,49259.0,2101
2026-02-24T18:30:00,49260.0,49343.0,49256.0,49301.0,2425
2026-02-24T19:00:00,49300.0,49316.0,49220.0,49240.0,2742
2026-02-24T19:30:00,49242.0,49285.0,49215.0,49253.0,2351
2026-02-24T20:00:00,49252.0,49265.0,49189.0,49197.0,2010
2026-02-24T20:30:00,49195.0,49297.0,49194.0,49232.0,6619
2026-02-24T21:00:00,49232.0,49240.0,49214.0,49215.0,1440
2026-02-24T21:30:00,49216.0,49223.0,49199.0,49203.0,578
2026-02-24T23:00:00,49206.0,49223.0,49187.0,49220.0,352
2026-02-24T23:30:00,49219.0,49234.0,49205.0,49225.0,345
2026-02-25T00:00:00,49224.0,49226.0,49200.0,49203.0,371
2026-02-25T00:30:00,49205.0,49249.0,49197.0,49242.0,434
2026-02-25T01:00:00,49241.0,49264.0,49234.0,49252.0,469
2026-02-25T01:30:00,49253.0,49277.0,49246.0,49275.0,301
2026-02-25T02:00:00,49272.0,49281.0,49257.0,49275.0,353
2026-02-25T02:30:00,49278.0,49290.0,49261.0,49275.0,297
2026-02-25T03:00:00,49275.0,49276.0,49209.0,49216.0,469
2026-02-25T03:30:00,49214.0,49259.0,49124.0,49246.0,1192
2026-02-25T04:00:00,49246.0,49246.0,49208.0,49234.0,208
2026-02-25T04:30:00,49238.0,49248.0,49230.0,49230.0,161
2026-02-25T05:00:00,49231.0,49254.0,49221.0,49223.0,158
2026-02-25T05:30:00,49223.0,49237.0,49214.0,49221.0,222
2026-02-25T06:00:00,49220.0,49254.0,49210.0,49234.0,201
2026-02-25T06:30:00,49231.0,49247.0,49224.0,49228.0,226
2026-02-25T07:00:00,49229.0,49241.0,49217.0,49229.0,355
2026-02-25T07:30:00,49228.0,49228.0,49209.0,49217.0,298
2026-02-25T08:00:00,49218.0,49294.0,49218.0,49282.0,982
2026-02-25T08:30:00,49284.0,49300.0,49265.0,49276.0,451
2026-02-25T09:00:00,49280.0,49297.0,49260.0,49289.0,409
2026-02-25T09:30:00,49288.0,49310.0,49286.0,49306.0,406
2026-02-25T10:00:00,49305.0,49307.0,49269.0,49295.0,474
2026-02-25T10:30:00,49293.0,49321.0,49285.0,49289.0,386
2026-02-25T11:00:00,49292.0,49310.0,49286.0,49306.0,304
2026-02-25T11:30:00,49308.0,49370.0,49308.0,49369.0,1066
2026-02-25T12:00:00,49368.0,49397.0,49351.0,49373.0,1040
2026-02-25T12:30:00,49373.0,49399.0,49360.0,49381.0,1029
2026-02-25T13:00:00,49380.0,49407.0,49376.0,49387.0,842
2026-02-25T13:30:00,49387.0,49416.0,49364.0,49410.0,1351
2026-02-25T14:00:00,49410.0,49492.0,49397.0,49418.0,3777
2026-02-25T14:30:00,49416.0,49482.0,49316.0,49331.0,18740
2026-02-25T15:00:00,49332.0,49361.0,49263.0,49296.0,6902
2026-02-25T15:30:00,49295.0,49356.0,49240.0,49339.0,4946
2026-02-25T16:00:00,49338.0,49432.0,49322.0,49407.0,4723
2026-02-25T16:30:00,49409.0,49490.0,49393.0,49469.0,3952
2026-02-25T17:00:00,49465.0,49482.0,49418.0,49448.0,2445
2026-02-25T17:30:00,49450.0,49532.0,49440.0,49524.0,2682
2026-02-25T18:00:00,49524.0,49542.0,49489.0,49502.0,2170
2026-02-25T18:30:00,49501.0,49520.0,49480.0,49491.0,1286
2026-02-25T19:00:00,49490.0,49511.0,49467.0,49477.0,1406
2026-02-25T19:30:00,49477.0,49536.0,49477.0,49518.0,1504
2026-02-25T20:00:00,49518.0,49547.0,49504.0,49510.0,1880
2026-02-25T20:30:00,49509.0,49565.0,49502.0,49531.0,6009
2026-02-25T21:00:00,49533.0,49583.0,49491.0,49515.0,2916
2026-02-25T21:30:00,49513.0,49579.0,49473.0,49495.0,2680
2026-02-25T23:00:00,49483.0,49530.0,49483.0,49496.0,441
2026-02-25T23:30:00,49496.0,49498.0,49428.0,49430.0,921
2026-02-26T00:00:00,49429.0,49464.0,49422.0,49458.0,516
2026-02-26T00:30:00,49457.0,49462.0,49440.0,49441.0,283
2026-02-26T01:00:00,49441.0,49450.0,49418.0,49422.0,460
2026-02-26T01:30:00,49422.0,49472.0,49412.0,49465.0,391
2026-02-26T02:00:00,49467.0,49472.0,49437.0,49446.0,222
2026-02-26T02:30:00,49446.0,49457.0,49437.0,49455.0,178
2026-02-26T03:00:00,49455.0,49459.0,49445.0,49450.0,175
2026-02-26T03:30:00,49449.0,49469.0,49449.0,49456.0,168
2026-02-26T04:00:00,49453.0,49462.0,49441.0,49445.0,214
2026-02-26T04:30:00,49446.0,49451.0,49443.0,49443.0,111
2026-02-26T05:00:00,49444.0,49444.0,49413.0,49419.0,231
2026-02-26T05:30:00,49419.0,49428.0,49412.0,49424.0,158
2026-02-26T06:00:00,49425.0,49433.0,49414.0,49417.0,310
2026-02-26T06:30:00,49416.0,49438.0,49402.0,49411.0,547
2026-02-26T07:00:00,49412.0,49435.0,49411.0,49417.0,534
2026-02-26T07:30:00,49416.0,49434.0,49410.0,49412.0,436
2026-02-26T08:00:00,49412.0,49455.0,49399.0,49437.0,1531
2026-02-26T08:30:00,49441.0,49444.0,49410.0,49426.0,380
2026-02-26T09:00:00,49427.0,49462.0,49424.0,49458.0,953
2026-02-26T09:30:00,49457.0,49505.0,49452.0,49475.0,1444
2026-02-26T10:00:00,49476.0,49476.0,49458.0,49472.0,458
2026-02-26T10:30:00,49473.0,49495.0,49469.0,49475.0,490
2026-02-26T11:00:00,49477.0,49498.0,49474.0,49497.0,297
2026-02-26T11:30:00,49497.0,49516.0,49492.0,49514.0,423
2026-02-26T12:00:00,49515.0,49571.0,49515.0,49566.0,943
2026-02-26T12:30:00,49569.0,49612.0,49553.0,49590.0,1363
2026-02-26T13:00:00,49588.0,49665.0,49588.0,49645.0,2093
2026-02-26T13:30:00,49645.0,49662.0,49616.0,49635.0,1049
2026-02-26T14:00:00,49634.0,49752.0,49630.0,49748.0,2900
2026-02-26T14:30:00,49749.0,49872.0,49646.0,49660.0,22815
2026-02-26T15:00:00,49661.0,49688.0,49269.0,49317.0,16967
2026-02-26T15:30:00,49316.0,49612.0,49285.0,49593.0,12437
2026-02-26T16:00:00,49593.0,49605.0,49519.0,49545.0,6041
2026-02-26T16:30:00,49545.0,49561.0,49357.0,49376.0,6521
2026-02-26T17:00:00,49376.0,49395.0,49317.0,49338.0,4312
2026-02-26T17:30:00,49333.0,49382.0,49261.0,49288.0,4316
2026-02-26T18:00:00,49288.0,49372.0,49272.0,49355.0,4035
2026-02-26T18:30:00,49350.0,49552.0,49345.0,49472.0,5988
2026-02-26T19:00:00,49471.0,49577.0,49461.0,49516.0,4425
2026-02-26T19:30:00,49517.0,49588.0,49508.0,49542.0,2674
2026-02-26T20:00:00,49542.0,49599.0,49529.0,49545.0,2936
2026-02-26T20:30:00,49544.0,49576.0,49520.0,49538.0,6835
2026-02-26T21:00:00,49538.0,49565.0,49472.0,49475.0,3686
2026-02-26T21:30:00,49476.0,49481.0,49343.0,49351.0,1951
2026-02-26T23:00:00,49336.0,49336.0,49216.0,49286.0,1368
2026-02-26T23:30:00,49288.0,49293.0,49234.0,49259.0,885
2026-02-27T00:00:00,49259.0,49293.0,49243.0,49263.0,804
2026-02-27T00:30:00,49265.0,49270.0,49205.0,49246.0,1009
2026-02-27T01:00:00,49249.0,49266.0,49230.0,49247.0,626
2026-02-27T01:30:00,49246.0,49260.0,49228.0,49249.0,466
2026-02-27T02:00:00,49253.0,49285.0,49253.0,49280.0,432
2026-02-27T02:30:00,49282.0,49287.0,49253.0,49287.0,305
2026-02-27T03:00:00,49288.0,49296.0,49270.0,49274.0,278
2026-02-27T03:30:00,49277.0,49293.0,49260.0,49286.0,140
2026-02-27T04:00:00,49286.0,49296.0,49277.0,49287.0,185
2026-02-27T04:30:00,49285.0,49304.0,49284.0,49291.0,167
2026-02-27T05:00:00,49291.0,49330.0,49291.0,49327.0,282
2026-02-27T05:30:00,49325.0,49334.0,49292.0,49294.0,217
2026-02-27T06:00:00,49294.0,49306.0,49250.0,49269.0,376
2026-02-27T06:30:00,49272.0,49301.0,49268.0,49286.0,308
2026-02-27T07:00:00,49291.0,49337.0,49291.0,49334.0,681
2026-02-27T07:30:00,49331.0,49336.0,49319.0,49330.0,324
2026-02-27T08:00:00,49326.0,49344.0,49280.0,49326.0,906
2026-02-27T08:30:00,49327.0,49345.0,49304.0,49341.0,469
2026-02-27T09:00:00,49341.0,49396.0,49336.0,49371.0,1401
2026-02-27T09:30:00,49372.0,49373.0,49314.0,49329.0,1073
2026-02-27T10:00:00,49327.0,49332.0,49232.0,49278.0,1115
2026-02-27T10:30:00,49283.0,49300.0,49236.0,49258.0,1249
2026-02-27T11:00:00,49259.0,49263.0,49205.0,49237.0,1722
2026-02-27T11:30:00,49237.0,49250.0,49156.0,49185.0,1310
2026-02-27T12:00:00,49185.0,49242.0,49152.0,49232.0,1592
2026-02-27T12:30:00,49229.0,49242.0,49139.0,49158.0,1861
2026-02-27T13:00:00,49157.0,49180.0,49032.0,49048.0,3186
2026-02-27T13:30:00,49044.0,49046.0,48926.0,49034.0,5185
2026-02-27T14:00:00,49032.0,49036.0,48972.0,48992.0,3268
2026-02-27T14:30:00,48990.0,49124.0,48710.0,48720.0,21728
2026-02-27T15:00:00,48716.0,48942.0,48699.0,48861.0,11345
2026-02-27T15:30:00,48857.0,49003.0,48826.0,48936.0,6416
2026-02-27T16:00:00,48938.0,49058.0,48920.0,49029.0,4931
2026-02-27T16:30:00,49031.0,49073.0,48894.0,48906.0,5331
2026-02-27T17:00:00,48905.0,48990.0,48761.0,48763.0,5167
2026-02-27T17:30:00,48761.0,48871.0,48736.0,48868.0,5929
2026-02-27T18:00:00,48867.0,48907.0,48826.0,48871.0,3751
2026-02-27T18:30:00,48866.0,48922.0,48839.0,48916.0,2952
2026-02-27T19:00:00,48917.0,48943.0,48815.0,48822.0,3256
2026-02-27T19:30:00,48823.0,48868.0,48789.0,48804.0,3392
2026-02-27T20:00:00,48802.0,48997.0,48802.0,48952.0,4774
2026-02-27T20:30:00,48951.0,49024.0,48900.0,49001.0,11236
2026-02-27T21:00:00,49000.0,49000.0,48924.0,48928.0,3094
2026-02-27T21:30:00,48929.0,48937.0,48896.0,48909.0,972
2026-03-01T23:00:00,48451.0,48617.0,48414.0,48487.0,2926
2026-03-01T23:30:00,48484.0,48500.0,48421.0,48426.0,1298
2026-03-02T00:00:00,48431.0,48499.0,48391.0,48422.0,2446
2026-03-02T00:30:00,48426.0,48520.0,48396.0,48511.0,1487
2026-03-02T01:00:00,48515.0,48687.0,48515.0,48663.0,2338
2026-03-02T01:30:00,48663.0,48728.0,48652.0,48703.0,1364
2026-03-02T02:00:00,48705.0,48730.0,48632.0,48640.0,1150
2026-03-02T02:30:00,48642.0,48688.0,48628.0,48649.0,774
2026-03-02T03:00:00,48646.0,48656.0,48611.0,48630.0,567
2026-03-02T03:30:00,48633.0,48633.0,48593.0,48611.0,554
2026-03-02T04:00:00,48612.0,48638.0,48560.0,48630.0,1003
2026-03-02T04:30:00,48630.0,48660.0,48574.0,48578.0,590
2026-03-02T05:00:00,48576.0,48594.0,48555.0,48563.0,496
2026-03-02T05:30:00,48568.0,48580.0,48507.0,48510.0,462
2026-03-02T06:00:00,48514.0,48530.0,48453.0,48517.0,811
2026-03-02T06:30:00,48518.0,48521.0,48341.0,48412.0,1952
2026-03-02T07:00:00,48413.0,48425.0,48278.0,48358.0,2859
2026-03-02T07:30:00,48354.0,48379.0,48244.0,48260.0,1933
2026-03-02T08:00:00,48259.0,48312.0,48166.0,48174.0,3199
2026-03-02T08:30:00,48174.0,48375.0,48169.0,48318.0,2585
2026-03-02T09:00:00,48316.0,48448.0,48289.0,48412.0,2211
2026-03-02T09:30:00,48422.0,48458.0,48390.0,48436.0,1395
2026-03-02T10:00:00,48432.0,48534.0,48430.0,48459.0,1586
2026-03-02T10:30:00,48461.0,48519.0,48453.0,48461.0,874
2026-03-02T11:00:00,48468.0,48508.0,48431.0,48479.0,799
2026-03-02T11:30:00,48481.0,48559.0,48458.0,48487.0,1537
2026-03-02T12:00:00,48483.0,48516.0,48410.0,48439.0,1493
2026-03-02T12:30:00,48439.0,48483.0,48417.0,48475.0,1006
2026-03-02T13:00:00,48476.0,48582.0,48456.0,48517.0,1982
2026-03-02T13:30:00,48517.0,48532.0,48450.0,48464.0,2166
2026-03-02T14:00:00,48463.0,48484.0,48411.0,48452.0,3436
2026-03-02T14:30:00,48451.0,48763.0,48432.0,48726.0,23177
2026-03-02T15:00:00,48726.0,48972.0,48685.0,48840.0,12687
2026-03-02T15:30:00,48838.0,48870.0,48711.0,48857.0,7138
2026-03-02T16:00:00,48855.0,48967.0,48747.0,48753.0,6124
2026-03-02T16:30:00,48753.0,49022.0,48725.0,48943.0,7349
2026-03-02T17:00:00,48942.0,49046.0,48912.0,48961.0,3276
2026-03-02T17:30:00,48960.0,49029.0,48944.0,49007.0,2593
2026-03-02T18:00:00,49006.0,49038.0,48932.0,48998.0,2603
2026-03-02T18:30:00,49000.0,49004.0,48877.0,48879.0,2905
2026-03-02T19:00:00,48876.0,49086.0,48875.0,49082.0,4558
2026-03-02T19:30:00,49084.0,49121.0,49045.0,49059.0,2913
2026-03-02T20:00:00,49057.0,49071.0,48811.0,48884.0,7745
2026-03-02T20:30:00,48886.0,48992.0,48876.0,48942.0,8953
2026-03-02T21:00:00,48942.0,48956.0,48905.0,48916.0,1773
2026-03-02T21:30:00,48915.0,48932.0,48897.0,48927.0,574
2026-03-02T23:00:00,48928.0,48935.0,48854.0,48868.0,693
2026-03-02T23:30:00,48869.0,48897.0,48853.0,48883.0,482
2026-03-03T00:00:00,48888.0,48904.0,48827.0,48842.0,799
2026-03-03T00:30:00,48845.0,48851.0,48812.0,48819.0,459
2026-03-03T01:00:00,48820.0,48861.0,48786.0,48802.0,859
2026-03-03T01:30:00,48800.0,48810.0,48715.0,48715.0,896
2026-03-03T02:00:00,48719.0,48730.0,48627.0,48667.0,1673
2026-03-03T02:30:00,48667.0,48727.0,48662.0,48696.0,853
2026-03-03T03:00:00,48700.0,48717.0,48653.0,48656.0,604
2026-03-03T03:30:00,48660.0,48722.0,48647.0,48684.0,934
2026-03-03T04:00:00,48681.0,48701.0,48610.0,48628.0,767
2026-03-03T04:30:00,48627.0,48644.0,48580.0,48595.0,784
2026-03-03T05:00:00,48597.0,48618.0,48577.0,48611.0,770
2026-03-03T05:30:00,48610.0,48611.0,48547.0,48574.0,1226
2026-03-03T06:00:00,48577.0,48609.0,48551.0,48595.0,1183
2026-03-03T06:30:00,48592.0,48593.0,48509.0,48526.0,1165
2026-03-03T07:00:00,48526.0,48554.0,48416.0,48440.0,2603
2026-03-03T07:30:00,48441.0,48471.0,48417.0,48438.0,1795
2026-03-03T08:00:00,48436.0,48442.0,48238.0,48244.0,4912
2026-03-03T08:30:00,48241.0,48270.0,48137.0,48148.0,5325
2026-03-03T09:00:00,48152.0,48278.0,48152.0,48250.0,4758
2026-03-03T09:30:00,48248.0,48279.0,48136.0,48156.0,4313
2026-03-03T10:00:00,48159.0,48189.0,48083.0,48104.0,3182
2026-03-03T10:30:00,48103.0,48169.0,48025.0,48093.0,5054
2026-03-03T11:00:00,48094.0,48131.0,47951.0,48077.0,4889
2026-03-03T11:30:00,48078.0,48162.0,48078.0,48110.0,3005
2026-03-03T12:00:00,48107.0,48290.0,48097.0,48257.0,4523
2026-03-03T12:30:00,48257.0,48313.0,48213.0,48282.0,3444
2026-03-03T13:00:00,48282.0,48294.0,48196.0,48214.0,3063
2026-03-03T13:30:00,48215.0,48220.0,48018.0,48078.0,6854
2026-03-03T14:00:00,48079.0,48084.0,47960.0,48025.0,5591
2026-03-03T14:30:00,48026.0,48197.0,47810.0,47860.0,26126
2026-03-03T15:00:00,47857.0,47956.0,47681.0,47705.0,16469
2026-03-03T15:30:00,47703.0,47874.0,47703.0,47859.0,13536
2026-03-03T16:00:00,47860.0,48158.0,47821.0,48120.0,10835
2026-03-03T16:30:00,48115.0,48315.0,48034.0,48275.0,10100
2026-03-03T17:00:00,48275.0,48378.0,48222.0,48355.0,5740
2026-03-03T17:30:00,48356.0,48406.0,48235.0,48359.0,5445
2026-03-03T18:00:00,48361.0,48550.0,48356.0,48501.0,5145
2026-03-03T18:30:00,48502.0,48657.0,48495.0,48612.0,6967
2026-03-03T19:00:00,48614.0,48655.0,48515.0,48587.0,4677
2026-03-03T19:30:00,48586.0,48755.0,48503.0,48673.0,8294
2026-03-03T20:00:00,48673.0,48717.0,48584.0,48641.0,4319
2026-03-03T20:30:00,48638.0,48652.0,48499.0,48566.0,8404
2026-03-03T21:00:00,48565.0,48573.0,48502.0,48504.0,1850
2026-03-03T21:30:00,48509.0,48515.0,48460.0,48489.0,869
2026-03-03T23:00:00,48475.0,48550.0,48436.0,48473.0,1081
2026-03-03T23:30:00,48473.0,48505.0,48456.0,48466.0,452
2026-03-04T00:00:00,48470.0,48594.0,48431.0,48539.0,1777
2026-03-04T00:30:00,48539.0,48540.0,48435.0,48508.0,1579
2026-03-04T01:00:00,48509.0,48543.0,48354.0,48374.0,1925
2026-03-04T01:30:00,48373.0,48457.0,48354.0,48423.0,1538
2026-03-04T02:00:00,48425.0,48456.0,48339.0,48372.0,1780
2026-03-04T02:30:00,48375.0,48418.0,48318.0,48398.0,710
2026-03-04T03:00:00,48391.0,48395.0,48310.0,48337.0,667
2026-03-04T03:30:00,48334.0,48381.0,48291.0,48381.0,952
2026-03-04T04:00:00,48380.0,48426.0,48366.0,48388.0,1039
2026-03-04T04:30:00,48382.0,48412.0,48353.0,48388.0,453
2026-03-04T05:00:00,48395.0,48424.0,48325.0,48352.0,572
2026-03-04T05:30:00,48352.0,48429.0,48335.0,48360.0,526
2026-03-04T06:00:00,48356.0,48358.0,48266.0,48346.0,904
2026-03-04T06:30:00,48348.0,48406.0,48344.0,48370.0,700
2026-03-04T07:00:00,48366.0,48428.0,48305.0,48403.0,1374
2026-03-04T07:30:00,48402.0,48474.0,48395.0,48443.0,1483
2026-03-04T08:00:00,48446.0,48470.0,48350.0,48372.0,3821
2026-03-04T08:30:00,48374.0,48445.0,48360.0,48379.0,2126
2026-03-04T09:00:00,48379.0,48444.0,48337.0,48428.0,2474
2026-03-04T09:30:00,48428.0,48514.0,48417.0,48508.0,2302
2026-03-04T10:00:00,48506.0,48676.0,48500.0,48568.0,5372
2026-03-04T10:30:00,48569.0,48666.0,48569.0,48648.0,1442
2026-03-04T11:00:00,48647.0,48723.0,48645.0,48669.0,2223
2026-03-04T11:30:00,48670.0,48674.0,48568.0,48568.0,1758
2026-03-04T12:00:00,48570.0,48628.0,48457.0,48464.0,2798
2026-03-04T12:30:00,48467.0,48552.0,48452.0,48532.0,2277
2026-03-04T13:00:00,48534.0,48743.0,48529.0,48677.0,4397
2026-03-04T13:30:00,48676.0,48728.0,48654.0,48685.0,2840
2026-03-04T14:00:00,48684.0,48753.0,48646.0,48661.0,2721
2026-03-04T14:30:00,48660.0,48814.0,48401.0,48560.0,19540
2026-03-04T15:00:00,48567.0,48901.0,48535.0,48863.0,11190
2026-03-04T15:30:00,48867.0,48890.0,48712.0,48855.0,7325
2026-03-04T16:00:00,48852.0,48910.0,48761.0,48839.0,6801
2026-03-04T16:30:00,48840.0,48916.0,48811.0,48862.0,4846
2026-03-04T17:00:00,48860.0,48910.0,48830.0,48833.0,2839
2026-03-04T17:30:00,48835.0,48901.0,48773.0,48884.0,2720
2026-03-04T18:00:00,48884.0,48903.0,48790.0,48832.0,2424
2026-03-04T18:30:00,48836.0,48874.0,48809.0,48822.0,2821
2026-03-04T19:00:00,48826.0,48865.0,48810.0,48818.0,1872
2026-03-04T19:30:00,48820.0,48890.0,48819.0,48861.0,2272
2026-03-04T20:00:00,48862.0,48883.0,48807.0,48860.0,2957
2026-03-04T20:30:00,48858.0,48887.0,48778.0,48784.0,7344
2026-03-04T21:00:00,48785.0,48825.0,48745.0,48800.0,2394
2026-03-04T21:30:00,48802.0,48830.0,48788.0,48811.0,456
2026-03-04T23:00:00,48788.0,48818.0,48754.0,48791.0,654
2026-03-04T23:30:00,48789.0,48826.0,48780.0,48803.0,387
2026-03-05T00:00:00,48802.0,48886.0,48789.0,48853.0,1063
2026-03-05T00:30:00,48853.0,48872.0,48826.0,48833.0,877
2026-03-05T01:00:00,48832.0,48834.0,48716.0,48735.0,1642
2026-03-05T01:30:00,48733.0,48751.0,48634.0,48662.0,1508
2026-03-05T02:00:00,48663.0,48685.0,48632.0,48643.0,567
2026-03-05T02:30:00,48643.0,48711.0,48622.0,48668.0,865
2026-03-05T03:00:00,48668.0,48684.0,48592.0,48601.0,996
2026-03-05T03:30:00,48605.0,48641.0,48559.0,48602.0,1494
2026-03-05T04:00:00,48600.0,48664.0,48589.0,48662.0,1203
2026-03-05T04:30:00,48664.0,48681.0,48638.0,48674.0,628
2026-03-05T05:00:00,48673.0,48675.0,48635.0,48640.0,327
2026-03-05T05:30:00,48641.0,48645.0,48586.0,48589.0,454
2026-03-05T06:00:00,48589.0,48598.0,48538.0,48548.0,735
2026-03-05T06:30:00,48550.0,48665.0,48516.0,48661.0,1029
2026-03-05T07:00:00,48661.0,48670.0,48603.0,48650.0,1453
2026-03-05T07:30:00,48650.0,48653.0,48577.0,48629.0,814
2026-03-05T08:00:00,48630.0,48637.0,48503.0,48516.0,2477
2026-03-05T08:30:00,48512.0,48610.0,48481.0,48604.0,1962
2026-03-05T09:00:00,48606.0,48879.0,48601.0,48749.0,5575
2026-03-05T09:30:00,48747.0,48759.0,48658.0,48710.0,1983
2026-03-05T10:00:00,48707.0,48738.0,48669.0,48728.0,1389
2026-03-05T10:30:00,48733.0,48735.0,48655.0,48676.0,1118
2026-03-05T11:00:00,48676.0,48757.0,48647.0,48730.0,1303
2026-03-05T11:30:00,48724.0,48741.0,48649.0,48657.0,1095
2026-03-05T12:00:00,48658.0,48729.0,48617.0,48669.0,1782
2026-03-05T12:30:00,48664.0,48674.0,48543.0,48581.0,2180
2026-03-05T13:00:00,48582.0,48592.0,48502.0,48553.0,2330
2026-03-05T13:30:00,48557.0,48564.0,48421.0,48432.0,2587
2026-03-05T14:00:00,48431.0,48455.0,48355.0,48382.0,3835
2026-03-05T14:30:00,48381.0,48554.0,48301.0,48517.0,17922
2026-03-05T15:00:00,48519.0,48538.0,48126.0,48166.0,12272
2026-03-05T15:30:00,48169.0,48226.0,48089.0,48164.0,10936
2026-03-05T16:00:00,48164.0,48191.0,47923.0,47948.0,9874
2026-03-05T16:30:00,47951.0,48043.0,47934.0,48012.0,6585
2026-03-05T17:00:00,48012.0,48100.0,47840.0,47847.0,8206
2026-03-05T17:30:00,47846.0,47903.0,47796.0,47818.0,9204
2026-03-05T18:00:00,47814.0,47863.0,47708.0,47749.0,6655
2026-03-05T18:30:00,47744.0,47842.0,47704.0,47737.0,5415
2026-03-05T19:00:00,47735.0,47771.0,47670.0,47688.0,4865
2026-03-05T19:30:00,47684.0,47749.0,47613.0,47718.0,5298
2026-03-05T20:00:00,47713.0,47956.0,47673.0,47886.0,10710
2026-03-05T20:30:00,47884.0,48004.0,47867.0,47986.0,10132
2026-03-05T21:00:00,47985.0,47988.0,47910.0,47942.0,2416
2026-03-05T21:30:00,47941.0,47945.0,47913.0,47941.0,784
2026-03-05T23:00:00,47954.0,48014.0,47917.0,48004.0,643
2026-03-05T23:30:00,48005.0,48072.0,48005.0,48057.0,846
2026-03-06T00:00:00,48058.0,48119.0,48058.0,48080.0,1083
2026-03-06T00:30:00,48081.0,48082.0,48046.0,48066.0,606
2026-03-06T01:00:00,48063.0,48090.0,48018.0,48040.0,921
2026-03-06T01:30:00,48045.0,48088.0,48035.0,48065.0,834
2026-03-06T02:00:00,48067.0,48104.0,48054.0,48085.0,693
2026-03-06T02:30:00,48087.0,48088.0,48023.0,48024.0,781
2026-03-06T03:00:00,48026.0,48072.0,48026.0,48049.0,672
2026-03-06T03:30:00,48050.0,48100.0,48041.0,48096.0,446
2026-03-06T04:00:00,48093.0,48106.0,48069.0,48069.0,287
2026-03-06T04:30:00,48072.0,48118.0,48070.0,48083.0,464
2026-03-06T05:00:00,48081.0,48108.0,48076.0,48095.0,346
2026-03-06T05:30:00,48096.0,48123.0,48075.0,48084.0,332
2026-03-06T06:00:00,48085.0,48100.0,48056.0,48063.0,418
2026-03-06T06:30:00,48062.0,48076.0,48046.0,48063.0,389
2026-03-06T07:00:00,48064.0,48095.0,48031.0,48079.0,961
2026-03-06T07:30:00,48076.0,48096.0,48053.0,48075.0,706
2026-03-06T08:00:00,48075.0,48078.0,47962.0,47972.0,1959
2026-03-06T08:30:00,47972.0,48092.0,47971.0,48025.0,1492
2026-03-06T09:00:00,48025.0,48040.0,47859.0,47863.0,2926
2026-03-06T09:30:00,47864.0,47887.0,47773.0,47809.0,3258
2026-03-06T10:00:00,47814.0,47931.0,47810.0,47921.0,1915
2026-03-06T10:30:00,47922.0,47923.0,47860.0,47886.0,1154
2026-03-06T11:00:00,47884.0,47908.0,47792.0,47895.0,2591
2026-03-06T11:30:00,47898.0,47898.0,47715.0,47735.0,3086
2026-03-06T12:00:00,47737.0,47780.0,47717.0,47744.0,3279
2026-03-06T12:30:00,47743.0,47755.0,47639.0,47667.0,3767
2026-03-06T13:00:00,47664.0,47753.0,47661.0,47744.0,2832
2026-03-06T13:30:00,47759.0,47761.0,47287.0,47333.0,12494
2026-03-06T14:00:00,47329.0,47366.0,47275.0,47354.0,5461
2026-03-06T14:30:00,47354.0,47370.0,47025.0,47084.0,21635
2026-03-06T15:00:00,47084.0,47405.0,47084.0,47375.0,13810
2026-03-06T15:30:00,47370.0,47496.0,47287.0,47470.0,8664
2026-03-06T16:00:00,47474.0,47550.0,47361.0,47410.0,6313
2026-03-06T16:30:00,47408.0,47519.0,47345.0,47430.0,6218
2026-03-06T17:00:00,47426.0,47487.0,47323.0,47379.0,4589
2026-03-06T17:30:00,47378.0,47404.0,47252.0,47358.0,4425
2026-03-06T18:00:00,47358.0,47582.0,47348.0,47460.0,6697
2026-03-06T18:30:00,47461.0,47503.0,47366.0,47408.0,4187
2026-03-06T19:00:00,47407.0,47522.0,47391.0,47515.0,3731
2026-03-06T19:30:00,47507.0,47574.0,47467.0,47542.0,3080
2026-03-06T20:00:00,47541.0,47603.0,47457.0,47468.0,4773
2026-03-06T20:30:00,47468.0,47570.0,47416.0,47506.0,9152
2026-03-06T21:00:00,47509.0,47526.0,47429.0,47452.0,2548
2026-03-06T21:30:00,47452.0,47501.0,47446.0,47480.0,707
2026-03-08T22:00:00,47177.0,47177.0,46405.0,46539.0,3430
2026-03-08T22:30:00,46537.0,46702.0,46537.0,46702.0,1748
2026-03-08T23:00:00,46705.0,46753.0,46626.0,46676.0,1625
2026-03-08T23:30:00,46677.0,46679.0,46577.0,46651.0,1499
2026-03-09T00:00:00,46653.0,46759.0,46590.0,46675.0,3484
2026-03-09T00:30:00,46678.0,46723.0,46584.0,46628.0,1509
2026-03-09T01:00:00,46633.0,46666.0,46525.0,46525.0,1868
2026-03-09T01:30:00,46529.0,46597.0,46398.0,46398.0,2087
2026-03-09T02:00:00,46404.0,46467.0,46333.0,46408.0,1778
2026-03-09T02:30:00,46400.0,46511.0,46353.0,46470.0,1599
2026-03-09T03:00:00,46469.0,46522.0,46466.0,46473.0,804
2026-03-09T03:30:00,46473.0,46532.0,46444.0,46491.0,872
2026-03-09T04:00:00,46496.0,46581.0,46496.0,46559.0,955
2026-03-09T04:30:00,46554.0,46570.0,46500.0,46502.0,501
2026-03-09T05:00:00,46501.0,46718.0,46479.0,46694.0,1668
2026-03-09T05:30:00,46700.0,46739.0,46622.0,46720.0,1447
2026-03-09T06:00:00,46720.0,46801.0,46695.0,46724.0,1306
2026-03-09T06:30:00,46726.0,46759.0,46616.0,46644.0,1472
2026-03-09T07:00:00,46642.0,46765.0,46603.0,46750.0,1932
2026-03-09T07:30:00,46750.0,46775.0,46700.0,46738.0,1395
2026-03-09T08:00:00,46746.0,46833.0,46674.0,46744.0,3430
2026-03-09T08:30:00,46749.0,46851.0,46725.0,46822.0,2198
2026-03-09T09:00:00,46832.0,47031.0,46776.0,47010.0,2368
2026-03-09T09:30:00,47007.0,47164.0,46965.0,47041.0,4166
2026-03-09T10:00:00,47040.0,47076.0,46922.0,46924.0,1982
2026-03-09T10:30:00,46920.0,46996.0,46879.0,46948.0,2646
2026-03-09T11:00:00,46946.0,47030.0,46876.0,46876.0,1963
2026-03-09T11:30:00,46879.0,46985.0,46874.0,46920.0,2102
2026-03-09T12:00:00,46921.0,47083.0,46915.0,47081.0,2294
2026-03-09T12:30:00,47076.0,47086.0,46880.0,46944.0,3129
2026-03-09T13:00:00,46946.0,47071.0,46942.0,47069.0,4897
2026-03-09T13:30:00,47070.0,47123.0,46737.0,46831.0,20621
2026-03-09T14:00:00,46828.0,46904.0,46641.0,46771.0,15874
2026-03-09T14:30:00,46770.0,47078.0,46769.0,47021.0,11240
2026-03-09T15:00:00,47023.0,47205.0,47017.0,47192.0,8730
2026-03-09T15:30:00,47191.0,47196.0,47056.0,47123.0,6787
2026-03-09T16:00:00,47125.0,47272.0,47087.0,47211.0,7663
2026-03-09T16:30:00,47214.0,47308.0,47141.0,47241.0,6275
2026-03-09T17:00:00,47243.0,47251.0,47062.0,47067.0,4997
2026-03-09T17:30:00,47068.0,47117.0,47017.0,47066.0,4635
2026-03-09T18:00:00,47067.0,47239.0,47064.0,47173.0,5030
2026-03-09T18:30:00,47173.0,47242.0,47142.0,47156.0,4835
2026-03-09T19:00:00,47156.0,47745.0,47150.0,47740.0,12629
2026-03-09T19:30:00,47739.0,47923.0,47629.0,47774.0,14514
2026-03-09T20:00:00,47773.0,47810.0,47615.0,47700.0,3959
2026-03-09T20:30:00,47699.0,47745.0,47668.0,47730.0,2256
2026-03-09T22:00:00,47756.0,47762.0,47609.0,47693.0,2004
2026-03-09T22:30:00,47687.0,47687.0,47608.0,47629.0,956
2026-03-09T23:00:00,47631.0,47646.0,47607.0,47632.0,704
2026-03-09T23:30:00,47627.0,47633.0,47535.0,47578.0,1019
2026-03-10T00:00:00,47577.0,47660.0,47532.0,47660.0,1822
2026-03-10T00:30:00,47658.0,47720.0,47617.0,47658.0,1202
2026-03-10T01:00:00,47656.0,47718.0,47640.0,47657.0,848
2026-03-10T01:30:00,47657.0,47737.0,47639.0,47716.0,753
2026-03-10T02:00:00,47714.0,47722.0,47692.0,47703.0,514
2026-03-10T02:30:00,47701.0,47703.0,47591.0,47595.0,876
2026-03-10T03:00:00,47598.0,47670.0,47592.0,47611.0,1136
2026-03-10T03:30:00,47611.0,47611.0,47504.0,47554.0,1533
2026-03-10T04:00:00,47558.0,47588.0,47523.0,47570.0,613
2026-03-10T04:30:00,47578.0,47610.0,47568.0,47595.0,360
2026-03-10T05:00:00,47597.0,47680.0,47595.0,47656.0,640
2026-03-10T05:30:00,47661.0,47695.0,47641.0,47686.0,453
2026-03-10T06:00:00,47684.0,47700.0,47662.0,47696.0,503
2026-03-10T06:30:00,47694.0,47717.0,47672.0,47693.0,1201
2026-03-10T07:00:00,47689.0,47884.0,47663.0,47875.0,2450
2026-03-10T07:30:00,47875.0,47909.0,47816.0,47906.0,2257
2026-03-10T08:00:00,47905.0,47964.0,47869.0,47951.0,5586
2026-03-10T08:30:00,47950.0,47990.0,47877.0,47889.0,2809
2026-03-10T09:00:00,47890.0,47995.0,47880.0,47962.0,2015
2026-03-10T09:30:00,47965.0,47992.0,47934.0,47936.0,1842
2026-03-10T10:00:00,47935.0,47942.0,47836.0,47904.0,1775
2026-03-10T10:30:00,47905.0,47914.0,47794.0,47877.0,1661
2026-03-10T11:00:00,47871.0,47998.0,47770.0,47787.0,3521
2026-03-10T11:30:00,47789.0,47792.0,47682.0,47706.0,1885
2026-03-10T12:00:00,47711.0,47712.0,47556.0,47569.0,3121
2026-03-10T12:30:00,47567.0,47699.0,47541.0,47649.0,2950
2026-03-10T13:00:00,47649.0,47749.0,47649.0,47748.0,3233
2026-03-10T13:30:00,47750.0,47816.0,47495.0,47526.0,20628
2026-03-10T14:00:00,47538.0,47768.0,47475.0,47738.0,12173
2026-03-10T14:30:00,47737.0,48040.0,47737.0,48033.0,9725
2026-03-10T15:00:00,48030.0,48058.0,47946.0,48042.0,6564
2026-03-10T15:30:00,48043.0,48089.0,48004.0,48038.0,4944
2026-03-10T16:00:00,48041.0,48043.0,47911.0,47986.0,5522
2026-03-10T16:30:00,47988.0,48099.0,47987.0,48067.0,4527
2026-03-10T17:00:00,48066.0,48266.0,48056.0,48257.0,6737
2026-03-10T17:30:00,48253.0,48253.0,48058.0,48159.0,7302
2026-03-10T18:00:00,48160.0,48174.0,47764.0,47930.0,13440
2026-03-10T18:30:00,47928.0,48003.0,47840.0,47871.0,8248
2026-03-10T19:00:00,47874.0,47951.0,47777.0,47778.0,6609
2026-03-10T19:30:00,47778.0,47867.0,47697.0,47749.0,11529
2026-03-10T20:00:00,47748.0,47810.0,47742.0,47787.0,2316
2026-03-10T20:30:00,47788.0,47791.0,47757.0,47765.0,1146
2026-03-10T22:00:00,47795.0,47795.0,47719.0,47719.0,509
2026-03-10T22:30:00,47723.0,47731.0,47688.0,47704.0,348
2026-03-10T23:00:00,47708.0,47758.0,47706.0,47749.0,348
2026-03-10T23:30:00,47749.0,47795.0,47733.0,47785.0,518
2026-03-11T00:00:00,47785.0,47904.0,47779.0,47873.0,2014
2026-03-11T00:30:00,47871.0,47892.0,47848.0,47870.0,596
2026-03-11T01:00:00,47871.0,47917.0,47856.0,47910.0,635
2026-03-11T01:30:00,47908.0,47945.0,47906.0,47922.0,612
2026-03-11T02:00:00,47924.0,47950.0,47911.0,47926.0,381
2026-03-11T02:30:00,47926.0,47937.0,47894.0,47927.0,984
2026-03-11T03:00:00,47924.0,47937.0,47914.0,47932.0,118
2026-03-11T03:30:00,47935.0,47970.0,47935.0,47959.0,298
2026-03-11T04:00:00,47960.0,47960.0,47938.0,47954.0,98
2026-03-11T04:30:00,47954.0,47954.0,47921.0,47925.0,192
2026-03-11T05:00:00,47925.0,47931.0,47890.0,47907.0,303
2026-03-11T05:30:00,47904.0,47904.0,47848.0,47853.0,446
2026-03-11T06:00:00,47853.0,47865.0,47830.0,47842.0,339
2026-03-11T06:30:00,47847.0,47892.0,47847.0,47871.0,340
2026-03-11T07:00:00,47871.0,47881.0,47803.0,47806.0,898
2026-03-11T07:30:00,47807.0,47817.0,47719.0,47768.0,1387
2026-03-11T08:00:00,47772.0,47803.0,47732.0,47750.0,1518
2026-03-11T08:30:00,47755.0,47794.0,47606.0,47655.0,2217
2026-03-11T09:00:00,47655.0,47658.0,47573.0,47578.0,1611
2026-03-11T09:30:00,47576.0,47622.0,47552.0,47569.0,1170
2026-03-11T10:00:00,47567.0,47719.0,47567.0,47711.0,1635
2026-03-11T10:30:00,47712.0,47840.0,47700.0,47840.0,1714
2026-03-11T11:00:00,47838.0,47880.0,47732.0,47743.0,1914
2026-03-11T11:30:00,47743.0,47755.0,47610.0,47664.0,3062
2026-03-11T12:00:00,47662.0,47707.0,47635.0,47694.0,2016
2026-03-11T12:30:00,47719.0,47768.0,47507.0,47554.0,3266
2026-03-11T13:00:00,47555.0,47708.0,47550.0,47708.0,4081
2026-03-11T13:30:00,47708.0,47747.0,47401.0,47531.0,16969
2026-03-11T14:00:00,47531.0,47718.0,47320.0,47376.0,15852
2026-03-11T14:30:00,47375.0,47624.0,47366.0,47603.0,8770
2026-03-11T15:00:00,47605.0,47660.0,47314.0,47316.0,9309
2026-03-11T15:30:00,47319.0,47347.0,47248.0,47257.0,7719
2026-03-11T16:00:00,47257.0,47293.0,47210.0,47284.0,5564
2026-03-11T16:30:00,47282.0,47431.0,47282.0,47429.0,4425
2026-03-11T17:00:00,47429.0,47496.0,47380.0,47473.0,2924
2026-03-11T17:30:00,47474.0,47481.0,47250.0,47364.0,6254
2026-03-11T18:00:00,47361.0,47438.0,47285.0,47415.0,4007
2026-03-11T18:30:00,47415.0,47426.0,47357.0,47376.0,3122
2026-03-11T19:00:00,47376.0,47388.0,47309.0,47363.0,2393
2026-03-11T19:30:00,47365.0,47477.0,47349.0,47456.0,6511
2026-03-11T20:00:00,47456.0,47463.0,47399.0,47444.0,1943
2026-03-11T20:30:00,47444.0,47448.0,47370.0,47383.0,678
2026-03-11T22:00:00,47372.0,47383.0,47184.0,47208.0,1724
2026-03-11T22:30:00,47211.0,47223.0,47119.0,47156.0,1343
2026-03-11T23:00:00,47151.0,47168.0,47055.0,47057.0,1558
2026-03-11T23:30:00,47055.0,47064.0,46948.0,47064.0,1920
2026-03-12T00:00:00,47064.0,47075.0,46938.0,46979.0,2457
2026-03-12T00:30:00,46978.0,47036.0,46978.0,47022.0,840
2026-03-12T01:00:00,47021.0,47035.0,46970.0,47032.0,884
2026-03-12T01:30:00,47035.0,47071.0,46955.0,46990.0,717
2026-03-12T02:00:00,46995.0,47018.0,46948.0,46950.0,718
2026-03-12T02:30:00,46947.0,46955.0,46842.0,46892.0,1485
2026-03-12T03:00:00,46891.0,46931.0,46880.0,46885.0,490
2026-03-12T03:30:00,46884.0,46901.0,46860.0,46901.0,514
2026-03-12T04:00:00,46899.0,46952.0,46896.0,46942.0,401
2026-03-12T04:30:00,46944.0,46951.0,46888.0,46892.0,374
2026-03-12T05:00:00,46891.0,46978.0,46889.0,46941.0,591
2026-03-12T05:30:00,46946.0,46958.0,46910.0,46957.0,723
2026-03-12T06:00:00,46954.0,46989.0,46929.0,46976.0,1029
2026-03-12T06:30:00,46982.0,47038.0,46971.0,47028.0,989
2026-03-12T07:00:00,47031.0,47092.0,47022.0,47080.0,1107
2026-03-12T07:30:00,47079.0,47153.0,47045.0,47152.0,1321
2026-03-12T08:00:00,47154.0,47249.0,47152.0,47157.0,3026
2026-03-12T08:30:00,47155.0,47213.0,47116.0,47194.0,1210
2026-03-12T09:00:00,47194.0,47204.0,47060.0,47142.0,1547
2026-03-12T09:30:00,47143.0,47250.0,47143.0,47232.0,1301
2026-03-12T10:00:00,47233.0,47249.0,47186.0,47190.0,768
2026-03-12T10:30:00,47194.0,47255.0,47162.0,47171.0,1153
2026-03-12T11:00:00,47169.0,47175.0,47123.0,47166.0,1138
2026-03-12T11:30:00,47168.0,47252.0,47125.0,47126.0,1642
2026-03-12T12:00:00,47126.0,47136.0,47016.0,47077.0,2372
2026-03-12T12:30:00,47077.0,47077.0,47008.0,47069.0,1880
2026-03-12T13:00:00,47067.0,47103.0,46923.0,47000.0,6278
2026-03-12T13:30:00,47001.0,47013.0,46824.0,46851.0,23555
2026-03-12T14:00:00,46851.0,47048.0,46765.0,46769.0,14586
2026-03-12T14:30:00,46768.0,47017.0,46756.0,46873.0,15359
2026-03-12T15:00:00,46872.0,46895.0,46742.0,46811.0,8500
2026-03-12T15:30:00,46811.0,46965.0,46718.0,46903.0,14622
2026-03-12T16:00:00,46903.0,47114.0,46804.0,46915.0,9375
2026-03-12T16:30:00,46914.0,47028.0,46859.0,46922.0,7277
2026-03-12T17:00:00,46918.0,47040.0,46839.0,46879.0,5743
2026-03-12T17:30:00,46878.0,46980.0,46803.0,46854.0,4140
2026-03-12T18:00:00,46854.0,46936.0,46789.0,46830.0,4080
2026-03-12T18:30:00,46829.0,46860.0,46774.0,46787.0,3253
2026-03-12T19:00:00,46785.0,46889.0,46765.0,46857.0,4360
2026-03-12T19:30:00,46858.0,46905.0,46708.0,46713.0,8408
2026-03-12T20:00:00,46714.0,46766.0,46703.0,46744.0,2709
2026-03-12T20:30:00,46744.0,46787.0,46730.0,46773.0,621
2026-03-12T22:00:00,46769.0,46798.0,46717.0,46779.0,1179
2026-03-12T22:30:00,46779.0,46836.0,46777.0,46821.0,1004
2026-03-12T23:00:00,46823.0,46845.0,46796.0,46822.0,633
2026-03-12T23:30:00,46820.0,46832.0,46773.0,46778.0,720
2026-03-13T00:00:00,46772.0,46970.0,46729.0,46939.0,2076
2026-03-13T00:30:00,46940.0,46978.0,46926.0,46940.0,888
2026-03-13T01:00:00,46940.0,46998.0,46940.0,46951.0,858
2026-03-13T01:30:00,46960.0,46960.0,46909.0,46922.0,621
2026-03-13T02:00:00,46924.0,46947.0,46898.0,46903.0,339
2026-03-13T02:30:00,46905.0,46925.0,46886.0,46898.0,301
2026-03-13T03:00:00,46895.0,46916.0,46877.0,46903.0,342
2026-03-13T03:30:00,46901.0,46933.0,46880.0,46929.0,336
2026-03-13T04:00:00,46926.0,46932.0,46853.0,46857.0,444
2026-03-13T04:30:00,46864.0,46876.0,46841.0,46869.0,297
2026-03-13T05:00:00,46870.0,46882.0,46841.0,46873.0,252
2026-03-13T05:30:00,46874.0,46898.0,46866.0,46881.0,281
2026-03-13T06:00:00,46879.0,46884.0,46795.0,46812.0,723
2026-03-13T06:30:00,46814.0,46815.0,46705.0,46711.0,1149
2026-03-13T07:00:00,46709.0,46719.0,46569.0,46629.0,2670
2026-03-13T07:30:00,46628.0,46667.0,46562.0,46596.0,2002
2026-03-13T08:00:00,46599.0,46609.0,46459.0,46493.0,3964
2026-03-13T08:30:00,46488.0,46693.0,46488.0,46679.0,2454
2026-03-13T09:00:00,46679.0,46763.0,46679.0,46714.0,2551
2026-03-13T09:30:00,46714.0,46763.0,46690.0,46720.0,1347
2026-03-13T10:00:00,46716.0,46848.0,46715.0,46804.0,1252
2026-03-13T10:30:00,46806.0,46858.0,46772.0,46856.0,1804
2026-03-13T11:00:00,46856.0,46911.0,46822.0,46874.0,2396
2026-03-13T11:30:00,46869.0,46933.0,46843.0,46929.0,1526
2026-03-13T12:00:00,46929.0,46961.0,46861.0,46906.0,1614
2026-03-13T12:30:00,46893.0,47052.0,46882.0,46938.0,4060
2026-03-13T13:00:00,46938.0,46967.0,46895.0,46949.0,3296
2026-03-13T13:30:00,46947.0,47162.0,46928.0,46991.0,17197
2026-03-13T14:00:00,46978.0,47045.0,46819.0,46901.0,7156
2026-03-13T14:30:00,46903.0,47011.0,46750.0,46766.0,9663
2026-03-13T15:00:00,46772.0,46862.0,46702.0,46720.0,6689
2026-03-13T15:30:00,46718.0,46831.0,46667.0,46685.0,7052
2026-03-13T16:00:00,46682.0,46774.0,46660.0,46728.0,3685
2026-03-13T16:30:00,46729.0,46778.0,46633.0,46663.0,5380
2026-03-13T17:00:00,46663.0,46779.0,46640.0,46720.0,3479
2026-03-13T17:30:00,46720.0,46731.0,46589.0,46636.0,3840
2026-03-13T18:00:00,46640.0,46708.0,46624.0,46661.0,3203
2026-03-13T18:30:00,46659.0,46762.0,46648.0,46711.0,3093
2026-03-13T19:00:00,46710.0,46717.0,46596.0,46614.0,3192
2026-03-13T19:30:00,46612.0,46653.0,46529.0,46596.0,7055
2026-03-13T20:00:00,46598.0,46607.0,46539.0,46570.0,1680
2026-03-13T20:30:00,46570.0,46601.0,46508.0,46511.0,947
2026-03-15T22:00:00,46800.0,46921.0,46610.0,46803.0,867
2026-03-15T22:30:00,46805.0,47030.0,46770.0,47012.0,811
2026-03-15T23:00:00,47010.0,47056.0,46936.0,46937.0,908
2026-03-15T23:30:00,46936.0,46992.0,46911.0,46981.0,685
2026-03-16T00:00:00,46973.0,47085.0,46956.0,47031.0,2207
2026-03-16T00:30:00,47031.0,47074.0,47022.0,47064.0,606
2026-03-16T01:00:00,47065.0,47090.0,47040.0,47056.0,738
2026-03-16T01:30:00,47055.0,47112.0,47012.0,47100.0,903
2026-03-16T02:00:00,47100.0,47102.0,47034.0,47037.0,482
2026-03-16T02:30:00,47036.0,47060.0,47020.0,47035.0,391
2026-03-16T03:00:00,47036.0,47072.0,47036.0,47072.0,183
2026-03-16T03:30:00,47073.0,47111.0,47069.0,47104.0,429
2026-03-16T04:00:00,47103.0,47120.0,47090.0,47102.0,233
2026-03-16T04:30:00,47101.0,47101.0,47062.0,47063.0,240
2026-03-16T05:00:00,47068.0,47087.0,47056.0,47060.0,206
2026-03-16T05:30:00,47060.0,47133.0,47051.0,47125.0,304
2026-03-16T06:00:00,47126.0,47141.0,47087.0,47087.0,337
2026-03-16T06:30:00,47091.0,47132.0,47091.0,47128.0,267
2026-03-16T07:00:00,47129.0,47146.0,47053.0,47056.0,802
2026-03-16T07:30:00,47058.0,47076.0,46995.0,47019.0,1103
2026-03-16T08:00:00,47019.0,47102.0,47000.0,47039.0,1645
2026-03-16T08:30:00,47039.0,47069.0,46968.0,47001.0,1832
2026-03-16T09:00:00,47000.0,47014.0,46933.0,46972.0,1380
2026-03-16T09:30:00,46971.0,46976.0,46903.0,46921.0,1502
2026-03-16T10:00:00,46921.0,47088.0,46913.0,47073.0,1301
2026-03-16T10:30:00,47077.0,47140.0,47034.0,47129.0,1680
2026-03-16T11:00:00,47129.0,47135.0,47072.0,47083.0,1573
2026-03-16T11:30:00,47085.0,47171.0,47072.0,47164.0,1837
2026-03-16T12:00:00,47162.0,47252.0,47161.0,47206.0,1977
2026-03-16T12:30:00,47210.0,47285.0,47204.0,47218.0,2426
2026-03-16T13:00:00,47220.0,47275.0,47215.0,47259.0,2336
2026-03-16T13:30:00,47257.0,47479.0,47186.0,47473.0,15272
2026-03-16T14:00:00,47434.0,47520.0,47394.0,47404.0,5557
2026-03-16T14:30:00,47402.0,47414.0,47158.0,47382.0,7367
2026-03-16T15:00:00,47383.0,47387.0,47253.0,47376.0,4113
2026-03-16T15:30:00,47377.0,47423.0,47258.0,47258.0,4028
2026-03-16T16:00:00,47257.0,47330.0,47152.0,47180.0,4891
2026-03-16T16:30:00,47178.0,47298.0,47145.0,47242.0,3665
2026-03-16T17:00:00,47244.0,47320.0,47235.0,47278.0,4709
2026-03-16T17:30:00,47281.0,47303.0,47173.0,47234.0,2470
2026-03-16T18:00:00,47232.0,47349.0,47232.0,47324.0,3045
2026-03-16T18:30:00,47325.0,47385.0,47308.0,47320.0,2033
2026-03-16T19:00:00,47319.0,47436.0,47266.0,47312.0,5849
2026-03-16T19:30:00,47311.0,47322.0,47236.0,47280.0,4820
2026-03-16T20:00:00,47281.0,47311.0,47239.0,47243.0,1257
2026-03-16T20:30:00,47243.0,47276.0,47227.0,47265.0,693
2026-03-16T22:00:00,47252.0,47276.0,47214.0,47272.0,440
2026-03-16T22:30:00,47272.0,47272.0,47225.0,47227.0,195
2026-03-16T23:00:00,47230.0,47253.0,47230.0,47252.0,267
2026-03-16T23:30:00,47252.0,47272.0,47245.0,47261.0,410
2026-03-17T00:00:00,47260.0,47260.0,47176.0,47190.0,596
2026-03-17T00:30:00,47191.0,47220.0,47152.0,47155.0,515
2026-03-17T01:00:00,47156.0,47194.0,47156.0,47183.0,326
2026-03-17T01:30:00,47183.0,47214.0,47178.0,47201.0,395
2026-03-17T02:00:00,47198.0,47201.0,47175.0,47184.0,317
2026-03-17T02:30:00,47187.0,47196.0,47147.0,47147.0,251
2026-03-17T03:00:00,47146.0,47188.0,47138.0,47164.0,821
2026-03-17T03:30:00,47164.0,47172.0,47133.0,47146.0,1006
2026-03-17T04:00:00,47146.0,47162.0,47136.0,47160.0,564
2026-03-17T04:30:00,47161.0,47212.0,47160.0,47194.0,350
2026-03-17T05:00:00,47192.0,47210.0,47188.0,47202.0,215
2026-03-17T05:30:00,47203.0,47206.0,47069.0,47071.0,734
2026-03-17T06:00:00,47070.0,47079.0,47006.0,47055.0,1709
2026-03-17T06:30:00,47054.0,47066.0,47029.0,47046.0,671
2026-03-17T07:00:00,47045.0,47122.0,47021.0,47116.0,1093
2026-03-17T07:30:00,47114.0,47143.0,47074.0,47090.0,835
2026-03-17T08:00:00,47089.0,47144.0,47081.0,47088.0,2425
2026-03-17T08:30:00,47092.0,47175.0,47066.0,47133.0,1524
2026-03-17T09:00:00,47137.0,47278.0,47137.0,47274.0,1843
2026-03-17T09:30:00,47272.0,47280.0,47229.0,47266.0,1189
2026-03-17T10:00:00,47262.0,47273.0,47173.0,47189.0,969
2026-03-17T10:30:00,47186.0,47237.0,47182.0,47236.0,795
2026-03-17T11:00:00,47233.0,47280.0,47223.0,47258.0,1055
2026-03-17T11:30:00,47257.0,47295.0,47233.0,47234.0,1376
2026-03-17T12:00:00,47236.0,47398.0,47235.0,47394.0,1929
2026-03-17T12:30:00,47395.0,47459.0,47394.0,47439.0,1894
2026-03-17T13:00:00,47440.0,47603.0,47436.0,47586.0,3421
2026-03-17T13:30:00,47586.0,47765.0,47565.0,47672.0,15129
2026-03-17T14:00:00,47670.0,47676.0,47392.0,47453.0,8936
2026-03-17T14:30:00,47455.0,47567.0,47428.0,47541.0,5345
2026-03-17T15:00:00,47540.0,47556.0,47436.0,47458.0,5406
2026-03-17T15:30:00,47458.0,47495.0,47356.0,47385.0,5433
2026-03-17T16:00:00,47387.0,47433.0,47323.0,47402.0,4540
2026-03-17T16:30:00,47401.0,47442.0,47355.0,47390.0,3068
2026-03-17T17:00:00,47389.0,47463.0,47388.0,47438.0,2409
2026-03-17T17:30:00,47437.0,47457.0,47369.0,47412.0,2098
2026-03-17T18:00:00,47414.0,47459.0,47338.0,47345.0,2988
2026-03-17T18:30:00,47344.0,47426.0,47338.0,47389.0,2273
2026-03-17T19:00:00,47387.0,47407.0,47346.0,47354.0,2067
2026-03-17T19:30:00,47353.0,47393.0,47312.0,47341.0,5593
2026-03-17T20:00:00,47340.0,47368.0,47326.0,47354.0,1323
2026-03-17T20:30:00,47355.0,47369.0,47334.0,47339.0,385
2026-03-17T22:00:00,47349.0,47358.0,47307.0,47319.0,295
2026-03-17T22:30:00,47318.0,47329.0,47284.0,47315.0,435
2026-03-17T23:00:00,47314.0,47330.0,47301.0,47301.0,381
2026-03-17T23:30:00,47298.0,47307.0,47273.0,47282.0,423
2026-03-18T00:00:00,47282.0,47346.0,47274.0,47334.0,498
2026-03-18T00:30:00,47333.0,47379.0,47324.0,47372.0,424
2026-03-18T01:00:00,47377.0,47421.0,47373.0,47415.0,472
2026-03-18T01:30:00,47415.0,47422.0,47398.0,47417.0,259
2026-03-18T02:00:00,47418.0,47468.0,47417.0,47463.0,456
2026-03-18T02:30:00,47464.0,47487.0,47463.0,47473.0,280
2026-03-18T03:00:00,47476.0,47491.0,47469.0,47481.0,183
2026-03-18T03:30:00,47482.0,47521.0,47480.0,47514.0,373
2026-03-18T04:00:00,47516.0,47549.0,47516.0,47544.0,420
2026-03-18T04:30:00,47544.0,47572.0,47532.0,47556.0,631
2026-03-18T05:00:00,47556.0,47579.0,47548.0,47573.0,244
2026-03-18T05:30:00,47573.0,47582.0,47553.0,47572.0,849
2026-03-18T06:00:00,47573.0,47636.0,47564.0,47635.0,605
2026-03-18T06:30:00,47637.0,47640.0,47605.0,47607.0,462
2026-03-18T07:00:00,47607.0,47619.0,47590.0,47601.0,595
2026-03-18T07:30:00,47600.0,47609.0,47576.0,47581.0,507
2026-03-18T08:00:00,47579.0,47630.0,47567.0,47585.0,1303
2026-03-18T08:30:00,47585.0,47618.0,47571.0,47599.0,830
2026-03-18T09:00:00,47602.0,47615.0,47569.0,47594.0,693
2026-03-18T09:30:00,47598.0,47607.0,47573.0,47585.0,400
2026-03-18T10:00:00,47581.0,47605.0,47569.0,47578.0,665
2026-03-18T10:30:00,47581.0,47592.0,47541.0,47549.0,622
2026-03-18T11:00:00,47546.0,47588.0,47447.0,47450.0,1703
2026-03-18T11:30:00,47448.0,47542.0,47435.0,47487.0,2076
2026-03-18T12:00:00,47485.0,47496.0,47307.0,47369.0,3713
2026-03-18T12:30:00,47372.0,47372.0,47067.0,47082.0,5830
2026-03-18T13:00:00,47084.0,47138.0,47040.0,47115.0,4114
2026-03-18T13:30:00,47117.0,47220.0,47046.0,47166.0,14684
2026-03-18T14:00:00,47166.0,47172.0,46867.0,46884.0,10407
2026-03-18T14:30:00,46884.0,46944.0,46847.0,46928.0,6385
2026-03-18T15:00:00,46929.0,47012.0,46871.0,46893.0,6202
2026-03-18T15:30:00,46891.0,46949.0,46870.0,46888.0,4181
2026-03-18T16:00:00,46886.0,46943.0,46837.0,46928.0,4442
2026-03-18T16:30:00,46925.0,46962.0,46842.0,46915.0,4090
2026-03-18T17:00:00,46914.0,46927.0,46849.0,46861.0,2760
2026-03-18T17:30:00,46862.0,46908.0,46805.0,46903.0,3705
2026-03-18T18:00:00,46905.0,46946.0,46811.0,46864.0,5934
2026-03-18T18:30:00,46860.0,46876.0,46626.0,46641.0,11176
2026-03-18T19:00:00,46640.0,46724.0,46571.0,46586.0,7959
2026-03-18T19:30:00,46586.0,46607.0,46507.0,46542.0,8712
2026-03-18T20:00:00,46541.0,46549.0,46374.0,46398.0,4359
2026-03-18T20:30:00,46400.0,46452.0,46397.0,46405.0,1599
2026-03-18T22:00:00,46486.0,46489.0,46404.0,46411.0,1052
2026-03-18T22:30:00,46412.0,46431.0,46395.0,46426.0,660
2026-03-18T23:00:00,46425.0,46477.0,46418.0,46472.0,601
2026-03-18T23:30:00,46473.0,46502.0,46433.0,46474.0,1352
2026-03-19T00:00:00,46478.0,46514.0,46446.0,46485.0,979
2026-03-19T00:30:00,46484.0,46496.0,46414.0,46463.0,800
2026-03-19T01:00:00,46463.0,46506.0,46437.0,46498.0,401
2026-03-19T01:30:00,46498.0,46528.0,46483.0,46484.0,626
2026-03-19T02:00:00,46487.0,46589.0,46450.0,46573.0,1383
2026-03-19T02:30:00,46576.0,46626.0,46571.0,46586.0,700
2026-03-19T03:00:00,46590.0,46616.0,46589.0,46599.0,619
2026-03-19T03:30:00,46599.0,46606.0,46575.0,46575.0,744
2026-03-19T04:00:00,46574.0,46574.0,46531.0,46545.0,847
2026-03-19T04:30:00,46545.0,46556.0,46514.0,46540.0,480
2026-03-19T05:00:00,46542.0,46561.0,46525.0,46528.0,679
2026-03-19T05:30:00,46527.0,46533.0,46465.0,46490.0,1274
2026-03-19T06:00:00,46489.0,46570.0,46482.0,46511.0,848
2026-03-19T06:30:00,46515.0,46536.0,46482.0,46527.0,1164
2026-03-19T07:00:00,46531.0,46558.0,46451.0,46511.0,1581
2026-03-19T07:30:00,46509.0,46517.0,46410.0,46443.0,1606
2026-03-19T08:00:00,46443.0,46504.0,46396.0,46413.0,2694
2026-03-19T08:30:00,46410.0,46468.0,46355.0,46424.0,3014
2026-03-19T09:00:00,46427.0,46505.0,46323.0,46355.0,4202
2026-03-19T09:30:00,46352.0,46590.0,46350.0,46554.0,5076
2026-03-19T10:00:00,46557.0,46558.0,46481.0,46517.0,1964
2026-03-19T10:30:00,46516.0,46533.0,46447.0,46466.0,1551
2026-03-19T11:00:00,46465.0,46507.0,46383.0,46417.0,2127
2026-03-19T11:30:00,46422.0,46443.0,46345.0,46430.0,2410
2026-03-19T12:00:00,46431.0,46455.0,46236.0,46262.0,5417
2026-03-19T12:30:00,46255.0,46301.0,46191.0,46236.0,3259
2026-03-19T13:00:00,46235.0,46364.0,46139.0,46224.0,5504
2026-03-19T13:30:00,46222.0,46399.0,46103.0,46341.0,18814
2026-03-19T14:00:00,46337.0,46383.0,46062.0,46080.0,10505
2026-03-19T14:30:00,46076.0,46292.0,46070.0,46171.0,8951
2026-03-19T15:00:00,46169.0,46336.0,46142.0,46195.0,7508
2026-03-19T15:30:00,46194.0,46205.0,46065.0,46174.0,8365
2026-03-19T16:00:00,46174.0,46283.0,46135.0,46200.0,7121
2026-03-19T16:30:00,46203.0,46275.0,46108.0,46145.0,4507
2026-03-19T17:00:00,46147.0,46205.0,46039.0,46175.0,5564
2026-03-19T17:30:00,46177.0,46218.0,46101.0,46156.0,3433
2026-03-19T18:00:00,46155.0,46267.0,46129.0,46146.0,3316
2026-03-19T18:30:00,46147.0,46284.0,46082.0,46265.0,4752
2026-03-19T19:00:00,46266.0,46566.0,46258.0,46382.0,15429
2026-03-19T19:30:00,46382.0,46442.0,46315.0,46338.0,9340
2026-03-19T20:00:00,46340.0,46440.0,46300.0,46430.0,3274
2026-03-19T20:30:00,46428.0,46433.0,46398.0,46402.0,795
2026-03-19T22:00:00,46414.0,46463.0,46388.0,46456.0,707
2026-03-19T22:30:00,46456.0,46477.0,46435.0,46455.0,557
2026-03-19T23:00:00,46454.0,46487.0,46436.0,46447.0,717
2026-03-19T23:30:00,46444.0,46466.0,46426.0,46436.0,566
2026-03-20T00:00:00,46438.0,46483.0,46399.0,46417.0,842
2026-03-20T00:30:00,46419.0,46440.0,46411.0,46420.0,387
2026-03-20T01:00:00,46425.0,46475.0,46403.0,46469.0,734
2026-03-20T01:30:00,46469.0,46545.0,46465.0,46475.0,559
2026-03-20T02:00:00,46483.0,46496.0,46469.0,46481.0,281
2026-03-20T02:30:00,46483.0,46499.0,46459.0,46465.0,284
2026-03-20T03:00:00,46466.0,46473.0,46433.0,46449.0,216
2026-03-20T03:30:00,46454.0,46470.0,46436.0,46447.0,273
2026-03-20T04:00:00,46448.0,46462.0,46424.0,46442.0,274
2026-03-20T04:30:00,46444.0,46448.0,46413.0,46417.0,337
2026-03-20T05:00:00,46413.0,46442.0,46388.0,46435.0,470
2026-03-20T05:30:00,46437.0,46446.0,46415.0,46426.0,209
2026-03-20T06:00:00,46425.0,46443.0,46364.0,46378.0,551
2026-03-20T06:30:00,46378.0,46385.0,46317.0,46332.0,658
2026-03-20T07:00:00,46330.0,46395.0,46270.0,46391.0,1304
2026-03-20T07:30:00,46390.0,46458.0,46383.0,46450.0,1006
2026-03-20T08:00:00,46451.0,46481.0,46395.0,46395.0,2103
2026-03-20T08:30:00,46396.0,46462.0,46375.0,46382.0,1745
2026-03-20T09:00:00,46380.0,46413.0,46273.0,46278.0,1837
2026-03-20T09:30:00,46277.0,46328.0,46135.0,46171.0,3339
2026-03-20T10:00:00,46170.0,46187.0,46012.0,46059.0,4105
2026-03-20T10:30:00,46058.0,46188.0,46055.0,46127.0,2265
2026-03-20T11:00:00,46128.0,46245.0,46119.0,46208.0,2113
2026-03-20T11:30:00,46210.0,46231.0,46147.0,46210.0,1918
2026-03-20T12:00:00,46208.0,46272.0,46159.0,46240.0,3464
2026-03-20T12:30:00,46239.0,46252.0,46147.0,46229.0,2674
2026-03-20T13:00:00,46229.0,46251.0,46155.0,46192.0,3316
2026-03-20T13:30:00,46192.0,46368.0,46146.0,46174.0,18787
2026-03-20T14:00:00,46175.0,46222.0,45997.0,46007.0,13732
2026-03-20T14:30:00,46008.0,46159.0,45976.0,46016.0,8154
2026-03-20T15:00:00,46022.0,46227.0,45981.0,46016.0,10659
2026-03-20T15:30:00,46014.0,46105.0,46003.0,46086.0,5304
2026-03-20T16:00:00,46089.0,46159.0,46075.0,46115.0,4732
2026-03-20T16:30:00,46117.0,46169.0,46025.0,46129.0,5148
2026-03-20T17:00:00,46135.0,46195.0,46073.0,46122.0,6402
2026-03-20T17:30:00,46123.0,46135.0,46015.0,46079.0,5004
2026-03-20T18:00:00,46079.0,46103.0,45856.0,45907.0,6864
2026-03-20T18:30:00,45902.0,45920.0,45799.0,45835.0,5065
2026-03-20T19:00:00,45835.0,45878.0,45768.0,45809.0,4518
2026-03-20T19:30:00,45809.0,45928.0,45662.0,45902.0,11696
2026-03-20T20:00:00,45903.0,46067.0,45887.0,45995.0,5597
2026-03-20T20:30:00,45993.0,46145.0,45986.0,46110.0,2233
2026-03-22T22:00:00,45605.0,45960.0,45510.0,45912.0,2686
2026-03-22T22:30:00,45920.0,45941.0,45839.0,45860.0,1018
2026-03-22T23:00:00,45862.0,45921.0,45848.0,45851.0,509
2026-03-22T23:30:00,45845.0,45860.0,45792.0,45828.0,891
2026-03-23T00:00:00,45832.0,45943.0,45793.0,45881.0,2493
2026-03-23T00:30:00,45879.0,45899.0,45759.0,45769.0,2455
2026-03-23T01:00:00,45771.0,45899.0,45738.0,45888.0,2104
2026-03-23T01:30:00,45890.0,45935.0,45871.0,45903.0,993
2026-03-23T02:00:00,45908.0,45945.0,45879.0,45904.0,740
2026-03-23T02:30:00,45903.0,45907.0,45817.0,45845.0,837
2026-03-23T03:00:00,45850.0,45868.0,45781.0,45796.0,734
2026-03-23T03:30:00,45798.0,45798.0,45711.0,45713.0,887
2026-03-23T04:00:00,45720.0,45764.0,45706.0,45747.0,618
2026-03-23T04:30:00,45749.0,45778.0,45744.0,45767.0,313
2026-03-23T05:00:00,45771.0,45807.0,45749.0,45758.0,496
2026-03-23T05:30:00,45754.0,45776.0,45680.0,45745.0,997
2026-03-23T06:00:00,45742.0,45743.0,45670.0,45677.0,802
2026-03-23T06:30:00,45676.0,45685.0,45540.0,45586.0,1880
2026-03-23T07:00:00,45587.0,45668.0,45453.0,45484.0,3403
2026-03-23T07:30:00,45483.0,45588.0,45471.0,45530.0,2597
2026-03-23T08:00:00,45530.0,45652.0,45530.0,45596.0,4579
2026-03-23T08:30:00,45596.0,45720.0,45595.0,45676.0,3583
2026-03-23T09:00:00,45676.0,45723.0,45615.0,45663.0,2660
2026-03-23T09:30:00,45666.0,45667.0,45518.0,45560.0,2350
2026-03-23T10:00:00,45563.0,45629.0,45508.0,45514.0,2345
2026-03-23T10:30:00,45512.0,45653.0,45472.0,45574.0,3307
2026-03-23T11:00:00,45576.0,47210.0,45571.0,46759.0,18890
2026-03-23T11:30:00,46766.0,47103.0,46438.0,46501.0,9669
2026-03-23T12:00:00,46502.0,46760.0,46402.0,46718.0,5270
2026-03-23T12:30:00,46717.0,46933.0,46587.0,46878.0,4065
2026-03-23T13:00:00,46881.0,46927.0,46631.0,46650.0,5039
2026-03-23T13:30:00,46651.0,46823.0,46470.0,46817.0,18691
2026-03-23T14:00:00,46815.0,46934.0,46690.0,46813.0,9594
2026-03-23T14:30:00,46814.0,46924.0,46750.0,46891.0,9140
2026-03-23T15:00:00,46896.0,47028.0,46879.0,46904.0,9692
2026-03-23T15:30:00,46907.0,46940.0,46564.0,46571.0,8953
2026-03-23T16:00:00,46572.0,46645.0,46405.0,46415.0,7771
2026-03-23T16:30:00,46414.0,46578.0,46405.0,46520.0,6672
2026-03-23T17:00:00,46524.0,46574.0,46431.0,46521.0,4378
2026-03-23T17:30:00,46519.0,46733.0,46519.0,46721.0,5869
2026-03-23T18:00:00,46720.0,46729.0,46594.0,46661.0,3956
2026-03-23T18:30:00,46668.0,46822.0,46667.0,46753.0,5702
2026-03-23T19:00:00,46750.0,46754.0,46611.0,46631.0,3182
2026-03-23T19:30:00,46628.0,46703.0,46500.0,46512.0,7108
2026-03-23T20:00:00,46509.0,46516.0,46434.0,46504.0,2149
2026-03-23T20:30:00,46504.0,46544.0,46492.0,46507.0,508
2026-03-23T22:00:00,46524.0,46549.0,46457.0,46545.0,469
2026-03-23T22:30:00,46543.0,46633.0,46520.0,46622.0,629
2026-03-23T23:00:00,46620.0,46620.0,46584.0,46599.0,500
2026-03-23T23:30:00,46596.0,46598.0,46534.0,46580.0,612
2026-03-24T00:00:00,46577.0,46577.0,46341.0,46478.0,2033
2026-03-24T00:30:00,46482.0,46491.0,46255.0,46365.0,2385
2026-03-24T01:00:00,46370.0,46373.0,46257.0,46310.0,1262
2026-03-24T01:30:00,46311.0,46311.0,46220.0,46270.0,659
2026-03-24T02:00:00,46270.0,46331.0,46221.0,46308.0,511
2026-03-24T02:30:00,46308.0,46340.0,46270.0,46271.0,337
2026-03-24T03:00:00,46278.0,46308.0,46250.0,46303.0,193
2026-03-24T03:30:00,46296.0,46318.0,46247.0,46314.0,196
2026-03-24T04:00:00,46319.0,46350.0,46277.0,46279.0,225
2026-03-24T04:30:00,46278.0,46294.0,46264.0,46277.0,140
2026-03-24T05:00:00,46285.0,46364.0,46178.0,46178.0,1241
2026-03-24T05:30:00,46175.0,46290.0,46173.0,46274.0,269
2026-03-24T06:00:00,46277.0,46392.0,46274.0,46365.0,501
2026-03-24T06:30:00,46369.0,46497.0,46367.0,46471.0,860
2026-03-24T07:00:00,46469.0,46649.0,46455.0,46580.0,1769
2026-03-24T07:30:00,46582.0,46595.0,46526.0,46587.0,825
2026-03-24T08:00:00,46591.0,46645.0,46451.0,46458.0,1780
2026-03-24T08:30:00,46457.0,46514.0,46403.0,46430.0,1566
2026-03-24T09:00:00,46418.0,46453.0,46292.0,46384.0,1430
2026-03-24T09:30:00,46380.0,46500.0,46368.0,46477.0,1006
2026-03-24T10:00:00,46479.0,46501.0,46391.0,46418.0,1079
2026-03-24T10:30:00,46424.0,46498.0,46400.0,46469.0,810
2026-03-24T11:00:00,46468.0,46503.0,46403.0,46445.0,1002
2026-03-24T11:30:00,46441.0,46497.0,46303.0,46463.0,2066
2026-03-24T12:00:00,46465.0,46489.0,46355.0,46412.0,1213
2026-03-24T12:30:00,46406.0,46412.0,46225.0,46249.0,1800
2026-03-24T13:00:00,46250.0,46278.0,46098.0,46155.0,3638
2026-03-24T13:30:00,46157.0,46211.0,46046.0,46196.0,10656
2026-03-24T14:00:00,46194.0,46439.0,46171.0,46360.0,9044
2026-03-24T14:30:00,46356.0,46621.0,46321.0,46500.0,10383
2026-03-24T15:00:00,46500.0,46706.0,46498.0,46659.0,6425
2026-03-24T15:30:00,46657.0,46712.0,46532.0,46546.0,4865
2026-03-24T16:00:00,46542.0,46654.0,46505.0,46636.0,3640
2026-03-24T16:30:00,46639.0,46651.0,46509.0,46585.0,3039
2026-03-24T17:00:00,46592.0,46606.0,46399.0,46466.0,4311
2026-03-24T17:30:00,46463.0,46536.0,46382.0,46525.0,5021
2026-03-24T18:00:00,46521.0,46567.0,46444.0,46541.0,3672
2026-03-24T18:30:00,46543.0,46681.0,46519.0,46551.0,4342
2026-03-24T19:00:00,46548.0,46616.0,46524.0,46530.0,2172
2026-03-24T19:30:00,46530.0,46554.0,46394.0,46420.0,5300
2026-03-24T20:00:00,46421.0,46905.0,46415.0,46691.0,5512
2026-03-24T20:30:00,46697.0,46886.0,46658.0,46693.0,3385
2026-03-24T22:00:00,46695.0,46781.0,46667.0,46687.0,834
2026-03-24T22:30:00,46700.0,46761.0,46698.0,46752.0,376
2026-03-24T23:00:00,46749.0,46780.0,46712.0,46762.0,619
2026-03-24T23:30:00,46766.0,46771.0,46727.0,46737.0,578
2026-03-25T00:00:00,46737.0,46804.0,46706.0,46759.0,1306
2026-03-25T00:30:00,46761.0,46892.0,46698.0,46822.0,1163
2026-03-25T01:00:00,46824.0,46855.0,46802.0,46825.0,302
2026-03-25T01:30:00,46821.0,46851.0,46768.0,46779.0,422
2026-03-25T02:00:00,46776.0,46784.0,46723.0,46748.0,423
2026-03-25T02:30:00,46744.0,46748.0,46697.0,46699.0,201
2026-03-25T03:00:00,46699.0,46726.0,46671.0,46703.0,358
2026-03-25T03:30:00,46701.0,46740.0,46689.0,46740.0,373
2026-03-25T04:00:00,46736.0,46814.0,46736.0,46812.0,415
2026-03-25T04:30:00,46811.0,46828.0,46789.0,46812.0,296
2026-03-25T05:00:00,46812.0,46817.0,46776.0,46785.0,165
2026-03-25T05:30:00,46779.0,46812.0,46741.0,46753.0,263
2026-03-25T06:00:00,46758.0,46759.0,46706.0,46713.0,349
2026-03-25T06:30:00,46718.0,46783.0,46695.0,46752.0,499
2026-03-25T07:00:00,46748.0,46782.0,46716.0,46726.0,555
2026-03-25T07:30:00,46731.0,46820.0,46728.0,46802.0,588
2026-03-25T08:00:00,46801.0,46965.0,46790.0,46924.0,2289
2026-03-25T08:30:00,46925.0,46966.0,46773.0,46790.0,2126
2026-03-25T09:00:00,46796.0,46861.0,46761.0,46771.0,933
2026-03-25T09:30:00,46777.0,46840.0,46715.0,46786.0,1526
2026-03-25T10:00:00,46796.0,46856.0,46777.0,46777.0,1050
2026-03-25T10:30:00,46771.0,46824.0,46769.0,46804.0,818
2026-03-25T11:00:00,46799.0,46894.0,46799.0,46861.0,1060
2026-03-25T11:30:00,46866.0,46934.0,46794.0,46896.0,2592
2026-03-25T12:00:00,46897.0,46958.0,46696.0,46760.0,4427
2026-03-25T12:30:00,46760.0,46858.0,46663.0,46834.0,2200
2026-03-25T13:00:00,46835.0,46900.0,46798.0,46883.0,2391
2026-03-25T13:30:00,46885.0,47036.0,46668.0,46677.0,12581
2026-03-25T14:00:00,46677.0,46802.0,46608.0,46740.0,7278
2026-03-25T14:30:00,46739.0,46841.0,46709.0,46811.0,5053
2026-03-25T15:00:00,46815.0,46855.0,46480.0,46775.0,8988
2026-03-25T15:30:00,46775.0,46798.0,46647.0,46719.0,5416
2026-03-25T16:00:00,46716.0,46777.0,46635.0,46736.0,4320
2026-03-25T16:30:00,46734.0,46810.0,46707.0,46762.0,3921
2026-03-25T17:00:00,46763.0,46803.0,46711.0,46791.0,3211
2026-03-25T17:30:00,46792.0,46879.0,46730.0,46766.0,5414
2026-03-25T18:00:00,46764.0,46838.0,46745.0,46759.0,2240
2026-03-25T18:30:00,46759.0,46796.0,46649.0,46724.0,2743
2026-03-25T19:00:00,46720.0,46771.0,46669.0,46720.0,2336
2026-03-25T19:30:00,46722.0,46760.0,46661.0,46721.0,5963
2026-03-25T20:00:00,46721.0,46755.0,46680.0,46681.0,1222
2026-03-25T20:30:00,46681.0,46713.0,46675.0,46707.0,336
2026-03-25T22:00:00,46726.0,46727.0,46626.0,46637.0,245
2026-03-25T22:30:00,46641.0,46668.0,46636.0,46641.0,150
2026-03-25T23:00:00,46644.0,46665.0,46596.0,46613.0,237
2026-03-25T23:30:00,46611.0,46651.0,46587.0,46645.0,362
2026-03-26T00:00:00,46646.0,46745.0,46640.0,46707.0,604
2026-03-26T00:30:00,46705.0,46726.0,46633.0,46658.0,310
2026-03-26T01:00:00,46655.0,46696.0,46635.0,46651.0,386
2026-03-26T01:30:00,46648.0,46678.0,46645.0,46658.0,179
2026-03-26T02:00:00,46662.0,46683.0,46623.0,46631.0,330
2026-03-26T02:30:00,46630.0,46640.0,46526.0,46574.0,791
2026-03-26T03:00:00,46573.0,46622.0,46560.0,46615.0,262
2026-03-26T03:30:00,46617.0,46723.0,46617.0,46683.0,465
2026-03-26T04:00:00,46684.0,46690.0,46648.0,46654.0,172
2026-03-26T04:30:00,46656.0,46658.0,46602.0,46608.0,151
2026-03-26T05:00:00,46610.0,46630.0,46535.0,46550.0,544
2026-03-26T05:30:00,46553.0,46580.0,46517.0,46518.0,536
2026-03-26T06:00:00,46520.0,46574.0,46498.0,46570.0,591
2026-03-26T06:30:00,46563.0,46575.0,46541.0,46571.0,334
2026-03-26T07:00:00,46568.0,46578.0,46434.0,46517.0,1095
2026-03-26T07:30:00,46519.0,46551.0,46494.0,46535.0,530
2026-03-26T08:00:00,46533.0,46602.0,46476.0,46478.0,1130
2026-03-26T08:30:00,46477.0,46505.0,46416.0,46477.0,1283
2026-03-26T09:00:00,46477.0,46500.0,46394.0,46401.0,1552
2026-03-26T09:30:00,46401.0,46414.0,46323.0,46392.0,1581
2026-03-26T10:00:00,46388.0,46463.0,46355.0,46453.0,1026
2026-03-26T10:30:00,46451.0,46475.0,46377.0,46402.0,1143
2026-03-26T11:00:00,46403.0,46433.0,46351.0,46377.0,930
2026-03-26T11:30:00,46374.0,46385.0,46316.0,46318.0,1088
2026-03-26T12:00:00,46320.0,46414.0,46271.0,46379.0,1895
2026-03-26T12:30:00,46375.0,46375.0,46287.0,46362.0,1314
2026-03-26T13:00:00,46360.0,46451.0,46360.0,46450.0,2674
2026-03-26T13:30:00,46447.0,46806.0,46428.0,46800.0,16093
2026-03-26T14:00:00,46799.0,46822.0,46679.0,46732.0,8384
2026-03-26T14:30:00,46732.0,46848.0,46520.0,46612.0,10281
2026-03-26T15:00:00,46613.0,46674.0,46560.0,46563.0,5720
2026-03-26T15:30:00,46559.0,46561.0,46456.0,46498.0,4734
2026-03-26T16:00:00,46498.0,46525.0,46320.0,46340.0,4873
2026-03-26T16:30:00,46341.0,46390.0,46299.0,46384.0,4139
2026-03-26T17:00:00,46383.0,46425.0,46250.0,46295.0,4589
2026-03-26T17:30:00,46295.0,46338.0,46222.0,46234.0,3254
2026-03-26T18:00:00,46234.0,46304.0,46231.0,46277.0,2534
2026-03-26T18:30:00,46276.0,46342.0,46275.0,46323.0,2888
2026-03-26T19:00:00,46323.0,46328.0,46209.0,46237.0,3609
2026-03-26T19:30:00,46237.0,46253.0,46177.0,46218.0,6147
2026-03-26T20:00:00,46218.0,46767.0,46172.0,46382.0,9025
2026-03-26T20:30:00,46383.0,46419.0,46307.0,46309.0,1468
2026-03-26T22:00:00,46333.0,46383.0,46307.0,46346.0,730
2026-03-26T22:30:00,46344.0,46409.0,46327.0,46392.0,441
2026-03-26T23:00:00,46386.0,46410.0,46365.0,46377.0,304
2026-03-26T23:30:00,46381.0,46451.0,46381.0,46440.0,423
2026-03-27T00:00:00,46442.0,46485.0,46338.0,46358.0,1011
2026-03-27T00:30:00,46366.0,46385.0,46314.0,46327.0,552
2026-03-27T01:00:00,46326.0,46400.0,46306.0,46398.0,439
2026-03-27T01:30:00,46396.0,46409.0,46364.0,46397.0,349
2026-03-27T02:00:00,46405.0,46419.0,46357.0,46375.0,490
2026-03-27T02:30:00,46374.0,46400.0,46347.0,46347.0,348
2026-03-27T03:00:00,46350.0,46367.0,46332.0,46345.0,232
2026-03-27T03:30:00,46347.0,46409.0,46347.0,46408.0,394
2026-03-27T04:00:00,46401.0,46409.0,46378.0,46401.0,280
2026-03-27T04:30:00,46401.0,46429.0,46396.0,46422.0,264
2026-03-27T05:00:00,46422.0,46502.0,46422.0,46466.0,638
2026-03-27T05:30:00,46468.0,46485.0,46456.0,46457.0,305
2026-03-27T06:00:00,46458.0,46498.0,46436.0,46482.0,574
2026-03-27T06:30:00,46483.0,46484.0,46389.0,46407.0,445
2026-03-27T07:00:00,46406.0,46406.0,46330.0,46331.0,540
2026-03-27T07:30:00,46335.0,46377.0,46319.0,46354.0,844
2026-03-27T08:00:00,46357.0,46382.0,46210.0,46221.0,2103
2026-03-27T08:30:00,46223.0,46266.0,46194.0,46204.0,1544
2026-03-27T09:00:00,46207.0,46238.0,46106.0,46219.0,1605
2026-03-27T09:30:00,46222.0,46245.0,46125.0,46137.0,947
2026-03-27T10:00:00,46135.0,46196.0,46117.0,46151.0,991
2026-03-27T10:30:00,46154.0,46174.0,46036.0,46047.0,1826
2026-03-27T11:00:00,46050.0,46064.0,45990.0,46062.0,1919
2026-03-27T11:30:00,46062.0,46122.0,46030.0,46072.0,1390
2026-03-27T12:00:00,46075.0,46080.0,46009.0,46040.0,1538
2026-03-27T12:30:00,46040.0,46071.0,46006.0,46013.0,1521
2026-03-27T13:00:00,46019.0,46038.0,45929.0,46004.0,3476
2026-03-27T13:30:00,46002.0,46018.0,45688.0,45749.0,15711
2026-03-27T14:00:00,45739.0,45886.0,45692.0,45766.0,10642
2026-03-27T14:30:00,45766.0,45892.0,45742.0,45861.0,5319
2026-03-27T15:00:00,45863.0,45965.0,45772.0,45885.0,7642
2026-03-27T15:30:00,45888.0,46000.0,45801.0,45818.0,5937
2026-03-27T16:00:00,45820.0,45830.0,45679.0,45729.0,5544
2026-03-27T16:30:00,45727.0,45779.0,45669.0,45732.0,4592
2026-03-27T17:00:00,45731.0,45823.0,45611.0,45616.0,4244
2026-03-27T17:30:00,45617.0,45639.0,45537.0,45543.0,4075
2026-03-27T18:00:00,45540.0,45559.0,45454.0,45482.0,4478
2026-03-27T18:30:00,45479.0,45569.0,45472.0,45488.0,3667
2026-03-27T19:00:00,45488.0,45507.0,45420.0,45452.0,3640
2026-03-27T19:30:00,45453.0,45478.0,45313.0,45399.0,9713
2026-03-27T20:00:00,45397.0,45426.0,45272.0,45314.0,3548
2026-03-27T20:30:00,45319.0,45344.0,45299.0,45310.0,1000
2026-03-29T22:00:00,45244.0,45249.0,45052.0,45171.0,1686
2026-03-29T22:30:00,45181.0,45201.0,45095.0,45195.0,561
2026-03-29T23:00:00,45193.0,45232.0,45138.0,45153.0,685
2026-03-29T23:30:00,45150.0,45153.0,45080.0,45117.0,872
2026-03-30T00:00:00,45120.0,45281.0,45063.0,45210.0,2412
2026-03-30T00:30:00,45207.0,45224.0,45078.0,45125.0,827
2026-03-30T01:00:00,45122.0,45165.0,45104.0,45157.0,541
2026-03-30T01:30:00,45160.0,45227.0,45155.0,45224.0,398
2026-03-30T02:00:00,45223.0,45255.0,45191.0,45207.0,412
2026-03-30T02:30:00,45206.0,45343.0,45206.0,45313.0,674
2026-03-30T03:00:00,45311.0,45400.0,45309.0,45380.0,704
2026-03-30T03:30:00,45378.0,45384.0,45353.0,45369.0,260
2026-03-30T04:00:00,45374.0,45420.0,45358.0,45411.0,359
2026-03-30T04:30:00,45406.0,45423.0,45364.0,45370.0,427
2026-03-30T05:00:00,45371.0,45443.0,45369.0,45416.0,439
2026-03-30T05:30:00,45410.0,45441.0,45392.0,45428.0,314
2026-03-30T06:00:00,45419.0,45485.0,45413.0,45452.0,627
2026-03-30T06:30:00,45454.0,45554.0,45448.0,45502.0,1079
2026-03-30T07:00:00,45501.0,45540.0,45471.0,45492.0,922
2026-03-30T07:30:00,45496.0,45592.0,45471.0,45579.0,1101
2026-03-30T08:00:00,45574.0,45639.0,45532.0,45612.0,1646
2026-03-30T08:30:00,45608.0,45645.0,45590.0,45635.0,822
2026-03-30T09:00:00,45639.0,45644.0,45550.0,45566.0,1165
2026-03-30T09:30:00,45572.0,45596.0,45537.0,45580.0,683
2026-03-30T10:00:00,45583.0,45623.0,45565.0,45603.0,584
2026-03-30T10:30:00,45600.0,45642.0,45562.0,45639.0,761
2026-03-30T11:00:00,45645.0,45915.0,45641.0,45732.0,3747
2026-03-30T11:30:00,45737.0,45765.0,45664.0,45699.0,1959
2026-03-30T12:00:00,45699.0,45779.0,45654.0,45768.0,1333
2026-03-30T12:30:00,45763.0,45793.0,45744.0,45772.0,1058
2026-03-30T13:00:00,45775.0,45831.0,45723.0,45829.0,2234
2026-03-30T13:30:00,45829.0,45871.0,45527.0,45561.0,14353
2026-03-30T14:00:00,45561.0,45679.0,45556.0,45666.0,6208
2026-03-30T14:30:00,45667.0,45797.0,45572.0,45779.0,7694
2026-03-30T15:00:00,45779.0,45853.0,45681.0,45751.0,5041
2026-03-30T15:30:00,45750.0,45881.0,45722.0,45815.0,4040
2026-03-30T16:00:00,45815.0,45820.0,45692.0,45698.0,2358
2026-03-30T16:30:00,45700.0,45743.0,45634.0,45655.0,2299
2026-03-30T17:00:00,45659.0,45693.0,45528.0,45548.0,3075
2026-03-30T17:30:00,45549.0,45627.0,45484.0,45569.0,3428
2026-03-30T18:00:00,45566.0,45613.0,45516.0,45520.0,2178
2026-03-30T18:30:00,45520.0,45583.0,45465.0,45490.0,2473
2026-03-30T19:00:00,45491.0,45509.0,45306.0,45328.0,3435
2026-03-30T19:30:00,45331.0,45524.0,45314.0,45465.0,8584
2026-03-30T20:00:00,45464.0,45468.0,45402.0,45430.0,1571
2026-03-30T20:30:00,45434.0,45455.0,45416.0,45455.0,399
2026-03-30T22:00:00,45473.0,45515.0,45462.0,45494.0,283
2026-03-30T22:30:00,45492.0,45498.0,45466.0,45477.0,230
2026-03-30T23:00:00,45474.0,45474.0,45362.0,45391.0,908
2026-03-30T23:30:00,45393.0,45403.0,45360.0,45398.0,389
2026-03-31T00:00:00,45393.0,45444.0,45287.0,45356.0,1075
2026-03-31T00:30:00,45362.0,45776.0,45337.0,45682.0,3679
2026-03-31T01:00:00,45689.0,45843.0,45598.0,45827.0,2594
2026-03-31T01:30:00,45833.0,45940.0,45828.0,45855.0,1468
2026-03-31T02:00:00,45854.0,45917.0,45829.0,45899.0,673
2026-03-31T02:30:00,45896.0,45980.0,45884.0,45924.0,1048
2026-03-31T03:00:00,45925.0,45964.0,45894.0,45906.0,706
2026-03-31T03:30:00,45907.0,45919.0,45864.0,45865.0,535
2026-03-31T04:00:00,45867.0,45901.0,45847.0,45857.0,554
2026-03-31T04:30:00,45857.0,45882.0,45820.0,45834.0,604
2026-03-31T05:00:00,45831.0,45852.0,45761.0,45832.0,691
2026-03-31T05:30:00,45830.0,45897.0,45829.0,45865.0,596
2026-03-31T06:00:00,45865.0,45869.0,45797.0,45831.0,747
2026-03-31T06:30:00,45832.0,45849.0,45785.0,45819.0,578
2026-03-31T07:00:00,45819.0,45840.0,45749.0,45808.0,823
2026-03-31T07:30:00,45810.0,45977.0,45810.0,45971.0,1536
2026-03-31T08:00:00,45965.0,45974.0,45878.0,45884.0,1483
2026-03-31T08:30:00,45888.0,45895.0,45816.0,45847.0,1151
2026-03-31T09:00:00,45845.0,45922.0,45844.0,45868.0,904
2026-03-31T09:30:00,45867.0,45898.0,45817.0,45844.0,711
2026-03-31T10:00:00,45844.0,45894.0,45820.0,45859.0,697
2026-03-31T10:30:00,45858.0,45865.0,45726.0,45822.0,1238
2026-03-31T11:00:00,45821.0,46067.0,45800.0,45932.0,4313
2026-03-31T11:30:00,45937.0,45985.0,45899.0,45953.0,1916
2026-03-31T12:00:00,45955.0,46053.0,45837.0,45981.0,3895
2026-03-31T12:30:00,45981.0,46035.0,45922.0,45932.0,1696
2026-03-31T13:00:00,45936.0,45969.0,45901.0,45948.0,2416
2026-03-31T13:30:00,45945.0,46112.0,45778.0,46110.0,17550
2026-03-31T14:00:00,46106.0,46135.0,45899.0,46031.0,9364
2026-03-31T14:30:00,46031.0,46042.0,45723.0,45771.0,9044
2026-03-31T15:00:00,45768.0,46081.0,45768.0,45933.0,8881
2026-03-31T15:30:00,45932.0,45985.0,45872.0,45882.0,5214
2026-03-31T16:00:00,45879.0,46050.0,45861.0,46009.0,4636
2026-03-31T16:30:00,46009.0,46578.0,45977.0,46329.0,20377
2026-03-31T17:00:00,46331.0,46461.0,46301.0,46375.0,8562
2026-03-31T17:30:00,46378.0,46481.0,46341.0,46377.0,6051
2026-03-31T18:00:00,46376.0,46499.0,46376.0,46453.0,4790
2026-03-31T18:30:00,46451.0,46528.0,46420.0,46500.0,3681
2026-03-31T19:00:00,46499.0,46539.0,46435.0,46499.0,4179
2026-03-31T19:30:00,46502.0,46643.0,46492.0,46575.0,11953
2026-03-31T20:00:00,46575.0,46638.0,46544.0,46616.0,4137
2026-03-31T20:30:00,46617.0,46621.0,46554.0,46563.0,763
2026-03-31T22:00:00,46492.0,46582.0,46492.0,46554.0,681
2026-03-31T22:30:00,46554.0,46566.0,46531.0,46555.0,360
2026-03-31T23:00:00,46558.0,46566.0,46526.0,46562.0,911
2026-03-31T23:30:00,46556.0,46652.0,46556.0,46639.0,1134
2026-04-01T00:00:00,46637.0,46656.0,46605.0,46639.0,791
2026-04-01T00:30:00,46637.0,46682.0,46594.0,46681.0,658
2026-04-01T01:00:00,46684.0,46693.0,46608.0,46667.0,1029
2026-04-01T01:30:00,46669.0,46678.0,46613.0,46624.0,536
2026-04-01T02:00:00,46626.0,46654.0,46607.0,46609.0,258
2026-04-01T02:30:00,46611.0,46622.0,46585.0,46609.0,291
2026-04-01T03:00:00,46608.0,46630.0,46601.0,46614.0,129
2026-04-01T03:30:00,46620.0,46633.0,46607.0,46608.0,205
2026-04-01T04:00:00,46611.0,46631.0,46604.0,46625.0,252
2026-04-01T04:30:00,46626.0,46650.0,46618.0,46638.0,352
2026-04-01T05:00:00,46637.0,46723.0,46633.0,46691.0,601
2026-04-01T05:30:00,46693.0,46716.0,46668.0,46701.0,668
2026-04-01T06:00:00,46703.0,46836.0,46694.0,46827.0,1568
2026-04-01T06:30:00,46825.0,46907.0,46816.0,46891.0,1735
2026-04-01T07:00:00,46893.0,46910.0,46841.0,46865.0,938
2026-04-01T07:30:00,46866.0,46917.0,46762.0,46779.0,1510
2026-04-01T08:00:00,46778.0,46834.0,46702.0,46795.0,1622
2026-04-01T08:30:00,46798.0,46847.0,46713.0,46803.0,1865
2026-04-01T09:00:00,46811.0,46842.0,46703.0,46748.0,946
2026-04-01T09:30:00,46745.0,46841.0,46745.0,46816.0,1018
2026-04-01T10:00:00,46821.0,46847.0,46784.0,46804.0,1045
2026-04-01T10:30:00,46810.0,46911.0,46779.0,46898.0,1328
2026-04-01T11:00:00,46901.0,46951.0,46884.0,46926.0,985
2026-04-01T11:30:00,46925.0,46986.0,46918.0,46960.0,1464
2026-04-01T12:00:00,46958.0,46963.0,46823.0,46854.0,1335
2026-04-01T12:30:00,46852.0,47090.0,46735.0,46760.0,3657
2026-04-01T13:00:00,46762.0,46862.0,46709.0,46857.0,2971
2026-04-01T13:30:00,46856.0,46983.0,46707.0,46867.0,16291
2026-04-01T14:00:00,46869.0,46912.0,46757.0,46832.0,8892
2026-04-01T14:30:00,46834.0,47024.0,46739.0,46986.0,7163
2026-04-01T15:00:00,46987.0,47028.0,46961.0,46975.0,3833
2026-04-01T15:30:00,46974.0,47050.0,46950.0,47024.0,4331
2026-04-01T16:00:00,47023.0,47042.0,46944.0,46950.0,3305
2026-04-01T16:30:00,46951.0,47005.0,46922.0,46995.0,2468
2026-04-01T17:00:00,46994.0,47043.0,46981.0,47033.0,2646
2026-04-01T17:30:00,47031.0,47038.0,46915.0,46918.0,2755
2026-04-01T18:00:00,46918.0,46928.0,46759.0,46777.0,5834
2026-04-01T18:30:00,46779.0,46871.0,46763.0,46821.0,5026
2026-04-01T19:00:00,46820.0,46898.0,46811.0,46889.0,3168
2026-04-01T19:30:00,46890.0,46937.0,46788.0,46811.0,7975
2026-04-01T20:00:00,46810.0,46843.0,46796.0,46815.0,1769
2026-04-01T20:30:00,46821.0,46851.0,46816.0,46825.0,542
2026-04-01T22:00:00,46826.0,46843.0,46791.0,46815.0,198
2026-04-01T22:30:00,46806.0,46827.0,46785.0,46799.0,862
2026-04-01T23:00:00,46799.0,46832.0,46795.0,46826.0,207
